<?xml version="1.0" encoding="UTF-8"?>
<!-- generated by CLiX/Wiki2XML [MPI-Inf, MMCI@UdS] $LastChangedRevision: 92 $ on 17.04.2009 00:22:38[mciao0827] -->
<!DOCTYPE article SYSTEM "../article.dtd">
<article xmlns:xlink="http://www.w3.org/1999/xlink">
<group  confidence="0.8" wordnetid="100031264">
<header>
<title>The Notting Hillbillies</title>
<id>10457032</id>
<revision>
<id>241497412</id>
<timestamp>2008-09-28T09:07:21Z</timestamp>
<contributor>
<username>Waacstats</username>
<id>1951353</id>
</contributor>
</revision>
<categories>
<category>British folk music groups</category>
</categories>
</header>
<bdy>

<image upright="upright" width="150px" src="MarkKnopfler_060528_P5280023a_jm.JPG" type="thumb">
</image>
<p>

<b>The Notting Hillbillies</b> was a <link xlink:type="simple" xlink:href="../247/5247.xml">
country</link> project formed by <link xlink:type="simple" xlink:href="../898/172898.xml">
Dire Straits</link>’ singer / guitarist <person wordnetid="100007846" confidence="0.9508927676800064">
<artist wordnetid="109812338" confidence="0.9508927676800064">
<link xlink:type="simple" xlink:href="../158/199158.xml">
Mark Knopfler</link></artist>
</person>
 with <physical_entity wordnetid="100001930" confidence="0.8">
<person wordnetid="100007846" confidence="0.8">
<performer wordnetid="110415638" confidence="0.8">
<musician wordnetid="110340312" confidence="0.8">
<causal_agent wordnetid="100007347" confidence="0.8">
<entertainer wordnetid="109616922" confidence="0.8">
<link xlink:type="simple" xlink:href="../836/7983836.xml">
Brendan Croker</link></entertainer>
</causal_agent>
</musician>
</performer>
</person>
</physical_entity>
, <physical_entity wordnetid="100001930" confidence="0.8">
<person wordnetid="100007846" confidence="0.8">
<performer wordnetid="110415638" confidence="0.8">
<musician wordnetid="110340312" confidence="0.8">
<causal_agent wordnetid="100007347" confidence="0.8">
<entertainer wordnetid="109616922" confidence="0.8">
<link xlink:type="simple" xlink:href="../165/14259165.xml">
Steve Phillips</link></entertainer>
</causal_agent>
</musician>
</performer>
</person>
</physical_entity>
, and <manufacturer wordnetid="110292316" confidence="0.9173553029164789">
<musician wordnetid="110340312" confidence="0.9173553029164789">
<artist wordnetid="109812338" confidence="0.9508927676800064">
<link xlink:type="simple" xlink:href="../914/3365914.xml">
Guy Fletcher</link></artist>
</musician>
</manufacturer>
. They made just one album, <it><album wordnetid="106591815" confidence="0.9508927676800064">
<link xlink:type="simple" xlink:href="../131/8100131.xml">
Missing...Presumed Having a Good Time</link></album>
</it> that was released in 1990, before returning to concentrate on their main bands. The Notting Hillbillies have been reunited several times for charity gigs. In May 1997 the Hillbillies went on an 11 show tour in UK.</p>
<p>

In 1993, two shows were performed, both without <manufacturer wordnetid="110292316" confidence="0.9173553029164789">
<musician wordnetid="110340312" confidence="0.9173553029164789">
<artist wordnetid="109812338" confidence="0.9508927676800064">
<link xlink:type="simple" xlink:href="../914/3365914.xml">
Guy Fletcher</link></artist>
</musician>
</manufacturer>
.</p>
<p>

The Town &amp; Country Club in Leeds on <link xlink:type="simple" xlink:href="../848/15848.xml">
July 3</link> only featured the Knopfler-Croker-Philips trio.
The set list included the only known live performances of two <link xlink:type="simple" xlink:href="../898/172898.xml">
Dire Straits</link> songs : "Ticket To Heaven" and "How Long". The Notting Hillbillies had previously performed "When It Comes To You" in 1990, before it was actually recorded and issued by <link xlink:type="simple" xlink:href="../898/172898.xml">
Dire Straits</link> on the <album wordnetid="106591815" confidence="0.9508927676800064">
<link xlink:type="simple" xlink:href="../989/228989.xml">
On Every Street</link></album>
 album in 1991.</p>
<p>

The City Hall in Newcastle on <link xlink:type="simple" xlink:href="../862/15862.xml">
July 6</link> featured for the one and only time <musician wordnetid="110340312" confidence="0.9173553029164789">
<artist wordnetid="109812338" confidence="0.9508927676800064">
<link xlink:type="simple" xlink:href="../719/4466719.xml">
Alan Clark</link></artist>
</musician>
 on keyboard. <physical_entity wordnetid="100001930" confidence="0.8">
<person wordnetid="100007846" confidence="0.8">
<leader wordnetid="109623038" confidence="0.8">
<administrator wordnetid="109770949" confidence="0.8">
<causal_agent wordnetid="100007347" confidence="0.8">
<head wordnetid="110162991" confidence="0.8">
<director wordnetid="110014939" confidence="0.8">
<link xlink:type="simple" xlink:href="../822/904822.xml">
Ed Bicknell</link></director>
</head>
</causal_agent>
</administrator>
</leader>
</person>
</physical_entity>
 and <link>
Marcus Cliff</link> were also present. This was the last time that Clark played with Knopfler within a full band.</p>

<sec>
<st>
Composition</st>
<p>

<list>
<entry level="1" type="bullet">

<person wordnetid="100007846" confidence="0.9508927676800064">
<artist wordnetid="109812338" confidence="0.9508927676800064">
<link xlink:type="simple" xlink:href="../158/199158.xml">
Mark Knopfler</link></artist>
</person>
: guitar, vocals</entry>
<entry level="1" type="bullet">

<manufacturer wordnetid="110292316" confidence="0.9173553029164789">
<musician wordnetid="110340312" confidence="0.9173553029164789">
<artist wordnetid="109812338" confidence="0.9508927676800064">
<link xlink:type="simple" xlink:href="../914/3365914.xml">
Guy Fletcher</link></artist>
</musician>
</manufacturer>
: keyboards, vocals</entry>
<entry level="1" type="bullet">

<physical_entity wordnetid="100001930" confidence="0.8">
<person wordnetid="100007846" confidence="0.8">
<performer wordnetid="110415638" confidence="0.8">
<musician wordnetid="110340312" confidence="0.8">
<causal_agent wordnetid="100007347" confidence="0.8">
<entertainer wordnetid="109616922" confidence="0.8">
<link xlink:type="simple" xlink:href="../165/14259165.xml">
Steve Phillips</link></entertainer>
</causal_agent>
</musician>
</performer>
</person>
</physical_entity>
: guitar, vocals</entry>
<entry level="1" type="bullet">

<physical_entity wordnetid="100001930" confidence="0.8">
<person wordnetid="100007846" confidence="0.8">
<performer wordnetid="110415638" confidence="0.8">
<musician wordnetid="110340312" confidence="0.8">
<causal_agent wordnetid="100007347" confidence="0.8">
<entertainer wordnetid="109616922" confidence="0.8">
<link xlink:type="simple" xlink:href="../836/7983836.xml">
Brendan Croker</link></entertainer>
</causal_agent>
</musician>
</performer>
</person>
</physical_entity>
: guitar, vocals</entry>
<entry level="1" type="bullet">

<physical_entity wordnetid="100001930" confidence="0.8">
<person wordnetid="100007846" confidence="0.8">
<leader wordnetid="109623038" confidence="0.8">
<administrator wordnetid="109770949" confidence="0.8">
<causal_agent wordnetid="100007347" confidence="0.8">
<head wordnetid="110162991" confidence="0.8">
<director wordnetid="110014939" confidence="0.8">
<link xlink:type="simple" xlink:href="../822/904822.xml">
Ed Bicknell</link></director>
</head>
</causal_agent>
</administrator>
</leader>
</person>
</physical_entity>
: drums - replaced by <artist wordnetid="109812338" confidence="0.9508927676800064">
<link xlink:type="simple" xlink:href="../028/13350028.xml">
Danny Cummings</link></artist>
 for the four 2002 shows.</entry>
<entry level="1" type="bullet">

<link>
Marcus Cliff</link>: bass</entry>
<entry level="1" type="bullet">

<composer wordnetid="109947232" confidence="0.9173553029164789">
<musician wordnetid="110340312" confidence="0.9173553029164789">
<artist wordnetid="109812338" confidence="0.9508927676800064">
<link xlink:type="simple" xlink:href="../821/12867821.xml">
Chris White</link></artist>
</musician>
</composer>
: Saxophone</entry>
<entry level="1" type="bullet">

<link xlink:type="simple" xlink:href="../682/4432682.xml">
Paul Franklin</link>: pedal steel (studio album and 1990 tour only) </entry>
</list>
</p>

<p>

<table style=";" class="navbox" cellspacing="0">
<row>
<col style="padding:2px;">
<table style="width:100%;background:transparent;color:inherit;;" class="nowraplinks collapsible collapsed " cellspacing="0">
<row>
<header colspan="2" style=";background: &#35;f0e68c;" class="navbox-title">
<person wordnetid="100007846" confidence="0.9508927676800064">
<artist wordnetid="109812338" confidence="0.9508927676800064">
<link xlink:type="simple" xlink:href="../158/199158.xml">
Mark Knopfler</link></artist>
</person>
</header>
</row>
<row style="height:2px;">

</row>
<row>
<col style=";background: #EEEEEE;;" class="navbox-group">
Tour personnel</col>
<col style="text-align:left;border-left:2px solid #fdfdfd;width:100%;padding:0px;;;" class="navbox-list navbox-odd">
<artist wordnetid="109812338" confidence="0.9508927676800064">
<link xlink:type="simple" xlink:href="../949/13411949.xml">
Richard Bennett</link></artist>
 • <artist wordnetid="109812338" confidence="0.9508927676800064">
<link xlink:type="simple" xlink:href="../028/13350028.xml">
Danny Cummings</link></artist>
 • <manufacturer wordnetid="110292316" confidence="0.9173553029164789">
<musician wordnetid="110340312" confidence="0.9173553029164789">
<artist wordnetid="109812338" confidence="0.9508927676800064">
<link xlink:type="simple" xlink:href="../914/3365914.xml">
Guy Fletcher</link></artist>
</musician>
</manufacturer>
 • <artist wordnetid="109812338" confidence="0.9508927676800064">
<link xlink:type="simple" xlink:href="../683/2398683.xml">
John McCusker</link></artist>
 • <manufacturer wordnetid="110292316" confidence="0.9173553029164789">
<musician wordnetid="110340312" confidence="0.9173553029164789">
<artist wordnetid="109812338" confidence="0.9508927676800064">
<link xlink:type="simple" xlink:href="../392/2012392.xml">
Matt Rollings</link></artist>
</musician>
</manufacturer>
 • <artist wordnetid="109812338" confidence="0.9508927676800064">
<link xlink:type="simple" xlink:href="../442/13392442.xml">
Glenn Worf</link></artist>
</col>
</row>
<row style="height:2px">

</row>
<row>
<col style=";background: #EEEEEE;;" class="navbox-group">
former members</col>
<col style="text-align:left;border-left:2px solid #fdfdfd;width:100%;padding:0px;;;" class="navbox-list navbox-even">
<link>
Jim Cox</link> • <physical_entity wordnetid="100001930" confidence="0.8">
<person wordnetid="100007846" confidence="0.8">
<drummer wordnetid="110036929" confidence="0.8">
<performer wordnetid="110415638" confidence="0.8">
<musician wordnetid="110340312" confidence="0.8">
<causal_agent wordnetid="100007347" confidence="0.8">
<entertainer wordnetid="109616922" confidence="0.8">
<percussionist wordnetid="110415037" confidence="0.8">
<link xlink:type="simple" xlink:href="../272/13760272.xml">
Chad Cromwell</link></percussionist>
</entertainer>
</causal_agent>
</musician>
</performer>
</drummer>
</person>
</physical_entity>
</col>
</row>
<row style="height:2px">

</row>
<row>
<col style=";background: #EEEEEE;;" class="navbox-group">
Studio albums</col>
<col style="text-align:left;border-left:2px solid #fdfdfd;width:100%;padding:0px;;;" class="navbox-list navbox-odd">
<it><album wordnetid="106591815" confidence="0.9508927676800064">
<medium wordnetid="106254669" confidence="0.9508927676800064">
<link xlink:type="simple" xlink:href="../154/1409154.xml">
Golden Heart</link></medium>
</album>
</it> • <it><album wordnetid="106591815" confidence="0.9508927676800064">
<medium wordnetid="106254669" confidence="0.9508927676800064">
<link xlink:type="simple" xlink:href="../519/360519.xml">
Sailing to Philadelphia</link></medium>
</album>
</it> • <it><album wordnetid="106591815" confidence="0.9508927676800064">
<medium wordnetid="106254669" confidence="0.9508927676800064">
<link xlink:type="simple" xlink:href="../757/1394757.xml">
The Ragpicker's Dream</link></medium>
</album>
</it> • <it><album wordnetid="106591815" confidence="0.9508927676800064">
<link xlink:type="simple" xlink:href="../892/1136892.xml">
Shangri-La</link></album>
</it> • <it><link xlink:type="simple" xlink:href="../378/11847378.xml">
Kill To Get Crimson</link>''</it></col>
</row>
<row style="height:2px">

</row>
<row>
<col style=";background: #EEEEEE;;" class="navbox-group">
Singles and EPs</col>
<col style="text-align:left;border-left:2px solid #fdfdfd;width:100%;padding:0px;;;" class="navbox-list navbox-even">
<it><medium wordnetid="106254669" confidence="0.9508927676800064">
<link xlink:type="simple" xlink:href="../902/13325902.xml">
Darling Pretty</link></medium>
</it> • <it><link>
Cannibals</link></it> • <it><link>
Rüdiger</link></it> • <it><link>
What It Is</link></it> • <it><link>
Sailing to Philadelphia</link></it> • <it><link>
Silvertown Blues</link></it> • <it><link>
Why Aye Man</link></it> • <it><medium wordnetid="106254669" confidence="0.9508927676800064">
<link xlink:type="simple" xlink:href="../543/8312543.xml">
Boom, Like That</link></medium>
</it> • <it><album wordnetid="106591815" confidence="0.9508927676800064">
<link xlink:type="simple" xlink:href="../985/3341985.xml">
The Trawlerman's Song EP</link></album>
</it> • <it><album wordnetid="106591815" confidence="0.9508927676800064">
<link xlink:type="simple" xlink:href="../472/3088472.xml">
One Take Radio Sessions</link></album>
</it> • <it><medium wordnetid="106254669" confidence="0.9508927676800064">
<link xlink:type="simple" xlink:href="../216/13322216.xml">
True Love Will Never Fade</link></medium>
</it> • <it><medium wordnetid="106254669" confidence="0.9508927676800064">
<link xlink:type="simple" xlink:href="../786/13323786.xml">
Punish the Monkey</link></medium>
''</it></col>
</row>
<row style="height:2px">

</row>
<row>
<col style=";background: #EEEEEE;;" class="navbox-group">
Soundtracks</col>
<col style="text-align:left;border-left:2px solid #fdfdfd;width:100%;padding:0px;;;" class="navbox-list navbox-odd">
<it><album wordnetid="106591815" confidence="0.9508927676800064">
<link xlink:type="simple" xlink:href="../024/3564024.xml">
Local Hero</link></album>
</it> • <it><album wordnetid="106591815" confidence="0.9508927676800064">
<link xlink:type="simple" xlink:href="../184/15105184.xml">
Cal</link></album>
</it> • <it><link xlink:type="simple" xlink:href="../743/13374743.xml">
Comfort and Joy</link></it> • <it><album wordnetid="106591815" confidence="0.9508927676800064">
<link xlink:type="simple" xlink:href="../153/31153.xml#xpointer(//*[./st=%22Soundtrack%22])">
The Princess Bride</link></album>
</it> • <it><book wordnetid="106410904" confidence="0.9508927676800064">
<movie wordnetid="106613686" confidence="0.9508927676800064">
<link xlink:type="simple" xlink:href="../002/1792002.xml">
Last Exit to Brooklyn</link></movie>
</book>
</it> • <it><album wordnetid="106591815" confidence="0.9508927676800064">
<link xlink:type="simple" xlink:href="../532/9911532.xml">
Screenplaying</link></album>
</it> • <it><album wordnetid="106591815" confidence="0.9508927676800064">
<link xlink:type="simple" xlink:href="../255/15102255.xml">
Metroland</link></album>
</it> • <it><movie wordnetid="106613686" confidence="0.9508927676800064">
<link xlink:type="simple" xlink:href="../999/92999.xml">
Wag the Dog</link></movie>
</it> • <it><album wordnetid="106591815" confidence="0.9508927676800064">
<link xlink:type="simple" xlink:href="../760/8083760.xml">
A Shot at Glory</link></album>
''</it></col>
</row>
<row style="height:2px">

</row>
<row>
<col style=";background: #EEEEEE;;" class="navbox-group">
Collaborations</col>
<col style="text-align:left;border-left:2px solid #fdfdfd;width:100%;padding:0px;;;" class="navbox-list navbox-even">
<it><link xlink:type="simple" xlink:href="../513/9729513.xml">
Neck and Neck (with Chet Atkins)</link></it> • <it><album wordnetid="106591815" confidence="0.9508927676800064">
<link xlink:type="simple" xlink:href="../559/4901559.xml">
All the Roadrunning (with Emmylou Harris)</link></album>
</it> • <it><album wordnetid="106591815" confidence="0.9508927676800064">
<link xlink:type="simple" xlink:href="../416/7789416.xml">
Real Live Roadrunning (with Emmylou Harris)</link></album>
''</it></col>
</row>
<row style="height:2px">

</row>
<row>
<col style=";background: #EEEEEE;;" class="navbox-group">
Videography</col>
<col style="text-align:left;border-left:2px solid #fdfdfd;width:100%;padding:0px;;;" class="navbox-list navbox-odd">
<it><music wordnetid="107020895" confidence="0.9508927676800064">
<link xlink:type="simple" xlink:href="../055/13505055.xml">
A Night in London</link></music>
</it> • <it><album wordnetid="106591815" confidence="0.9508927676800064">
<link xlink:type="simple" xlink:href="../416/7789416.xml">
Real Live Roadrunning (with Emmylou Harris)</link></album>
''</it></col>
</row>
<row style="height:2px">

</row>
<row>
<col style=";background: #EEEEEE;;" class="navbox-group">
Related articles</col>
<col style="text-align:left;border-left:2px solid #fdfdfd;width:100%;padding:0px;;;" class="navbox-list navbox-even">
<link xlink:type="simple" xlink:href="../898/172898.xml">
Dire Straits</link> • <group wordnetid="100031264" confidence="0.8">
<link xlink:type="simple" xlink:href="../032/10457032.xml">
The Notting Hillbillies</link></group>
</col>
</row>
</table>
</col>
</row>
</table>
</p>

<p>

<table style=";" class="navbox" cellspacing="0">
<row>
<col style="padding:2px;">
<table style="width:100%;background:transparent;color:inherit;;" class="nowraplinks collapsible autocollapse " cellspacing="0">
<row>
<header colspan="2" style=";background: &#35;b0c4de;" class="navbox-title">
<link xlink:type="simple" xlink:href="../898/172898.xml">
Dire Straits</link></header>
</row>
<row style="height:2px;">

</row>
<row>
<col colspan="2" style=";background: #EEEEEE;" class="navbox-abovebelow">
<b><person wordnetid="100007846" confidence="0.9508927676800064">
<artist wordnetid="109812338" confidence="0.9508927676800064">
<link xlink:type="simple" xlink:href="../158/199158.xml">
Mark Knopfler</link></artist>
</person>
</b>&nbsp;·  <b><artist wordnetid="109812338" confidence="0.9508927676800064">
<link xlink:type="simple" xlink:href="../773/3365773.xml">
John Illsley</link></artist>
</b><musician wordnetid="110340312" confidence="0.9173553029164789">
<artist wordnetid="109812338" confidence="0.9508927676800064">
<link xlink:type="simple" xlink:href="../719/4466719.xml">
Alan Clark</link></artist>
</musician>
&nbsp;·  <manufacturer wordnetid="110292316" confidence="0.9173553029164789">
<musician wordnetid="110340312" confidence="0.9173553029164789">
<artist wordnetid="109812338" confidence="0.9508927676800064">
<link xlink:type="simple" xlink:href="../914/3365914.xml">
Guy Fletcher</link></artist>
</musician>
</manufacturer>
&nbsp;·  <musician wordnetid="110340312" confidence="0.9173553029164789">
<artist wordnetid="109812338" confidence="0.9508927676800064">
<link xlink:type="simple" xlink:href="../533/597533.xml">
David Knopfler</link></artist>
</musician>
&nbsp;·  <artist wordnetid="109812338" confidence="0.9508927676800064">
<link xlink:type="simple" xlink:href="../104/2834104.xml">
Pick Withers</link></artist>
&nbsp;·  <physical_entity wordnetid="100001930" confidence="0.8">
<composer wordnetid="109947232" confidence="0.8">
<person wordnetid="100007846" confidence="0.8">
<guitarist wordnetid="110151760" confidence="0.8">
<performer wordnetid="110415638" confidence="0.8">
<musician wordnetid="110340312" confidence="0.8">
<musician wordnetid="110339966" confidence="0.8">
<causal_agent wordnetid="100007347" confidence="0.8">
<artist wordnetid="109812338" confidence="0.8">
<entertainer wordnetid="109616922" confidence="0.8">
<creator wordnetid="109614315" confidence="0.8">
<link xlink:type="simple" xlink:href="../555/4933555.xml">
Hal Lindes</link></creator>
</entertainer>
</artist>
</causal_agent>
</musician>
</musician>
</performer>
</guitarist>
</person>
</composer>
</physical_entity>
&nbsp;·  <physical_entity wordnetid="100001930" confidence="0.8">
<person wordnetid="100007846" confidence="0.8">
<drummer wordnetid="110036929" confidence="0.8">
<performer wordnetid="110415638" confidence="0.8">
<musician wordnetid="110340312" confidence="0.8">
<causal_agent wordnetid="100007347" confidence="0.8">
<entertainer wordnetid="109616922" confidence="0.8">
<percussionist wordnetid="110415037" confidence="0.8">
<link xlink:type="simple" xlink:href="../417/3530417.xml">
Terry Williams</link></percussionist>
</entertainer>
</causal_agent>
</musician>
</performer>
</drummer>
</person>
</physical_entity>
&nbsp;·  <musician wordnetid="110340312" confidence="0.9173553029164789">
<artist wordnetid="109812338" confidence="0.9508927676800064">
<link xlink:type="simple" xlink:href="../770/9903770.xml">
Jack Sonni</link></artist>
</musician>
</col>
</row>
<row style="height:2px;">

</row>
<row>
<col style=";background: #EEEEEE;;" class="navbox-group">
Studio albums</col>
<col style="text-align:left;border-left:2px solid #fdfdfd;width:100%;padding:0px;;;" class="navbox-list navbox-odd">
<it><album wordnetid="106591815" confidence="0.9508927676800064">
<link xlink:type="simple" xlink:href="../229/211229.xml">
Dire Straits</link></album>
</it>&nbsp;·  <it><link>
Communiqué</link></it>&nbsp;·  <it><album wordnetid="106591815" confidence="0.9508927676800064">
<link xlink:type="simple" xlink:href="../988/228988.xml">
Making Movies</link></album>
</it>&nbsp;·  <it><album wordnetid="106591815" confidence="0.9508927676800064">
<link xlink:type="simple" xlink:href="../119/363119.xml">
Love over Gold</link></album>
</it>&nbsp;·   <it><album wordnetid="106591815" confidence="0.9508927676800064">
<link xlink:type="simple" xlink:href="../985/228985.xml">
Brothers in Arms</link></album>
</it>&nbsp;·  <it><album wordnetid="106591815" confidence="0.9508927676800064">
<link xlink:type="simple" xlink:href="../989/228989.xml">
On Every Street</link></album>
''</it></col>
</row>
<row style="height:2px">

</row>
<row>
<col style=";background: #EEEEEE;;" class="navbox-group">
Live albums</col>
<col style="text-align:left;border-left:2px solid #fdfdfd;width:100%;padding:0px;;;" class="navbox-list navbox-even">
&nbsp;·  <it><album wordnetid="106591815" confidence="0.9508927676800064">
<link xlink:type="simple" xlink:href="../559/3530559.xml">
On the Night</link></album>
</it>&nbsp;·  <it><album wordnetid="106591815" confidence="0.9508927676800064">
<link xlink:type="simple" xlink:href="../572/4807572.xml">
Live at the BBC</link></album>
''</it></col>
</row>
<row style="height:2px">

</row>
<row>
<col style=";background: #EEEEEE;;" class="navbox-group">
Compilations</col>
<col style="text-align:left;border-left:2px solid #fdfdfd;width:100%;padding:0px;;;" class="navbox-list navbox-odd">
<it><album wordnetid="106591815" confidence="0.9508927676800064">
<link xlink:type="simple" xlink:href="../879/5353879.xml">
Money for Nothing</link></album>
</it>&nbsp;·  &nbsp;·  <it>''</it></col>
</row>
<row style="height:2px">

</row>
<row>
<col style=";background: #EEEEEE;;" class="navbox-group">
EPs</col>
<col style="text-align:left;border-left:2px solid #fdfdfd;width:100%;padding:0px;;;" class="navbox-list navbox-even">
<it><album wordnetid="106591815" confidence="0.9508927676800064">
<link xlink:type="simple" xlink:href="../788/2252788.xml">
ExtendedancEPlay</link></album>
</it>&nbsp;·  <it><link xlink:type="simple" xlink:href="../399/9604399.xml">
Encores</link>''</it></col>
</row>
<row style="height:2px">

</row>
<row>
<col style=";background: #EEEEEE;;" class="navbox-group">
Singles</col>
<col style="text-align:left;border-left:2px solid #fdfdfd;width:100%;padding:0px;;;" class="navbox-list navbox-odd">
"<medium wordnetid="106254669" confidence="0.9508927676800064">
<link xlink:type="simple" xlink:href="../399/290399.xml">
Sultans of Swing</link></medium>
"&nbsp;·  "<medium wordnetid="106254669" confidence="0.9508927676800064">
<link xlink:type="simple" xlink:href="../066/6410066.xml">
Lady Writer</link></medium>
"&nbsp;·  "<link xlink:type="simple" xlink:href="../691/5164691.xml">
Romeo and Juliet</link>"&nbsp;·  "<medium wordnetid="106254669" confidence="0.9508927676800064">
<link xlink:type="simple" xlink:href="../860/6409860.xml">
Skateaway</link></medium>
"&nbsp;·  "<medium wordnetid="106254669" confidence="0.9508927676800064">
<link xlink:type="simple" xlink:href="../600/9364600.xml">
Tunnel of Love</link></medium>
&nbsp;·  "<music wordnetid="107020895" confidence="0.8">
<song wordnetid="107048000" confidence="0.8">
<auditory_communication wordnetid="107109019" confidence="0.8">
<musical_composition wordnetid="107037465" confidence="0.8">
<link xlink:type="simple" xlink:href="../190/6129190.xml">
Private Investigations</link></musical_composition>
</auditory_communication>
</song>
</music>
"&nbsp;·  "<link xlink:type="simple" xlink:href="../788/2252788.xml">
Twisting by the Pool</link>"&nbsp;·  "<medium wordnetid="106254669" confidence="0.9508927676800064">
<link xlink:type="simple" xlink:href="../314/6409314.xml">
So Far Away</link></medium>
"&nbsp;·  "<medium wordnetid="106254669" confidence="0.9508927676800064">
<link xlink:type="simple" xlink:href="../455/1614455.xml">
Money for Nothing</link></medium>
"&nbsp;·  "<music wordnetid="107020895" confidence="0.8">
<song wordnetid="107048000" confidence="0.8">
<auditory_communication wordnetid="107109019" confidence="0.8">
<musical_composition wordnetid="107037465" confidence="0.8">
<link xlink:type="simple" xlink:href="../511/5622511.xml">
Brothers in Arms</link></musical_composition>
</auditory_communication>
</song>
</music>
"&nbsp;·  "<medium wordnetid="106254669" confidence="0.9508927676800064">
<link xlink:type="simple" xlink:href="../120/5229120.xml">
Walk of Life</link></medium>
"&nbsp;·  "<medium wordnetid="106254669" confidence="0.9508927676800064">
<link xlink:type="simple" xlink:href="../251/6409251.xml">
Your Latest Trick</link></medium>
"&nbsp;·  "<music wordnetid="107020895" confidence="0.8">
<message wordnetid="106598915" confidence="0.8">
<song wordnetid="107048000" confidence="0.8">
<auditory_communication wordnetid="107109019" confidence="0.8">
<approval wordnetid="106686736" confidence="0.8">
<tribute wordnetid="106697195" confidence="0.8">
<musical_composition wordnetid="107037465" confidence="0.8">
<link xlink:type="simple" xlink:href="../089/2834089.xml">
Calling Elvis</link></musical_composition>
</tribute>
</approval>
</auditory_communication>
</song>
</message>
</music>
"&nbsp;·  "<medium wordnetid="106254669" confidence="0.9508927676800064">
<link xlink:type="simple" xlink:href="../974/8015974.xml">
Heavy Fuel</link></medium>
"&nbsp;·  "<medium wordnetid="106254669" confidence="0.9508927676800064">
<link xlink:type="simple" xlink:href="../858/13143858.xml">
On Every Street</link></medium>
"&nbsp;·  "<medium wordnetid="106254669" confidence="0.9508927676800064">
<link xlink:type="simple" xlink:href="../741/13152741.xml">
The Bug</link></medium>
"</col>
</row>
<row style="height:2px">

</row>
<row>
<col style=";background: #EEEEEE;;" class="navbox-group">
Related articles</col>
<col style="text-align:left;border-left:2px solid #fdfdfd;width:100%;padding:0px;;;" class="navbox-list navbox-even">
<artifact wordnetid="100021939" confidence="0.8">
<instrumentality wordnetid="103575240" confidence="0.8">
<album wordnetid="106591815" confidence="0.8">
<medium wordnetid="106254669" confidence="0.8">
<link xlink:type="simple" xlink:href="../669/17674669.xml">
Discography</link></medium>
</album>
</instrumentality>
</artifact>
&nbsp;·  <saxophonist wordnetid="110554243" confidence="0.9173553029164789">
<person wordnetid="100007846" confidence="0.9508927676800064">
<musician wordnetid="110340312" confidence="0.9173553029164789">
<link xlink:type="simple" xlink:href="../263/683263.xml">
Michael Brecker</link></musician>
</person>
</saxophonist>
&nbsp;·  <group wordnetid="100031264" confidence="0.8">
<link xlink:type="simple" xlink:href="../032/10457032.xml">
The Notting Hillbillies</link></group>
</col>
</row>
</table>
</col>
</row>
</table>
</p>




</sec>
</bdy>
</group>
</article>
