<?xml version="1.0" encoding="UTF-8"?>
<!-- generated by CLiX/Wiki2XML [MPI-Inf, MMCI@UdS] $LastChangedRevision: 92 $ on 17.04.2009 00:19:33[mciao0826] -->
<!DOCTYPE article SYSTEM "../article.dtd">
<article xmlns:xlink="http://www.w3.org/1999/xlink">
<system  confidence="0.8" wordnetid="108435388">
<group  confidence="0.8" wordnetid="100031264">
<web_site  confidence="0.9511911446218017" wordnetid="106359193">
<network  confidence="0.8" wordnetid="108434259">
<header>
<title>Travel 2.0</title>
<id>10478526</id>
<revision>
<id>242458648</id>
<timestamp>2008-10-02T09:26:25Z</timestamp>
<contributor>
<username>RaviC</username>
<id>1032318</id>
</contributor>
</revision>
<categories>
<category>Travel</category>
<category>Travel websites</category>
<category>Social networks</category>
<category>Buzzwords</category>
<category>Travel technology</category>
<category>World Wide Web</category>
</categories>
</header>
<bdy>
<p>

<b>Travel 2.0</b>, was used as early as December 2003 on a posting on the Planeta Web 2.0 Discussion Forum<ref xlink:type="simple" xlink:href="#xpointer(//reflist/entry[@id=%221%22])">1</ref> and is an offshoot of the <work wordnetid="100575741" confidence="0.8">
<event wordnetid="100029378" confidence="0.8">
<service wordnetid="100577525" confidence="0.8">
<act wordnetid="100030358" confidence="0.8">
<psychological_feature wordnetid="100023100" confidence="0.8">
<meme wordnetid="105985126" confidence="0.8">
<activity wordnetid="100407535" confidence="0.8">
<acculturation wordnetid="105984936" confidence="0.8">
<link xlink:type="simple" xlink:href="../022/1555022.xml">
Web 2.0</link></acculturation>
</activity>
</meme>
</psychological_feature>
</act>
</service>
</event>
</work>
 phenomenon.  Like many other industries, the online travel industry is currently in transition, adapting to new technologies and trends available on the <link xlink:type="simple" xlink:href="../539/14539.xml">
Internet</link>.<ref xlink:type="simple" xlink:href="#xpointer(//reflist/entry[@id=%222%22])">2</ref> Travelers, for their part, are becoming increasingly more interested in finding the opinions and reviews of their fellow travelers in lieu of professional travel advice.<ref xlink:type="simple" xlink:href="#xpointer(//reflist/entry[@id=%223%22])">3</ref> .  This impact is significant given the travel sector's economic influence on the Internet, indeed more money is spent on travel than anything else online.  Roughly two-thirds of Americans research and plan travel online and approximately the same amount book online as well.<ref xlink:type="simple" xlink:href="#xpointer(//reflist/entry[@id=%224%22])">4</ref>  The online travel industry breaks down into several different categories: online travel agents, online travel guides, online travel planners, and online travel communities and forums.<ref xlink:type="simple" xlink:href="#xpointer(//reflist/entry[@id=%225%22])">5</ref>  Together, these four groups make up the bulk of what are considered Travel 2.0 companies.</p>
<p>

Travel 2.0 is a term that represents the extension and customization of the concept of Web 2.0 into a form that applies to the world’s largest industry: travel and <link xlink:type="simple" xlink:href="../789/29789.xml">
tourism</link>.  It defines a transformation of <link xlink:type="simple" xlink:href="../440/41440.xml">
online</link> offerings into a new level of user empowerment and functionality.  More than “Move to the <link xlink:type="simple" xlink:href="../539/14539.xml">
Internet</link>” as a platform, though, it is about how business forces that characterized Web 1.0 are yielding power, influence and eyeballs to the socially oriented Web 2.0.  For Web 2.0, Tim O’Reilly described the following new models or different approaches that illustrated the divide between 2.0 and 1.0. <ref xlink:type="simple" xlink:href="#xpointer(//reflist/entry[@id=%226%22])">6</ref></p>

<sec>
<st>
 Introduction </st>
<p>

The world has seen a migration of technical capabilities from slow, single process chips, 1200 baud modems, big, heavy monitors, and expensive memory and storage to dual core processors, <link xlink:type="simple" xlink:href="../038/41038.xml">
DSL</link> and cable modems with broad market penetration, cheap memory and storage and flat screen monitors.  This has enabled <link xlink:type="simple" xlink:href="../454/33454.xml">
Web</link> democracy, allowing the presence of a one-person site to be as influential as a mass media outlet.  The result is an online social revolution where friends and strangers can connect, share and communicate. </p>
<p>

As described in 2006 by Philip Wolf, president and CEO of PhoCusWright Inc., <ref xlink:type="simple" xlink:href="#xpointer(//reflist/entry[@id=%227%22])">7</ref>, a travel research firm, Travel 2.0 as built on Web 2.0, is defined by five key tenets:
<list>
<entry level="1" type="number">

Complete <b>transparency in data</b>, in pricing, in content, in imagery.  Goofy pricing schemes are exposed.  Resorts marketing themselves on the beach must reckon with being one block away.  Flea bags are revealed, piercing the veil of professional photography.  Transparency is code for truth.  "A funny thing about the truth," goes a Chinese proverb, "the more you stretch it, the easier it is to see through it."</entry>
<entry level="1" type="number">

Peer <b>collaboration</b>.  C2C.  Whatever verb you fancy – engage, interact, communicate – people are digging other people in untold ways.  The social networking floodgates have opened: a positive advancing force holding great promise for travel, tourism and hospitality.  Your company is actually the enabler of CRM which occurs between consumer and consumer.  Personalization is now about helping customers connect with other customers so they ultimately get what they want.</entry>
<entry level="1" type="number">

<b>Basic</b>, time-honored <b>things</b> have become much easier.  For example, clipping articles for your dream 25th anniversary trip, getting recommendations from friends and friends of friends, sharing photos, and scrap booking have all been around for years.  Today, however, they are accomplished in fundamentally better ways.</entry>
<entry level="1" type="number">

<b>Speed</b>.  During the 1.0 era, skeptics argued the old way was faster.  Today, a <company wordnetid="108058098" confidence="0.9508927676800064">
<link xlink:type="simple" xlink:href="../923/1092923.xml">
Google</link></company>
 desktop search, discovering where you can go anywhere in the Caribbean for $800 in December, getting targeted advice… all happen at lightning speed.  Advanced underlying technologies and increasingly powerful systems make this reality.</entry>
<entry level="1" type="number">

<b>Predictive information</b>.  This final tenet is the most elusive but may prove the most powerful.  Intelligent systems with personal advisory features tailor responses in uncanny ways.  If we all searched the keyword phrase "luxury hotel new york city", everyone would receive the same results, despite some thinking $250 per night is luxury, some thinking $590 is and some thinking $2,500 is luxury.  Whichever technique is deployed, user profiling, vertical search, tag cloud matching or click-stream analysis, applying predictive information will make a huge difference. </entry>
</list>
</p>
<p>

Or in short: 
<list>
<entry level="1" type="number">

Transparency </entry>
<entry level="1" type="number">

 Collaboration</entry>
<entry level="1" type="number">

Better Basics </entry>
<entry level="1" type="number">

Speed</entry>
<entry level="1" type="number">

Predictability</entry>
</list>
</p>
<p>

The foundation for and the technical migration from "your father’s Web" to present day Web 2.0 looks like this:
<list>
<entry level="1" type="bullet">

Web 2.0: All the elements become remixed with loosely connected content, rich user experiences and the interaction of social and commercial networks (<link xlink:type="simple" xlink:href="../393/1385393.xml">
the Long Tail</link> business models, visualization and syndication enabled by advanced user interfaces and advanced by contextual and behavioral advertising.</entry>
</list>
</p>
<p>

<list>
<entry level="1" type="bullet">

Web 1.5: Social network functionality is enhanced by group-forming networks featuring folksonomies, permalinks and anonymity, and commercial network functionality is extended by mashups featuring open APIs and standard XML.</entry>
</list>
</p>
<p>

<list>
<entry level="1" type="bullet">

Web 1.0: Self-publishing/broadcasting and peer-to-peer sharing are enabled by social networks, major online brands and aggregated commercial content are enabled by commercial networks.</entry>
</list>
</p>
<p>

Travel 2.0 is the deployment of personal and business <link xlink:type="simple" xlink:href="../898/33898.xml">
Web site</link>s that embrace the above tenets and are built on the illustrated technology foundation. Some examples are <link xlink:type="simple" xlink:href="../020/10591020.xml">
Farecast</link>, <link>
FareCompare</link>, <link>
FareFetched.com.au</link>, <link>
Orbedia</link>, <link>
HomeAndAbroad</link>, <link>
TripCart</link>, <link>
Travelistic</link>, <link xlink:type="simple" xlink:href="../140/418140.xml">
Gusto</link>, <link>
MyTourClips</link>, <link>
Toowist</link>, <link>
Tripology</link>, <link>
Trip N Tale</link>, <link>
TourismTome</link>, <link>
Tripwolf</link>, <link>
TripSay</link> and <series wordnetid="108457976" confidence="0.8">
<arrangement wordnetid="107938773" confidence="0.8">
<chain wordnetid="108376250" confidence="0.8">
<ordering wordnetid="108456993" confidence="0.8">
<group wordnetid="100031264" confidence="0.8">
<link xlink:type="simple" xlink:href="../496/2499496.xml">
Starwood Hotels</link></group>
</ordering>
</chain>
</arrangement>
</series>
. 
Travel 2.0 is a natural outcome of Web 2.0, as the following table illustrates (Web 2.0 elements are from <person wordnetid="100007846" confidence="0.9508927676800064">
<link xlink:type="simple" xlink:href="../115/410115.xml">
Tim O'Reilly</link></person>
's <weblink xlink:type="simple" xlink:href="http://oreillynet.com/pub/a/oreilly/tim/news/2005/09/30/what-is-web-20.html">
Web 2.0</weblink> article):</p>
<p>

<table border="1" cellspacing="0">
<header>
<b>Web 2.0</b></header>
<header>
<b>Travel 2.0</b></header>
<row>
<col>
Strategic Positioning:</col>
<col>
Strategic Positioning:</col>
</row>
<row>
<col>
The Web as Platform</col>
<col>
The source of content will be the Web</col>
</row>
<row>
<col>
User Positioning:</col>
<col>
User Positioning:</col>
</row>
<row>
<col>
You control your own data</col>
<col>
Users maintain travel profiles, personal information</col>
</row>
<row>
<col>
Core Competencies:</col>
<col>
Core Competencies:</col>
</row>
<row>
<col>
Services, not packaged software</col>
<col>
Web 2.0 Travel sites will either be services providers, services consumers or both</col>
</row>
<row>
<col>
Architecture of participation</col>
<col>
Technology and business models will support interconnectivity and aggregation of services from many sites</col>
</row>
<row>
<col>
Cost-effective scalability</col>
<col>
Traditional technology is too expensive: Travel companies need to learn from the likes of Google, ITA and Amazon how to contain technology costs</col>
</row>
<row>
<col>
Remixable data source and data transmissions</col>
<col>
Services are designed to be remixed including the resultant service</col>
</row>
<row>
<col>
Software above the level of a single device</col>
<col>
It is not just the browser anymore: It is the car nav device, the Blackberry, the cellphone, the iPod, etc.</col>
</row>
<row>
<col>
Harnessing collective intelligence</col>
<col>
The volume of content that can be collectively garnered from users far exceeds the editorial ability of the staff of even the largest Web sites</col>
</row>
</table>
</p>
<p>

Even while Travel 2.0 matures, <link>
Travel 3.0</link> is beginning to emerge. In this case, rather than following the trends of the overall Web (Travel 2.0 built on Web 2.0), the travel element is leading, providing the proving grounds for Web 3.0.</p>


</sec>
<sec>
<st>
 See also </st>
<p>

<list>
<entry level="1" type="bullet">

 <sphere wordnetid="114514039" confidence="0.9508927676800064">
<link xlink:type="simple" xlink:href="../529/1112529.xml">
.travel</link></sphere>
, top-level domain name for the travel industry on the internet</entry>
<entry level="1" type="bullet">

 <link xlink:type="simple" xlink:href="../311/6802311.xml">
Enterprise 2.0</link></entry>
<entry level="1" type="bullet">

 <link xlink:type="simple" xlink:href="../677/74677.xml">
Learning 2.0</link></entry>
<entry level="1" type="bullet">

 <link xlink:type="simple" xlink:href="../517/2983517.xml">
Library 2.0</link></entry>
<entry level="1" type="bullet">

 <work wordnetid="100575741" confidence="0.8">
<event wordnetid="100029378" confidence="0.8">
<service wordnetid="100577525" confidence="0.8">
<act wordnetid="100030358" confidence="0.8">
<psychological_feature wordnetid="100023100" confidence="0.8">
<activity wordnetid="100407535" confidence="0.8">
<link xlink:type="simple" xlink:href="../278/7377278.xml">
Office 2.0</link></activity>
</psychological_feature>
</act>
</service>
</event>
</work>
</entry>
<entry level="1" type="bullet">

 <artifact wordnetid="100021939" confidence="0.8">
<social_group wordnetid="107950920" confidence="0.8">
<instrumentality wordnetid="103575240" confidence="0.8">
<gathering wordnetid="107975026" confidence="0.8">
<community wordnetid="108223802" confidence="0.8">
<group wordnetid="100031264" confidence="0.8">
<medium wordnetid="106254669" confidence="0.8">
<link xlink:type="simple" xlink:href="../926/3878926.xml">
User-generated content</link></medium>
</group>
</community>
</gathering>
</instrumentality>
</social_group>
</artifact>
</entry>
<entry level="1" type="bullet">

 <work wordnetid="100575741" confidence="0.8">
<event wordnetid="100029378" confidence="0.8">
<service wordnetid="100577525" confidence="0.8">
<act wordnetid="100030358" confidence="0.8">
<psychological_feature wordnetid="100023100" confidence="0.8">
<meme wordnetid="105985126" confidence="0.8">
<activity wordnetid="100407535" confidence="0.8">
<acculturation wordnetid="105984936" confidence="0.8">
<link xlink:type="simple" xlink:href="../022/1555022.xml">
Web 2.0</link></acculturation>
</activity>
</meme>
</psychological_feature>
</act>
</service>
</event>
</work>
</entry>
</list>
</p>

</sec>
<sec>
<st>
 References </st>

<p>

<reflist>
<entry id="1">
"<weblink xlink:type="simple" xlink:href="http://forum.planeta.com/viewtopic.php?t=940&amp;sid=e26ae965e5c68071a37c3e9fd785d69c">
Using Web 2.0 to connect locals and travelers</weblink>".&#32;  <link>
Planeta.com</link>.&#32;Retrieved on <link xlink:type="simple" xlink:href="../021/28021.xml">
September 12</link>, <link xlink:type="simple" xlink:href="../165/36165.xml">
2007</link>.</entry>
<entry id="2">
"<weblink xlink:type="simple" xlink:href="http://travel.timesonline.co.uk/tol/life_and_style/travel/business/article1477541.ece">
Business travel 2.0</weblink>".&#32;  <link xlink:type="simple" xlink:href="../127/39127.xml">
Times Online</link>.&#32;Retrieved on <link xlink:type="simple" xlink:href="../ury/22nd_century.xml">
April 5</link>, <link xlink:type="simple" xlink:href="../165/36165.xml">
2007</link>.</entry>
<entry id="3">
"<weblink xlink:type="simple" xlink:href="http://www.usatoday.com/travel/columnist/grossman/2007-01-26-grossman_x.htm">
Travel 2.0: Social networking takes a useful turn</weblink>".&#32;  <link xlink:type="simple" xlink:href="../463/208463.xml">
USAToday</link>.&#32;Retrieved on <link xlink:type="simple" xlink:href="../ury/22nd_century.xml">
April 5</link>, <link xlink:type="simple" xlink:href="../165/36165.xml">
2007</link>. </entry>
<entry id="4">
"<weblink xlink:type="simple" xlink:href="http://www.imediaconnection.jhkhjkhjkhjkhjkjkhjkhjkk">
com/content/12380.asp Online Travel's Future is Now</weblink>".&#32;  <link>
iMedia Connection</link>.&#32;Retrieved on <link xlink:type="simple" xlink:href="../008/1008.xml">
April 6</link>, <link xlink:type="simple" xlink:href="../165/36165.xml">
2007</link>.</entry>
<entry id="5">
"<weblink xlink:type="simple" xlink:href="http://www.msnbc.msn.com/id/17800716/">
The pros and cons of peer reviews</weblink>".&#32;  <channel wordnetid="106259898" confidence="0.9508927676800064">
<link xlink:type="simple" xlink:href="../846/159846.xml">
MSNBC</link></channel>
.&#32;Retrieved on <link xlink:type="simple" xlink:href="../ury/22nd_century.xml">
April 5</link>, <link xlink:type="simple" xlink:href="../165/36165.xml">
2007</link>.</entry>
<entry id="6">
"<weblink xlink:type="simple" xlink:href="http://oreillynet.com/pub/a/oreilly/tim/news/2005/09/30/what-is-web-20.html">
What is Web 2.0</weblink>".&#32;  <link>
O’Reilly</link>.&#32;Retrieved on <link xlink:type="simple" xlink:href="../843/27843.xml">
September 30</link>, <link xlink:type="simple" xlink:href="../984/35984.xml">
2005</link>. </entry>
<entry id="7">
<link>
Philip Wolf</link>&#32;(November 2006).&#32;"<weblink xlink:type="simple" xlink:href="http://www.phocuswright.com/conferences/ec06-info-monologue.php">
Travel 2.0</weblink>".</entry>
</reflist>
</p>


</sec>
</bdy>
</network>
</web_site>
</group>
</system>
</article>
