<?xml version="1.0" encoding="UTF-8"?>
<!-- generated by CLiX/Wiki2XML [MPI-Inf, MMCI@UdS] $LastChangedRevision: 92 $ on 16.04.2009 18:02:51[mciao0825] -->
<!DOCTYPE article SYSTEM "../article.dtd">
<article xmlns:xlink="http://www.w3.org/1999/xlink">
<magazine  confidence="0.9508927676800064" wordnetid="106595351">
<publication  confidence="0.9511911446218017" wordnetid="106589574">
<header>
<title>PC Zone</title>
<id>1047293</id>
<revision>
<id>240986545</id>
<timestamp>2008-09-25T20:51:20Z</timestamp>
<contributor>
<username>Rjwilmsi</username>
<id>203434</id>
</contributor>
</revision>
<categories>
<category>Publications established in 1993</category>
<category>Video game magazines</category>
<category>British computer magazines</category>
</categories>
</header>
<bdy>
<template>
<name>Infobox_Magazine</name>
<parameters>
<issn>
1471-7536</issn>
<website>
<weblink xlink:type="simple" xlink:href="http://www.pczone.co.uk/">
Official site</weblink></website>
<image_caption>
<it>Issue 193, May 2008''</it></image_caption>
<frequency>
13 per year</frequency>
<country>
<autocracy wordnetid="108361001" confidence="0.8">
<system wordnetid="108435388" confidence="0.8">
<social_group wordnetid="107950920" confidence="0.8">
<political_orientation wordnetid="106212839" confidence="0.8">
<monarchy wordnetid="108363812" confidence="0.8">
<state wordnetid="108168978" confidence="0.8">
<political_unit wordnetid="108359949" confidence="0.8">
<political_system wordnetid="108367880" confidence="0.8">
<economy wordnetid="108366753" confidence="0.8">
<group wordnetid="100031264" confidence="0.8">
<democracy wordnetid="106217103" confidence="0.8">
<link xlink:type="simple" xlink:href="../717/31717.xml">
United Kingdom</link></democracy>
</group>
</economy>
</political_system>
</political_unit>
</state>
</monarchy>
</political_orientation>
</social_group>
</system>
</autocracy>
</country>
<title>
PC Zone</title>
<editor>
Will Porter</editor>
<category>
<link xlink:type="simple" xlink:href="../126/3212126.xml">
Video game magazines</link></category>
<firstdate>
April 1993</firstdate>
<image_size>
200px</image_size>
<circulation>
22,297 (Jan - Dec 2007)<weblink xlink:type="simple" xlink:href="http://www.future-advertising.co.uk/ads/audiencefigures/figures.jsp?ref3&amp;brand29">
http://www.future-advertising.co.uk/ads/audiencefigures/figures.jsp?ref3&amp;brand29</weblink></circulation>
<company>
<link xlink:type="simple" xlink:href="../949/866949.xml">
Future Publishing</link></company>
<image_file>
PCZ193.cover.jpg</image_file>
<language>
<language wordnetid="106282651" confidence="0.8">
<link xlink:type="simple" xlink:href="../916/8569916.xml">
English</link></language>
</language>
</parameters>
</template>



<p>

<b><it>PC Zone</it></b> was the first <link xlink:type="simple" xlink:href="../001/21001.xml">
magazine</link> dedicated to <link xlink:type="simple" xlink:href="../363/5363.xml">
games</link> for IBM-compatible personal computers to be published in the <autocracy wordnetid="108361001" confidence="0.8">
<system wordnetid="108435388" confidence="0.8">
<social_group wordnetid="107950920" confidence="0.8">
<political_orientation wordnetid="106212839" confidence="0.8">
<monarchy wordnetid="108363812" confidence="0.8">
<state wordnetid="108168978" confidence="0.8">
<political_unit wordnetid="108359949" confidence="0.8">
<political_system wordnetid="108367880" confidence="0.8">
<economy wordnetid="108366753" confidence="0.8">
<group wordnetid="100031264" confidence="0.8">
<democracy wordnetid="106217103" confidence="0.8">
<link xlink:type="simple" xlink:href="../717/31717.xml">
United Kingdom</link></democracy>
</group>
</economy>
</political_system>
</political_unit>
</state>
</monarchy>
</political_orientation>
</social_group>
</system>
</autocracy>
. Earlier PC magazines such as <it><link>
PC Leisure</link></it>, <it><magazine wordnetid="106595351" confidence="0.9508927676800064">
<link xlink:type="simple" xlink:href="../961/1146961.xml">
PC Format</link></magazine>
</it> and <it><magazine wordnetid="106595351" confidence="0.9508927676800064">
<link xlink:type="simple" xlink:href="../998/2970998.xml">
PC Plus</link></magazine>
</it> had covered games but only as part of a wider remit. <it>PC Zone</it> was founded in <link xlink:type="simple" xlink:href="../598/34598.xml">
1993</link>.</p>
<p>

The magazine was published by <link xlink:type="simple" xlink:href="../070/1972070.xml">
Dennis Publishing Ltd.</link> until <link xlink:type="simple" xlink:href="../524/35524.xml">
2004</link>, when it was acquired by <link xlink:type="simple" xlink:href="../949/866949.xml">
Future Publishing</link> along with <it><link xlink:type="simple" xlink:href="../333/1337333.xml">
Computer And Video Games</link></it> for £2.5m.</p>
<p>

The precursor to <it>PC Zone</it> is the award-winning multiformat title <it><link xlink:type="simple" xlink:href="../890/14257890.xml">
Zero</link></it>.</p>

<sec>
<st>
First issue</st>
<p>

<it>PC Zone</it> was first published in <link xlink:type="simple" xlink:href="../598/34598.xml">
April 1993</link> and cost £1.95. Billed as the first UK magazine dedicated exclusively to PC games, it was sold with two accompanying <link xlink:type="simple" xlink:href="../891/10891.xml">
floppy disks</link> carrying game demonstrations. The first editor was Paul Lakin.</p>
<p>

The magazine was split into four sections: Reviews, Blueprints, Features and Regulars. Among the first titles to be reviewed were <it><link xlink:type="simple" xlink:href="../721/2239721.xml">
Dune 2</link></it>, <it><link xlink:type="simple" xlink:href="../640/1491640.xml">
Lemmings 2</link></it> and <it><event wordnetid="100029378" confidence="0.8">
<social_event wordnetid="107288639" confidence="0.8">
<contest wordnetid="107456188" confidence="0.8">
<game wordnetid="100456199" confidence="0.8">
<psychological_feature wordnetid="100023100" confidence="0.8">
<link xlink:type="simple" xlink:href="../458/611458.xml">
Stunt Island</link></psychological_feature>
</game>
</contest>
</social_event>
</event>
</it>. The Blueprints section involved previews of new games and Features comprised of an article written about a specific area of gaming interest, such as gaming audio.</p>
<p>

Regulars included a news bulletin, competitions and a Buyer's Guide which featured recommended games.</p>

</sec>
<sec>
<st>
Evolution</st>
<p>

In its original incarnation, PC Zone recognised that its audience consisted largely of males in their late twenties and older, and adopted a tone suited to that audience. This was in contrast to contemporary multiformat and console magazines aimed at children and teenagers. During this period, the PC was not yet widely recognised as a games platform in the UK, an attitude PC Zone arguably helped to change by championing a succession of notable games such as <it><event wordnetid="100029378" confidence="0.8">
<social_event wordnetid="107288639" confidence="0.8">
<contest wordnetid="107456188" confidence="0.8">
<game wordnetid="100456199" confidence="0.8">
<psychological_feature wordnetid="100023100" confidence="0.8">
<link xlink:type="simple" xlink:href="../997/198997.xml">
Star Control II</link></psychological_feature>
</game>
</contest>
</social_event>
</event>
</it>, , <it><link xlink:type="simple" xlink:href="../628/1091628.xml">
Ultima Underworld</link></it> and <it><event wordnetid="100029378" confidence="0.8">
<social_event wordnetid="107288639" confidence="0.8">
<contest wordnetid="107456188" confidence="0.8">
<game wordnetid="100456199" confidence="0.8">
<psychological_feature wordnetid="100023100" confidence="0.8">
<link xlink:type="simple" xlink:href="../521/8521.xml">
Doom</link></psychological_feature>
</game>
</contest>
</social_event>
</event>
</it>.</p>
<p>

By 1995, under the editorship of John Davison, the magazine had adopted a tone which heavily referenced the <link xlink:type="simple" xlink:href="../378/1840378.xml">
lad culture</link> that had been made fashionable by magazines such as <it><magazine wordnetid="106595351" confidence="0.9508927676800064">
<link xlink:type="simple" xlink:href="../052/263052.xml">
FHM</link></magazine>
</it> and Dennis Publishing stablemate <it><magazine wordnetid="106595351" confidence="0.9508927676800064">
<link xlink:type="simple" xlink:href="../988/241988.xml">
Maxim</link></magazine>
</it>. This period was marked by several moderately controversial episodes, including the accidental inclusion of a pornographic <it><event wordnetid="100029378" confidence="0.8">
<social_event wordnetid="107288639" confidence="0.8">
<contest wordnetid="107456188" confidence="0.8">
<game wordnetid="100456199" confidence="0.8">
<psychological_feature wordnetid="100023100" confidence="0.8">
<link xlink:type="simple" xlink:href="../521/8521.xml">
Doom</link></psychological_feature>
</game>
</contest>
</social_event>
</event>
</it> modification on a covermounted CD-ROM, an article about the infamously bug-ridden  illustrated with a large photograph of a piece of excrement wrapped with a bow, a joystick group test which featured a model dressed as a nun (testing each joystick for "phallusicity"), and a one-page comic by regular contributor <person wordnetid="100007846" confidence="0.9508927676800064">
<presenter wordnetid="110466387" confidence="0.9173553029164789">
<link xlink:type="simple" xlink:href="../080/1170080.xml">
Charlie Brooker</link></presenter>
</person>
, graphically depicting animal cruelty (originally intended as a comment on the violence against animals frequently portrayed in the <it><event wordnetid="100029378" confidence="0.8">
<social_event wordnetid="107288639" confidence="0.8">
<contest wordnetid="107456188" confidence="0.8">
<game wordnetid="100456199" confidence="0.8">
<psychological_feature wordnetid="100023100" confidence="0.8">
<link xlink:type="simple" xlink:href="../606/3926606.xml">
Tomb Raider</link></psychological_feature>
</game>
</contest>
</social_event>
</event>
</it> games) which resulted in the offending issue being withdrawn from <company wordnetid="108058098" confidence="0.9508927676800064">
<link xlink:type="simple" xlink:href="../246/153246.xml">
W&nbsp;H&nbsp;Smith</link></company>
 newsagents.</p>
<p>

Towards the end of the decade, during the editorship of Chris Anderson, the magazine underwent another redesign and a stricter scoring methodology was introduced. For a twelve month period it was rare for a game to score above 90%, although this was later relaxed, resulting in controversial 94% and higher scores for <it><link xlink:type="simple" xlink:href="../506/402506.xml">
Black &amp; White</link></it>, <it><link xlink:type="simple" xlink:href="../016/563016.xml">
Unreal II</link></it> and others. It was around this time that the magazine retired the long-running <link>
Mr Cursor</link> column, a series of humorous, quasi-autobiographical anecdotes written by a thinly-disguised <link>
Duncan MacDonald</link>, originally intended to be a counterpoint to the jargon-heavy nature of much of the rest of the editorial.</p>
<p>

Anderson was succeeded by Dave Woods. Most of the regular recurring features used in the current version of the magazine were introduced during this period, and Woods' final contribution was the redesign which marked the handover of the title to Future Publishing and the editorship to Jamie Sefton.</p>

</sec>
<sec>
<st>
Current format</st>
<p>

The current format of <it>PC Zone</it> was introduced in <link xlink:type="simple" xlink:href="../454/2811454.xml">
October 2005</link> for issue #159. The magazine now costs £5.99 and includes several regular features including Supertest, where reviewers discuss which game is best in its genre (now audio only); Steve Hill's NeverQuest, which follows the often unsuccessful attempts of Hill's venture into <genre wordnetid="105845332" confidence="0.8">
<idea wordnetid="105833840" confidence="0.8">
<concept wordnetid="105835747" confidence="0.8">
<category wordnetid="105838765" confidence="0.8">
<kind wordnetid="105839024" confidence="0.8">
<link xlink:type="simple" xlink:href="../844/20844.xml">
MMORPG</link></kind>
</category>
</concept>
</idea>
</genre>
s;  Developer's Commentary, in which developers look back on their recently released titles; Retro Zone, with a focus on a different retro platform emulated on PC each month; How To..., a guide with 8 tips for a recently released game and a Buyer's Guide, in which top games are listed, divided into 9 genres. The Buyer's Guide developed from an indexed list of every game reviewed in the publication, along with closing comments. When the longevity of the magazine made this completely impractical it was pared down to just the best from each genre, becoming more refined with each redesign.</p>
<p>

At present (issue #193) the leaders in each genre are:</p>
<p>

<list>
<entry level="1" type="bullet">

 Shooters: <it><result wordnetid="107292694" confidence="0.8">
<happening wordnetid="107283608" confidence="0.8">
<event wordnetid="100029378" confidence="0.8">
<social_event wordnetid="107288639" confidence="0.8">
<contest wordnetid="107456188" confidence="0.8">
<sequel wordnetid="107295507" confidence="0.8">
<game wordnetid="100456199" confidence="0.8">
<psychological_feature wordnetid="100023100" confidence="0.8">
<ending wordnetid="107291312" confidence="0.8">
<link xlink:type="simple" xlink:href="../509/575509.xml">
Half-Life 2</link></ending>
</psychological_feature>
</game>
</sequel>
</contest>
</social_event>
</event>
</happening>
</result>
</it> <it>(inc. Episodes)</it> : 97% / 91% / 82%</entry>
<entry level="1" type="bullet">

 Strategy: <it><event wordnetid="100029378" confidence="0.8">
<social_event wordnetid="107288639" confidence="0.8">
<contest wordnetid="107456188" confidence="0.8">
<game wordnetid="100456199" confidence="0.8">
<psychological_feature wordnetid="100023100" confidence="0.8">
<link xlink:type="simple" xlink:href="../935/2545935.xml">
Company of Heroes</link></psychological_feature>
</game>
</contest>
</social_event>
</event>
</it> : 93%</entry>
<entry level="1" type="bullet">

 Action/Adventure: <it><event wordnetid="100029378" confidence="0.8">
<social_event wordnetid="107288639" confidence="0.8">
<contest wordnetid="107456188" confidence="0.8">
<game wordnetid="100456199" confidence="0.8">
<psychological_feature wordnetid="100023100" confidence="0.8">
<link xlink:type="simple" xlink:href="../689/1880689.xml">
Gears of War</link></psychological_feature>
</game>
</contest>
</social_event>
</event>
</it> : 90%</entry>
<entry level="1" type="bullet">

 <genre wordnetid="105845332" confidence="0.8">
<idea wordnetid="105833840" confidence="0.8">
<concept wordnetid="105835747" confidence="0.8">
<category wordnetid="105838765" confidence="0.8">
<kind wordnetid="105839024" confidence="0.8">
<link xlink:type="simple" xlink:href="../056/529056.xml">
MMO</link></kind>
</category>
</concept>
</idea>
</genre>
s: <it><event wordnetid="100029378" confidence="0.8">
<social_event wordnetid="107288639" confidence="0.8">
<contest wordnetid="107456188" confidence="0.8">
<game wordnetid="100456199" confidence="0.8">
<psychological_feature wordnetid="100023100" confidence="0.8">
<link xlink:type="simple" xlink:href="../591/379591.xml">
World of Warcraft</link></psychological_feature>
</game>
</contest>
</social_event>
</event>
</it> : 95%</entry>
<entry level="1" type="bullet">

 Sport: <it><event wordnetid="100029378" confidence="0.8">
<social_event wordnetid="107288639" confidence="0.8">
<contest wordnetid="107456188" confidence="0.8">
<game wordnetid="100456199" confidence="0.8">
<psychological_feature wordnetid="100023100" confidence="0.8">
<link xlink:type="simple" xlink:href="../150/13023150.xml">
Football Manager 2008</link></psychological_feature>
</game>
</contest>
</social_event>
</event>
</it> : 90%</entry>
<entry level="1" type="bullet">

 Simulation:  : 92%</entry>
<entry level="1" type="bullet">

 <link xlink:type="simple" xlink:href="../475/25475.xml">
RPGs</link>:  : 95%</entry>
<entry level="1" type="bullet">

 Driving/Racing: <it><link xlink:type="simple" xlink:href="../047/6877047.xml">
GTR 2</link></it> : 92%</entry>
<entry level="1" type="bullet">

 Oddball: <it><event wordnetid="100029378" confidence="0.8">
<social_event wordnetid="107288639" confidence="0.8">
<contest wordnetid="107456188" confidence="0.8">
<game wordnetid="100456199" confidence="0.8">
<psychological_feature wordnetid="100023100" confidence="0.8">
<link xlink:type="simple" xlink:href="../143/5956143.xml">
Portal</link></psychological_feature>
</game>
</contest>
</social_event>
</event>
</it> : 89%</entry>
</list>
</p>
<p>

The oldest game in the Buyer's Guide is <it><event wordnetid="100029378" confidence="0.8">
<social_event wordnetid="107288639" confidence="0.8">
<contest wordnetid="107456188" confidence="0.8">
<game wordnetid="100456199" confidence="0.8">
<psychological_feature wordnetid="100023100" confidence="0.8">
<link xlink:type="simple" xlink:href="../484/8484.xml">
Deus Ex</link></psychological_feature>
</game>
</contest>
</social_event>
</event>
</it>, reviewed issue #93 and given 94%.</p>

</sec>
<sec>
<st>
Review system</st>
<p>

<it>PC Zone</it> prides itself on its reviews scoring system, which is based on the idea that 50% is an average grade. As a result, many publishers accuse the magazine of being too harsh. Games that score 75-89% are given a <it>Recommended Award</it>; games that score 90% or more are given a <it>Classic Award</it>. Very few games, perhaps only ten a year, receive the latter distinction. Games scoring under 20% are given the <it>PC Zone Dump</it> award (Previously the <it>PC Zone Pants</it>).</p>
<p>

As a combined result of its honest scoring system and its age, <it>PC Zone</it> manages to acquire many UK and world print exclusives in terms of <link xlink:type="simple" xlink:href="../041/22041.xml">
news</link>, <link xlink:type="simple" xlink:href="../223/23223.xml">
preview</link>s and <link xlink:type="simple" xlink:href="../779/538779.xml">
review</link>s. <it>PC Zone</it> contained world exclusive previews for both <it><result wordnetid="107292694" confidence="0.8">
<happening wordnetid="107283608" confidence="0.8">
<event wordnetid="100029378" confidence="0.8">
<social_event wordnetid="107288639" confidence="0.8">
<contest wordnetid="107456188" confidence="0.8">
<sequel wordnetid="107295507" confidence="0.8">
<game wordnetid="100456199" confidence="0.8">
<psychological_feature wordnetid="100023100" confidence="0.8">
<ending wordnetid="107291312" confidence="0.8">
<link xlink:type="simple" xlink:href="../509/575509.xml">
Half-Life 2</link></ending>
</psychological_feature>
</game>
</sequel>
</contest>
</social_event>
</event>
</happening>
</result>
</it> and <it><result wordnetid="107292694" confidence="0.8">
<happening wordnetid="107283608" confidence="0.8">
<event wordnetid="100029378" confidence="0.8">
<social_event wordnetid="107288639" confidence="0.8">
<contest wordnetid="107456188" confidence="0.8">
<sequel wordnetid="107295507" confidence="0.8">
<game wordnetid="100456199" confidence="0.8">
<psychological_feature wordnetid="100023100" confidence="0.8">
<ending wordnetid="107291312" confidence="0.8">
<link xlink:type="simple" xlink:href="../738/304738.xml">
Doom 3</link></ending>
</psychological_feature>
</game>
</sequel>
</contest>
</social_event>
</event>
</happening>
</result>
</it>, the former achieving an almost-unprecedented record score of 97%, a ranking it shares with three other games: <it><result wordnetid="107292694" confidence="0.8">
<happening wordnetid="107283608" confidence="0.8">
<event wordnetid="100029378" confidence="0.8">
<social_event wordnetid="107288639" confidence="0.8">
<contest wordnetid="107456188" confidence="0.8">
<sequel wordnetid="107295507" confidence="0.8">
<game wordnetid="100456199" confidence="0.8">
<psychological_feature wordnetid="100023100" confidence="0.8">
<ending wordnetid="107291312" confidence="0.8">
<link xlink:type="simple" xlink:href="../216/25216.xml">
Quake II</link></ending>
</psychological_feature>
</game>
</sequel>
</contest>
</social_event>
</event>
</happening>
</result>
</it>, <it><result wordnetid="107292694" confidence="0.8">
<happening wordnetid="107283608" confidence="0.8">
<event wordnetid="100029378" confidence="0.8">
<social_event wordnetid="107288639" confidence="0.8">
<contest wordnetid="107456188" confidence="0.8">
<sequel wordnetid="107295507" confidence="0.8">
<game wordnetid="100456199" confidence="0.8">
<psychological_feature wordnetid="100023100" confidence="0.8">
<ending wordnetid="107291312" confidence="0.8">
<link xlink:type="simple" xlink:href="../733/1312733.xml">
Alone in the Dark 2</link></ending>
</psychological_feature>
</game>
</sequel>
</contest>
</social_event>
</event>
</happening>
</result>
</it> and the relatively unknown flight simulator <it><link xlink:type="simple" xlink:href="../852/8066852.xml">
EF2000</link></it>. There are a handful of games that have received the lowest score of 0%, one of which is a multimedia package <it>Newsweek 3 Globocop</it>, which was given the biting summary, "The most expensive beer mat in the world." The reviewer of this package also commented that everyone involved with the project should be "boiled alive like lobsters".</p>

</sec>
<sec>
<st>
Staff</st>
<p>

The current editor is Will Porter, who replaced Jamie Sefton in time for issue #191 (March 2008), who in turn was the replacement for Dave Woods after the magazine's redesign at the end of 2005. Sefton has remained with the magazine as an occasional freelance writer. Section editor Steve Hogarty manages the magazine's news and previews section, while Jon 'Log' Blyth is in charge of the reviews section. Ed Zitron organises the Freeplay section of the publication, which features <physical_entity wordnetid="100001930" confidence="0.8">
<person wordnetid="100007846" confidence="0.8">
<adolescent wordnetid="109772029" confidence="0.8">
<mod wordnetid="110324357" confidence="0.8">
<causal_agent wordnetid="100007347" confidence="0.8">
<juvenile wordnetid="109622049" confidence="0.8">
<link xlink:type="simple" xlink:href="../326/407326.xml">
mods</link></juvenile>
</causal_agent>
</mod>
</adolescent>
</person>
</physical_entity>
 and <link xlink:type="simple" xlink:href="../592/11592.xml">
freeware</link>.</p>
<p>

<physical_entity wordnetid="100001930" confidence="0.8">
<communicator wordnetid="109610660" confidence="0.8">
<person wordnetid="100007846" confidence="0.8">
<causal_agent wordnetid="100007347" confidence="0.8">
<writer wordnetid="110794014" confidence="0.8">
<journalist wordnetid="110224578" confidence="0.8">
<link xlink:type="simple" xlink:href="../019/6033019.xml">
Philip Wand</link></journalist>
</writer>
</causal_agent>
</person>
</communicator>
</physical_entity>
 heads the hardware section and <it>Dear Wandy</it>, a monthly section featuring technical questions from readers (which started out as <it>Dear Wazza</it> under Warren Christmas). There are discussion forums on the official <it>PC Zone</it> website, as well as on Philip Wand's own <it>Dear Wandy</it> site. There, members can request technical assistance and discuss gaming in general.</p>
<p>

Dan Marshall contributed a regular column titled <it>How to Make a Game</it> which detailed the development of his first game, <event wordnetid="100029378" confidence="0.8">
<social_event wordnetid="107288639" confidence="0.8">
<contest wordnetid="107456188" confidence="0.8">
<game wordnetid="100456199" confidence="0.8">
<psychological_feature wordnetid="100023100" confidence="0.8">
<link xlink:type="simple" xlink:href="../880/11024880.xml">
Gibbage</link></psychological_feature>
</game>
</contest>
</social_event>
</event>
. Gibbage then received the "Indiezone Game of the Month" award with 71% when it was reviewed. Marshall now writes freelance reviews for the magazine.</p>
<p>

Other regular freelance writers include Steve Hill, Martin Korda, <writer wordnetid="110794014" confidence="0.9173553029164789">
<link xlink:type="simple" xlink:href="../039/1275039.xml">
Rhianna Pratchett</link></writer>
, Richie Shoemaker, Paul Presley and Pavel Barter.</p>

</sec>
<sec>
<st>
External links</st>
<p>

<list>
<entry level="1" type="bullet">

<weblink xlink:type="simple" xlink:href="http://www.pczone.co.uk">
<it>PC Zone</it> Website</weblink></entry>
<entry level="1" type="bullet">

<weblink xlink:type="simple" xlink:href="http://www.dearwandy.com">
<it>Dear Wandy</it> Website</weblink></entry>
</list>
</p>

</sec>
</bdy>
</publication>
</magazine>
</article>
