<?xml version="1.0" encoding="UTF-8"?>
<!-- generated by CLiX/Wiki2XML [MPI-Inf, MMCI@UdS] $LastChangedRevision: 92 $ on 17.04.2009 00:11:49[mciao0828] -->
<!DOCTYPE article SYSTEM "../article.dtd">
<article xmlns:xlink="http://www.w3.org/1999/xlink">
<school  confidence="0.9511911446218017" wordnetid="108276720">
<entity  confidence="0.9511911446218017" wordnetid="100001740">
<education  confidence="0.9508927676800064" wordnetid="100883297">
<header>
<title>Cedar Valley Middle School</title>
<id>10491349</id>
<revision>
<id>238040418</id>
<timestamp>2008-09-12T23:47:22Z</timestamp>
<contributor>
<username>Bart133</username>
<id>134523</id>
</contributor>
</revision>
<categories>
<category>Middle schools in Texas</category>
<category>Round Rock Independent School District</category>
<category>Williamson County, Texas</category>
<category>Articles needing additional references from November 2007</category>
</categories>
</header>
<bdy>
<template>
<name>Infobox Education in the United States</name>
<parameters>

<image width="150px" src="">

</image>
<mascot>
Jaguar</mascot>
<phone>
428-2300</phone>
<schoolnumber>
47</schoolnumber>
<state>
<physical_entity wordnetid="100001930" confidence="0.8">
<causal_agent wordnetid="100007347" confidence="0.8">
<link xlink:type="simple" xlink:href="../810/29810.xml">
Texas</link></causal_agent>
</physical_entity>
</state>
<areacode>
512</areacode>
<schooltype>
Middle School</schooltype>
<city>
<county wordnetid="108546183" confidence="0.9508927676800064">
<link xlink:type="simple" xlink:href="../404/91404.xml">
Williamson County</link></county>
, <village wordnetid="108672738" confidence="0.9508927676800064">
<link xlink:type="simple" xlink:href="../998/1998.xml">
Austin</link></village>
,</city>
<founded>
1993</founded>
<enrollment_as_of>
2007</enrollment_as_of>
<area>
Round Rock, Texas</area>
<principal>
Jane Miller</principal>
<name>
Cedar Valley Middle School</name>
<enrollment>
1,416<ref xlink:type="simple" xlink:href="#xpointer(//reflist/entry[@id=%221%22])">1</ref></enrollment>
<fax>
428-2420</fax>
<colors>
Purple and Black</colors>
<zipcode>
78681</zipcode>
<url>
<weblink xlink:type="simple" xlink:href="http://schools.roundrockisd.org/cedarvalley">
Cedar Valley Middle School</weblink></url>
<streetaddress>
8139 Racine Trail</streetaddress>
<language>
English (Spanish and French elective languages)</language>
<motto>
Where Learning Is Priority #1 For Each Student</motto>
<grades>
6-8th</grades>
</parameters>
</template>

<p>

<b>Cedar Valley Middle School</b> (CeVMS) is a <link xlink:type="simple" xlink:href="../954/234954.xml">
middle school</link> located in unincorporated <county wordnetid="108546183" confidence="0.9508927676800064">
<link xlink:type="simple" xlink:href="../404/91404.xml">
Williamson County</link></county>
, <physical_entity wordnetid="100001930" confidence="0.8">
<causal_agent wordnetid="100007347" confidence="0.8">
<link xlink:type="simple" xlink:href="../810/29810.xml">
Texas</link></causal_agent>
</physical_entity>
 and is part of the  <link xlink:type="simple" xlink:href="../442/1997442.xml">
Round Rock Independent School District</link>. It has four subsidiary <link xlink:type="simple" xlink:href="../232/11749232.xml">
elementary schools</link>:</p>
<p>

<list>
<entry level="1" type="bullet">

Great Oaks Elementary School</entry>
<entry level="1" type="bullet">

Brushy Creek Elementary School</entry>
<entry level="1" type="bullet">

Old Town Elementary School</entry>
<entry level="1" type="bullet">

Cactus Ranch Elementary School</entry>
</list>
</p>
<p>

It follows on to <school wordnetid="108276720" confidence="0.9508927676800064">
<link xlink:type="simple" xlink:href="../217/7221217.xml">
McNeil</link></school>
 and <school wordnetid="108276720" confidence="0.9508927676800064">
<link xlink:type="simple" xlink:href="../296/4608296.xml">
Round Rock</link></school>
 high schools. Starting in Fall of 2008 because of the opening of the new middle school it will only feed into <school wordnetid="108276720" confidence="0.9508927676800064">
<link xlink:type="simple" xlink:href="../217/7221217.xml">
McNeil</link></school>
.</p>

<sec>
<st>
 Attendance </st>

<p>

<table class="metadata plainlinks ambox ">
<row>
<col>

ambox-content" style=""</col>
</row>
<row>
<col class="mbox-image"><p>

<image width="50px" src="Question_book-new.svg">
</image>
</p>
</col>
<col style="" class="mbox-text">
 <b>This section needs additional  for .</b>
Please help <weblink xlink:type="simple" xlink:href="http://localhost:18088/wiki/index.php?title=Cedar_Valley_Middle_School&amp;action=edit">
improve this article</weblink> by adding . Unsourced material may be and removed. <it>(November 2007)''</it></col>
</row>
</table>


Cedar Valley Middle School currently is the home to approximately 1400 students <ref xlink:type="simple" xlink:href="#xpointer(//reflist/entry[@id=%221%22])">1</ref>, grades 6-8. It was originally built for only a maximum of 800 students, and follows the floorplan of Deerpark Middle School very closely. Unfortunately, the school is trying to compensate for its large population by creating larger classroom sizes, which means extra work for teachers and administrators. There are very few disciplinary problems that occur on campus, and is looked up to in many ways by other schools, parents, teachers, and students. But, the middle school is bursting at the seams.</p>

</sec>
<sec>
<st>
 Academics </st>

<p>

<table class="metadata plainlinks ambox ">
<row>
<col>

ambox-content" style=""</col>
</row>
<row>
<col class="mbox-image"><p>

<image width="50px" src="Question_book-new.svg">
</image>
</p>
</col>
<col style="" class="mbox-text">
 <b>This section needs additional  for .</b>
Please help <weblink xlink:type="simple" xlink:href="http://localhost:18088/wiki/index.php?title=Cedar_Valley_Middle_School&amp;action=edit">
improve this article</weblink> by adding . Unsourced material may be and removed. <it>(November 2007)''</it></col>
</row>
</table>


Despite its vast number of students attending it, Cedar Valley Middle School was only 20 students away from ranking as an "Exemplary Campus" on TAKS Testing scores. Cedar Valley Middle School is one of the highest scoring middle schools in the Austin area.
Currently, Cedar Valley is a "Recognized Campus".</p>

</sec>
<sec>
<st>
Sports</st>
<p>

<b>Football</b>
8th Grade-6 District Championships
7th Grade-6 District Championships
<b>Volleyball</b>
7th Grade- A and B team District Championships 2007-2008</p>

</sec>
<sec>
<st>
External links</st>
<p>

<list>
<entry level="1" type="bullet">

 <weblink xlink:type="simple" xlink:href="http://schools.roundrockisd.org/cedarvalley">
Cedar Valley Web Site</weblink></entry>
<entry level="1" type="bullet">

 <weblink xlink:type="simple" xlink:href="http://www.roundrockisd.org/home/index.asp?page=344">
Cedar Valley Middle School Page on the Round Rock ISD website.</weblink></entry>
<entry level="1" type="bullet">

 <weblink xlink:type="simple" xlink:href="http://www.roundrockisd.org/">
District Homepage</weblink></entry>
</list>
</p>
<p>

<list>
<entry level="1" type="bullet">

Cedar Valley Middle School is at coordinates <weblink xlink:type="simple" xlink:href="http://stable.toolserver.org/geohack/geohack.php?pagename=Cedar_Valley_Middle_School&amp;params=30.4922_N_-97.7339_E_type:landmark_region:US&amp;title=Cedar+Valley+Middle+School">
30°29′32″N 97°44′02″W﻿ / ﻿30.4922, -97.7339&amp;#xfeff; (Cedar Valley Middle School)</weblink><link xlink:type="simple" xlink:href="../361/48361.xml">
Coordinates</link>: <weblink xlink:type="simple" xlink:href="http://stable.toolserver.org/geohack/geohack.php?pagename=Cedar_Valley_Middle_School&amp;params=30.4922_N_-97.7339_E_type:landmark_region:US&amp;title=Cedar+Valley+Middle+School">
30°29′32″N 97°44′02″W﻿ / ﻿30.4922, -97.7339&amp;#xfeff; (Cedar Valley Middle School)</weblink></entry>
</list>
</p>


</sec>
<sec>
<st>
References</st>

<p>

<reflist>
<entry id="1">
"<weblink xlink:type="simple" xlink:href="http://www.roundrockisd.org/docs/10-16-7.pdf">
Enrollment Report, October 16, 2007</weblink>"&#32;(PDF)&#32;(2007-10-16).&#32;Retrieved on <link>
2007-11-02</link>.</entry>
</reflist>
</p>

<p>

<table style=";" class="navbox" cellspacing="0">
<row>
<col style="padding:2px;">
<table style="width:100%;background:transparent;color:inherit;;" class="nowraplinks collapsible autocollapse " cellspacing="0">
<row>
<header colspan="2" style=";" class="navbox-title">
<link xlink:type="simple" xlink:href="../442/1997442.xml">
Round Rock ISD</link></header>
</row>
<row style="height:2px;">

</row>
<row>
<col style=";;" class="navbox-group">
<link xlink:type="simple" xlink:href="../556/42556.xml">
High Schools</link></col>
<col style="text-align:left;border-left:2px solid #fdfdfd;width:100%;padding:0px;;;" class="navbox-list navbox-odd"><p>

<link>
Cedar Ridge</link>&nbsp;•
<school wordnetid="108276720" confidence="0.9508927676800064">
<link xlink:type="simple" xlink:href="../217/7221217.xml">
McNeil</link></school>
&nbsp;•
<school wordnetid="108276720" confidence="0.9508927676800064">
<link xlink:type="simple" xlink:href="../296/4608296.xml">
Round Rock</link></school>
&nbsp;•
<school wordnetid="108276720" confidence="0.9508927676800064">
<link xlink:type="simple" xlink:href="../349/9476349.xml">
Stony Point</link></school>
&nbsp;•
<school wordnetid="108276720" confidence="0.9508927676800064">
<link xlink:type="simple" xlink:href="../999/1931999.xml">
Westwood</link></school>
&nbsp;</p>
</col>
</row>
<row style="height:2px">

</row>
<row>
<col style=";;" class="navbox-group">
<link xlink:type="simple" xlink:href="../954/234954.xml">
Middle Schools</link></col>
<col style="text-align:left;border-left:2px solid #fdfdfd;width:100%;padding:0px;;;" class="navbox-list navbox-even"><p>

<education wordnetid="100883297" confidence="0.9508927676800064">
<link xlink:type="simple" xlink:href="../241/1931241.xml">
Canyon Vista</link></education>
&nbsp;•
<education wordnetid="100883297" confidence="0.9508927676800064">
<link xlink:type="simple" xlink:href="../349/10491349.xml">
Cedar Valley</link></education>
&nbsp;•
<link>
C.D. Fulkes</link>&nbsp;•
<education wordnetid="100883297" confidence="0.9508927676800064">
<link xlink:type="simple" xlink:href="../472/15907472.xml">
Chisholm Trail</link></education>
&nbsp;•
<education wordnetid="100883297" confidence="0.9508927676800064">
<link xlink:type="simple" xlink:href="../733/13117733.xml">
Deerpark</link></education>
&nbsp;•
<education wordnetid="100883297" confidence="0.9508927676800064">
<link xlink:type="simple" xlink:href="../509/10433509.xml">
Grisham</link></education>
&nbsp;•
<education wordnetid="100883297" confidence="0.9508927676800064">
<link xlink:type="simple" xlink:href="../544/16151544.xml">
Hopewell</link></education>
&nbsp;• 
<education wordnetid="100883297" confidence="0.9508927676800064">
<link xlink:type="simple" xlink:href="../227/11167227.xml">
Ridgeview</link></education>
&nbsp;•
<education wordnetid="100883297" confidence="0.9508927676800064">
<link xlink:type="simple" xlink:href="../444/16028444.xml">
Walsh</link></education>
&nbsp;</p>
</col>
</row>
<row style="height:2px">

</row>
<row>
<col style=";;" class="navbox-group">
<link xlink:type="simple" xlink:href="../232/11749232.xml">
Elementary Schools</link></col>
<col style="text-align:left;border-left:2px solid #fdfdfd;width:100%;padding:0px;;;" class="navbox-list navbox-odd"><p>

Anderson Mill&nbsp;•
Berkman&nbsp;•
Blackland Prairie&nbsp;•
Bluebonnet&nbsp;•
Brushy Creek&nbsp;•
Cactus Ranch&nbsp;•
Caldwell Heights&nbsp;•
Callison&nbsp;•
Canyon Creek&nbsp;•
Caraway&nbsp;•
Deepwood&nbsp;•
Double File Trail&nbsp;•
<education wordnetid="100883297" confidence="0.9508927676800064">
<link xlink:type="simple" xlink:href="../533/14290533.xml">
Fern Bluff</link></education>
&nbsp;•
Forest Creek&nbsp;•
Forest North&nbsp;•
Gattis&nbsp;•
Great Oaks&nbsp;•
Jollyville&nbsp;•
<education wordnetid="100883297" confidence="0.9508927676800064">
<link xlink:type="simple" xlink:href="../303/2440303.xml">
Laurel Mountain</link></education>
&nbsp;•
Live Oak&nbsp;•
<link xlink:type="simple" xlink:href="../442/1997442.xml">
Old Town</link>&nbsp;•
Patsy Sommers&nbsp;•
Pond Springs&nbsp;•
Purple Sage&nbsp;•
Robertson&nbsp;•
<education wordnetid="100883297" confidence="0.9508927676800064">
<link xlink:type="simple" xlink:href="../349/7848349.xml">
Spicewood</link></education>
&nbsp;•
Teravista&nbsp;•
Union Hill&nbsp;•
Voigt&nbsp;•
Wells Branch</p>
</col>
</row>
<row style="height:2px">

</row>
<row>
<col style=";;" class="navbox-group">
Alternative Schools</col>
<col style="text-align:left;border-left:2px solid #fdfdfd;width:100%;padding:0px;;;" class="navbox-list navbox-even"><p>

Secondary:&nbsp;
<link>
RROC</link>&nbsp;•
Success East&nbsp;•
Success West&nbsp;
Primary:&nbsp;
Elementary DAEP</p>
</col>
</row>
</table>
</col>
</row>
</table>
</p>


</sec>
</bdy>
</education>
</entity>
</school>
</article>
