<?xml version="1.0" encoding="UTF-8"?>
<!-- generated by CLiX/Wiki2XML [MPI-Inf, MMCI@UdS] $LastChangedRevision: 92 $ on 16.04.2009 18:03:46[mciao0826] -->
<!DOCTYPE article SYSTEM "../article.dtd">
<article xmlns:xlink="http://www.w3.org/1999/xlink">
<header>
<title>Monounsaturated fat</title>
<id>1051404</id>
<revision>
<id>240738047</id>
<timestamp>2008-09-24T20:07:01Z</timestamp>
<contributor>
<username>Edgar181</username>
<id>491706</id>
</contributor>
</revision>
<categories>
<category>Articles to be expanded since January 2007</category>
<category>Food science</category>
<category>Articles with invalid date parameter in template</category>
<category>Lipids</category>
<category>Fatty acids</category>
<category>All articles to be expanded</category>
<category>Nutrition</category>
</categories>
</header>
<bdy>

<table class="metadata plainlinks ambox ">
<row>
<col>

ambox-notice" style=""</col>
</row>
<row>
<col class="mbox-image"><p>

<image width="44px" src="Wiki_letter_w.svg">
</image>
</p>
</col>
<col style="" class="mbox-text">
 <b>Please help <weblink xlink:type="simple" xlink:href="http://localhost:18088/wiki/index.php?title=Monounsaturated_fat&amp;action=edit">
improve this article or section</weblink> by expanding it.</b> Further information might be found on the  or at . 
<it>(January 2007)''</it></col>
</row>
</table>

<p>

<table class="infobox">
<header style="text-align: center; background: #eee;">
 Types of <link xlink:type="simple" xlink:href="../042/11042.xml">
fat</link>s in <link xlink:type="simple" xlink:href="../646/10646.xml">
food</link></header>
<row>
<col>
<list>
<entry level="1" type="bullet">

 <link xlink:type="simple" xlink:href="../748/264748.xml">
Unsaturated fat</link></entry>
<entry level="2" type="bullet">

 <link xlink:type="simple" xlink:href="../404/1051404.xml">
Monounsaturated fat</link></entry>
<entry level="2" type="bullet">

 <link xlink:type="simple" xlink:href="../513/1610513.xml">
Polyunsaturated fat</link></entry>
<entry level="2" type="bullet">

 <link xlink:type="simple" xlink:href="../487/263487.xml">
Trans fat</link></entry>
<entry level="2" type="bullet">

 Omega fatty acids:</entry>
<entry level="3" type="bullet">

 <link xlink:type="simple" xlink:href="../594/22594.xml">
ω−3</link></entry>
<entry level="3" type="bullet">

 <link xlink:type="simple" xlink:href="../218/681218.xml">
ω−6</link></entry>
<entry level="3" type="bullet">

 <link xlink:type="simple" xlink:href="../439/3110439.xml">
ω−9</link></entry>
<entry level="1" type="bullet">

 <link xlink:type="simple" xlink:href="../746/264746.xml">
Saturated fat</link></entry>
<entry level="2" type="bullet">

 <link xlink:type="simple" xlink:href="../034/9057034.xml">
Interesterified fat</link></entry>
</list>
</col>
</row>
<row>
<header style="text-align: center; background: #eee;">
See also</header>
</row>
<row>
<col>
<list>
<entry level="1" type="bullet">

 <link xlink:type="simple" xlink:href="../975/10975.xml">
Fatty acid</link></entry>
<entry level="1" type="bullet">

 <link xlink:type="simple" xlink:href="../948/105948.xml">
Essential fatty acid</link> style="background:#f9f9f9; font-size:85%; line-height:110%; "</entry>
</list>

| <image width="50x28px" src="Bananen.jpg">
</image>

| style="padding:0 0.2em;" | <b><it>
Food&#32;portal</it></b>
|}</col>
</row>
</table>

<indent level="1">

<it>For discussion how dietary fats affect cardiovascular health, see <link xlink:type="simple" xlink:href="../846/4354846.xml">
Diet and heart disease</link>.</it>
</indent>
In <link xlink:type="simple" xlink:href="../954/3954.xml">
biochemistry</link> and nutrition, <b><it>monounsaturated fats</it></b> are <link xlink:type="simple" xlink:href="../975/10975.xml">
fatty acids</link> that have a single <link xlink:type="simple" xlink:href="../246/6246.xml">
double bond</link> in the fatty acid chain and all the <link xlink:type="simple" xlink:href="../299/5299.xml">
carbon</link> <link xlink:type="simple" xlink:href="../902/902.xml">
atom</link>s in the chain are <link xlink:type="simple" xlink:href="../246/6246.xml">
single-bonded</link>. By contrast, <link xlink:type="simple" xlink:href="../513/1610513.xml">
polyunsaturated</link> fatty acids have more than one double bond.  </p>
<p>

<link xlink:type="simple" xlink:href="../975/10975.xml">
Fatty acid</link>s are long-chained <link xlink:type="simple" xlink:href="../555/19555.xml">
molecule</link>s having a <link xlink:type="simple" xlink:href="../839/19839.xml">
methyl</link> group at one end and a <link xlink:type="simple" xlink:href="../099/6099.xml">
carboxylic acid</link> group at the other end. Fatty acid <link xlink:type="simple" xlink:href="../409/462409.xml">
fluidity</link> increases with increasing number of double bonds. Therefore, monounsaturated fatty acids have a higher <link xlink:type="simple" xlink:href="../503/781503.xml">
melting temperature</link> than polyunsaturated fatty acids but lower than <link xlink:type="simple" xlink:href="../746/264746.xml">
saturated</link> fatty acids. Monounsaturated fatty acids are liquids at room temperature and semisolid or solid when refrigerated.  </p>

<sec>
<st>
 Molecular description: oleic acid </st>
<p>

Common monounsaturated fatty acids are <link xlink:type="simple" xlink:href="../025/3025025.xml">
palmitoleic acid</link> (16:1&nbsp;n&amp;minus;7), cis-vaccenic acid (18:1&nbsp;n&amp;minus;7) and <link xlink:type="simple" xlink:href="../100/661100.xml">
oleic acid</link> (18:1&nbsp;n&amp;minus;9). Palmitoleic acid has 16 carbon atoms with the first double bond occurring 7 carbon atoms away from the methyl group (and 9 carbons from the carboxyl end). It can be lengthened to the 18-carbon cis-vaccenic acid. Oleic acid has 18 carbon atoms with the first double bond occurring 9 carbon atoms away from the methyl group. The illustrations below show a molecule of oleic acid in Lewis formula and as a <link xlink:type="simple" xlink:href="../923/7181923.xml">
space-filling model</link>. </p>
<p>

<image width="300px" src="Oleic-acid-skeletal.svg">
<caption>

Oleic acid's skeletal formula
</caption>
</image>

<image width="250px" src="Oleic-acid-3D-vdW.png">
<caption>

Oleic acid's space-filling structure
</caption>
</image>
</p>

</sec>
<sec>
<st>
 Relation to health </st>
<p>

Although polyunsaturated fats protect against cardiovascular disease by providing more <link xlink:type="simple" xlink:href="../817/4817.xml">
membrane</link> fluidity than monounsaturated fats, they are more vulnerable to <link xlink:type="simple" xlink:href="../956/1206956.xml">
lipid peroxidation</link> (<link xlink:type="simple" xlink:href="../711/198711.xml">
rancidity</link>). On the other hand, some monounsaturated fatty acids (like saturated fats) promote <link xlink:type="simple" xlink:href="../448/54448.xml">
insulin resistance</link>, whereas polyunsaturated fatty acids are protective against insulin resistance <ref xlink:type="simple" xlink:href="#xpointer(//reflist/entry[@id=%221%22])">1</ref><ref xlink:type="simple" xlink:href="#xpointer(//reflist/entry[@id=%222%22])">2</ref>. In direct contrast to this, the large scale KANWU study found that neither dietary monounsaturated or supplemented polyunsaturated fats (in the form of fish oil) affected insulin sensitivity, while increased consumption of saturated fat induced a significant decrease in this parameter. <ref xlink:type="simple" xlink:href="#xpointer(//reflist/entry[@id=%223%22])">3</ref></p>
<p>

Foods containing monounsaturated fats lower <link xlink:type="simple" xlink:href="../521/51521.xml">
LDL</link> cholesterol, while possibly raising <link xlink:type="simple" xlink:href="../885/13885.xml">
HDL</link> cholesterol.<ref xlink:type="simple" xlink:href="#xpointer(//reflist/entry[@id=%224%22])">4</ref> However, their true ability to raise HDL is still in debate.</p>
<p>

In a study published in 2001, <link xlink:type="simple" xlink:href="../158/67158.xml">
erythrocyte membrane</link> oleic and monounsaturated fatty acid content was positively associated with <link xlink:type="simple" xlink:href="../547/70547.xml">
breast cancer</link> risk in postmenopausal women, while no association was shown between saturated fatty acids and breast cancer risk. Enzyme Δ9-desaturase catalyzes the conversion of stearic acid to oleic acid: there is a negative correlation between <link xlink:type="simple" xlink:href="../158/67158.xml">
erythrocyte membrane</link> oleic acid  and dietary <link xlink:type="simple" xlink:href="../981/3321981.xml">
polyunsaturated fatty acid</link>s. Inverse relationship between Saturation Index (ratio of membrane stearic to oleic acid) and breast cancer risk could also be related to hormonal and metabolic factors and to interactions between them, as well as to dietary factors.<ref xlink:type="simple" xlink:href="#xpointer(//reflist/entry[@id=%225%22])">5</ref></p>
<p>

In children, consumption of monounsaturated oils is associated with healthier serum lipid profiles.<ref xlink:type="simple" xlink:href="#xpointer(//reflist/entry[@id=%226%22])">6</ref></p>

</sec>
<sec>
<st>
 Natural sources </st>

<p>

Monounsaturated fats are found in natural foods such as <fruit wordnetid="113134947" confidence="0.8">
<natural_object wordnetid="100019128" confidence="0.8">
<reproductive_structure wordnetid="111675842" confidence="0.8">
<seed wordnetid="113135832" confidence="0.8">
<plant_organ wordnetid="113087625" confidence="0.8">
<plant_part wordnetid="113086908" confidence="0.8">
<substance wordnetid="100020090" confidence="0.8">
<bite wordnetid="107577374" confidence="0.8">
<edible_nut wordnetid="107737081" confidence="0.8">
<food wordnetid="100021265" confidence="0.8">
<nut wordnetid="113136556" confidence="0.8">
<nutriment wordnetid="107570720" confidence="0.8">
<meal wordnetid="107573696" confidence="0.8">
<link xlink:type="simple" xlink:href="../647/251647.xml">
nuts</link></meal>
</nutriment>
</nut>
</food>
</edible_nut>
</bite>
</substance>
</plant_part>
</plant_organ>
</seed>
</reproductive_structure>
</natural_object>
</fruit>
 and <link xlink:type="simple" xlink:href="../017/166017.xml">
avocado</link>s, and are the main component of <link xlink:type="simple" xlink:href="../613/3025613.xml">
tea seed oil</link> and <link xlink:type="simple" xlink:href="../478/22478.xml">
olive oil</link> (<link xlink:type="simple" xlink:href="../100/661100.xml">
oleic acid</link>). <link xlink:type="simple" xlink:href="../190/86190.xml">
Canola oil</link> is 57%–60% monounsaturated fat, olive oil is about 75% monounsaturated fat while <link xlink:type="simple" xlink:href="../613/3025613.xml">
tea seed oil</link> is commonly over 80% monounsaturated fat.  Other sources include  <link xlink:type="simple" xlink:href="../249/413249.xml">
grapeseed oil</link>, <link xlink:type="simple" xlink:href="../104/180104.xml">
ground nut</link> oil, <link xlink:type="simple" xlink:href="../910/1195910.xml">
peanut oil</link>, <link xlink:type="simple" xlink:href="../711/295711.xml">
flaxseed oil</link>, <link xlink:type="simple" xlink:href="../664/905664.xml">
sesame oil</link>, <link xlink:type="simple" xlink:href="../452/2249452.xml">
corn oil</link>, <link xlink:type="simple" xlink:href="../176/232176.xml">
popcorn</link>, <link xlink:type="simple" xlink:href="../597/2052597.xml">
whole grain</link> <link xlink:type="simple" xlink:href="../858/36858.xml">
wheat</link>, <link xlink:type="simple" xlink:href="../700/6700.xml">
cereal</link>, <link xlink:type="simple" xlink:href="../310/193310.xml">
oatmeal</link>, <link xlink:type="simple" xlink:href="../441/1208441.xml">
safflower oil</link>, <link xlink:type="simple" xlink:href="../902/2921902.xml">
sunflower oil</link>, <link xlink:type="simple" xlink:href="../070/5676070.xml">
tea-oil Camellia</link>, <link xlink:type="simple" xlink:href="../788/5864788.xml">
avocado oil</link>.</p>

</sec>
<sec>
<st>
 References </st>

<p>

<reflist>
<entry id="1">
 <cite style="font-style:normal">Lovejoy, JC&#32;(2002).&#32;"The influence of dietary fat on insulin resistance". <it>Current Diabetes Reports</it>&#32;<b>2</b>&#32;(5): 435–40. <document wordnetid="106470073" confidence="0.8">
<written_communication wordnetid="106349220" confidence="0.8">
<writing wordnetid="106362953" confidence="0.8">
<link xlink:type="simple" xlink:href="../994/422994.xml">
doi</link></writing>
</written_communication>
</document>
:<weblink xlink:type="simple" xlink:href="http://dx.doi.org/10.1007%2Fs11892-002-0098-y">
10.1007/s11892-002-0098-y</weblink>. PMID 12643169.</cite>&nbsp;</entry>
<entry id="2">
 <cite style="font-style:normal">Satoshi Fukuchi&#32;(2004).&#32;"<weblink xlink:type="simple" xlink:href="http://www.ebmonline.org/cgi/content/full/229/6/486">
Role of Fatty Acid Composition in the Development of Metabolic Disorders in Sucrose-Induced Obese Rats</weblink>". <it>Experimental Biology and Medicine</it>&#32;<b>229</b>&#32;(6): 486–93. PMID 15169967.</cite>&nbsp;</entry>
<entry id="3">
 <cite style="font-style:normal">Vessby B, Unsitupa M, Hermansen K, Riccardi G, Rivellese AA, Tapsell LC, Nälsén C, Berglund L, Louheranta A, Rasmussen BM, Calvert GD, Maffetone A, Pedersen E, Gustafsson IB, Storlien LH&#32;(2001).&#32;"<weblink xlink:type="simple" xlink:href="http://link.springer-ny.com/link/service/journals/00125/bibs/1044003/10440312.htm">
Substituting dietary saturated for monounsaturated fat impairs insulin sensitivity in healthy men and women: The KANWU Study</weblink>". <it>Diabetologia</it>&#32;<b>44</b>&#32;(3): 312–9. <document wordnetid="106470073" confidence="0.8">
<written_communication wordnetid="106349220" confidence="0.8">
<writing wordnetid="106362953" confidence="0.8">
<link xlink:type="simple" xlink:href="../994/422994.xml">
doi</link></writing>
</written_communication>
</document>
:<weblink xlink:type="simple" xlink:href="http://dx.doi.org/10.1007%2Fs001250051620">
10.1007/s001250051620</weblink>. PMID 11317662.</cite>&nbsp;</entry>
<entry id="4">
<it>You Can Control Your Cholesterol: A Guide to Low-Cholesterol Living</it> by <company wordnetid="108058098" confidence="0.9508927676800064">
<link xlink:type="simple" xlink:href="../760/1180760.xml">
Merck &amp; Co.</link></company>
 Inc.</entry>
<entry id="5">
 <cite style="font-style:normal">Pala V, Krogh V, Muti P, et al&#32;(Jul 2001).&#32;"<weblink xlink:type="simple" xlink:href="http://jnci.oxfordjournals.org/cgi/content/full/93/14/1088">
Erythrocyte membrane fatty acids and subsequent breast cancer: a prospective Italian study</weblink>". <it>J. Natl. Cancer Inst.</it>&#32;<b>93</b>&#32;(14): 1088–95. PMID 11459870.</cite>&nbsp;</entry>
<entry id="6">
 <cite style="font-style:normal">Sanchez-Bayle M, Gonzalez-Requejo A, Pelaez MJ, Morales MT, Asensio-Anton J, Anton-Pacheco E&#32;(2008).&#32;"A cross-sectional study of dietary habits and lipid profiles. The Rivas-Vaciamadrid study". <it>Eur. J. Pediatr.</it>&#32;<b>167</b>&#32;(2): 149–54. <document wordnetid="106470073" confidence="0.8">
<written_communication wordnetid="106349220" confidence="0.8">
<writing wordnetid="106362953" confidence="0.8">
<link xlink:type="simple" xlink:href="../994/422994.xml">
doi</link></writing>
</written_communication>
</document>
:<weblink xlink:type="simple" xlink:href="http://dx.doi.org/10.1007%2Fs00431-007-0439-6">
10.1007/s00431-007-0439-6</weblink>. PMID 17333272.</cite>&nbsp;</entry>
</reflist>
</p>

</sec>
<sec>
<st>
See also</st>
<p>

<list>
<entry level="1" type="bullet">

 <link xlink:type="simple" xlink:href="../885/13885.xml">
High density lipoprotein</link></entry>
<entry level="1" type="bullet">

 <link xlink:type="simple" xlink:href="../746/264746.xml">
Saturated fat</link></entry>
<entry level="1" type="bullet">

 <link xlink:type="simple" xlink:href="../748/264748.xml">
Unsaturated fat</link></entry>
<entry level="2" type="bullet">

 <link xlink:type="simple" xlink:href="../513/1610513.xml">
Polyunsaturated fat</link></entry>
</list>
</p>

</sec>
<sec>
<st>
External links</st>
<p>

<list>
<entry level="1" type="bullet">

 <weblink xlink:type="simple" xlink:href="http://www.mayoclinic.com/health/diabetes-diet/DA00075">
Fats (Mayo Clinic)</weblink></entry>
<entry level="1" type="bullet">

 <weblink xlink:type="simple" xlink:href="http://www.heartmaine.com/resources/types-of-fats.php">
Types of Fats (Cardiovascular Consultants)</weblink>   Some "dated" information. </entry>
<entry level="1" type="bullet">

 <weblink xlink:type="simple" xlink:href="http://www.benbest.com/health/essfat.html#chem">
The Chemistry of Unsaturated Fats</weblink></entry>
</list>
</p>


</sec>
</bdy>
</article>
