<?xml version="1.0" encoding="UTF-8"?>
<!-- generated by CLiX/Wiki2XML [MPI-Inf, MMCI@UdS] $LastChangedRevision: 92 $ on 17.04.2009 00:19:34[mciao0825] -->
<!DOCTYPE article SYSTEM "../article.dtd">
<article xmlns:xlink="http://www.w3.org/1999/xlink">
<header>
<title>Instituto Liberdade</title>
<id>10525011</id>
<revision>
<id>194140837</id>
<timestamp>2008-02-26T10:14:42Z</timestamp>
<contributor>
<username>Baronnet</username>
<id>574159</id>
</contributor>
</revision>
<categories>
<category>Think tanks</category>
</categories>
</header>
<bdy>
<p>

<b>Instituto Liberdade do Rio Grande do Sul</b> is a Brazilian Think Tank, funded by private donors, aligned with the Austrian School of Economics theory, conducting research on public policies issues in order to influence government policy makers, debating within and among other free market think tanks, and creating awareness in the general public and academics on the benefit of adopting free market values, respect to private property rights, contracts, rule of law, and support for limited government. </p>

<sec>
<st>
Major public policy issues</st>
<p>

<list>
<entry level="1" type="bullet">

Culture/Humanities</entry>
<entry level="1" type="bullet">

Agriculture</entry>
<entry level="1" type="bullet">

Democratic Institutions/Elections</entry>
<entry level="1" type="bullet">

Privatization/Deregulation</entry>
<entry level="1" type="bullet">

Religion/Philosophy</entry>
<entry level="1" type="bullet">

Government</entry>
<entry level="1" type="bullet">

Labor</entry>
<entry level="1" type="bullet">

Terrorism/Drugs</entry>
<entry level="1" type="bullet">

Fiscal Policy/Taxation</entry>
<entry level="1" type="bullet">

Environment</entry>
<entry level="1" type="bullet">

National Security/Alliance Relations</entry>
<entry level="1" type="bullet">

Economics of Development</entry>
<entry level="1" type="bullet">

Healthcare</entry>
<entry level="1" type="bullet">

International Trade and Financial Institutions</entry>
<entry level="1" type="bullet">

Justice/Crime</entry>
<entry level="1" type="bullet">

Education</entry>
<entry level="1" type="bullet">

Environment/Climate Change/Energy</entry>
<entry level="1" type="bullet">

International Relations/Organizations</entry>
<entry level="1" type="bullet">

Military/Defense Policy</entry>
</list>
</p>
<p>

It published books translated to Portuguese, such as Beyond Politics, The Ethics of Redistribution, Free Market Environmentalism, <work wordnetid="104599396" confidence="0.8">
<product wordnetid="104007894" confidence="0.8">
<creation wordnetid="103129123" confidence="0.8">
<artifact wordnetid="100021939" confidence="0.8">
<book wordnetid="106410904" confidence="0.8">
<publication wordnetid="106589574" confidence="0.8">
<link xlink:type="simple" xlink:href="../855/14874855.xml">
The Adventures of Jonathan Gullible</link></publication>
</book>
</artifact>
</creation>
</product>
</work>
, <link xlink:type="simple" xlink:href="../601/12190601.xml">
What has government done to our money?</link>, Trashing the Planet, Progressive Environmentalism. </p>
<p>

It has published articles and collaborated with other think tanks in reports, such as
Civil Society Report on Intellectual Property, Innovation and Health from <link xlink:type="simple" xlink:href="../199/1791199.xml">
International Policy Network</link>; Free Trade in the Americas from <link xlink:type="simple" xlink:href="../199/1791199.xml">
International Policy Network</link>; International Property Rights Index 2007 from Property Rights Alliance; <link xlink:type="simple" xlink:href="../131/1791131.xml">
Atlas Economic Research Foundation</link>; <link xlink:type="simple" xlink:href="../623/1458623.xml">
Friedrich Naumann Foundation</link>; <link xlink:type="simple" xlink:href="../309/1070309.xml">
Competitive Enterprise Institute</link>; <link xlink:type="simple" xlink:href="../857/5031857.xml">
FAES</link>; <link xlink:type="simple" xlink:href="../529/13035529.xml">
Montreal Economic Institute</link>; <link xlink:type="simple" xlink:href="../798/6985798.xml">
Instituto de Estudos Empresariais</link>.</p>

<p>

In March 2006, Instituto Liberdade joined with other 16 global think tanks to publish a report on Intellectual Property, Innovation and Health, organized by <link xlink:type="simple" xlink:href="../199/1791199.xml">
International Policy Network</link>. URL: 
http://www.policynetwork.net/main/content.php?content_id=47</p>
<p>

In April 2006, Instituto Liberdade has been recognized as winner of the 2006 Templeton Freedom Award Grant from <link xlink:type="simple" xlink:href="../131/1791131.xml">
Atlas Economic Research Foundation</link>. As a winner, the institute represents a strong role model for other think tanks in the international network with which Atlas works. The Templeton Freedom Awards Presentation took place at Colorado Springs, USA on April 22nd, 2006. URL: http://www.atlasusa.org/V2/main/page.php?page_id=472</p>
<p>

In February 2007, Instituto Liberdade joined with other 25 global think tanks to form a global coalition called `The Civil Society Coalition on Climate Change` that seeks to educate the public about climate change issues in an impartial manner. It was established as a response to the many biased and alarmist claims about human-induced climate change, which are being used to justify calls for urgent action by governments. This coalition is organized by <link xlink:type="simple" xlink:href="../199/1791199.xml">
International Policy Network</link>. URL: http://www.policynetwork.net/main/press_release.php?pr_id=107</p>
<p>

In March 2007, Instituto Liberdade joined Property Rights Alliance and other 27 global think tanks to launch the International Property Rights Index 2007 (IPRI), organized by <link xlink:type="simple" xlink:href="../199/1791199.xml">
International Policy Network</link>. It provides a tool for comparative analysis and future research on global property rights. The current study analyzes data for seventy countries around the globe, representing ninety-five percent of world GDP.
URL: http://internationalpropertyrightsindex.org/index.php?content=about</p>

<p>

In April 2007, Instituto Liberdade joined the Save The Tiger Initiative Project from the Sustainable Development Network,along with other 35 more global think tanks, supporting a free-market solution for the conservation of wildlife. URL link: http://www.indefenceofliberty.org/story.asp?storyId=417</p>
<p>

In July 2007, Instituto Liberdade and other 25 members of the Sustainable Development Network supported the publication of the report called “Too Many People?” from Prof. Nicholas Eberstadt, who challenged many widely held myths about population growth and human development. URL link: http://www.sdnetwork.net/main/page.php?type=press&amp;press_id=41</p>

</sec>
<sec>
<st>
External links</st>
<p>

<list>
<entry level="1" type="bullet">

<weblink xlink:type="simple" xlink:href="http://www.il-rs.org.br/ilingles/index.htm">
Instituto Liberdade</weblink></entry>
<entry level="1" type="bullet">

<weblink xlink:type="simple" xlink:href="http://www.InternationalPropertyRightsIndex.org">
International Property Rights Index</weblink></entry>
<entry level="1" type="bullet">

<weblink xlink:type="simple" xlink:href="http://www.atlasusa.org/V2/main/acc.php?page_id=0">
Atlas Economic Research Foundation Think Tank Directory</weblink></entry>
<entry level="1" type="bullet">

<weblink xlink:type="simple" xlink:href="http://www.policynetwork.net/main/content.php?content_id=47">
Civil Society Report on Intellectual Property, Innovation and Health</weblink></entry>
<entry level="1" type="bullet">

<weblink xlink:type="simple" xlink:href="http://www.policynetwork.net/main/content.php?content_id=36">
Free Trade in the Americas</weblink></entry>
<entry level="1" type="bullet">

<weblink xlink:type="simple" xlink:href="http://www.sdnetwork.net/main/page.php?page_id=2">
 Sustainable Development Network</weblink></entry>
<entry level="1" type="bullet">

<weblink xlink:type="simple" xlink:href="http://www.propertyrightsalliance.org/">
  Property Rights Alliance</weblink></entry>
</list>
</p>




</sec>
</bdy>
</article>
