<?xml version="1.0" encoding="UTF-8"?>
<!-- generated by CLiX/Wiki2XML [MPI-Inf, MMCI@UdS] $LastChangedRevision: 92 $ on 17.04.2009 00:13:12[mciao0828] -->
<!DOCTYPE article SYSTEM "../article.dtd">
<article xmlns:xlink="http://www.w3.org/1999/xlink">
<event  confidence="0.9511911446218017" wordnetid="100029378">
<header>
<title>List of annual events in London</title>
<id>10548651</id>
<revision>
<id>237160897</id>
<timestamp>2008-09-08T22:52:08Z</timestamp>
<contributor>
<username>Jed keenan</username>
<id>1362484</id>
</contributor>
</revision>
<categories>
<category>London-related lists</category>
<category>Annual events in London</category>
</categories>
</header>
<bdy>

List of major annual events in <village wordnetid="108672738" confidence="0.9508927676800064">
<link xlink:type="simple" xlink:href="../867/17867.xml">
London</link></village>
, England by month.<p>

<table class="wikitable">
<header>
Month</header>
<row>
<col>
Event</col>
<col>
Location</col>
</row>
<row>
<col rowspan="2">
January</col>
<col>
 <event wordnetid="100029378" confidence="0.9508927676800064">
<link xlink:type="simple" xlink:href="../578/3585578.xml">
New Year's Day Parade</link></event>
</col>
<col>
Westminster<ref xlink:type="simple" xlink:href="#xpointer(//reflist/entry[@id=%221%22])">1</ref></col>
</row>
<row>
<col>
 <diversion wordnetid="100426928" confidence="0.8">
<event wordnetid="100029378" confidence="0.8">
<show wordnetid="100520257" confidence="0.8">
<act wordnetid="100030358" confidence="0.8">
<psychological_feature wordnetid="100023100" confidence="0.8">
<entertainment wordnetid="100429048" confidence="0.8">
<activity wordnetid="100407535" confidence="0.8">
<link xlink:type="simple" xlink:href="../435/3017435.xml">
London Boat Show</link></activity>
</entertainment>
</psychological_feature>
</act>
</show>
</event>
</diversion>
</col>
<col>
 <region wordnetid="108630985" confidence="0.8">
<structure wordnetid="104341686" confidence="0.8">
<building wordnetid="102913152" confidence="0.8">
<artifact wordnetid="100021939" confidence="0.8">
<area wordnetid="108497294" confidence="0.8">
<location wordnetid="100027167" confidence="0.8">
<scene wordnetid="108645963" confidence="0.8">
<venue wordnetid="108677628" confidence="0.8">
<link xlink:type="simple" xlink:href="../564/1370564.xml">
ExCeL Exhibition Centre</link></venue>
</scene>
</location>
</area>
</artifact>
</building>
</structure>
</region>
, Newham<ref xlink:type="simple" xlink:href="#xpointer(//reflist/entry[@id=%222%22])">2</ref></col>
</row>
<row>
<col>
March</col>
<col>
 <event wordnetid="100029378" confidence="0.8">
<psychological_feature wordnetid="100023100" confidence="0.8">
<link xlink:type="simple" xlink:href="../444/286444.xml">
Ideal Home Show</link></psychological_feature>
</event>
</col>
<col>
 <region wordnetid="108630985" confidence="0.8">
<area wordnetid="108497294" confidence="0.8">
<location wordnetid="100027167" confidence="0.8">
<scene wordnetid="108645963" confidence="0.8">
<venue wordnetid="108677628" confidence="0.8">
<link xlink:type="simple" xlink:href="../314/1753314.xml">
Earls Court Exhibition Centre</link></venue>
</scene>
</location>
</area>
</region>
<ref xlink:type="simple" xlink:href="#xpointer(//reflist/entry[@id=%223%22])">3</ref></col>
</row>
<row>
<col rowspan="2">
April</col>
<col>
 <diversion wordnetid="100426928" confidence="0.8">
<event wordnetid="100029378" confidence="0.8">
<sport wordnetid="100523513" confidence="0.8">
<act wordnetid="100030358" confidence="0.8">
<psychological_feature wordnetid="100023100" confidence="0.8">
<activity wordnetid="100407535" confidence="0.8">
<link xlink:type="simple" xlink:href="../804/48804.xml">
London Marathon</link></activity>
</psychological_feature>
</act>
</sport>
</event>
</diversion>
</col>
<col>
Greenwich, Southwark, Tower Hamlets, City of London, Westminster<ref xlink:type="simple" xlink:href="#xpointer(//reflist/entry[@id=%224%22])">4</ref></col>
</row>
<row>
<col>
 <group_action wordnetid="101080366" confidence="0.8">
<event wordnetid="100029378" confidence="0.8">
<social_event wordnetid="107288639" confidence="0.8">
<contest wordnetid="107456188" confidence="0.8">
<act wordnetid="100030358" confidence="0.8">
<race wordnetid="107472657" confidence="0.8">
<psychological_feature wordnetid="100023100" confidence="0.8">
<competition wordnetid="101168569" confidence="0.8">
<link xlink:type="simple" xlink:href="../877/247877.xml">
The Boat Race</link></competition>
</psychological_feature>
</race>
</act>
</contest>
</social_event>
</event>
</group_action>
</col>
<col>
 Putney to Mortlake on the <stream wordnetid="109448361" confidence="0.8">
<body_of_water wordnetid="109225146" confidence="0.8">
<river wordnetid="109411430" confidence="0.8">
<link xlink:type="simple" xlink:href="../031/49031.xml">
River Thames</link></river>
</body_of_water>
</stream>
<ref xlink:type="simple" xlink:href="#xpointer(//reflist/entry[@id=%225%22])">5</ref></col>
</row>
<row>
<col>
May</col>
<col>
 <presentation wordnetid="100521562" confidence="0.8">
<diversion wordnetid="100426928" confidence="0.8">
<event wordnetid="100029378" confidence="0.8">
<show wordnetid="100520257" confidence="0.8">
<exhibition wordnetid="100522145" confidence="0.8">
<act wordnetid="100030358" confidence="0.8">
<psychological_feature wordnetid="100023100" confidence="0.8">
<entertainment wordnetid="100429048" confidence="0.8">
<activity wordnetid="100407535" confidence="0.8">
<link xlink:type="simple" xlink:href="../704/230704.xml">
Chelsea Flower Show</link></activity>
</entertainment>
</psychological_feature>
</act>
</exhibition>
</show>
</event>
</diversion>
</presentation>
</col>
<col>
 <structure wordnetid="104341686" confidence="0.8">
<building wordnetid="102913152" confidence="0.8">
<artifact wordnetid="100021939" confidence="0.8">
<facility wordnetid="103315023" confidence="0.8">
<depository wordnetid="103177349" confidence="0.8">
<medical_building wordnetid="103739518" confidence="0.8">
<museum wordnetid="103800563" confidence="0.8">
<hospital wordnetid="103540595" confidence="0.8">
<link xlink:type="simple" xlink:href="../658/715658.xml">
Royal Hospital Chelsea</link></hospital>
</museum>
</medical_building>
</depository>
</facility>
</artifact>
</building>
</structure>
<ref xlink:type="simple" xlink:href="#xpointer(//reflist/entry[@id=%226%22])">6</ref></col>
</row>
<row>
<col rowspan="3">
June</col>
<col>
  <event wordnetid="100029378" confidence="0.8">
<tradition wordnetid="105809745" confidence="0.8">
<psychological_feature wordnetid="100023100" confidence="0.8">
<link xlink:type="simple" xlink:href="../839/385839.xml">
Trooping the Colour</link></psychological_feature>
</tradition>
</event>
</col>
<col>
 <isogon wordnetid="113866515" confidence="0.8">
<social_event wordnetid="107288639" confidence="0.8">
<show wordnetid="106619065" confidence="0.8">
<shape wordnetid="100027807" confidence="0.8">
<plane_figure wordnetid="113863186" confidence="0.8">
<attraction wordnetid="106615561" confidence="0.8">
<polygon wordnetid="113866144" confidence="0.8">
<rectangle wordnetid="113883346" confidence="0.8">
<regular_polygon wordnetid="113867133" confidence="0.8">
<figure wordnetid="113862780" confidence="0.8">
<event wordnetid="100029378" confidence="0.8">
<parallelogram wordnetid="113881175" confidence="0.8">
<square wordnetid="113878634" confidence="0.8">
<psychological_feature wordnetid="100023100" confidence="0.8">
<quadrilateral wordnetid="113879126" confidence="0.8">
<link xlink:type="simple" xlink:href="../819/520819.xml">
Horse Guards Parade</link></quadrilateral>
</psychological_feature>
</square>
</parallelogram>
</event>
</figure>
</regular_polygon>
</rectangle>
</polygon>
</attraction>
</plane_figure>
</shape>
</show>
</social_event>
</isogon>
, Westminster<ref xlink:type="simple" xlink:href="#xpointer(//reflist/entry[@id=%227%22])">7</ref></col>
</row>
<row>
<col>
 <fundamental_quantity wordnetid="113575869" confidence="0.8">
<time_period wordnetid="115113229" confidence="0.8">
<festival wordnetid="115162388" confidence="0.8">
<link xlink:type="simple" xlink:href="../278/9251278.xml">
City of London Festival</link></festival>
</time_period>
</fundamental_quantity>
</col>
<col>
City of London<ref xlink:type="simple" xlink:href="#xpointer(//reflist/entry[@id=%228%22])">8</ref></col>
</row>
<row>
<col>
 <fundamental_quantity wordnetid="113575869" confidence="0.8">
<time_period wordnetid="115113229" confidence="0.8">
<event wordnetid="100029378" confidence="0.8">
<festival wordnetid="115162388" confidence="0.8">
<psychological_feature wordnetid="100023100" confidence="0.8">
<link xlink:type="simple" xlink:href="../409/16090409.xml">
Carnival de Cuba</link></psychological_feature>
</festival>
</event>
</time_period>
</fundamental_quantity>
</col>
<col>
 <region wordnetid="108630985" confidence="0.8">
<park wordnetid="108615149" confidence="0.8">
<location wordnetid="100027167" confidence="0.8">
<tract wordnetid="108673395" confidence="0.8">
<geographical_area wordnetid="108574314" confidence="0.8">
<link xlink:type="simple" xlink:href="../205/10874205.xml">
Southwark Park</link></geographical_area>
</tract>
</location>
</park>
</region>
<ref xlink:type="simple" xlink:href="#xpointer(//reflist/entry[@id=%229%22])">9</ref></col>
</row>
<row>
<col>
 <link>
Outburst UK Black LGBT Pride Festival</link></col>
<col>
Greater London(Varies)<ref xlink:type="simple" xlink:href="#xpointer(//reflist/entry[@id=%2210%22])">10</ref></col>
</row>
<row>
<col>
 <forum wordnetid="108309754" confidence="0.8">
<social_group wordnetid="107950920" confidence="0.8">
<event wordnetid="100029378" confidence="0.8">
<meeting wordnetid="108307589" confidence="0.8">
<gathering wordnetid="107975026" confidence="0.8">
<group wordnetid="100031264" confidence="0.8">
<psychological_feature wordnetid="100023100" confidence="0.8">
<link xlink:type="simple" xlink:href="../645/5838645.xml">
Pride London</link></psychological_feature>
</group>
</gathering>
</meeting>
</event>
</social_group>
</forum>
</col>
<col>
Westminster<ref xlink:type="simple" xlink:href="#xpointer(//reflist/entry[@id=%2211%22])">11</ref></col>
</row>
<row>
<col>
July</col>
<col>
| <link xlink:type="simple" xlink:href="../132/1483132.xml">
Hampton Court Flower Show</link></col>
<col>
 <region wordnetid="108630985" confidence="0.8">
<park wordnetid="108615149" confidence="0.8">
<location wordnetid="100027167" confidence="0.8">
<tract wordnetid="108673395" confidence="0.8">
<geographical_area wordnetid="108574314" confidence="0.8">
<link xlink:type="simple" xlink:href="../813/2264813.xml">
Hampton Court Park</link></geographical_area>
</tract>
</location>
</park>
</region>
<ref xlink:type="simple" xlink:href="#xpointer(//reflist/entry[@id=%2212%22])">12</ref></col>
</row>
<row>
<col rowspan="2">
August</col>
<col>
 <fundamental_quantity wordnetid="113575869" confidence="0.8">
<time_period wordnetid="115113229" confidence="0.8">
<event wordnetid="100029378" confidence="0.8">
<social_event wordnetid="107288639" confidence="0.8">
<show wordnetid="106619065" confidence="0.8">
<festival wordnetid="115162388" confidence="0.8">
<psychological_feature wordnetid="100023100" confidence="0.8">
<attraction wordnetid="106615561" confidence="0.8">
<link xlink:type="simple" xlink:href="../359/159359.xml">
The Proms</link></attraction>
</psychological_feature>
</festival>
</show>
</social_event>
</event>
</time_period>
</fundamental_quantity>
</col>
<col>
 <passageway wordnetid="103895585" confidence="0.8">
<structure wordnetid="104341686" confidence="0.8">
<building wordnetid="102913152" confidence="0.8">
<artifact wordnetid="100021939" confidence="0.8">
<hall wordnetid="103478907" confidence="0.8">
<area wordnetid="102735688" confidence="0.8">
<passage wordnetid="103895293" confidence="0.8">
<corridor wordnetid="103112099" confidence="0.8">
<way wordnetid="104564698" confidence="0.8">
<concert_hall wordnetid="103086580" confidence="0.8">
<hallway wordnetid="103479952" confidence="0.8">
<room wordnetid="104105893" confidence="0.8">
<link xlink:type="simple" xlink:href="../238/179238.xml">
Royal Albert Hall</link></room>
</hallway>
</concert_hall>
</way>
</corridor>
</passage>
</area>
</hall>
</artifact>
</building>
</structure>
</passageway>
<ref xlink:type="simple" xlink:href="#xpointer(//reflist/entry[@id=%2213%22])">13</ref></col>
</row>
<row>
<col>
 <fundamental_quantity wordnetid="113575869" confidence="0.8">
<time_period wordnetid="115113229" confidence="0.8">
<event wordnetid="100029378" confidence="0.8">
<festival wordnetid="115162388" confidence="0.8">
<psychological_feature wordnetid="100023100" confidence="0.8">
<link xlink:type="simple" xlink:href="../977/11692977.xml">
Carnaval Del Pueblo</link></psychological_feature>
</festival>
</event>
</time_period>
</fundamental_quantity>
</col>
<col>
 <region wordnetid="108630985" confidence="0.8">
<park wordnetid="108615149" confidence="0.8">
<location wordnetid="100027167" confidence="0.8">
<tract wordnetid="108673395" confidence="0.8">
<geographical_area wordnetid="108574314" confidence="0.8">
<link xlink:type="simple" xlink:href="../539/480539.xml">
Burgess Park</link></geographical_area>
</tract>
</location>
</park>
</region>
<ref xlink:type="simple" xlink:href="#xpointer(//reflist/entry[@id=%2214%22])">14</ref></col>
</row>
<row>
<col>
 <fundamental_quantity wordnetid="113575869" confidence="0.8">
<time_period wordnetid="115113229" confidence="0.8">
<event wordnetid="100029378" confidence="0.8">
<festival wordnetid="115162388" confidence="0.8">
<psychological_feature wordnetid="100023100" confidence="0.8">
<link xlink:type="simple" xlink:href="../103/241103.xml">
Notting Hill Carnival</link></psychological_feature>
</festival>
</event>
</time_period>
</fundamental_quantity>
</col>
<col>
 <site wordnetid="108651247" confidence="0.9508927676800064">
<link xlink:type="simple" xlink:href="../200/94200.xml">
Notting Hill</link></site>
<ref xlink:type="simple" xlink:href="#xpointer(//reflist/entry[@id=%2215%22])">15</ref></col>
</row>
<row>
<col>
September</col>
<col>
 <link xlink:type="simple" xlink:href="../517/1013517.xml">
London Open House</link></col>
<col>
 all of <region wordnetid="108630039" confidence="0.9508927676800064">
<link xlink:type="simple" xlink:href="../249/12249.xml">
Greater London</link></region>
<ref xlink:type="simple" xlink:href="#xpointer(//reflist/entry[@id=%2216%22])">16</ref></col>
</row>
<row>
<col>
October</col>
<col>
 <fundamental_quantity wordnetid="113575869" confidence="0.8">
<time_period wordnetid="115113229" confidence="0.8">
<diversion wordnetid="100426928" confidence="0.8">
<event wordnetid="100029378" confidence="0.8">
<film_festival wordnetid="100517418" confidence="0.8">
<festival wordnetid="115162388" confidence="0.8">
<festival wordnetid="100517728" confidence="0.8">
<celebration wordnetid="100428000" confidence="0.8">
<act wordnetid="100030358" confidence="0.8">
<psychological_feature wordnetid="100023100" confidence="0.8">
<activity wordnetid="100407535" confidence="0.8">
<link xlink:type="simple" xlink:href="../400/5007400.xml">
London Film Festival</link></activity>
</psychological_feature>
</act>
</celebration>
</festival>
</festival>
</film_festival>
</event>
</diversion>
</time_period>
</fundamental_quantity>
</col>
<col>
 <film wordnetid="106262567" confidence="0.8">
<structure wordnetid="104341686" confidence="0.8">
<building wordnetid="102913152" confidence="0.8">
<artifact wordnetid="100021939" confidence="0.8">
<instrumentality wordnetid="103575240" confidence="0.8">
<medium wordnetid="106254669" confidence="0.8">
<link xlink:type="simple" xlink:href="../361/10069361.xml">
BFI Southbank</link></medium>
</instrumentality>
</artifact>
</building>
</structure>
</film>
<ref xlink:type="simple" xlink:href="#xpointer(//reflist/entry[@id=%2217%22])">17</ref></col>
</row>
<row>
<col>
November</col>
<col>
 <fundamental_quantity wordnetid="113575869" confidence="0.8">
<time_period wordnetid="115113229" confidence="0.8">
<event wordnetid="100029378" confidence="0.8">
<festival wordnetid="115162388" confidence="0.8">
<psychological_feature wordnetid="100023100" confidence="0.8">
<link xlink:type="simple" xlink:href="../131/376131.xml">
Lord Mayor's Show</link></psychological_feature>
</festival>
</event>
</time_period>
</fundamental_quantity>
</col>
<col>
City of London<ref xlink:type="simple" xlink:href="#xpointer(//reflist/entry[@id=%2218%22])">18</ref></col>
</row>
</table>
</p>

<sec>
<st>
References</st>
<p>

<reflist>
<entry id="1">
<weblink xlink:type="simple" xlink:href="http://www.londonparade.co.uk/">
http://www.londonparade.co.uk/</weblink></entry>
<entry id="2">
<weblink xlink:type="simple" xlink:href="http://www.londonboatshow.com/">
http://www.londonboatshow.com/</weblink></entry>
<entry id="3">
<weblink xlink:type="simple" xlink:href="http://www.idealhomeshow.co.uk/">
http://www.idealhomeshow.co.uk/</weblink></entry>
<entry id="4">
<weblink xlink:type="simple" xlink:href="http://www.london-marathon.co.uk/">
http://www.london-marathon.co.uk/</weblink></entry>
<entry id="5">
<weblink xlink:type="simple" xlink:href="http://www.theboatrace.org/">
http://www.theboatrace.org/</weblink></entry>
<entry id="6">
<weblink xlink:type="simple" xlink:href="http://www.rhs.org.uk/chelsea/2007/index.asp">
Royal Horticultural Society</weblink> - Chelsea Flower Show</entry>
<entry id="7">
<weblink xlink:type="simple" xlink:href="http://www.army.mod.uk/ceremonialandheritage/household/trooping.htm">
The British Army</weblink> - Trooping the Colour</entry>
<entry id="8">
<weblink xlink:type="simple" xlink:href="http://www.colf.org/">
http://www.colf.org/</weblink></entry>
<entry id="9">
<weblink xlink:type="simple" xlink:href="http://www.carnival-de-cuba.com/">
http://www.carnival-de-cuba.com/</weblink></entry>
<entry id="10">
<weblink xlink:type="simple" xlink:href="http://www.outburstfestival.org/">
http://www.outburstfestival.org/</weblink></entry>
<entry id="11">
<weblink xlink:type="simple" xlink:href="http://www.pridelondon.org/">
http://www.pridelondon.org/</weblink></entry>
<entry id="12">
<weblink xlink:type="simple" xlink:href="http://www.rhs.org.uk/hamptoncourt/2007/index.asp">
Royal Horticultural Society</weblink> - Hampton Court Flower Show</entry>
<entry id="13">
<weblink xlink:type="simple" xlink:href="http://www.bbc.co.uk/proms/">
BBC</weblink> - Proms</entry>
<entry id="14">
<weblink xlink:type="simple" xlink:href="http://www.carnavaldelpueblo.co.uk/">
http://www.carnavaldelpueblo.co.uk/</weblink></entry>
<entry id="15">
<weblink xlink:type="simple" xlink:href="http://www.londoncarnival.co.uk/">
http://www.londoncarnival.co.uk/</weblink></entry>
<entry id="17">
<weblink xlink:type="simple" xlink:href="http://www.lff.org.uk/">
http://www.lff.org.uk/</weblink></entry>
<entry id="16">
<weblink xlink:type="simple" xlink:href="http://www.londonopenhouse.org/">
http://www.londonopenhouse.org/</weblink></entry>
<entry id="18">
<weblink xlink:type="simple" xlink:href="http://www.lordmayorsshow.org/">
http://www.lordmayorsshow.org/</weblink></entry>
</reflist>
</p>


</sec>
</bdy>
</event>
</article>
