<?xml version="1.0" encoding="UTF-8"?>
<!-- generated by CLiX/Wiki2XML [MPI-Inf, MMCI@UdS] $LastChangedRevision: 92 $ on 16.04.2009 18:03:36[mciao0825] -->
<!DOCTYPE article SYSTEM "../article.dtd">
<article xmlns:xlink="http://www.w3.org/1999/xlink">
<solid  confidence="0.8" wordnetid="113860793">
<pyramid  confidence="0.8" wordnetid="113914837">
<shape  confidence="0.8" wordnetid="100027807">
<polyhedron  confidence="0.8" wordnetid="113883885">
<header>
<title>Healthy eating pyramid</title>
<id>1055458</id>
<revision>
<id>232652377</id>
<timestamp>2008-08-18T09:18:59Z</timestamp>
<contributor>
<username>Portillo</username>
<id>506262</id>
</contributor>
</revision>
<categories>
<category>Nutritional advice pyramids</category>
</categories>
</header>
<bdy>

The <b>healthy eating pyramid</b> is a <link xlink:type="simple" xlink:href="../525/21525.xml">
nutrition</link> guide developed by the <university wordnetid="108286163" confidence="0.9508927676800064">
<link xlink:type="simple" xlink:href="../949/1562949.xml">
Harvard School of Public Health</link></university>
, suggesting how much of each food category one should eat each day. The healthy eating pyramid is intended to provide a better eating guide than the widespread <link xlink:type="simple" xlink:href="../092/208092.xml">
food guide pyramid</link> created by the <agency wordnetid="108337324" confidence="0.9508927676800064">
<link xlink:type="simple" xlink:href="../896/70896.xml">
USDA</link></agency>
. <p>

The new pyramid aims to include the most current research in dietary health not present in the USDA's <link xlink:type="simple" xlink:href="../669/34669.xml">
1992</link> guide. The original USDA pyramid has been criticized for not differentiating between <link xlink:type="simple" xlink:href="../791/9120791.xml">
refined grains</link> and <link xlink:type="simple" xlink:href="../597/2052597.xml">
whole grain</link>s, between <link xlink:type="simple" xlink:href="../746/264746.xml">
saturated fat</link>s and <link xlink:type="simple" xlink:href="../748/264748.xml">
unsaturated fat</link>s, and for not putting enough emphasis on <link xlink:type="simple" xlink:href="../037/189037.xml">
exercise</link> and <link xlink:type="simple" xlink:href="../199/400199.xml">
weight control</link>. It also had been developed by the Department of <it>Agriculture</it>, not the Department of <it>Health</it> and Human Services, so has been alleged to be influenced by lobbyists working for the agriculture, meat and dairy industries.  This accusation is somewhat substantiated by the often <solid wordnetid="113860793" confidence="0.8">
<pyramid wordnetid="113914837" confidence="0.8">
<shape wordnetid="100027807" confidence="0.8">
<polyhedron wordnetid="113883885" confidence="0.8">
<link xlink:type="simple" xlink:href="../377/4602377.xml">
larger portions</link></polyhedron>
</shape>
</pyramid>
</solid>
 in USDA recommendations relative to <organization wordnetid="108008335" confidence="0.9508927676800064">
<link xlink:type="simple" xlink:href="../583/33583.xml">
World Health Organization</link></organization>
 and <link xlink:type="simple" xlink:href="../572/16462572.xml">
NHS</link> recommendations.</p>

<sec>
<st>
Food groups</st>

<p>

In general terms, the healthy eating pyramid recommends the following intake of different food groups each day, although exact amounts of calorie intake depends on sex, age, and lifestyle:</p>
<p>

<list>
<entry level="1" type="bullet">

 Daily exercise and weight control</entry>
</list>
</p>
<p>

<list>
<entry level="1" type="bullet">

 At most meals, <link xlink:type="simple" xlink:href="../597/2052597.xml">
whole grain</link> foods including <link xlink:type="simple" xlink:href="../310/193310.xml">
oatmeal</link>, <link xlink:type="simple" xlink:href="../597/2052597.xml">
whole-wheat bread</link>, and <link xlink:type="simple" xlink:href="../696/438696.xml">
brown rice</link>;1 piece or 4 oz.</entry>
</list>
</p>
<p>

<list>
<entry level="1" type="bullet">

 <link xlink:type="simple" xlink:href="../331/192331.xml">
Plant oil</link>s, including <link xlink:type="simple" xlink:href="../478/22478.xml">
olive oil</link>, <link xlink:type="simple" xlink:href="../190/86190.xml">
canola oil</link>, <link>
soybean oil</link>, <link xlink:type="simple" xlink:href="../452/2249452.xml">
corn oil</link>, and <link xlink:type="simple" xlink:href="../902/2921902.xml">
sunflower seed oil</link>; 2 oz. per day</entry>
</list>
</p>
<p>

<list>
<entry level="1" type="bullet">

 <link xlink:type="simple" xlink:href="../492/5791492.xml">
Vegetable</link>s, in abundance 3 or more each day. Each serv. 6 oz.</entry>
</list>
</p>
<p>

<list>
<entry level="1" type="bullet">

 2-3 servings of <link xlink:type="simple" xlink:href="../843/10843.xml">
fruit</link>s; Ea. serv. = 1 piece of fruit or 4 oz.</entry>
</list>
</p>
<p>

<list>
<entry level="1" type="bullet">

 1-3 servings of <link xlink:type="simple" xlink:href="../647/251647.xml">
nuts</link>, or <link xlink:type="simple" xlink:href="../286/305286.xml">
legume</link>s; Ea. serv. = 2 oz.</entry>
</list>
</p>
<p>

<list>
<entry level="1" type="bullet">

 1-2 servings of <link xlink:type="simple" xlink:href="../228/56228.xml">
dairy</link> or <link xlink:type="simple" xlink:href="../668/5668.xml">
calcium</link> supplement; Ea serv. = 8 oz. non fat or 4 oz. of whole.</entry>
</list>
</p>
<p>

<list>
<entry level="1" type="bullet">

 1-2 servings of <link xlink:type="simple" xlink:href="../197/23197.xml">
poultry</link>, <link xlink:type="simple" xlink:href="../587/4699587.xml">
fish</link>, or <link xlink:type="simple" xlink:href="../010/19196010.xml">
eggs</link>; Ea. serv = 4 oz or 1 egg.</entry>
</list>
</p>
<p>

<list>
<entry level="1" type="bullet">

 Sparing use of <link xlink:type="simple" xlink:href="../792/601792.xml">
white rice</link>, <link xlink:type="simple" xlink:href="../199/811199.xml">
white bread</link>, <link xlink:type="simple" xlink:href="../501/23501.xml">
potato</link>es, <link xlink:type="simple" xlink:href="../871/23871.xml">
pasta</link> and <link xlink:type="simple" xlink:href="../760/44760.xml">
sweets</link>;</entry>
</list>
</p>
<p>

<list>
<entry level="1" type="bullet">

 Sparing use of <link xlink:type="simple" xlink:href="../200/1764200.xml">
red meat</link> and <link xlink:type="simple" xlink:href="../183/46183.xml">
butter</link>.</entry>
</list>
</p>

</sec>
<sec>
<st>
 See also </st>
<p>

<list>
<entry level="1" type="bullet">

 <link xlink:type="simple" xlink:href="../444/104444.xml">
Dietary supplement</link>s</entry>
<entry level="2" type="bullet">

 <link xlink:type="simple" xlink:href="../207/1207.xml">
Amino acid</link>s</entry>
<entry level="2" type="bullet">

 <link xlink:type="simple" xlink:href="../195/235195.xml">
Minerals</link></entry>
<entry level="2" type="bullet">

 <link xlink:type="simple" xlink:href="../457/685457.xml">
Nootropic</link>s</entry>
<entry level="2" type="bullet">

 <link xlink:type="simple" xlink:href="../381/1221381.xml">
Nutraceutical</link>s</entry>
<entry level="2" type="bullet">

 <link xlink:type="simple" xlink:href="../512/32512.xml">
Vitamin</link>s</entry>
<entry level="1" type="bullet">

 <link xlink:type="simple" xlink:href="../460/8460.xml">
Dieting</link></entry>
<entry level="1" type="bullet">

 <link xlink:type="simple" xlink:href="../252/84252.xml">
Diets (list)</link></entry>
<entry level="1" type="bullet">

 <link xlink:type="simple" xlink:href="../818/212818.xml">
Eating</link></entry>
<entry level="1" type="bullet">

 <link xlink:type="simple" xlink:href="../854/529854.xml">
Essential nutrient</link></entry>
<entry level="1" type="bullet">

 <link xlink:type="simple" xlink:href="../037/189037.xml">
Exercise</link></entry>
<entry level="1" type="bullet">

 <link xlink:type="simple" xlink:href="../646/10646.xml">
Food</link></entry>
<entry level="2" type="bullet">

 
Food (portal)</entry>
<entry level="2" type="bullet">

 <link xlink:type="simple" xlink:href="../424/1014424.xml">
Functional food</link></entry>
<entry level="1" type="bullet">

 <link xlink:type="simple" xlink:href="../381/80381.xml">
Health</link></entry>
<entry level="2" type="bullet">

 
Health (portal)</entry>
<entry level="2" type="bullet">

 <link xlink:type="simple" xlink:href="../671/1581671.xml">
Healthy eating</link></entry>
<entry level="3" type="bullet">

 <solid wordnetid="113860793" confidence="0.8">
<pyramid wordnetid="113914837" confidence="0.8">
<shape wordnetid="100027807" confidence="0.8">
<polyhedron wordnetid="113883885" confidence="0.8">
<link xlink:type="simple" xlink:href="../092/208092.xml">
Food guide pyramid</link></polyhedron>
</shape>
</pyramid>
</solid>
</entry>
<entry level="3" type="bullet">

 <solid wordnetid="113860793" confidence="0.8">
<pyramid wordnetid="113914837" confidence="0.8">
<shape wordnetid="100027807" confidence="0.8">
<polyhedron wordnetid="113883885" confidence="0.8">
<link xlink:type="simple" xlink:href="../377/4602377.xml">
5 A Day</link></polyhedron>
</shape>
</pyramid>
</solid>
</entry>
<entry level="3" type="bullet">

 Healthy eating pyramid</entry>
<entry level="1" type="bullet">

 <link xlink:type="simple" xlink:href="../290/183290.xml">
Life extension</link></entry>
<entry level="1" type="bullet">

 <link xlink:type="simple" xlink:href="../525/21525.xml">
Nutrition</link></entry>
<entry level="1" type="bullet">

 <message wordnetid="106598915" confidence="0.8">
<information wordnetid="106634376" confidence="0.8">
<electronic_database wordnetid="106588511" confidence="0.8">
<complex wordnetid="105870365" confidence="0.8">
<lexical_database wordnetid="106638868" confidence="0.8">
<syndrome wordnetid="105870790" confidence="0.8">
<wordnet wordnetid="106639428" confidence="0.8">
<database wordnetid="106637824" confidence="0.8">
<link xlink:type="simple" xlink:href="../214/228214.xml">
Orthorexia nervosa</link></database>
</wordnet>
</syndrome>
</lexical_database>
</complex>
</electronic_database>
</information>
</message>
 (an obsession with healthy eating)</entry>
<entry level="1" type="bullet">

 <link xlink:type="simple" xlink:href="../986/432986.xml">
Physical fitness</link></entry>
<entry level="1" type="bullet">

 <link xlink:type="simple" xlink:href="../199/400199.xml">
Weight loss</link></entry>
</list>
</p>

</sec>
<sec>
<st>
 References </st>
<p>

<list>
<entry level="1" type="bullet">

  <cite style="font-style:normal" class="book">Willett, Walter&#32;(2005). Eat, Drink, and Be Healthy: The Harvard Medical School Guide to Healthy Eating.&#32;Free Press. ISBN 0-7432-6642-0.</cite>&nbsp;</entry>
</list>
</p>

</sec>
<sec>
<st>
External links</st>
<p>

<list>
<entry level="1" type="bullet">

 <weblink xlink:type="simple" xlink:href="http://www.hsph.harvard.edu/nutritionsource/pyramids.html">
Food Pyramids</weblink> <it>Harvard School of Public Health Nutrition Source</it>, Shows the difference of the Healthy Eating Pyramid from the USDA pyramid.</entry>
<entry level="1" type="bullet">

 <weblink xlink:type="simple" xlink:href="http://www.npr.org/display_pages/features/feature_851835.html">
Is the Food Pyramid Obsolete?</weblink> <it>npr.org</it>, Nov 21 2002. </entry>
<entry level="1" type="bullet">

 <weblink xlink:type="simple" xlink:href="http://www.harvard-magazine.com/on-line/050465.html">
The Way We Eat Now</weblink> <it>harvard-magazine.com</it>, May-June 2004.</entry>
</list>
</p>

</sec>
</bdy>
</polyhedron>
</shape>
</pyramid>
</solid>
</article>
