<?xml version="1.0" encoding="UTF-8"?>
<!-- generated by CLiX/Wiki2XML [MPI-Inf, MMCI@UdS] $LastChangedRevision: 92 $ on 16.04.2009 18:05:37[mciao0828] -->
<!DOCTYPE article SYSTEM "../article.dtd">
<article xmlns:xlink="http://www.w3.org/1999/xlink">
<movie  confidence="0.9508927676800064" wordnetid="106613686">
<header>
<title>Another 48 Hrs.</title>
<id>1056023</id>
<revision>
<id>239908951</id>
<timestamp>2008-09-21T01:50:12Z</timestamp>
<contributor>
<username>Rangermike</username>
<id>674991</id>
</contributor>
</revision>
<categories>
<category>Action comedy films</category>
<category>Police detective films</category>
<category>Sequel films</category>
<category>1990s action films</category>
<category>Films shot in Las Vegas</category>
<category>Films shot in Los Angeles</category>
<category>Buddy films</category>
<category>Films shot in San Francisco</category>
<category>1990 films</category>
<category>Films set in San Francisco</category>
<category>Paramount films</category>
<category>Films directed by Walter Hill</category>
</categories>
</header>
<bdy>
<template>
<name>Infobox_Film</name>
<parameters>

<image width="150px" src="Another_forty_eight_hours.jpg">
<caption>

The movie poster for <it>Another 48 Hrs.</it>.
</caption>
</image>
<music>
<composer wordnetid="109947232" confidence="0.9173553029164789">
<artist wordnetid="109812338" confidence="0.9508927676800064">
<link xlink:type="simple" xlink:href="../673/466673.xml">
James Horner</link></artist>
</composer>
</music>
<budget>
38,000,000</budget>
<editing>
<link>
Donn Aron</link><link>
Carmel Davies</link><link>
Freeman A. Davies</link><link>
Tim Ryder</link></editing>
<runtime>
93 min.</runtime>
<amg_id>
1:2575</amg_id>
<preceded_by>
<it><movie wordnetid="106613686" confidence="0.9508927676800064">
<link xlink:type="simple" xlink:href="../406/2436406.xml">
48 Hrs.</link></movie>
''</it></preceded_by>
<director>
<link xlink:type="simple" xlink:href="../537/4921537.xml">
Walter Hill</link></director>
<country>
<image width="22x20px" src="Flag_of_the_United_States.svg">
<caption>

border 
</caption>
</image>
&nbsp;<body wordnetid="107965085" confidence="0.8">
<social_group wordnetid="107950920" confidence="0.8">
<political_orientation wordnetid="106212839" confidence="0.8">
<colony wordnetid="108374049" confidence="0.8">
<state wordnetid="108168978" confidence="0.8">
<political_unit wordnetid="108359949" confidence="0.8">
<group wordnetid="100031264" confidence="0.8">
<democracy wordnetid="106217103" confidence="0.8">
<link xlink:type="simple" xlink:href="../750/3434750.xml">
United States</link></democracy>
</group>
</political_unit>
</state>
</colony>
</political_orientation>
</social_group>
</body>
</country>
<released>
<link xlink:type="simple" xlink:href="../864/15864.xml">
June 8</link> <link xlink:type="simple" xlink:href="../635/34635.xml">
1990</link></released>
<imdb_id>
0099044</imdb_id>
<name>
Another 48 Hrs.</name>
<producer>
<link xlink:type="simple" xlink:href="../488/8017488.xml">
Lawrence Gordon</link><link>
Robert D. Wachs</link></producer>
<cinematography>
<link xlink:type="simple" xlink:href="../581/9197581.xml">
Matthew F. Leonetti</link></cinematography>
<distributor>
<company wordnetid="108058098" confidence="0.9508927676800064">
<link xlink:type="simple" xlink:href="../918/22918.xml">
Paramount Pictures</link></company>
</distributor>
<language>
<language wordnetid="106282651" confidence="0.8">
<link xlink:type="simple" xlink:href="../916/8569916.xml">
English</link></language>
</language>
<writer>
<link xlink:type="simple" xlink:href="../537/4921537.xml">
Walter Hill</link><physical_entity wordnetid="100001930" confidence="0.8">
<communicator wordnetid="109610660" confidence="0.8">
<person wordnetid="100007846" confidence="0.8">
<leader wordnetid="109623038" confidence="0.8">
<administrator wordnetid="109770949" confidence="0.8">
<screenwriter wordnetid="110564400" confidence="0.8">
<causal_agent wordnetid="100007347" confidence="0.8">
<scriptwriter wordnetid="110564905" confidence="0.8">
<writer wordnetid="110794014" confidence="0.8">
<head wordnetid="110162991" confidence="0.8">
<director wordnetid="110014939" confidence="0.8">
<link xlink:type="simple" xlink:href="../818/1259818.xml">
Roger Spottiswoode</link></director>
</head>
</writer>
</scriptwriter>
</causal_agent>
</screenwriter>
</administrator>
</leader>
</person>
</communicator>
</physical_entity>
<physical_entity wordnetid="100001930" confidence="0.8">
<communicator wordnetid="109610660" confidence="0.8">
<person wordnetid="100007846" confidence="0.8">
<screenwriter wordnetid="110564400" confidence="0.8">
<causal_agent wordnetid="100007347" confidence="0.8">
<scriptwriter wordnetid="110564905" confidence="0.8">
<writer wordnetid="110794014" confidence="0.8">
<link xlink:type="simple" xlink:href="../702/3032702.xml">
Larry Gross</link></writer>
</scriptwriter>
</causal_agent>
</screenwriter>
</person>
</communicator>
</physical_entity>
<link xlink:type="simple" xlink:href="../642/2196642.xml">
Steven E. de Souza</link><comedian wordnetid="109940146" confidence="0.9508927676800064">
<person wordnetid="100007846" confidence="0.9508927676800064">
<link xlink:type="simple" xlink:href="../539/54539.xml">
Eddie Murphy</link></person>
</comedian>
<link>
John Fasano</link><link xlink:type="simple" xlink:href="../376/16376.xml">
Jeb Stuart</link></writer>
<starring>
<comedian wordnetid="109940146" confidence="0.9508927676800064">
<person wordnetid="100007846" confidence="0.9508927676800064">
<link xlink:type="simple" xlink:href="../539/54539.xml">
Eddie Murphy</link></person>
</comedian>
<actor wordnetid="109765278" confidence="0.9508927676800064">
<link xlink:type="simple" xlink:href="../829/84829.xml">
Nick Nolte</link></actor>
<actor wordnetid="109765278" confidence="0.9173553029164789">
<link xlink:type="simple" xlink:href="../403/1688403.xml">
Brion James</link></actor>
<actor wordnetid="109765278" confidence="0.9508927676800064">
<link xlink:type="simple" xlink:href="../349/2509349.xml">
Kevin Tighe</link></actor>
<actor wordnetid="109765278" confidence="0.9508927676800064">
<link xlink:type="simple" xlink:href="../624/1703624.xml">
Ed O'Ross</link></actor>
<actor wordnetid="109765278" confidence="0.9508927676800064">
<link xlink:type="simple" xlink:href="../329/799329.xml">
Frank McRae</link></actor>
<link>
David Anthony Marshall</link><actor wordnetid="109765278" confidence="0.9508927676800064">
<link xlink:type="simple" xlink:href="../605/1703605.xml">
Andrew Divoff</link></actor>
<link>
Brent Jennings</link></starring>
</parameters>
</template>

<p>

<b><it>Another 48 Hrs.</it></b> is a <fundamental_quantity wordnetid="113575869" confidence="0.8">
<time_period wordnetid="115113229" confidence="0.8">
<year wordnetid="115203791" confidence="0.8">
<link xlink:type="simple" xlink:href="../259/171259.xml">
1990</link></year>
</time_period>
</fundamental_quantity>
 <link xlink:type="simple" xlink:href="../564/43564.xml">
action</link>-<link xlink:type="simple" xlink:href="../644/5644.xml">
comedy film</link> and a <link xlink:type="simple" xlink:href="../510/196510.xml">
sequel</link> to the <fundamental_quantity wordnetid="113575869" confidence="0.8">
<time_period wordnetid="115113229" confidence="0.8">
<year wordnetid="115203791" confidence="0.8">
<link xlink:type="simple" xlink:href="../649/171649.xml">
1982 film</link></year>
</time_period>
</fundamental_quantity>
 <it><movie wordnetid="106613686" confidence="0.9508927676800064">
<link xlink:type="simple" xlink:href="../406/2436406.xml">
48 Hrs.</link></movie>
</it>. It was directed by <film_director wordnetid="110088200" confidence="0.9173553029164789">
<screenwriter wordnetid="110564400" confidence="0.9173553029164789">
<film_maker wordnetid="110088390" confidence="0.9173553029164789">
<actor wordnetid="109765278" confidence="0.9508927676800064">
<link xlink:type="simple" xlink:href="../537/4921537.xml">
Walter Hill</link></actor>
</film_maker>
</screenwriter>
</film_director>
 and stars <comedian wordnetid="109940146" confidence="0.9508927676800064">
<person wordnetid="100007846" confidence="0.9508927676800064">
<link xlink:type="simple" xlink:href="../539/54539.xml">
Eddie Murphy</link></person>
</comedian>
, <actor wordnetid="109765278" confidence="0.9508927676800064">
<link xlink:type="simple" xlink:href="../829/84829.xml">
Nick Nolte</link></actor>
, <actor wordnetid="109765278" confidence="0.9173553029164789">
<link xlink:type="simple" xlink:href="../403/1688403.xml">
Brion James</link></actor>
, <actor wordnetid="109765278" confidence="0.9508927676800064">
<link xlink:type="simple" xlink:href="../605/1703605.xml">
Andrew Divoff</link></actor>
, and <actor wordnetid="109765278" confidence="0.9508927676800064">
<link xlink:type="simple" xlink:href="../624/1703624.xml">
Ed O'Ross</link></actor>
.  Nolte returns as <village wordnetid="108672738" confidence="0.9508927676800064">
<link xlink:type="simple" xlink:href="../728/49728.xml">
San Francisco</link></village>
 <link xlink:type="simple" xlink:href="../240/310240.xml">
police officer</link> Jack Cates, who has 48 hours to clear his name from a potential <link xlink:type="simple" xlink:href="../035/7397035.xml">
manslaughter</link> charge. To so do, he needs the help of Reggie Hammond, who is now a newly released convict. But at the same time a notorious mastermind known only as The Iceman has hired a bunch of bikers to kill Reggie. This film contains strong language, nudity, violence, and carries an R rating by the <link xlink:type="simple" xlink:href="../641/18932641.xml">
MPAA</link> in the <body wordnetid="107965085" confidence="0.8">
<social_group wordnetid="107950920" confidence="0.8">
<political_orientation wordnetid="106212839" confidence="0.8">
<colony wordnetid="108374049" confidence="0.8">
<state wordnetid="108168978" confidence="0.8">
<political_unit wordnetid="108359949" confidence="0.8">
<group wordnetid="100031264" confidence="0.8">
<democracy wordnetid="106217103" confidence="0.8">
<link xlink:type="simple" xlink:href="../750/3434750.xml">
United States</link></democracy>
</group>
</political_unit>
</state>
</colony>
</political_orientation>
</social_group>
</body>
. </p>
<p>

<b>Tagline:</b> <it>The Boys Are Back In Town</it></p>

<sec>
<st>
 Summary </st>
<p>

Veteran police officer Jack Cates (<actor wordnetid="109765278" confidence="0.9508927676800064">
<link xlink:type="simple" xlink:href="../829/84829.xml">
Nick Nolte</link></actor>
) has to reunite with his imprisoned buddy (<comedian wordnetid="109940146" confidence="0.9508927676800064">
<person wordnetid="100007846" confidence="0.9508927676800064">
<link xlink:type="simple" xlink:href="../539/54539.xml">
Eddie Murphy</link></person>
</comedian>
) who is about to be released from prison. Together they have to find an unscrupulous drug dealer who calls himself "The Iceman". Once again they only have 48 hours to fulfill their task. For the past four years, San Francisco cop Jack Cates has been after an unidentified drug kingpin who calls himself the "Ice Man". At the Hunter's Point Raceway, Jack confronts Tyrone Burroughs and Arthur Brock. Jack kills Brock in self defense, but Tyrone Burroughs (<link>
Brent Jennings</link>) escapes, and Jack is in danger of going to prison because Brock's gun can't be found. Jack finds a picture that proves that the Ice Man has put a price on the head of Reggie Hammond, who is scheduled to be released from prison on the next day. Jack tries to convince Reggie to help him clear his name and find the Ice Man, but Reggie says he won't help unless Jack gives Reggie the $500,000 that Jack has been holding on to for Reggie. Jack refuses to give Reggie the money unless Reggie helps him. After the bus that is transporting Reggie away from the prison is forced to crash by two bikers and Jack gets shot by the same two bikers, Jack forces Reggie to help him by having the hospital release Reggie into his custody. Reggie recognized one of the bikers as Richard "Cherry" Ganz (<actor wordnetid="109765278" confidence="0.9508927676800064">
<link xlink:type="simple" xlink:href="../605/1703605.xml">
Andrew Divoff</link></actor>
), the brother of Albert Ganz, the escaped convict Jack killed 6 months ago. Jack got shot because Cherry wants revenge for Albert's death, and Cherry and his partner Willie Hickok (<link>
David Anthony Marshall</link>) are the hitmen who have been hired to kill Reggie. Burroughs, who works for the Ice Man, was trying to hire Brock as insurance, just in case Cherry and Hickok fail. Blake Wilson (<actor wordnetid="109765278" confidence="0.9508927676800064">
<link xlink:type="simple" xlink:href="../349/2509349.xml">
Kevin Tighe</link></actor>
), the head of the Internal Affairs division, obviously doesn't like Jack, because Wilson will stop at nothing to prosecute Jack for manslaughter in Brock's death, and it turns out that the Ice Man put a price on Reggie's head because Reggie knows who the Ice Man is, Jack's friend Kehoe. Jack confronts the trio of villains at a local nightclub where Reggie is being held (after being captured by Cherry and his partner). Jack and Reggie dispose of Cherry and his partner, but Reggie is grabbed by Kehoe and used as a human shield. Jack shoots Reggie in the shoulder, wounding him (which causes <link xlink:type="simple" xlink:href="../315/146315.xml">
blood</link> coming out of his wound) and throwing him off of Kehoe. Jack then empties his gun into Kehoe, who falls backward and his head is crushed by one of the stripper cages. Reggie is transported to the hospital (but after he steals Jack's lighter like in the <link xlink:type="simple" xlink:href="../406/2436406.xml">
first film</link>, except he gave it back like Jack asked). </p>


</sec>
<sec>
<st>
Trivia</st>

<p>

<list>
<entry level="1" type="bullet">

 The "sky blue" 1964 Cadillac DeVille convertible from the original movie makes a return appearance. In the film Cates claims he bought another Caddy (same year, color and model) with his share of Reggie's money; its predecessor was accidentally destroyed from being driven through a plate-glass window chasing Albert Ganz and Billy Bear.</entry>
<entry level="1" type="bullet">

 <actor wordnetid="109765278" confidence="0.9508927676800064">
<link xlink:type="simple" xlink:href="../829/84829.xml">
Nick Nolte</link></actor>
 (Cates), <comedian wordnetid="109940146" confidence="0.9508927676800064">
<person wordnetid="100007846" confidence="0.9508927676800064">
<link xlink:type="simple" xlink:href="../539/54539.xml">
Eddie Murphy</link></person>
</comedian>
 (Hammond) and <actor wordnetid="109765278" confidence="0.9173553029164789">
<link xlink:type="simple" xlink:href="../403/1688403.xml">
Brion James</link></actor>
 (Kehoe) all reprise their original roles from the first film.</entry>
<entry level="1" type="bullet">

 The ending of this film is similar to its prequel, when Jack takes Hammond's words seriously. In this film's prequel, Hammond told Cates to "blow his fucking brains out", which Jack did. In this film, Hammond told Jack to "Shoot me, Jack!", which Jack did.</entry>
</list>
</p>

</sec>
<sec>
<st>
 Cast </st>
<p>

<list>
<entry level="1" type="bullet">

<comedian wordnetid="109940146" confidence="0.9508927676800064">
<person wordnetid="100007846" confidence="0.9508927676800064">
<link xlink:type="simple" xlink:href="../539/54539.xml">
Eddie Murphy</link></person>
</comedian>
 .... Reggie Hammond</entry>
<entry level="1" type="bullet">

<actor wordnetid="109765278" confidence="0.9508927676800064">
<link xlink:type="simple" xlink:href="../829/84829.xml">
Nick Nolte</link></actor>
 .... Det Sgt. Jack Cates</entry>
<entry level="1" type="bullet">

<actor wordnetid="109765278" confidence="0.9173553029164789">
<link xlink:type="simple" xlink:href="../403/1688403.xml">
Brion James</link></actor>
 .... Det. Sgt. Ben Kehoe</entry>
<entry level="1" type="bullet">

<actor wordnetid="109765278" confidence="0.9508927676800064">
<link xlink:type="simple" xlink:href="../349/2509349.xml">
Kevin Tighe</link></actor>
 .... Det. Lt. Blake Wilson</entry>
<entry level="1" type="bullet">

<actor wordnetid="109765278" confidence="0.9508927676800064">
<link xlink:type="simple" xlink:href="../624/1703624.xml">
Ed O'Ross</link></actor>
 .... Frank Cruise</entry>
<entry level="1" type="bullet">

<link>
David Anthony Marshall</link> .... Willie Hickok</entry>
<entry level="1" type="bullet">

<actor wordnetid="109765278" confidence="0.9508927676800064">
<link xlink:type="simple" xlink:href="../605/1703605.xml">
Andrew Divoff</link></actor>
 .... Richard "Cherry" Ganz</entry>
<entry level="1" type="bullet">

<physical_entity wordnetid="100001930" confidence="0.8">
<person wordnetid="100007846" confidence="0.8">
<player wordnetid="110439851" confidence="0.8">
<contestant wordnetid="109613191" confidence="0.8">
<intellectual wordnetid="109621545" confidence="0.8">
<performer wordnetid="110415638" confidence="0.8">
<alumnus wordnetid="109786338" confidence="0.8">
<causal_agent wordnetid="100007347" confidence="0.8">
<actor wordnetid="109765278" confidence="0.8">
<scholar wordnetid="110557854" confidence="0.8">
<entertainer wordnetid="109616922" confidence="0.8">
<link xlink:type="simple" xlink:href="../444/3984444.xml">
Bernie Casey</link></entertainer>
</scholar>
</actor>
</causal_agent>
</alumnus>
</performer>
</intellectual>
</contestant>
</player>
</person>
</physical_entity>
 .... Kirkland Smith</entry>
<entry level="1" type="bullet">

<link>
Brent Jennings</link> .... Tyrone Burroughs</entry>
<entry level="1" type="bullet">

<link>
Ted Markland</link> .... Malcolm Price</entry>
<entry level="1" type="bullet">

<link xlink:type="simple" xlink:href="../267/1034267.xml">
Tisha Campbell</link> .... Amy Kirkland</entry>
<entry level="1" type="bullet">

Felice Orlandi .... Warden</entry>
<entry level="1" type="bullet">

<link>
Edward Walsh</link> .... Det. Joe Stevens</entry>
<entry level="1" type="bullet">

<link>
Page Leong</link> .... Angel Lee</entry>
</list>
</p>

</sec>
<sec>
<st>
External links</st>
<p>

<list>
<entry level="1" type="bullet">

<weblink xlink:type="simple" xlink:href="http://www.imdb.com/title/tt0099044/">
<it>Another 48 Hrs</it> </weblink> at the <web_site wordnetid="106359193" confidence="0.9508927676800064">
<link xlink:type="simple" xlink:href="../554/2855554.xml">
Internet Movie Database</link></web_site>
</entry>
</list>
</p>


<p>

<table style=";" class="navbox" cellspacing="0">
<row>
<col style="padding:2px;">
<table style="width:100%;background:transparent;color:inherit;;" class="nowraplinks collapsible autocollapse " cellspacing="0">
<row>
<header colspan="2" style=";" class="navbox-title">
Films written &amp; directed by <film_director wordnetid="110088200" confidence="0.9173553029164789">
<screenwriter wordnetid="110564400" confidence="0.9173553029164789">
<film_maker wordnetid="110088390" confidence="0.9173553029164789">
<actor wordnetid="109765278" confidence="0.9508927676800064">
<link xlink:type="simple" xlink:href="../537/4921537.xml">
Walter Hill</link></actor>
</film_maker>
</screenwriter>
</film_director>
</header>
</row>
<row style="height:2px;">

</row>
<row>
<col style=";;" class="navbox-group">
<product wordnetid="104007894" confidence="0.8">
<fundamental_quantity wordnetid="113575869" confidence="0.8">
<creation wordnetid="103129123" confidence="0.8">
<time_period wordnetid="115113229" confidence="0.8">
<artifact wordnetid="100021939" confidence="0.8">
<event wordnetid="100029378" confidence="0.8">
<social_event wordnetid="107288639" confidence="0.8">
<movie wordnetid="106613686" confidence="0.8">
<year wordnetid="115203791" confidence="0.8">
<show wordnetid="106619065" confidence="0.8">
<psychological_feature wordnetid="100023100" confidence="0.8">
<link xlink:type="simple" xlink:href="../306/193306.xml">
1970s</link></psychological_feature>
</show>
</year>
</movie>
</social_event>
</event>
</artifact>
</time_period>
</creation>
</fundamental_quantity>
</product>
</col>
<col style="text-align:left;border-left:2px solid #fdfdfd;width:100%;padding:0px;;;" class="navbox-list navbox-odd">
<it><movie wordnetid="106613686" confidence="0.9508927676800064">
<link xlink:type="simple" xlink:href="../800/2177800.xml">
Hard Times</link></movie>
</it> (1975) &nbsp;·   <it><movie wordnetid="106613686" confidence="0.9508927676800064">
<link xlink:type="simple" xlink:href="../794/5561794.xml">
The Driver</link></movie>
</it> (1978) &nbsp;·   <it><movie wordnetid="106613686" confidence="0.9508927676800064">
<link xlink:type="simple" xlink:href="../571/1173571.xml">
The Warriors</link></movie>
</it> (1979)</col>
</row>
<row style="height:2px">

</row>
<row>
<col style=";;" class="navbox-group">
<product wordnetid="104007894" confidence="0.8">
<fundamental_quantity wordnetid="113575869" confidence="0.8">
<creation wordnetid="103129123" confidence="0.8">
<time_period wordnetid="115113229" confidence="0.8">
<artifact wordnetid="100021939" confidence="0.8">
<event wordnetid="100029378" confidence="0.8">
<social_event wordnetid="107288639" confidence="0.8">
<movie wordnetid="106613686" confidence="0.8">
<year wordnetid="115203791" confidence="0.8">
<show wordnetid="106619065" confidence="0.8">
<psychological_feature wordnetid="100023100" confidence="0.8">
<link xlink:type="simple" xlink:href="../895/137895.xml">
1980s</link></psychological_feature>
</show>
</year>
</movie>
</social_event>
</event>
</artifact>
</time_period>
</creation>
</fundamental_quantity>
</product>
</col>
<col style="text-align:left;border-left:2px solid #fdfdfd;width:100%;padding:0px;;;" class="navbox-list navbox-even">
<it><movie wordnetid="106613686" confidence="0.9508927676800064">
<link xlink:type="simple" xlink:href="../360/2441360.xml">
The Long Riders</link></movie>
</it> (1980) &nbsp;·   <it><movie wordnetid="106613686" confidence="0.9508927676800064">
<link xlink:type="simple" xlink:href="../658/2370658.xml">
Southern Comfort</link></movie>
</it> (1981) &nbsp;·   <it><movie wordnetid="106613686" confidence="0.9508927676800064">
<link xlink:type="simple" xlink:href="../406/2436406.xml">
48 Hrs.</link></movie>
</it> (1982) &nbsp;·   <it><album wordnetid="106591815" confidence="0.9508927676800064">
<movie wordnetid="106613686" confidence="0.9508927676800064">
<link xlink:type="simple" xlink:href="../876/885876.xml">
Streets of Fire</link></movie>
</album>
</it> (1984) &nbsp;·   <it><movie wordnetid="106613686" confidence="0.9508927676800064">
<link xlink:type="simple" xlink:href="../980/6312980.xml">
Brewster's Millions</link></movie>
</it> <link xlink:type="simple" xlink:href="#xpointer(//cite[@id=%22endnoteQ1%22])">
1</link> (1985) &nbsp;·   <it><movie wordnetid="106613686" confidence="0.9508927676800064">
<link xlink:type="simple" xlink:href="../482/1296482.xml">
Crossroads</link></movie>
</it> (1986) &nbsp;·   <it><movie wordnetid="106613686" confidence="0.9508927676800064">
<link xlink:type="simple" xlink:href="../733/4515733.xml">
Extreme Prejudice</link></movie>
</it> <link xlink:type="simple" xlink:href="#xpointer(//cite[@id=%22endnoteQ1%22])">
1</link> (1987) &nbsp;·   <it><link xlink:type="simple" xlink:href="../061/354061.xml">
Red Heat</link></it> (1988) &nbsp;·   <it><movie wordnetid="106613686" confidence="0.9508927676800064">
<link xlink:type="simple" xlink:href="../366/5083366.xml">
Johnny Handsome</link></movie>
</it> <link xlink:type="simple" xlink:href="#xpointer(//cite[@id=%22endnoteQ1%22])">
1</link>(1989)</col>
</row>
<row style="height:2px">

</row>
<row>
<col style=";;" class="navbox-group">
<fundamental_quantity wordnetid="113575869" confidence="0.8">
<time_period wordnetid="115113229" confidence="0.8">
<year wordnetid="115203791" confidence="0.8">
<link xlink:type="simple" xlink:href="../939/140939.xml">
1990s</link></year>
</time_period>
</fundamental_quantity>
</col>
<col style="text-align:left;border-left:2px solid #fdfdfd;width:100%;padding:0px;;;" class="navbox-list navbox-odd">
<it><movie wordnetid="106613686" confidence="0.9508927676800064">
<link xlink:type="simple" xlink:href="../023/1056023.xml">
Another 48 Hrs.</link></movie>
</it> (1990) &nbsp;·   <it><movie wordnetid="106613686" confidence="0.9508927676800064">
<link xlink:type="simple" xlink:href="../314/4460314.xml">
Trespass</link></movie>
</it> <link xlink:type="simple" xlink:href="#xpointer(//cite[@id=%22endnoteQ1%22])">
1</link> (1992) &nbsp;·    (1993) &nbsp;·   <it><product wordnetid="104007894" confidence="0.8">
<creation wordnetid="103129123" confidence="0.8">
<artifact wordnetid="100021939" confidence="0.8">
<event wordnetid="100029378" confidence="0.8">
<social_event wordnetid="107288639" confidence="0.8">
<movie wordnetid="106613686" confidence="0.8">
<show wordnetid="106619065" confidence="0.8">
<psychological_feature wordnetid="100023100" confidence="0.8">
<link xlink:type="simple" xlink:href="../109/18163109.xml">
Wild Bill</link></psychological_feature>
</show>
</movie>
</social_event>
</event>
</artifact>
</creation>
</product>
</it> (1995) &nbsp;·   <it><movie wordnetid="106613686" confidence="0.9508927676800064">
<link xlink:type="simple" xlink:href="../530/2991530.xml">
Last Man Standing</link></movie>
</it> (1996)</col>
</row>
<row style="height:2px">

</row>
<row>
<col style=";;" class="navbox-group">
<product wordnetid="104007894" confidence="0.8">
<creation wordnetid="103129123" confidence="0.8">
<artifact wordnetid="100021939" confidence="0.8">
<event wordnetid="100029378" confidence="0.8">
<social_event wordnetid="107288639" confidence="0.8">
<movie wordnetid="106613686" confidence="0.8">
<show wordnetid="106619065" confidence="0.8">
<psychological_feature wordnetid="100023100" confidence="0.8">
<link xlink:type="simple" xlink:href="../334/215334.xml">
2000s</link></psychological_feature>
</show>
</movie>
</social_event>
</event>
</artifact>
</creation>
</product>
</col>
<col style="text-align:left;border-left:2px solid #fdfdfd;width:100%;padding:0px;;;" class="navbox-list navbox-even">
<it><movie wordnetid="106613686" confidence="0.9508927676800064">
<link xlink:type="simple" xlink:href="../684/2707684.xml">
Supernova</link></movie>
</it> (2000) &nbsp;·   <it><movie wordnetid="106613686" confidence="0.9508927676800064">
<link xlink:type="simple" xlink:href="../931/3699931.xml">
Undisputed</link></movie>
</it> (2002)</col>
</row>
<row style="height:2px">

</row>
<row>
<col style=";;" class="navbox-group">
<link xlink:type="simple" xlink:href="../831/29831.xml">
Television</link></col>
<col style="text-align:left;border-left:2px solid #fdfdfd;width:100%;padding:0px;;;" class="navbox-list navbox-odd">
<it><series wordnetid="108457976" confidence="0.9508927676800064">
<link xlink:type="simple" xlink:href="../455/591455.xml">
Tales from the Crypt</link></series>
</it> &nbsp;·   <it><series wordnetid="108457976" confidence="0.9508927676800064">
<link xlink:type="simple" xlink:href="../893/762893.xml">
Deadwood</link></series>
</it> &nbsp;·    <it><movie wordnetid="106613686" confidence="0.9508927676800064">
<link xlink:type="simple" xlink:href="../237/5725237.xml">
Broken Trail</link></movie>
''</it></col>
</row>
<row style="height:2px">

</row>
<row>
<col style=";;" class="navbox-group">
<link xlink:type="simple" xlink:href="../597/83597.xml">
Screenplays</link></col>
<col style="text-align:left;border-left:2px solid #fdfdfd;width:100%;padding:0px;;;" class="navbox-list navbox-even">
<it><movie wordnetid="106613686" confidence="0.9508927676800064">
<link xlink:type="simple" xlink:href="../629/12555629.xml">
Hickey &amp; Boggs</link></movie>
</it> (1972) &nbsp;·   <it><movie wordnetid="106613686" confidence="0.9508927676800064">
<link xlink:type="simple" xlink:href="../824/585824.xml">
The Getaway</link></movie>
</it> (1972) &nbsp;·   <it><movie wordnetid="106613686" confidence="0.9508927676800064">
<link xlink:type="simple" xlink:href="../233/5099233.xml">
The Thief Who Came to Dinner</link></movie>
</it> (1973) &nbsp;·   <it><movie wordnetid="106613686" confidence="0.9508927676800064">
<link xlink:type="simple" xlink:href="../619/7917619.xml">
The Mackintosh Man</link></movie>
</it> (1973) &nbsp;·    <it><movie wordnetid="106613686" confidence="0.9508927676800064">
<link xlink:type="simple" xlink:href="../013/2637013.xml">
The Drowning Pool</link></movie>
</it> (1975) &nbsp;·   <it><movie wordnetid="106613686" confidence="0.9508927676800064">
<link xlink:type="simple" xlink:href="../494/6245494.xml">
Alien</link></movie>
</it> series &nbsp;·   <it><movie wordnetid="106613686" confidence="0.9508927676800064">
<link xlink:type="simple" xlink:href="../827/15871827.xml">
Blue City</link></movie>
</it> (1986)</col>
</row>
</table>
</col>
</row>
</table>

<link xlink:type="simple" xlink:href="#xpointer(//*[./st=%22refQ1%22])">
1</link>Directed only.</p>
<p>

<table style=";" class="navbox" cellspacing="0">
<row>
<col style="padding:2px;">
<table style="width:100%;background:transparent;color:inherit;;" class="nowraplinks collapsible collapsed " cellspacing="0">
<row>
<header colspan="2" style=";" class="navbox-title">
<image width="16px" src="United_States_film.png">
</image>
 <link xlink:type="simple" xlink:href="../199/8312199.xml">
American films by year</link></header>
</row>
<row style="height:2px;">

</row>
<row>
<col colspan="2" style=";" class="navbox-abovebelow">

American actors|Actors
&nbsp;·  
American film directors|Directors&nbsp;·  
American animation|Animation&nbsp;·  
American cinematographers|Cinematographers&nbsp;·  
American film score composers|Composers &nbsp;· 
American film editors|Editors&nbsp;·  
American films|Films A–Z&nbsp;·  
American film producers|Producers&nbsp;·   
American screenwriters|Screenwriters</col>
</row>
<row style="height:2px;">

</row>
<row>
<col colspan="2" style="width:100%;padding:0px;;;" class="navbox-list navbox-odd">
<link xlink:type="simple" xlink:href="../140/11720140.xml">
1890s</link>&nbsp;·  <link xlink:type="simple" xlink:href="../114/11858114.xml">
1900</link>&nbsp;·  <link xlink:type="simple" xlink:href="../126/11858126.xml">
1901</link>&nbsp;·  <link xlink:type="simple" xlink:href="../129/11858129.xml">
1902</link>&nbsp;·  <link xlink:type="simple" xlink:href="../319/14527319.xml">
1903</link>&nbsp;·  <link xlink:type="simple" xlink:href="../338/14527338.xml">
1904</link>&nbsp;·  <link xlink:type="simple" xlink:href="../139/11858139.xml">
1905</link>&nbsp;·  <link xlink:type="simple" xlink:href="../143/11858143.xml">
1906</link>&nbsp;·  <link xlink:type="simple" xlink:href="../146/11858146.xml">
1907</link>&nbsp;·  <link xlink:type="simple" xlink:href="../150/11858150.xml">
1908</link>&nbsp;·  <link xlink:type="simple" xlink:href="../153/11858153.xml">
1909</link>&nbsp;·  <link xlink:type="simple" xlink:href="../157/11858157.xml">
1910</link>&nbsp;·  <link xlink:type="simple" xlink:href="../158/11858158.xml">
1911</link>&nbsp;·  <link xlink:type="simple" xlink:href="../160/11858160.xml">
1912</link>&nbsp;·  <link xlink:type="simple" xlink:href="../163/11858163.xml">
1913</link>&nbsp;·  <link xlink:type="simple" xlink:href="../165/11858165.xml">
1914</link>&nbsp;·  <link xlink:type="simple" xlink:href="../171/11858171.xml">
1915</link>&nbsp;·  <link xlink:type="simple" xlink:href="../173/11858173.xml">
1916</link>&nbsp;·  <link xlink:type="simple" xlink:href="../706/11393706.xml">
1917</link>&nbsp;·  <link xlink:type="simple" xlink:href="../674/11393674.xml">
1918</link>&nbsp;·  <link xlink:type="simple" xlink:href="../619/11393619.xml">
1919</link>&nbsp;·  <link xlink:type="simple" xlink:href="../135/11393135.xml">
1920</link>&nbsp;·  <link xlink:type="simple" xlink:href="../160/11393160.xml">
1921</link>&nbsp;·  <link xlink:type="simple" xlink:href="../197/11393197.xml">
1922</link>&nbsp;·  <link xlink:type="simple" xlink:href="../245/11393245.xml">
1923</link>&nbsp;·  <link xlink:type="simple" xlink:href="../279/11393279.xml">
1924</link>&nbsp;·  <link xlink:type="simple" xlink:href="../316/11393316.xml">
1925</link>&nbsp;·  <link xlink:type="simple" xlink:href="../384/11393384.xml">
1926</link>&nbsp;·  <link xlink:type="simple" xlink:href="../422/11393422.xml">
1927</link>&nbsp;·  <link xlink:type="simple" xlink:href="../460/11393460.xml">
1928</link>&nbsp;·  <link xlink:type="simple" xlink:href="../501/11393501.xml">
1929</link>&nbsp;·  <link xlink:type="simple" xlink:href="../323/11359323.xml">
1930</link>&nbsp;·  <link xlink:type="simple" xlink:href="../240/11360240.xml">
1931</link>&nbsp;·  <link xlink:type="simple" xlink:href="../560/11360560.xml">
1932</link>&nbsp;·  <link xlink:type="simple" xlink:href="../651/11360651.xml">
1933</link>&nbsp;·  <link xlink:type="simple" xlink:href="../772/11360772.xml">
1934</link>&nbsp;·  <link xlink:type="simple" xlink:href="../834/11360834.xml">
1935</link>&nbsp;·  <link xlink:type="simple" xlink:href="../277/11363277.xml">
1936</link>&nbsp;·  <link xlink:type="simple" xlink:href="../353/11363353.xml">
1937</link>&nbsp;·  <link xlink:type="simple" xlink:href="../383/11363383.xml">
1938</link>&nbsp;·  <link xlink:type="simple" xlink:href="../439/11363439.xml">
1939</link>&nbsp;·  <link xlink:type="simple" xlink:href="../420/11394420.xml">
1940</link>&nbsp;·  <link xlink:type="simple" xlink:href="../265/11572265.xml">
1941</link>&nbsp;·  <link xlink:type="simple" xlink:href="../739/11572739.xml">
1942</link>&nbsp;·  <link xlink:type="simple" xlink:href="../281/11573281.xml">
1943</link>&nbsp;·  <link xlink:type="simple" xlink:href="../404/11715404.xml">
1944</link>&nbsp;·  <link xlink:type="simple" xlink:href="../056/11716056.xml">
1945</link>&nbsp;·  <link xlink:type="simple" xlink:href="../610/11716610.xml">
1946</link>&nbsp;·  <link xlink:type="simple" xlink:href="../174/11717174.xml">
1947</link>&nbsp;·  <link xlink:type="simple" xlink:href="../433/11717433.xml">
1948</link>&nbsp;·  <link xlink:type="simple" xlink:href="../666/11717666.xml">
1949</link>&nbsp;·  <link xlink:type="simple" xlink:href="../184/11718184.xml">
1950</link>&nbsp;·  <link xlink:type="simple" xlink:href="../471/11718471.xml">
1951</link>&nbsp;·  <link xlink:type="simple" xlink:href="../628/11718628.xml">
1952</link>&nbsp;·  <link xlink:type="simple" xlink:href="../147/11719147.xml">
1953</link>&nbsp;·  <link xlink:type="simple" xlink:href="../423/11719423.xml">
1954</link>&nbsp;·  <link xlink:type="simple" xlink:href="../528/11858528.xml">
1955</link>&nbsp;·  <link xlink:type="simple" xlink:href="../311/11729311.xml">
1956</link>&nbsp;·  <link xlink:type="simple" xlink:href="../985/11727985.xml">
1957</link>&nbsp;·  <link xlink:type="simple" xlink:href="../979/11729979.xml">
1958</link>&nbsp;·  <link xlink:type="simple" xlink:href="../751/11719751.xml">
1959</link>&nbsp;·  <link xlink:type="simple" xlink:href="../177/11728177.xml">
1960</link>&nbsp;·  <link xlink:type="simple" xlink:href="../519/11858519.xml">
1961</link>&nbsp;·  <link xlink:type="simple" xlink:href="../701/11727701.xml">
1962</link>&nbsp;·  <link xlink:type="simple" xlink:href="../520/11858520.xml">
1963</link>&nbsp;·  <link xlink:type="simple" xlink:href="../730/11729730.xml">
1964</link>&nbsp;·  <link xlink:type="simple" xlink:href="../957/11721957.xml">
1965</link>&nbsp;·  <link xlink:type="simple" xlink:href="../380/11728380.xml">
1966</link>&nbsp;·  <link xlink:type="simple" xlink:href="../811/11727811.xml">
1967</link>&nbsp;·  <link xlink:type="simple" xlink:href="../630/11728630.xml">
1968</link>&nbsp;·  <link xlink:type="simple" xlink:href="../316/11721316.xml">
1969</link>&nbsp;·  <link xlink:type="simple" xlink:href="../496/11858496.xml">
1970</link>&nbsp;·  <link xlink:type="simple" xlink:href="../606/11729606.xml">
1971</link>&nbsp;·  <link xlink:type="simple" xlink:href="../333/11727333.xml">
1972</link>&nbsp;·  <link xlink:type="simple" xlink:href="../665/11730665.xml">
1973</link>&nbsp;·  <link xlink:type="simple" xlink:href="../212/11729212.xml">
1974</link>&nbsp;·  <link xlink:type="simple" xlink:href="../101/11728101.xml">
1975</link>&nbsp;·  <link xlink:type="simple" xlink:href="../524/11858524.xml">
1976</link>&nbsp;·  <link xlink:type="simple" xlink:href="../923/11729923.xml">
1977</link>&nbsp;·  <link xlink:type="simple" xlink:href="../527/11858527.xml">
1978</link>&nbsp;·  <link xlink:type="simple" xlink:href="../262/11728262.xml">
1979</link>&nbsp;·  <link xlink:type="simple" xlink:href="../517/11858517.xml">
1980</link>&nbsp;·  <link xlink:type="simple" xlink:href="../513/11858513.xml">
1981</link>&nbsp;·  <link xlink:type="simple" xlink:href="../476/11729476.xml">
1982</link>&nbsp;·  <link xlink:type="simple" xlink:href="../511/11858511.xml">
1983</link>&nbsp;·  <link xlink:type="simple" xlink:href="../508/11858508.xml">
1984</link>&nbsp;·  <link xlink:type="simple" xlink:href="../920/11726920.xml">
1985</link>&nbsp;·  <link xlink:type="simple" xlink:href="../578/11730578.xml">
1986</link>&nbsp;·  <link xlink:type="simple" xlink:href="../858/11727858.xml">
1987</link>&nbsp;·  <link xlink:type="simple" xlink:href="../537/11728537.xml">
1988</link>&nbsp;·  <link xlink:type="simple" xlink:href="../563/11727563.xml">
1989</link>&nbsp;·  <link xlink:type="simple" xlink:href="../182/11858182.xml">
1990</link>&nbsp;·  <link xlink:type="simple" xlink:href="../184/11858184.xml">
1991</link>&nbsp;·  <link xlink:type="simple" xlink:href="../188/11858188.xml">
1992</link>&nbsp;·  <link xlink:type="simple" xlink:href="../194/11858194.xml">
1993</link>&nbsp;·  <link xlink:type="simple" xlink:href="../196/11858196.xml">
1994</link>&nbsp;·  <link xlink:type="simple" xlink:href="../805/11730805.xml">
1995</link>&nbsp;·  <link xlink:type="simple" xlink:href="../505/11858505.xml">
1996</link>&nbsp;·  <link xlink:type="simple" xlink:href="../078/11729078.xml">
1997</link>&nbsp;·  <link xlink:type="simple" xlink:href="../504/11858504.xml">
1998</link>&nbsp;·  <link xlink:type="simple" xlink:href="../501/11858501.xml">
1999</link>&nbsp;·  <link xlink:type="simple" xlink:href="../198/11858198.xml">
2000</link>&nbsp;·  <link xlink:type="simple" xlink:href="../201/11858201.xml">
2001</link>&nbsp;·  <link xlink:type="simple" xlink:href="../204/11858204.xml">
2002</link>&nbsp;·  <link xlink:type="simple" xlink:href="../206/11858206.xml">
2003</link>&nbsp;·  <link xlink:type="simple" xlink:href="../210/11858210.xml">
2004</link>&nbsp;·  <link xlink:type="simple" xlink:href="../212/11858212.xml">
2005</link>&nbsp;·  <link xlink:type="simple" xlink:href="../215/11858215.xml">
2006</link>&nbsp;·  <link xlink:type="simple" xlink:href="../219/11858219.xml">
2007</link>&nbsp;·  <link xlink:type="simple" xlink:href="../230/11858230.xml">
2008</link></col>
</row>
</table>
</col>
</row>
</table>
</p>



</sec>
</bdy>
</movie>
</article>
