<?xml version="1.0" encoding="UTF-8"?>
<!-- generated by CLiX/Wiki2XML [MPI-Inf, MMCI@UdS] $LastChangedRevision: 92 $ on 16.04.2009 18:05:38[mciao0828] -->
<!DOCTYPE article SYSTEM "../article.dtd">
<article xmlns:xlink="http://www.w3.org/1999/xlink">
<event  confidence="0.8" wordnetid="100029378">
<rule  confidence="0.8" wordnetid="105846932">
<act  confidence="0.8" wordnetid="100030358">
<psychological_feature  confidence="0.8" wordnetid="100023100">
<procedure  confidence="0.8" wordnetid="101023820">
<activity  confidence="0.8" wordnetid="100407535">
<algorithm  confidence="0.8" wordnetid="105847438">
<header>
<title>Leaky bucket</title>
<id>1056496</id>
<revision>
<id>244115832</id>
<timestamp>2008-10-09T12:31:08Z</timestamp>
<contributor>
<username>Jdiemer</username>
<id>179464</id>
</contributor>
</revision>
<categories>
<category>Articles with invalid date parameter in template</category>
<category>Networking algorithms</category>
<category>Accuracy disputes from March 2008</category>
</categories>
</header>
<bdy>

<table class="metadata plainlinks ambox ">
<row>
<col>

ambox-content" style=""</col>
</row>
<row>
<col class="mbox-image"><p>

<image width="40x40px" src="Ambox_content.png">
</image>
</p>
</col>
<col style="" class="mbox-text">
 <b>The factual accuracy of this article is .</b></col>
</row>
</table>

<p>

Although the <b>leaky bucket</b> algorithm has several uses, it is best understood in the context of network <link xlink:type="simple" xlink:href="../669/242669.xml">
traffic shaping</link> or <link xlink:type="simple" xlink:href="../684/986684.xml">
rate limiting</link>.  Typically, the algorithm is used to control the rate at which data is injected into a <link xlink:type="simple" xlink:href="../592/4122592.xml">
network</link>, smoothing out "<link>
burstiness</link>" in the data rate.</p>

<sec>
<st>
 Traffic shaping algorithms </st>

<p>

Two predominant methods for shaping traffic exist : a leaky bucket implementation and a <link xlink:type="simple" xlink:href="../299/1107299.xml">
token bucket</link> implementation. Sometimes the leaky bucket and token bucket algorithms are mistakenly lumped together under the same name. Both these schemes have distinct properties and are used for distinct purposes <link xlink:type="simple" xlink:href="#xpointer(//*[./st=%22REF%22])">
[1]</link>. They differ principally in that the leaky bucket imposes a hard limit on the data transmission rate, whereas the token bucket allows a certain amount of burstiness while imposing a limit on the average data transmission rate.</p>

</sec>
<sec>
<st>
 Uses </st>
<p>

<image width="150px" src="LeakyBucket.png" type="frame">
<caption>

Figure 1: A simple Leaky Bucket <link xlink:type="simple" xlink:href="#xpointer(//*[./st=%22REF%22])">
[1]</link> 
</caption>
</image>

The leaky-bucket implementation is used to control the rate at which traffic is sent to the network (see Figure 1). A leaky bucket provides a mechanism by which bursty traffic can be shaped to present a steady stream of traffic to the network, as opposed to traffic with erratic bursts of low-volume and high-volume flows.</p>

</sec>
<sec>
<st>
 The leaky-bucket algorithm </st>

<p>

The algorithm can be conceptually understood as follows:
<list>
<entry level="1" type="bullet">

Consider a bucket with a hole in the bottom.</entry>
<entry level="1" type="bullet">

If packets arrive, they are placed into the bucket. If the bucket is full, packets are discarded.</entry>
<entry level="1" type="bullet">

Packets in the bucket are sent at a <b>constant rate</b>, equivalent to the size of the hole in the bucket.</entry>
</list>
</p>
<p>

The <link xlink:type="simple" xlink:href="../583/1616583.xml">
Generic Cell Rate Algorithm</link> used in traffic shaping of ATM networks is equivalent to the leaky bucket algorithm.</p>
<p>

In one of the earliest publications mentioning the leaky bucket algorithm, J.S. Turner describes it like this <ref xlink:type="simple" xlink:href="#xpointer(//reflist/entry[@id=%221%22])">1</ref>: </p>
<p>

"A counter associated with each user transmitting on a connection is incremented whenever the user sends a packet and is decremented periodically. If the counter exceeds a threshold upon being incremented, the network discards the packet. The user specifies the rate at which the counter is decremented (this determines the average bandwidth) and the value of the threshold (a measure of burstiness)."</p>

</sec>
<sec>
<st>
 Automobile traffic analogy </st>

<p>

An appropriate analogy for the leaky bucket is a scenario in which four lanes of automobile traffic converge into a single lane. A regulated admission interval into the single lane of traffic flow helps the traffic move. The benefit of this approach is that traffic flow into the major arteries (the network) is predictable and controlled. The major liability is that when the volume of traffic is vastly greater than the bucket size, in conjunction with the drainage-time interval, inward traffic for the bucket and beyond bucket capacity, is discarded <link xlink:type="simple" xlink:href="#xpointer(//*[./st=%22REF%22])">
[1]</link></p>

</sec>
<sec>
<st>
 Inefficiency of the leaky-bucket implementation </st>

<p>

The leaky-bucket implementation does not efficiently use available network resources. Because its leak rate is a fixed parameter, there will be many instances when the traffic volume is very low and large portions of network resources (bandwidth in particular) are not being used. Therefore no mechanism exists in the leaky-bucket implementation to allow individual flows to burst up to port speed, effectively consuming network resources at times when there would not be resource contention in the network. The token bucket implementation does however accommodate traffic flows with bursty characteristics <link xlink:type="simple" xlink:href="#xpointer(//*[./st=%22REF%22])">
[1]</link>. The leaky-bucket and token bucket implementations can be combined to provide maximum efficiency and control of the traffic flows into a network.</p>

</sec>
<sec>
<st>
See also</st>
<p>

<list>
<entry level="1" type="bullet">

<event wordnetid="100029378" confidence="0.8">
<rule wordnetid="105846932" confidence="0.8">
<act wordnetid="100030358" confidence="0.8">
<psychological_feature wordnetid="100023100" confidence="0.8">
<procedure wordnetid="101023820" confidence="0.8">
<activity wordnetid="100407535" confidence="0.8">
<algorithm wordnetid="105847438" confidence="0.8">
<link xlink:type="simple" xlink:href="../299/1107299.xml">
Token bucket</link></algorithm>
</activity>
</procedure>
</psychological_feature>
</act>
</rule>
</event>
</entry>
<entry level="1" type="bullet">

<link xlink:type="simple" xlink:href="../669/242669.xml">
Traffic shaping</link></entry>
<entry level="1" type="bullet">

<link xlink:type="simple" xlink:href="../684/986684.xml">
Rate limiting</link></entry>
<entry level="1" type="bullet">

Congestion Avoidance in <link xlink:type="simple" xlink:href="../402/1585402.xml">
Broadband Networks</link></entry>
<entry level="1" type="bullet">

The <link xlink:type="simple" xlink:href="../583/1616583.xml">
Generic Cell Rate Algorithm</link></entry>
</list>
</p>

</sec>
<sec>
<st>
 References </st>
<p>

<reflist>
<entry id="1">
 <cite style="font-style:normal">Turner, J.&#32;(1986).&#32;"New directions in communications (or which way to the information age?)". <it>Communications Magazine, IEEE</it>&#32;<b>24</b>&#32;(10): 8-15. <symbol wordnetid="106806469" confidence="0.8">
<standard wordnetid="107260623" confidence="0.8">
<signal wordnetid="106791372" confidence="0.8">
<identifier wordnetid="107270601" confidence="0.8">
<system_of_measurement wordnetid="113577171" confidence="0.8">
<link xlink:type="simple" xlink:href="../930/234930.xml">
ISSN</link></system_of_measurement>
</identifier>
</signal>
</standard>
</symbol>
 <weblink xlink:type="simple" xlink:href="http://worldcat.org/issn/0163-6804">
0163-6804</weblink>.</cite>&nbsp;</entry>
</reflist>
</p>
<p>

<list>
<entry level="1" type="bullet">

 "Deploying IP and MPLS QoS for Multiservice Networks: Theory and Practice" by John Evans, Clarence Filsfils (Morgan Kaufmann, 2007, ISBN 0-12-370549-5)</entry>
</list>
</p>
<p>

<list>
<entry level="1" type="bullet">

 Ferguson P., Huston G., Quality of Service: Delivering QoS on the Internet and in Corporate Networks, John Wiley &amp; Sons, Inc., 1998.</entry>
</list>
</p>


</sec>
</bdy>
</algorithm>
</activity>
</procedure>
</psychological_feature>
</act>
</rule>
</event>
</article>
