<?xml version="1.0" encoding="UTF-8"?>
<!-- generated by CLiX/Wiki2XML [MPI-Inf, MMCI@UdS] $LastChangedRevision: 92 $ on 17.04.2009 00:21:32[mciao0825] -->
<!DOCTYPE article SYSTEM "../article.dtd">
<article xmlns:xlink="http://www.w3.org/1999/xlink">
<physical_entity  confidence="0.8" wordnetid="100001930">
<peer  confidence="0.8" wordnetid="109626238">
<person  confidence="0.8" wordnetid="100007846">
<colleague  confidence="0.8" wordnetid="109935990">
<causal_agent  confidence="0.8" wordnetid="100007347">
<associate  confidence="0.8" wordnetid="109816771">
<header>
<title>Edward J. McCluskey</title>
<id>10597563</id>
<revision>
<id>211911064</id>
<timestamp>2008-05-12T17:34:08Z</timestamp>
<contributor>
<username>Halibutt</username>
<id>32233</id>
</contributor>
</revision>
<categories>
<category>Fellows of the Institute of Electrical and Electronics Engineers</category>
<category>Fellows of the American Association for the Advancement of Science</category>
<category>Members of the United States National Academy of Engineering</category>
<category>Fellows of the Association for Computing Machinery</category>
</categories>
</header>
<bdy>

<b>Edward J. McCluskey</b> (16 October 1929, Orange, New Jersey) is currently a Professor Emeritus at <university wordnetid="108286163" confidence="0.9508927676800064">
<link xlink:type="simple" xlink:href="../977/26977.xml">
Stanford University</link></university>
.  He is a pioneer in the field of <link xlink:type="simple" xlink:href="../531/9531.xml">
Electrical Engineering</link>.
<sec>
<st>
Biography</st>

<p>

Professor McCluskey worked on electronic switching systems at the <link xlink:type="simple" xlink:href="../712/3712.xml">
Bell Telephone Laboratories</link> from 1955 to 1959. In 1959, he moved to <university wordnetid="108286163" confidence="0.9508927676800064">
<link xlink:type="simple" xlink:href="../922/23922.xml">
Princeton University</link></university>
, where he was Professor of Electrical Engineering and Director of the University Computer Center. In 1966, he joined <university wordnetid="108286163" confidence="0.9508927676800064">
<link xlink:type="simple" xlink:href="../977/26977.xml">
Stanford University</link></university>
, where he is currently Emeritus Professor of Electrical Engineering and Computer Science, as well as Director of the Center for Reliable Computing. He founded the Stanford Digital Systems Laboratory (now the Computer Systems Laboratory) in 1969 and the Stanford Computer Engineering Program (now the Computer Science MS Degree Program) in 1970. The Stanford Computer Forum (an Industrial Affiliates Program) was started by Dr. McCluskey and two colleagues in 1970 and he was its Director until 1978. Professor McCluskey leads the Reliability and Testing Symposium (RATS). He has mentored over 70 PhD students and has an expanding family of academic 'grandchildren.'<ref xlink:type="simple" xlink:href="#xpointer(//reflist/entry[@id=%221%22])">1</ref>. He also has a hat fetish. <ref xlink:type="simple" xlink:href="#xpointer(//reflist/entry[@id=%222%22])">2</ref></p>

</sec>
<sec>
<st>
Focus of Research</st>

<p>

Professor McCluskey developed the first algorithm for designing combinational circuits - the <link xlink:type="simple" xlink:href="../263/317263.xml">
Quine-McCluskey</link> logic minimization procedure as a doctoral student at <link xlink:type="simple" xlink:href="../061/19061.xml">
MIT</link>.  His thesis, supervised by <physical_entity wordnetid="100001930" confidence="0.8">
<person wordnetid="100007846" confidence="0.8">
<pioneer wordnetid="110434725" confidence="0.8">
<engineer wordnetid="109615807" confidence="0.8">
<causal_agent wordnetid="100007347" confidence="0.8">
<originator wordnetid="110383816" confidence="0.8">
<creator wordnetid="109614315" confidence="0.8">
<link xlink:type="simple" xlink:href="../004/12733004.xml">
Samuel H. Caldwell</link></creator>
</originator>
</causal_agent>
</engineer>
</pioneer>
</person>
</physical_entity>
 was entitled <it>Algebraic Minimization and the Design of Two-Terminal Contact Networks</it> (1956). At Bell Labs and Princeton, he developed the modern theory of transients (hazards) in logic networks and formulated the concept of operating modes of sequential circuits. His Stanford research focuses on logic testing, synthesis, design for testability, and fault-tolerant computing. Professor McCluskey and his students at the Center for Reliable Computing worked out many key ideas for fault equivalence, probabilistic modeling of logic networks, pseudo-exhaustive testing, and watchdog processors. He collaborated with Signetics researchers in developing one of the first practical multivalued logic implementations and then worked out a design technique for such circuitry.</p>

</sec>
<sec>
<st>
Membership in Organizations</st>

<p>

Dr. McCluskey served as the first President of the <link xlink:type="simple" xlink:href="../938/56938.xml">
IEEE</link> Computer Society. He is the recipient of the 1996 <link xlink:type="simple" xlink:href="../312/13263312.xml">
IEEE Emanuel R. Piore Award</link>. He is a Fellow of the IEEE, <link xlink:type="simple" xlink:href="../056/243056.xml">
AAAS</link>, and <organization wordnetid="108008335" confidence="0.9508927676800064">
<link xlink:type="simple" xlink:href="../ury/30th_century.xml">
ACM</link></organization>
; and a member of the <link xlink:type="simple" xlink:href="../673/4089673.xml">
NAE</link> (1998).<ref xlink:type="simple" xlink:href="#xpointer(//reflist/entry[@id=%223%22])">3</ref> He has honorary doctorates from the <link xlink:type="simple" xlink:href="../950/4865950.xml">
University of Grenoble</link> and <university wordnetid="108286163" confidence="0.9508927676800064">
<ranking wordnetid="114429484" confidence="0.9508927676800064">
<link xlink:type="simple" xlink:href="../798/197798.xml">
Bowdoin College</link></ranking>
</university>
.</p>

</sec>
<sec>
<st>
References</st>

<p>

<reflist>
<entry id="1">
<weblink xlink:type="simple" xlink:href="http://genealogy.math.ndsu.nodak.edu/html/id.phtml?id=71057">
Mathematical Genealogy</weblink></entry>
<entry id="2">
<weblink xlink:type="simple" xlink:href="http://www-crc.stanford.edu/users/ejm/hats.html">
Hats at Stanford</weblink></entry>
<entry id="3">
<weblink xlink:type="simple" xlink:href="http://www.nae.edu/nae/naepub.nsf/Members+By+UNID/1204AD6D71A7181A852569E00060CE60?opendocument">
Bio at NAE</weblink></entry>
</reflist>
</p>
<p>

<list>
<entry level="1" type="bullet">

<weblink xlink:type="simple" xlink:href="http://www-crc.stanford.edu/users/ejm/McCluskey_Edward.html">
McCluskey's page at Stanford</weblink></entry>
<entry level="1" type="bullet">

<weblink xlink:type="simple" xlink:href="http://www-crc.stanford.edu/users/ejm/cv.html">
CV</weblink></entry>
<entry level="1" type="bullet">

<weblink xlink:type="simple" xlink:href="http://www.thocp.net/biographies/mccluskey_edward.htm">
Biography of McCluskey</weblink></entry>
</list>
</p>


</sec>
</bdy>
</associate>
</causal_agent>
</colleague>
</person>
</peer>
</physical_entity>
</article>
