<?xml version="1.0" encoding="UTF-8"?>
<!-- generated by CLiX/Wiki2XML [MPI-Inf, MMCI@UdS] $LastChangedRevision: 92 $ on 17.04.2009 00:26:39[mciao0827] -->
<!DOCTYPE article SYSTEM "../article.dtd">
<article xmlns:xlink="http://www.w3.org/1999/xlink">
<physical_entity  confidence="0.8" wordnetid="100001930">
<person  confidence="0.8" wordnetid="100007846">
<performer  confidence="0.8" wordnetid="110415638">
<causal_agent  confidence="0.8" wordnetid="100007347">
<actor  confidence="0.8" wordnetid="109765278">
<entertainer  confidence="0.8" wordnetid="109616922">
<header>
<title>Sydney Tafler</title>
<id>10602661</id>
<revision>
<id>239570553</id>
<timestamp>2008-09-19T14:22:38Z</timestamp>
<contributor>
<username>Lightbot</username>
<id>7178666</id>
</contributor>
</revision>
<categories>
<category>English television actors</category>
<category>1916 births</category>
<category>1979 deaths</category>
<category>English film actors</category>
</categories>
</header>
<bdy>

<b>Sydney Tafler</b> (<link xlink:type="simple" xlink:href="../439/18679439.xml">
July 31</link> <link xlink:type="simple" xlink:href="../677/34677.xml">
1916</link> - <link xlink:type="simple" xlink:href="../759/21759.xml">
November 8</link> <link xlink:type="simple" xlink:href="../754/34754.xml">
1979</link>), was a <island wordnetid="109316454" confidence="0.9508927676800064">
<link xlink:type="simple" xlink:href="../298/13530298.xml">
British</link></island>
 film  and television actor.  First appearing in London's <event wordnetid="100029378" confidence="0.8">
<social_event wordnetid="107288639" confidence="0.8">
<show wordnetid="106619065" confidence="0.8">
<psychological_feature wordnetid="100023100" confidence="0.8">
<attraction wordnetid="106615561" confidence="0.8">
<link xlink:type="simple" xlink:href="../952/1154952.xml">
West End</link></attraction>
</psychological_feature>
</show>
</social_event>
</event>
 in 1936 after two years at the <school wordnetid="108276720" confidence="0.8">
<educational_institution wordnetid="108276342" confidence="0.8">
<institution wordnetid="108053576" confidence="0.8">
<link xlink:type="simple" xlink:href="../026/163026.xml">
Royal Academy of Dramatic Art</link></institution>
</educational_institution>
</school>
 with <link>
Sir Seymour Hicks</link> in <link>
The Man in Dress Clothes</link>.<p>

Tafler is best remembered for his appearances on British television alongside <physical_entity wordnetid="100001930" confidence="0.8">
<person wordnetid="100007846" confidence="0.8">
<football_player wordnetid="110101634" confidence="0.8">
<player wordnetid="110439851" confidence="0.8">
<preserver wordnetid="110466918" confidence="0.8">
<contestant wordnetid="109613191" confidence="0.8">
<defender wordnetid="109614684" confidence="0.8">
<causal_agent wordnetid="100007347" confidence="0.8">
<athlete wordnetid="109820263" confidence="0.8">
<link xlink:type="simple" xlink:href="../186/Intel_80186.xml">
Sidney James</link></athlete>
</causal_agent>
</defender>
</contestant>
</preserver>
</player>
</football_player>
</person>
</physical_entity>
 and <person wordnetid="100007846" confidence="0.9508927676800064">
<actor wordnetid="109765278" confidence="0.9173553029164789">
<link xlink:type="simple" xlink:href="../972/36972.xml">
Tony Hancock</link></actor>
</person>
 in the early 1960s. His other television work included, <it>Angel Pavement Series</it>, <it>The Gentle Killers</it>, <it>The Infernal Machine</it>, <it>Focus</it>, <it>Citizen James</it> (series), <it>Dixon of Dock Green</it> and <it>Hadleigh</it> (series).  His father was an antiques dealer.</p>
<p>

He was married to <physical_entity wordnetid="100001930" confidence="0.8">
<person wordnetid="100007846" confidence="0.8">
<performer wordnetid="110415638" confidence="0.8">
<causal_agent wordnetid="100007347" confidence="0.8">
<actor wordnetid="109765278" confidence="0.8">
<entertainer wordnetid="109616922" confidence="0.8">
<link xlink:type="simple" xlink:href="../876/8123876.xml">
Joy Shelton</link></entertainer>
</actor>
</causal_agent>
</performer>
</person>
</physical_entity>
 from 1944 until his death; they had three children - two sons Jeremy and Jonathan and a daughter Jennifer. </p>
<p>

He appeared in many films from 1947 to 1977, ending with the <physical_entity wordnetid="100001930" confidence="0.8">
<person wordnetid="100007846" confidence="0.8">
<player wordnetid="110439851" confidence="0.8">
<contestant wordnetid="109613191" confidence="0.8">
<creator wordnetid="109614315" confidence="0.8">
<socialite wordnetid="110619409" confidence="0.8">
<gambler wordnetid="110118844" confidence="0.8">
<principal wordnetid="110474950" confidence="0.8">
<criminal wordnetid="109977660" confidence="0.8">
<lawman wordnetid="110249459" confidence="0.8">
<artist wordnetid="109812338" confidence="0.8">
<bad_person wordnetid="109831962" confidence="0.8">
<important_person wordnetid="110200781" confidence="0.8">
<policeman wordnetid="110448983" confidence="0.8">
<preserver wordnetid="110466918" confidence="0.8">
<adult wordnetid="109605289" confidence="0.8">
<bodyguard wordnetid="109863031" confidence="0.8">
<golfer wordnetid="110136959" confidence="0.8">
<assassin wordnetid="109813696" confidence="0.8">
<wrongdoer wordnetid="109633969" confidence="0.8">
<defender wordnetid="109614684" confidence="0.8">
<causal_agent wordnetid="100007347" confidence="0.8">
<murderer wordnetid="110338707" confidence="0.8">
<killer wordnetid="110231087" confidence="0.8">
<detective wordnetid="110009276" confidence="0.8">
<link xlink:type="simple" xlink:href="../604/15604.xml">
James Bond</link></detective>
</killer>
</murderer>
</causal_agent>
</defender>
</wrongdoer>
</assassin>
</golfer>
</bodyguard>
</adult>
</preserver>
</policeman>
</important_person>
</bad_person>
</artist>
</lawman>
</criminal>
</principal>
</gambler>
</socialite>
</creator>
</contestant>
</player>
</person>
</physical_entity>
 film <it><product wordnetid="104007894" confidence="0.8">
<creation wordnetid="103129123" confidence="0.8">
<artifact wordnetid="100021939" confidence="0.8">
<event wordnetid="100029378" confidence="0.8">
<social_event wordnetid="107288639" confidence="0.8">
<movie wordnetid="106613686" confidence="0.8">
<show wordnetid="106619065" confidence="0.8">
<psychological_feature wordnetid="100023100" confidence="0.8">
<link xlink:type="simple" xlink:href="../036/6446036.xml">
The Spy Who Loved Me</link></psychological_feature>
</show>
</movie>
</social_event>
</event>
</artifact>
</creation>
</product>
</it>.</p>

<sec>
<st>
Selected filmography</st>
<p>

<list>
<entry level="1" type="bullet">

<it><product wordnetid="104007894" confidence="0.8">
<creation wordnetid="103129123" confidence="0.8">
<artifact wordnetid="100021939" confidence="0.8">
<event wordnetid="100029378" confidence="0.8">
<social_event wordnetid="107288639" confidence="0.8">
<movie wordnetid="106613686" confidence="0.8">
<show wordnetid="106619065" confidence="0.8">
<psychological_feature wordnetid="100023100" confidence="0.8">
<link xlink:type="simple" xlink:href="../036/6446036.xml">
The Spy Who Loved Me</link></psychological_feature>
</show>
</movie>
</social_event>
</event>
</artifact>
</creation>
</product>
</it> (1977)</entry>
<entry level="1" type="bullet">

<it><movie wordnetid="106613686" confidence="0.9508927676800064">
<link xlink:type="simple" xlink:href="../483/10113483.xml">
The Birthday Party</link></movie>
</it> (1968)</entry>
<entry level="1" type="bullet">

<it><movie wordnetid="106613686" confidence="0.9508927676800064">
<link xlink:type="simple" xlink:href="../503/98503.xml">
Alfie</link></movie>
</it> (1966)</entry>
<entry level="1" type="bullet">

<it><movie wordnetid="106613686" confidence="0.9508927676800064">
<link xlink:type="simple" xlink:href="../467/15780467.xml">
The 7th Dawn</link></movie>
</it> (1964)</entry>
<entry level="1" type="bullet">

<it><movie wordnetid="106613686" confidence="0.9508927676800064">
<link xlink:type="simple" xlink:href="../594/3694594.xml">
Carry On Regardless</link></movie>
</it> (1961)</entry>
<entry level="1" type="bullet">

<it><movie wordnetid="106613686" confidence="0.9508927676800064">
<link xlink:type="simple" xlink:href="../173/1172173.xml">
Sink the Bismarck!</link></movie>
</it> (1960)</entry>
<entry level="1" type="bullet">

<it><movie wordnetid="106613686" confidence="0.9508927676800064">
<link xlink:type="simple" xlink:href="../637/1873637.xml">
Carve Her Name with Pride</link></movie>
</it> (1958)</entry>
<entry level="1" type="bullet">

<it><movie wordnetid="106613686" confidence="0.9508927676800064">
<link xlink:type="simple" xlink:href="../955/1161955.xml">
Reach for the Sky</link></movie>
</it> (1956)</entry>
<entry level="1" type="bullet">

<it><movie wordnetid="106613686" confidence="0.9508927676800064">
<link xlink:type="simple" xlink:href="../320/5260320.xml">
A Kid for Two Farthings</link></movie>
</it> (1955)</entry>
<entry level="1" type="bullet">

<it><movie wordnetid="106613686" confidence="0.9508927676800064">
<link xlink:type="simple" xlink:href="../769/1164769.xml">
The Sea Shall Not Have Them</link></movie>
</it> (1954)</entry>
<entry level="1" type="bullet">

<it><product wordnetid="104007894" confidence="0.8">
<creation wordnetid="103129123" confidence="0.8">
<artifact wordnetid="100021939" confidence="0.8">
<event wordnetid="100029378" confidence="0.8">
<social_event wordnetid="107288639" confidence="0.8">
<movie wordnetid="106613686" confidence="0.8">
<show wordnetid="106619065" confidence="0.8">
<psychological_feature wordnetid="100023100" confidence="0.8">
<link xlink:type="simple" xlink:href="../832/12758832.xml">
Emergency Call</link></psychological_feature>
</show>
</movie>
</social_event>
</event>
</artifact>
</creation>
</product>
</it> (1952)</entry>
<entry level="1" type="bullet">

<it><movie wordnetid="106613686" confidence="0.9508927676800064">
<link xlink:type="simple" xlink:href="../632/156632.xml">
The Lavender Hill Mob</link></movie>
</it> (1951)</entry>
<entry level="1" type="bullet">

<it><movie wordnetid="106613686" confidence="0.9508927676800064">
<link xlink:type="simple" xlink:href="../991/254991.xml">
Passport to Pimlico</link></movie>
</it> (1949)</entry>
<entry level="1" type="bullet">

<it><movie wordnetid="106613686" confidence="0.9508927676800064">
<link xlink:type="simple" xlink:href="../453/11069453.xml">
It Always Rains on Sunday</link></movie>
</it> (1947)</entry>
</list>
</p>

</sec>
<sec>
<st>
 Sources </st>
<p>

<list>
<entry level="1" type="bullet">

 <weblink xlink:type="simple" xlink:href="http://www.findagrave.com/cgi-bin/fg.cgi?page=gr&amp;GRid=6871921">
Sydney Tafler </weblink> at <web_site wordnetid="106359193" confidence="0.9508927676800064">
<link xlink:type="simple" xlink:href="../447/2906447.xml">
Find A Grave</link></web_site>
</entry>
</list>
</p>

</sec>
<sec>
<st>
 External links </st>
<p>

<list>
<entry level="1" type="bullet">

 <weblink xlink:type="simple" xlink:href="http://www.imdb.com/name/nm0846407/">
Sydney Tafler</weblink> at the <web_site wordnetid="106359193" confidence="0.9508927676800064">
<link xlink:type="simple" xlink:href="../554/2855554.xml">
Internet Movie Database</link></web_site>
</entry>
</list>
</p>





</sec>
</bdy>
</entertainer>
</actor>
</causal_agent>
</performer>
</person>
</physical_entity>
</article>
