<?xml version="1.0" encoding="UTF-8"?>
<!-- generated by CLiX/Wiki2XML [MPI-Inf, MMCI@UdS] $LastChangedRevision: 92 $ on 16.04.2009 18:04:47[mciao0827] -->
<!DOCTYPE article SYSTEM "../article.dtd">
<article xmlns:xlink="http://www.w3.org/1999/xlink">
<organization  confidence="0.9511911446218017" wordnetid="108008335">
<header>
<title>Cooler Heads Coalition</title>
<id>1070321</id>
<revision>
<id>244309950</id>
<timestamp>2008-10-10T05:31:26Z</timestamp>
<contributor>
<username>Yilloslime</username>
<id>3374312</id>
</contributor>
</revision>
<categories>
<category>Organizations established in 1997</category>
<category>Consumer organizations</category>
<category>2006 disestablishments</category>
<category>Organizations of environmentalism skeptics and critics</category>
</categories>
</header>
<bdy>

The <b>Cooler Heads Coalition</b> was originally a project of the National Consumer Coalition, a project of the nonprofit organization Consumer Alert.<ref xlink:type="simple" xlink:href="#xpointer(//reflist/entry[@id=%221%22])">1</ref>. The Cooler Heads Coalition is now financed and operated by the <link xlink:type="simple" xlink:href="../309/1070309.xml">
Competitive Enterprise Institute</link>. Its object is described as "dispelling the myths of global warming by exposing flawed economic, scientific, and risk analysis".  In 2004, its stated position was that "the science of global warming is uncertain, but the negative impacts of global warming policies on consumers are all too real."<ref xlink:type="simple" xlink:href="#xpointer(//reflist/entry[@id=%222%22])">2</ref>
<sec>
<st>
 Projects </st>
<p>

Among other projects, the Coalition operates a website and blog, and publishes the e-newsletter <it>Cooler Heads Digest</it>.  </p>
<p>

The Coalition offers a primer on global warming that includes information on the economics, public debate, and science of global warming. <ref xlink:type="simple" xlink:href="#xpointer(//reflist/entry[@id=%223%22])">3</ref>  The primer argues, in part, that government-imposed limits on energy use negatively impact the well-being of people worldwide, curtailing economic growth and prosperity. <ref xlink:type="simple" xlink:href="#xpointer(//reflist/entry[@id=%224%22])">4</ref> It also offers a series of videos on energy and global warming topics.<ref xlink:type="simple" xlink:href="#xpointer(//reflist/entry[@id=%225%22])">5</ref></p>

</sec>
<sec>
<st>
 Criticism </st>
<p>

The Coalition has been criticized for ties to energy industries that would be affected if the <body wordnetid="107965085" confidence="0.8">
<social_group wordnetid="107950920" confidence="0.8">
<political_orientation wordnetid="106212839" confidence="0.8">
<colony wordnetid="108374049" confidence="0.8">
<state wordnetid="108168978" confidence="0.8">
<political_unit wordnetid="108359949" confidence="0.8">
<group wordnetid="100031264" confidence="0.8">
<democracy wordnetid="106217103" confidence="0.8">
<link xlink:type="simple" xlink:href="../750/3434750.xml">
United States</link></democracy>
</group>
</political_unit>
</state>
</colony>
</political_orientation>
</social_group>
</body>
 enacted any legislation targeted at reducing <link xlink:type="simple" xlink:href="../906/5906.xml">
CO2</link> emissions.<ref xlink:type="simple" xlink:href="#xpointer(//reflist/entry[@id=%226%22])">6</ref> The Coalition has been widely accused of <link xlink:type="simple" xlink:href="../409/241409.xml">
astroturfing</link>.<ref xlink:type="simple" xlink:href="#xpointer(//reflist/entry[@id=%227%22])">7</ref><ref xlink:type="simple" xlink:href="#xpointer(//reflist/entry[@id=%228%22])">8</ref>For example, writing in October 2004 for <magazine wordnetid="106595351" confidence="0.9508927676800064">
<link xlink:type="simple" xlink:href="../906/251906.xml">
The American Prospect</link></magazine>
, <physical_entity wordnetid="100001930" confidence="0.8">
<communicator wordnetid="109610660" confidence="0.8">
<person wordnetid="100007846" confidence="0.8">
<causal_agent wordnetid="100007347" confidence="0.8">
<writer wordnetid="110794014" confidence="0.8">
<journalist wordnetid="110224578" confidence="0.8">
<link xlink:type="simple" xlink:href="../422/1479422.xml">
Nicholas Confessore</link></journalist>
</writer>
</causal_agent>
</person>
</communicator>
</physical_entity>
 described the Coalition as "an Astroturf group funded by industries opposed to regulation of CO2 emissions."<ref xlink:type="simple" xlink:href="#xpointer(//reflist/entry[@id=%229%22])">9</ref>. </p>

</sec>
<sec>
<st>
 Membership </st>


<p>

Notable members of Coalition currently include:<ref xlink:type="simple" xlink:href="#xpointer(//reflist/entry[@id=%2210%22])">10</ref><ref xlink:type="simple" xlink:href="#xpointer(//reflist/entry[@id=%2211%22])">11</ref>
<list>
<entry level="1" type="bullet">

 <link xlink:type="simple" xlink:href="../585/667585.xml">
Alexis de Tocqueville Institution</link></entry>
<entry level="1" type="bullet">

 <gossip wordnetid="107223170" confidence="0.8">
<scandal wordnetid="107223811" confidence="0.8">
<event wordnetid="100029378" confidence="0.8">
<informing wordnetid="107212190" confidence="0.8">
<report wordnetid="107217924" confidence="0.8">
<group wordnetid="100031264" confidence="0.8">
<act wordnetid="100030358" confidence="0.8">
<psychological_feature wordnetid="100023100" confidence="0.8">
<speech_act wordnetid="107160883" confidence="0.8">
<link xlink:type="simple" xlink:href="../208/308208.xml">
Americans for Tax Reform</link></speech_act>
</psychological_feature>
</act>
</group>
</report>
</informing>
</event>
</scandal>
</gossip>
</entry>
<entry level="1" type="bullet">

 <link xlink:type="simple" xlink:href="../427/1868427.xml">
Committee for a Constructive Tomorrow</link></entry>
<entry level="1" type="bullet">

 <link xlink:type="simple" xlink:href="../309/1070309.xml">
Competitive Enterprise Institute</link></entry>
<entry level="1" type="bullet">

 <financial_institution wordnetid="108054721" confidence="0.8">
<foundation wordnetid="108406486" confidence="0.8">
<charity wordnetid="108406619" confidence="0.8">
<institution wordnetid="108053576" confidence="0.8">
<link xlink:type="simple" xlink:href="../033/554033.xml">
Fraser Institute</link></institution>
</charity>
</foundation>
</financial_institution>
</entry>
<entry level="1" type="bullet">

 <link xlink:type="simple" xlink:href="../525/1061525.xml">
George C. Marshall Institute</link></entry>
<entry level="1" type="bullet">

 <link xlink:type="simple" xlink:href="../317/2432317.xml">
Heartland Institute</link></entry>
<entry level="1" type="bullet">

 <conveyance wordnetid="103100490" confidence="0.8">
<armored_vehicle wordnetid="102740533" confidence="0.8">
<self-propelled_vehicle wordnetid="104170037" confidence="0.8">
<artifact wordnetid="100021939" confidence="0.8">
<tracked_vehicle wordnetid="104464852" confidence="0.8">
<instrumentality wordnetid="103575240" confidence="0.8">
<wheeled_vehicle wordnetid="104576211" confidence="0.8">
<container wordnetid="103094503" confidence="0.8">
<vehicle wordnetid="104524313" confidence="0.8">
<military_vehicle wordnetid="103764276" confidence="0.8">
<tank wordnetid="104389033" confidence="0.8">
<link xlink:type="simple" xlink:href="../951/1823951.xml">
Independent Institute</link></tank>
</military_vehicle>
</vehicle>
</container>
</wheeled_vehicle>
</instrumentality>
</tracked_vehicle>
</artifact>
</self-propelled_vehicle>
</armored_vehicle>
</conveyance>
</entry>
<entry level="1" type="bullet">

 <link xlink:type="simple" xlink:href="../977/666977.xml">
National Center for Policy Analysis</link></entry>
<entry level="1" type="bullet">

 <group wordnetid="100031264" confidence="0.8">
<link xlink:type="simple" xlink:href="../651/2283651.xml">
National Center for Public Policy Research</link></group>
</entry>
</list>
</p>

</sec>
<sec>
<st>
 Origins</st>

<p>

Consumer Alert was founded in 1977.<ref xlink:type="simple" xlink:href="#xpointer(//reflist/entry[@id=%2212%22])">12</ref>It described itself as "a national, non-profit organization for people concerned about excessive growth of government regulation at the national and state levels.  We are dedicated to informing the public about the consumer benefits of competitive enterprise and promoting the utilization of sound economic, scientific, and risk data in public policy decisions."<ref xlink:type="simple" xlink:href="#xpointer(//reflist/entry[@id=%2213%22])">13</ref> </p>
<p>

The National Consumer Coalition was formed by Consumer Alert on February 4, 1997; it conducted research and educational activities on a variety of issues, including housing, transportation, food, health and safety, the environment, utilities, tax policy, financial issues, and telecommunications.<ref xlink:type="simple" xlink:href="#xpointer(//reflist/entry[@id=%2214%22])">14</ref>  A major issue of the National Consumer Coalition in the late 1990s was opposition to a federal mandate that airbags be installed in automobiles sold in the United States.<ref xlink:type="simple" xlink:href="#xpointer(//reflist/entry[@id=%2215%22])">15</ref>  The NCC argued that manufacturers should be allowed to install switches in automobiles so consumers can turn the airbags off.  After federal permission for such switches was given, the NCC sought to persuade automakers to install the switches.<ref xlink:type="simple" xlink:href="#xpointer(//reflist/entry[@id=%2216%22])">16</ref></p>
<p>

The founding principles of the National Consumer Coalition were stated as follows: "The members of the National Consumer Coalition (NCC) do hereby endorse the following principles for a society of free and responsible consumers:</p>
<p>

<list>
<entry level="1" type="bullet">

 A market economy benefits consumers by expanding consumer choice and competition and fostering innovation, which lowers costs and improves consumer health and safety.</entry>
<entry level="1" type="bullet">

 Individual consumers have different values and varying needs in the marketplace and shop for goods and services based on those, such as quality level, price, service, and convenience.</entry>
<entry level="1" type="bullet">

 Informed consumers are better off making their own decisions in the marketplace and holding responsibility for those decisions.</entry>
<entry level="1" type="bullet">

 Consumers exert clout in the marketplace by their decisions to buy or not to buy and to choose where to spend their money.</entry>
<entry level="1" type="bullet">

 Government policies that restrict consumer choice and stifle competition harm consumers by substituting policymakers' values for individual values and raising the costs of goods and services to consumers."<ref xlink:type="simple" xlink:href="#xpointer(//reflist/entry[@id=%2217%22])">17</ref></entry>
</list>
</p>
<p>

In 2001, the National Consumer Coalition launched the website www.NCCprivacy.org, saying it would cover four issue areas: online privacy, medical privacy, financial privacy and government surveillance.<ref xlink:type="simple" xlink:href="#xpointer(//reflist/entry[@id=%2218%22])">18</ref> </p>
<p>

In 2004, the National Consumer Coalition joined with the Free Congress Foundation to ask Congress not to eliminate "sunset" provisions calling for the expiry of regulations in the Patriot Act that Consumer Alert's James Plummer called "violations of consumer privacy."<ref xlink:type="simple" xlink:href="#xpointer(//reflist/entry[@id=%2219%22])">19</ref></p>
<p>

Consumer Alert and the National Consumer Coalition ceased operations in 2005.<ref xlink:type="simple" xlink:href="#xpointer(//reflist/entry[@id=%2220%22])">20</ref></p>

</sec>
<sec>
<st>
References</st>
<p>

<reflist>
<entry id="1">
<weblink xlink:type="simple" xlink:href="http://web.archive.org/web/20040602194813/globalwarming.org/about.htm">
About GlobalWarming.org</weblink></entry>
<entry id="2">
<weblink xlink:type="simple" xlink:href="http://web.archive.org/web/20060427015303/www.globalwarming.org/article.php?uid=562">
The Cooler Heads Coalition</weblink> February 2004, website as of April 27, 2006, as archived at archive.org</entry>
<entry id="3">
<weblink xlink:type="simple" xlink:href="http://www.globalwarming.org/primer">
A Global Warming Primer | cooler heads</weblink></entry>
<entry id="4">
<weblink xlink:type="simple" xlink:href="http://www.globalwarming.org/primer/economics/FAQs">
Global Warming Economics FAQs | cooler heads</weblink></entry>
<entry id="5">
<weblink xlink:type="simple" xlink:href="http://www.globalwarming.org/videos">
cooler heads</weblink></entry>
<entry id="6">
David Adam, <weblink xlink:type="simple" xlink:href="http://www.guardian.co.uk/climatechange/story/0,12374,1661741,00.html">
"Oil industry targets EU climate policy"</weblink> <it>The Guardian</it>, December 2005.</entry>
<entry id="7">
<weblink xlink:type="simple" xlink:href="http://www.motherjones.com/news/feature/1997/12/gw_chart.html">
"Wingnuts in Sheep's Clothing"</weblink> , <it>Mother Jones</it> magazine, December 1997</entry>
<entry id="8">
<weblink xlink:type="simple" xlink:href="http://www.ecosyn.us/adti/Corrupt_Sallie_Baliunas.html">
"Case Study: The Oregon Petition"</weblink>, www.ecosyn.us</entry>
<entry id="9">
<weblink xlink:type="simple" xlink:href="http://web.archive.org/web/20060614043305/http://www.prospect.org/archives/archives/2004/10/index.html">
"Tapped"</weblink>, <it>American Prospect</it> Online, October 19, 2004, at archive.org</entry>
<entry id="10">
[http://www.globalwarming.org/about About GlobalWarming.org, retrieved May 2, 2008</entry>
<entry id="11">
Note: the list of members as of June 2004, as recorded at archive.org, at http://web.archive.org/web/20040616132324/www.consumeralert.org/ncc/members.htm , is no longer available: the owner of consumeralert.org has blocked access by requesting archive.org not to make the archived copy of the page available any further.</entry>
<entry id="12">
http://web.archive.org/web/20040611161801/www.consumeralert.org/index.htm</entry>
<entry id="13">
http://web.archive.org/web/20060209133458/www.consumeralert.org/wst_page2.html</entry>
<entry id="14">
http://web.archive.org/web/20040622144909/www.consumeralert.org/ncc/releases/launch.htm</entry>
<entry id="15">
Dead Link: (Blocked by site ownder) http://web.archive.org/web/20040615021402/www.consumeralert.org/issues/airbags/index.htm</entry>
<entry id="17">
http://web.archive.org/web/20040616025353/www.consumeralert.org/ncc/proclaim.htm</entry>
<entry id="16">
http://web.archive.org/web/20040620025557/www.consumeralert.org/issues/airbags/update.htm</entry>
<entry id="19">
<weblink xlink:type="simple" xlink:href="http://www.freecongress.org/media/041207.asp">
Free Congress Foundation And National Consumer Coalition’s Privacy Group Urge Congress Not To Blindly Jettison PATRIOT Sunset Provision</weblink></entry>
<entry id="18">
<weblink xlink:type="simple" xlink:href="http://www.findarticles.com/p/articles/mi_m0HIF/is_3_25/ai_82288901">
New web site launched NCCprivacy.org - National Consumer Coalition - Brief Article | Consumer Comments | Find Articles at BNET.com</weblink></entry>
<entry id="20">
Note: Its website, www.consumeralert.org, and three other websites operated by the organization (as cited in Consumer Alert's 2004 tax return), including the website of the Cooler Heads Coalition, went offline in 2006.  Consumer Alert's 2004 tax return, the last one publicly available, cites its address as "in care of" the Washington DC law firm Collier Shannon Scott (since merged into Kelley, Drye &amp; Warren, LLP).</entry>
</reflist>
</p>

</sec>
<sec>
<st>
 External links </st>
<p>

<list>
<entry level="1" type="bullet">

<weblink xlink:type="simple" xlink:href="http://www.globalwarming.org/">
GlobalWarming.org</weblink></entry>
</list>
</p>

</sec>
</bdy>
</organization>
</article>
