<?xml version="1.0" encoding="UTF-8"?>
<!-- generated by CLiX/Wiki2XML [MPI-Inf, MMCI@UdS] $LastChangedRevision: 92 $ on 17.04.2009 00:24:51[mciao0825] -->
<!DOCTYPE article SYSTEM "../article.dtd">
<article xmlns:xlink="http://www.w3.org/1999/xlink">
<surgeon  confidence="0.9511911446218017" wordnetid="110679174">
<fictional_character  confidence="0.9508927676800064" wordnetid="109587565">
<header>
<title>Jac Naylor</title>
<id>10735842</id>
<revision>
<id>233175393</id>
<timestamp>2008-08-20T20:04:02Z</timestamp>
<contributor>
<username>Raymondwinn</username>
<id>3445323</id>
</contributor>
</revision>
<categories>
<category>Television articles that need to differentiate between fact and fiction</category>
<category>Fictional surgeons</category>
<category>Holby City characters</category>
</categories>
</header>
<bdy>
<template>
<name>Infobox character</name>
<parameters>

<image width="250px" src="JacNaylor.JPG">
</image>
<colour>
<list>
<entry level="1" type="number">

d6d6ff</entry>
</list>
</colour>
<occupation>
<link xlink:type="simple" xlink:href="../242/320242.xml">
Cardio</link>-<link xlink:type="simple" xlink:href="../601/262601.xml">
Thoracic</link> <link xlink:type="simple" xlink:href="../346/1431346.xml">
Registrar</link> (prev. General Surgical Registrar)</occupation>
<time>
2005-present</time>
<portrayer>
<actor wordnetid="109765278" confidence="0.9508927676800064">
<link xlink:type="simple" xlink:href="../295/6766295.xml">
Rosie Marcel</link></actor>
</portrayer>
<name>
Jac Naylor</name>
<first>
8x06, <link xlink:type="simple" xlink:href="../984/35984.xml">
2005</link>-</first>
</parameters>
</template>


<table class="metadata plainlinks ambox ">
<row>
<col>

ambox-content" style=""</col>
</row>
<row>
<col class="mbox-image"><p>

<image width="40x40px" src="Ambox_content.png">
</image>
</p>
</col>
<col style="" class="mbox-text">
 This -related article or section describes an <b>aspect of the series</b> in a primarily  style.
Please <weblink xlink:type="simple" xlink:href="http://localhost:18088/wiki/index.php?title=Jac_Naylor&amp;action=edit">
rewrite this article or section</weblink> to .</col>
</row>
</table>

<p>

<b>Jacqueline "Jac" Naylor</b> is the name of a <link xlink:type="simple" xlink:href="../749/76749.xml">
fictional character</link> on the BBC television series <series wordnetid="108457976" confidence="0.9508927676800064">
<link xlink:type="simple" xlink:href="../298/1460298.xml">
Holby City</link></series>
. The character is portrayed by actress <actor wordnetid="109765278" confidence="0.9508927676800064">
<link xlink:type="simple" xlink:href="../295/6766295.xml">
Rosie Marcel</link></actor>
.<ref xlink:type="simple" xlink:href="#xpointer(//reflist/entry[@id=%221%22])">1</ref> The character first appeared on-screen on <link xlink:type="simple" xlink:href="../526/21526.xml">
22 November</link> <link xlink:type="simple" xlink:href="../866/1108866.xml">
2005</link> in episode <it>Bird on a Wire</it> - <link xlink:type="simple" xlink:href="../211/9451211.xml#xpointer(//*[./st=%22Series+Eight+(2005-2006)%22])">
Series 8</link>, Episode 6 of the programme.<ref xlink:type="simple" xlink:href="#xpointer(//reflist/entry[@id=%222%22])">2</ref></p>

<sec>
<st>
Background</st>
<p>

Jac grew up in <link xlink:type="simple" xlink:href="../721/387721.xml">
foster care</link> for reasons currently unknown.  Beyond this, little is known of her history prior to arriving at Holby City Hospital, although it has been revealed that she once worked alongside General Surgical Consultant <link xlink:type="simple" xlink:href="../411/3838411.xml">
Nick Jordan</link> as an <link xlink:type="simple" xlink:href="../177/2251177.xml">
SHO</link>, and that the two of them were in a relationship until such time he blamed a surgical error on her, in much the same fashion as he would later damage <link>
Diane Lloyd</link>'s career.</p>

</sec>
<sec>
<st>
Overview</st>
<p>

Jac is a very strong-willed woman, who believes in speaking bluntly and is a political player.  She has no qualms about using people to further her career - constantly trying to steal credit for herself from former colleague Diane Lloyd's successes, and entering relationships with both <fictional_character wordnetid="109587565" confidence="0.9508927676800064">
<link xlink:type="simple" xlink:href="../656/11093656.xml">
Joseph Byrne</link></fictional_character>
 and his father <link xlink:type="simple" xlink:href="../377/5184377.xml#xpointer(//*[./st=%22Relatives+2%22])">
Lord Charles Byrne</link> in order to benefit from Lord Byrne's influence.  She has also been seen to manipulate patients for the sake of performing glamorous surgeries, putting her own opportunity before patient care.</p>

</sec>
<sec>
<st>
Character history</st>
<p>

Jac arrived at Holby City Hospital in episode <it>Bird on a Wire</it>.  She was part of a large team undertaking a <link xlink:type="simple" xlink:href="../817/612817.xml">
hemicorporectomy</link> and used the opportunity to make an impression on General Surgical Consultant <fictional_character wordnetid="109587565" confidence="0.9508927676800064">
<link xlink:type="simple" xlink:href="../830/10779830.xml">
Ric Griffin</link></fictional_character>
, hoping to be offered a permanent role at Holby.  Although she failed on this occasion, she was not to be deterred, and several weeks later arrived back at the hospital, determined to work her way up to <link xlink:type="simple" xlink:href="../306/542306.xml">
Consultant</link>.</p>
<p>

When <fictional_character wordnetid="109587565" confidence="0.9508927676800064">
<link xlink:type="simple" xlink:href="../832/9965832.xml">
Abra Durant</link></fictional_character>
 terminated his consultant's position early, Jac hoped to be promoted to fill his role, and was disappointed when <link>
Diane Lloyd</link> was chosen instead.  Diane was promoted by <link>
Dan Clifford</link>, who replaced Ric when he left to take a sabbatical in <country wordnetid="108544813" confidence="0.9508927676800064">
<link xlink:type="simple" xlink:href="../816/31816.xml">
Uganda</link></country>
.  Jac's relationship with Dan is notably poor - he refers to her by the sardonic nickname 'Olive' - based on a comparison between her diminutive stature and that of <comic_strip wordnetid="107003352" confidence="0.9508927676800064">
<link xlink:type="simple" xlink:href="../047/10215047.xml">
Popeye</link></comic_strip>
's girlfriend <fictional_character wordnetid="109587565" confidence="0.8">
<imaginary_being wordnetid="109483738" confidence="0.8">
<link xlink:type="simple" xlink:href="../796/162796.xml">
Olive Oyl</link></imaginary_being>
</fictional_character>
.  Despite numerous attempts to impress him, Dan remains bemused by Jac's aggressive desire for promotion and lack of morals.</p>
<p>

These characteristics can clearly be seen in Jac's dealings with the Byrne family.  She began a relationship with <fictional_character wordnetid="109587565" confidence="0.9508927676800064">
<link xlink:type="simple" xlink:href="../656/11093656.xml">
Joseph Byrne</link></fictional_character>
, hoping to benefit from his father - <link xlink:type="simple" xlink:href="../377/5184377.xml#xpointer(//*[./st=%22Relatives+2%22])">
Lord Byrne's</link> influence.  Although she did win her way onto a medical trip to Dubai organised by Lord Byrne, when her desire to reach consultant went unmet, she went as far as to begin a sexual relationship with him, as well as his son.  Tired of weeks of deceit, Lord Byrne eventually revealed the truth to Joseph, and later began divorce proceedings against his wife, <link xlink:type="simple" xlink:href="../377/5184377.xml#xpointer(//*[./st=%22Relatives%22])">
Anne-Marie</link>.  He made a deal with Ric that he would support <link>
Thandie Abebe</link>'s <link xlink:type="simple" xlink:href="../613/25613.xml">
racism</link> complaint against <fictional_character wordnetid="109587565" confidence="0.9508927676800064">
<link xlink:type="simple" xlink:href="../028/10780028.xml">
Elliot Hope</link></fictional_character>
 if Ric would consider Jac for promotion.  Despite this, in episode <it>Temporary Insanity</it>, not only did Ric turn Jac down for promotion, but Lord Byrne died following a <link xlink:type="simple" xlink:href="../404/625404.xml">
stroke</link> and <link xlink:type="simple" xlink:href="../165/207165.xml">
pulmonary embolism</link>.  With her chances of promotion ruined, Jac went out of her way to hurt Joseph further by attending Lord Byrne's funeral against the family's wishes, prompting Joseph to fly into a rage and verbally attack her, Jac threw nasty insults back at Joseph, saying that he wasn't there when his father needed him,  Joseph lashed out and smacked Jac hard on the face, Jac fell and hit her face on the arm of a chair and lay on the floor with her nose bleeding and laughed in front of Joseph who stormed off. </p>
<p>

On the 13th August 2007, Jac was sure that she would get a position on Clifford's specialist team, but was later angered when she discovered Joseph was also applying for the role. Jac warned <fictional_character wordnetid="109587565" confidence="0.9508927676800064">
<link xlink:type="simple" xlink:href="../656/11093656.xml">
Joseph</link></fictional_character>
 that she could make things very difficult for him, Joseph laughed this off and Jac slapped him across the face twice stating: "now we're even," just as Dan and Louise Clifford entered the corridor to see the whole thing. <link>
Dan</link> favoured Joseph but Louise favoured Jac, Jac entered her office with her makeup removed, showing Louise Clifford her bruises that Joseph gave her. Louise later informed Joseph that he hadn't got the job but Jac had.</p>
<p>

On the 4th September 2007 Jac was sexually assaulted by a patient Alan Clooney. Lola found her and hit Alan Clooney on the head with a piece of scaffold. However Jac decided not to tell the police because she did not want to be seen as a victim.</p>
<p>

On 20th March 2008, Alan Clooney made a second visit when his wife was admitted to hospital. Later that day, she was charged for his murder, when he was stabbed to death at the hospital stairwell. Later that night, she was off the murder case when a girl at the scene of the murder confessed to the police that she stabbed Alan Clooney with a pair of scissors after he raped her.</p>
<p>

After discovering the existence of Faye's first husband, Lucas Michaels, Jac rushed to tell Joseph and attempted to warn him. Unfortunately, Jac crashed her motorbike on the way back to Holby and was left unconsious on the side of the road. Faye, however, had seen Jac leaving after her meeting with Lucas...</p>

</sec>
<sec>
<st>
References</st>

<p>

<reflist>
<entry id="1">
"<weblink xlink:type="simple" xlink:href="http://www.bbc.co.uk/drama/holbycity/characters/profiles/index.shtml?content/_jac/page1">
BBC - Holby City - Characters</weblink>", <link xlink:type="simple" xlink:href="../514/638514.xml">
BBC.co.uk</link>.&#32;Retrieved on <link>
2007-08-29</link>.&nbsp;</entry>
<entry id="2">
"<weblink xlink:type="simple" xlink:href="http://www.bbc.co.uk/drama/holbycity/storyupdates/index.shtml?20051122">
Episode Update Tuesday 22nd November</weblink>", <link xlink:type="simple" xlink:href="../514/638514.xml">
BBC.co.uk</link>&#32;(<link xlink:type="simple" xlink:href="../526/21526.xml">
22 November</link> <link xlink:type="simple" xlink:href="../984/35984.xml">
2005</link>).&#32;Retrieved on <link>
2007-08-29</link>.&nbsp;</entry>
</reflist>
</p>

</sec>
<sec>
<st>
External links</st>
<p>

<list>
<entry level="1" type="bullet">

<weblink xlink:type="simple" xlink:href="http://www.bbc.co.uk/drama/holbycity/characters/profiles/index.shtml?content/_jac/page1">
Character page at BBC's Holby City Homepage</weblink></entry>
<entry level="1" type="bullet">

<weblink xlink:type="simple" xlink:href="http://www.holby.tv/db/index.php?id=56,1600,0,0,1,0">
Profile at Holby.tv fansite</weblink></entry>
</list>
</p>

<p>

<table style=";" class="navbox" cellspacing="0">
<row>
<col style="padding:2px;">
<table style="width:100%;background:transparent;color:inherit;;" class="nowraplinks collapsible autocollapse " cellspacing="0">
<row>
<header colspan="2" style=";background: #ccddff;" class="navbox-title">
<region wordnetid="108630985" confidence="0.8">
<building wordnetid="102913152" confidence="0.8">
<structure wordnetid="104341686" confidence="0.8">
<administrative_district wordnetid="108491826" confidence="0.8">
<location wordnetid="100027167" confidence="0.8">
<municipality wordnetid="108626283" confidence="0.8">
<medical_building wordnetid="103739518" confidence="0.8">
<city wordnetid="108524735" confidence="0.8">
<artifact wordnetid="100021939" confidence="0.8">
<geographical_area wordnetid="108574314" confidence="0.8">
<district wordnetid="108552138" confidence="0.8">
<hospital wordnetid="103540595" confidence="0.8">
<urban_area wordnetid="108675967" confidence="0.8">
<link xlink:type="simple" xlink:href="../260/1470260.xml">
Holby</link></urban_area>
</hospital>
</district>
</geographical_area>
</artifact>
</city>
</medical_building>
</municipality>
</location>
</administrative_district>
</structure>
</building>
</region>
</header>
</row>
<row style="height:2px;">

</row>
<row>
<col style=";background: #ccddff;;" class="navbox-group">
<it><series wordnetid="108457976" confidence="0.9508927676800064">
<link xlink:type="simple" xlink:href="../664/743664.xml">
Casualty</link></series>
''</it></col>
<col style="text-align:left;border-left:2px solid #fdfdfd;width:100%;padding:0px;;;" class="navbox-list navbox-odd">
<table style="width:100%;;;;" class="nowraplinks  navbox-subgroup" cellspacing="0">
<row>
<col style=";padding-left:0em;padding-right:0em;;" class="navbox-group">
<link xlink:type="simple" xlink:href="../515/11109515.xml">
Episodes</link><it>(by series)''</it></col>
<col style="text-align:left;border-left:2px solid #fdfdfd;width:100%;padding:0px;;;" class="navbox-list navbox-odd">
<link>
1</link>&nbsp;·  <link>
2</link>&nbsp;·  <link>
3</link>&nbsp;·  <link>
4</link>&nbsp;·  <link>
5</link>&nbsp;·  <link>
6</link>&nbsp;·  <link>
7</link>&nbsp;·  <link>
8</link>&nbsp;·  <link>
9</link>&nbsp;·  <link>
10</link>&nbsp;·  <link>
11</link>&nbsp;·  <link>
12</link>&nbsp;·  <link>
13</link>&nbsp;·  <link>
14</link>&nbsp;·  <link>
15</link>&nbsp;·  <link>
16</link>&nbsp;·  <link>
17</link>&nbsp;·  <link>
18</link>&nbsp;·  <link>
19</link>&nbsp;·  <link>
20</link>&nbsp;·  <link>
21</link>&nbsp;·  <link>
22</link>&nbsp;·  <link>
23</link></col>
</row>
<row style="height:2px">

</row>
<row>
<col colspan="2" style="width:100%;padding:0px;;;" class="navbox-list navbox-even">
<receptionist wordnetid="110511069" confidence="0.9173553029164789">
<nurse wordnetid="110366966" confidence="0.9173553029164789">
<registrar wordnetid="110517137" confidence="0.9173553029164789">
<specialist wordnetid="110631941" confidence="0.9173553029164789">
<adviser wordnetid="109774266" confidence="0.9173553029164789">
<paramedic wordnetid="110398176" confidence="0.9173553029164789">
<military_officer wordnetid="110317007" confidence="0.9173553029164789">
<link xlink:type="simple" xlink:href="../002/16001002.xml#xpointer(//*[./st=%22Charlie+Fairhead%22])">
Charlie Fairhead</link></military_officer>
</paramedic>
</adviser>
</specialist>
</registrar>
</nurse>
</receptionist>
&nbsp;·  <receptionist wordnetid="110511069" confidence="0.9173553029164789">
<nurse wordnetid="110366966" confidence="0.9173553029164789">
<registrar wordnetid="110517137" confidence="0.9173553029164789">
<specialist wordnetid="110631941" confidence="0.9173553029164789">
<adviser wordnetid="109774266" confidence="0.9173553029164789">
<paramedic wordnetid="110398176" confidence="0.9173553029164789">
<military_officer wordnetid="110317007" confidence="0.9173553029164789">
<link xlink:type="simple" xlink:href="../002/16001002.xml#xpointer(//*[./st=%22Tess+Bateman%22])">
Tess Bateman</link></military_officer>
</paramedic>
</adviser>
</specialist>
</registrar>
</nurse>
</receptionist>
&nbsp;·  <receptionist wordnetid="110511069" confidence="0.9173553029164789">
<nurse wordnetid="110366966" confidence="0.9173553029164789">
<registrar wordnetid="110517137" confidence="0.9173553029164789">
<specialist wordnetid="110631941" confidence="0.9173553029164789">
<adviser wordnetid="109774266" confidence="0.9173553029164789">
<paramedic wordnetid="110398176" confidence="0.9173553029164789">
<military_officer wordnetid="110317007" confidence="0.9173553029164789">
<link xlink:type="simple" xlink:href="../002/16001002.xml#xpointer(//*[./st=%22Abs+Denham%22])">
Abs Denham</link></military_officer>
</paramedic>
</adviser>
</specialist>
</registrar>
</nurse>
</receptionist>
&nbsp;·  <receptionist wordnetid="110511069" confidence="0.9173553029164789">
<nurse wordnetid="110366966" confidence="0.9173553029164789">
<registrar wordnetid="110517137" confidence="0.9173553029164789">
<specialist wordnetid="110631941" confidence="0.9173553029164789">
<adviser wordnetid="109774266" confidence="0.9173553029164789">
<paramedic wordnetid="110398176" confidence="0.9173553029164789">
<military_officer wordnetid="110317007" confidence="0.9173553029164789">
<link xlink:type="simple" xlink:href="../002/16001002.xml#xpointer(//*[./st=%22Kelsey+Phillips%22])">
Kelsey Phillips</link></military_officer>
</paramedic>
</adviser>
</specialist>
</registrar>
</nurse>
</receptionist>
&nbsp;·  <receptionist wordnetid="110511069" confidence="0.9173553029164789">
<nurse wordnetid="110366966" confidence="0.9173553029164789">
<registrar wordnetid="110517137" confidence="0.9173553029164789">
<specialist wordnetid="110631941" confidence="0.9173553029164789">
<adviser wordnetid="109774266" confidence="0.9173553029164789">
<paramedic wordnetid="110398176" confidence="0.9173553029164789">
<military_officer wordnetid="110317007" confidence="0.9173553029164789">
<link xlink:type="simple" xlink:href="../002/16001002.xml#xpointer(//*[./st=%22Alice+Chantrey%22])">
Alice Chantrey</link></military_officer>
</paramedic>
</adviser>
</specialist>
</registrar>
</nurse>
</receptionist>
&nbsp;·  <receptionist wordnetid="110511069" confidence="0.9173553029164789">
<nurse wordnetid="110366966" confidence="0.9173553029164789">
<registrar wordnetid="110517137" confidence="0.9173553029164789">
<specialist wordnetid="110631941" confidence="0.9173553029164789">
<adviser wordnetid="109774266" confidence="0.9173553029164789">
<paramedic wordnetid="110398176" confidence="0.9173553029164789">
<military_officer wordnetid="110317007" confidence="0.9173553029164789">
<link xlink:type="simple" xlink:href="../002/16001002.xml#xpointer(//*[./st=%22Dixie+Dixon%22])">
Dixie Dixon</link></military_officer>
</paramedic>
</adviser>
</specialist>
</registrar>
</nurse>
</receptionist>
&nbsp;·  <receptionist wordnetid="110511069" confidence="0.9173553029164789">
<nurse wordnetid="110366966" confidence="0.9173553029164789">
<registrar wordnetid="110517137" confidence="0.9173553029164789">
<specialist wordnetid="110631941" confidence="0.9173553029164789">
<adviser wordnetid="109774266" confidence="0.9173553029164789">
<paramedic wordnetid="110398176" confidence="0.9173553029164789">
<military_officer wordnetid="110317007" confidence="0.9173553029164789">
<link xlink:type="simple" xlink:href="../002/16001002.xml#xpointer(//*[./st=%22Jeff+Collier%22])">
Jeff Collier</link></military_officer>
</paramedic>
</adviser>
</specialist>
</registrar>
</nurse>
</receptionist>
&nbsp;·  <receptionist wordnetid="110511069" confidence="0.9173553029164789">
<nurse wordnetid="110366966" confidence="0.9173553029164789">
<registrar wordnetid="110517137" confidence="0.9173553029164789">
<specialist wordnetid="110631941" confidence="0.9173553029164789">
<adviser wordnetid="109774266" confidence="0.9173553029164789">
<paramedic wordnetid="110398176" confidence="0.9173553029164789">
<military_officer wordnetid="110317007" confidence="0.9173553029164789">
<link xlink:type="simple" xlink:href="../002/16001002.xml#xpointer(//*[./st=%22Toby+De+Silva%22])">
Toby De Silva</link></military_officer>
</paramedic>
</adviser>
</specialist>
</registrar>
</nurse>
</receptionist>
&nbsp;·  <receptionist wordnetid="110511069" confidence="0.9173553029164789">
<nurse wordnetid="110366966" confidence="0.9173553029164789">
<registrar wordnetid="110517137" confidence="0.9173553029164789">
<specialist wordnetid="110631941" confidence="0.9173553029164789">
<adviser wordnetid="109774266" confidence="0.9173553029164789">
<paramedic wordnetid="110398176" confidence="0.9173553029164789">
<military_officer wordnetid="110317007" confidence="0.9173553029164789">
<link xlink:type="simple" xlink:href="../002/16001002.xml#xpointer(//*[./st=%22Ruth+Winters%22])">
Ruth Winters</link></military_officer>
</paramedic>
</adviser>
</specialist>
</registrar>
</nurse>
</receptionist>
&nbsp;·  <receptionist wordnetid="110511069" confidence="0.9173553029164789">
<nurse wordnetid="110366966" confidence="0.9173553029164789">
<registrar wordnetid="110517137" confidence="0.9173553029164789">
<specialist wordnetid="110631941" confidence="0.9173553029164789">
<adviser wordnetid="109774266" confidence="0.9173553029164789">
<paramedic wordnetid="110398176" confidence="0.9173553029164789">
<military_officer wordnetid="110317007" confidence="0.9173553029164789">
<link xlink:type="simple" xlink:href="../002/16001002.xml#xpointer(//*[./st=%22Adam+Trueman%22])">
Adam Trueman</link></military_officer>
</paramedic>
</adviser>
</specialist>
</registrar>
</nurse>
</receptionist>
&nbsp;·  <receptionist wordnetid="110511069" confidence="0.9173553029164789">
<nurse wordnetid="110366966" confidence="0.9173553029164789">
<registrar wordnetid="110517137" confidence="0.9173553029164789">
<specialist wordnetid="110631941" confidence="0.9173553029164789">
<adviser wordnetid="109774266" confidence="0.9173553029164789">
<paramedic wordnetid="110398176" confidence="0.9173553029164789">
<military_officer wordnetid="110317007" confidence="0.9173553029164789">
<link xlink:type="simple" xlink:href="../002/16001002.xml#xpointer(//*[./st=%22Big+Mac%22])">
Big Mac</link></military_officer>
</paramedic>
</adviser>
</specialist>
</registrar>
</nurse>
</receptionist>
&nbsp;·  <receptionist wordnetid="110511069" confidence="0.9173553029164789">
<nurse wordnetid="110366966" confidence="0.9173553029164789">
<registrar wordnetid="110517137" confidence="0.9173553029164789">
<specialist wordnetid="110631941" confidence="0.9173553029164789">
<adviser wordnetid="109774266" confidence="0.9173553029164789">
<paramedic wordnetid="110398176" confidence="0.9173553029164789">
<military_officer wordnetid="110317007" confidence="0.9173553029164789">
<link xlink:type="simple" xlink:href="../002/16001002.xml#xpointer(//*[./st=%22Zoe+Hanna%22])">
Zoe Hanna</link></military_officer>
</paramedic>
</adviser>
</specialist>
</registrar>
</nurse>
</receptionist>
&nbsp;·  <receptionist wordnetid="110511069" confidence="0.9173553029164789">
<nurse wordnetid="110366966" confidence="0.9173553029164789">
<registrar wordnetid="110517137" confidence="0.9173553029164789">
<specialist wordnetid="110631941" confidence="0.9173553029164789">
<adviser wordnetid="109774266" confidence="0.9173553029164789">
<paramedic wordnetid="110398176" confidence="0.9173553029164789">
<military_officer wordnetid="110317007" confidence="0.9173553029164789">
<link xlink:type="simple" xlink:href="../002/16001002.xml#xpointer(//*[./st=%22Noel+Garcia%22])">
Noel Garcia</link></military_officer>
</paramedic>
</adviser>
</specialist>
</registrar>
</nurse>
</receptionist>
&nbsp;·  <receptionist wordnetid="110511069" confidence="0.9173553029164789">
<nurse wordnetid="110366966" confidence="0.9173553029164789">
<registrar wordnetid="110517137" confidence="0.9173553029164789">
<specialist wordnetid="110631941" confidence="0.9173553029164789">
<adviser wordnetid="109774266" confidence="0.9173553029164789">
<paramedic wordnetid="110398176" confidence="0.9173553029164789">
<military_officer wordnetid="110317007" confidence="0.9173553029164789">
<link xlink:type="simple" xlink:href="../002/16001002.xml#xpointer(//*[./st=%22Jessica+Harrison%22])">
Jessica Harrison</link></military_officer>
</paramedic>
</adviser>
</specialist>
</registrar>
</nurse>
</receptionist>
&nbsp;·  <receptionist wordnetid="110511069" confidence="0.9173553029164789">
<nurse wordnetid="110366966" confidence="0.9173553029164789">
<registrar wordnetid="110517137" confidence="0.9173553029164789">
<specialist wordnetid="110631941" confidence="0.9173553029164789">
<adviser wordnetid="109774266" confidence="0.9173553029164789">
<paramedic wordnetid="110398176" confidence="0.9173553029164789">
<military_officer wordnetid="110317007" confidence="0.9173553029164789">
<link xlink:type="simple" xlink:href="../002/16001002.xml#xpointer(//*[./st=%22Snezana+Lalovic%22])">
Snezana Lalovic</link></military_officer>
</paramedic>
</adviser>
</specialist>
</registrar>
</nurse>
</receptionist>
&nbsp;·  <receptionist wordnetid="110511069" confidence="0.9173553029164789">
<nurse wordnetid="110366966" confidence="0.9173553029164789">
<registrar wordnetid="110517137" confidence="0.9173553029164789">
<specialist wordnetid="110631941" confidence="0.9173553029164789">
<adviser wordnetid="109774266" confidence="0.9173553029164789">
<paramedic wordnetid="110398176" confidence="0.9173553029164789">
<military_officer wordnetid="110317007" confidence="0.9173553029164789">
<link xlink:type="simple" xlink:href="../002/16001002.xml#xpointer(//*[./st=%22Curtis+Cooper%22])">
Curtis Cooper</link></military_officer>
</paramedic>
</adviser>
</specialist>
</registrar>
</nurse>
</receptionist>
&nbsp;·  <link xlink:type="simple" xlink:href="../411/3838411.xml">
Nick Jordan</link></col>
</row>
<row style="height:2px">

</row>
<row>
<col colspan="2" style="width:100%;padding:0px;;;" class="navbox-list navbox-odd">
<receptionist wordnetid="110511069" confidence="0.9173553029164789">
<nurse wordnetid="110366966" confidence="0.9173553029164789">
<registrar wordnetid="110517137" confidence="0.9173553029164789">
<specialist wordnetid="110631941" confidence="0.9173553029164789">
<adviser wordnetid="109774266" confidence="0.9173553029164789">
<paramedic wordnetid="110398176" confidence="0.9173553029164789">
<military_officer wordnetid="110317007" confidence="0.9173553029164789">
<link xlink:type="simple" xlink:href="../002/16001002.xml">
Current cast</link></military_officer>
</paramedic>
</adviser>
</specialist>
</registrar>
</nurse>
</receptionist>
&nbsp;·  <fictional_character wordnetid="109587565" confidence="0.8">
<imaginary_being wordnetid="109483738" confidence="0.8">
<link xlink:type="simple" xlink:href="../263/12984263.xml">
Original cast</link></imaginary_being>
</fictional_character>
&nbsp;·  <link xlink:type="simple" xlink:href="../397/3767397.xml#xpointer(//*[./st=%22Former+cast%22])">
Former cast</link></col>
</row>
</table>
</col>
</row>
<row style="height:2px">

</row>
<row>
<col style=";background: #ccddff;;" class="navbox-group">
<it><series wordnetid="108457976" confidence="0.9508927676800064">
<link xlink:type="simple" xlink:href="../298/1460298.xml">
Holby City</link></series>
''</it></col>
<col style="text-align:left;border-left:2px solid #fdfdfd;width:100%;padding:0px;;;" class="navbox-list navbox-even">
<table style="width:100%;;;;" class="nowraplinks  navbox-subgroup" cellspacing="0">
<row>
<col style=";padding-left:0em;padding-right:0em;;" class="navbox-group">
<link xlink:type="simple" xlink:href="../572/11109572.xml">
Episodes</link><it>(by series)''</it></col>
<col style="text-align:left;border-left:2px solid #fdfdfd;width:100%;padding:0px;;;" class="navbox-list navbox-odd">
<link>
1</link>&nbsp;·  <link>
2</link>&nbsp;·  <link>
3</link>&nbsp;·  <link xlink:type="simple" xlink:href="../601/9271601.xml#xpointer(//*[./st=%22Series+Four+(2001=E2=80=932002)%22])">
4</link>&nbsp;·  <link xlink:type="simple" xlink:href="../619/9271619.xml#xpointer(//*[./st=%22Series+Five+(2002=E2=80=932003)%22])">
5</link>&nbsp;·  <link xlink:type="simple" xlink:href="../806/9275806.xml#xpointer(//*[./st=%22Series+Six+(2003=E2=80=932004)%22])">
6</link>&nbsp;·  <link xlink:type="simple" xlink:href="../580/9369580.xml#xpointer(//*[./st=%22Series+Seven+(2004=E2=80=932005)%22])">
7</link>&nbsp;·  <link xlink:type="simple" xlink:href="../211/9451211.xml#xpointer(//*[./st=%22Series+Eight+(2005=E2=80=932006)%22])">
8</link>&nbsp;·  <link xlink:type="simple" xlink:href="../639/9597639.xml#xpointer(//*[./st=%22Series+Nine+(2006=E2=80=932007)%22])">
9</link>&nbsp;·  <link xlink:type="simple" xlink:href="../038/12976038.xml#xpointer(//*[./st=%22Series+Ten+(2007=E2=80=932008)%22])">
10</link>&nbsp;·  <link xlink:type="simple" xlink:href="../412/19440412.xml#xpointer(//*[./st=%22Series+Eleven+(2008=E2=80=932009)%22])">
11</link></col>
</row>
<row style="height:2px">

</row>
<row>
<col colspan="2" style="width:100%;padding:0px;;;" class="navbox-list navbox-even">
<fictional_character wordnetid="109587565" confidence="0.9508927676800064">
<link xlink:type="simple" xlink:href="../192/4080192.xml">
Chrissie Williams</link></fictional_character>
 &nbsp;·  <fictional_character wordnetid="109587565" confidence="0.9508927676800064">
<link xlink:type="simple" xlink:href="../830/10779830.xml">
Ric Griffin</link></fictional_character>
&nbsp;·  <fictional_character wordnetid="109587565" confidence="0.9508927676800064">
<link xlink:type="simple" xlink:href="../605/11137605.xml">
Donna Jackson</link></fictional_character>
&nbsp;·  <fictional_character wordnetid="109587565" confidence="0.9508927676800064">
<link xlink:type="simple" xlink:href="../919/7287919.xml">
Connie Beauchamp</link></fictional_character>
&nbsp;·  <fictional_character wordnetid="109587565" confidence="0.9508927676800064">
<link xlink:type="simple" xlink:href="../056/11137056.xml">
Mark Williams</link></fictional_character>
&nbsp;·  <fictional_character wordnetid="109587565" confidence="0.9508927676800064">
<link xlink:type="simple" xlink:href="../248/11067248.xml">
Lola Griffin</link></fictional_character>
&nbsp;·  <fictional_character wordnetid="109587565" confidence="0.9508927676800064">
<link xlink:type="simple" xlink:href="../832/9965832.xml">
Abra Durant</link></fictional_character>
&nbsp;·  <fictional_character wordnetid="109587565" confidence="0.9508927676800064">
<link xlink:type="simple" xlink:href="../028/10780028.xml">
Elliot Hope</link></fictional_character>
&nbsp;·  <fictional_character wordnetid="109587565" confidence="0.9508927676800064">
<link xlink:type="simple" xlink:href="../842/10735842.xml">
Jac Naylor</link></fictional_character>
&nbsp;·  <fictional_character wordnetid="109587565" confidence="0.9508927676800064">
<link xlink:type="simple" xlink:href="../207/11137207.xml">
Sam Strachan</link></fictional_character>
&nbsp;·  <fictional_character wordnetid="109587565" confidence="0.9508927676800064">
<link xlink:type="simple" xlink:href="../656/11093656.xml">
Joseph Byrne</link></fictional_character>
&nbsp;·  <fictional_character wordnetid="109587565" confidence="0.9508927676800064">
<link xlink:type="simple" xlink:href="../329/9865329.xml">
Kyla Tyson</link></fictional_character>
&nbsp;·  <fictional_character wordnetid="109587565" confidence="0.9508927676800064">
<link xlink:type="simple" xlink:href="../629/11144629.xml">
Maria Kendall</link></fictional_character>
&nbsp;·  <fictional_character wordnetid="109587565" confidence="0.9508927676800064">
<link xlink:type="simple" xlink:href="../536/11144536.xml">
Maddy Young</link></fictional_character>
&nbsp;·  <fictional_character wordnetid="109587565" confidence="0.9508927676800064">
<link xlink:type="simple" xlink:href="../738/10739738.xml">
Faye Morton</link></fictional_character>
&nbsp;·  <fictional_character wordnetid="109587565" confidence="0.9508927676800064">
<link xlink:type="simple" xlink:href="../399/12329399.xml">
Jayne Grayson</link></fictional_character>
&nbsp;· <fictional_character wordnetid="109587565" confidence="0.9508927676800064">
<link xlink:type="simple" xlink:href="../023/14252023.xml">
Michael Spence</link></fictional_character>
&nbsp;· <fictional_character wordnetid="109587565" confidence="0.9508927676800064">
<link xlink:type="simple" xlink:href="../869/15506869.xml">
Linden Cullen</link></fictional_character>
&nbsp;· <fictional_character wordnetid="109587565" confidence="0.9508927676800064">
<link xlink:type="simple" xlink:href="../885/17199885.xml">
Daisha Anderson</link></fictional_character>
</col>
</row>
<row style="height:2px">

</row>
<row>
<col colspan="2" style="width:100%;padding:0px;;;" class="navbox-list navbox-odd">
<link xlink:type="simple" xlink:href="../780/8960780.xml#xpointer(//*[./st=%22Current+cast%22])">
Current cast</link>&nbsp;·  <cardiologist wordnetid="109894445" confidence="0.9173553029164789">
<president wordnetid="110468962" confidence="0.9173553029164789">
<assistant wordnetid="109815790" confidence="0.9173553029164789">
<physical_therapist wordnetid="110427764" confidence="0.9173553029164789">
<nurse wordnetid="110366966" confidence="0.9173553029164789">
<registrar wordnetid="110517137" confidence="0.9173553029164789">
<midwife wordnetid="110314836" confidence="0.9173553029164789">
<locum_tenens wordnetid="110269289" confidence="0.9173553029164789">
<head wordnetid="110162991" confidence="0.9173553029164789">
<military_officer wordnetid="110317007" confidence="0.9173553029164789">
<link xlink:type="simple" xlink:href="../001/12978001.xml">
Former cast</link></military_officer>
</head>
</locum_tenens>
</midwife>
</registrar>
</nurse>
</physical_therapist>
</assistant>
</president>
</cardiologist>
&nbsp;·  <social_worker wordnetid="110620027" confidence="0.9173553029164789">
<anesthesiologist wordnetid="109793495" confidence="0.9173553029164789">
<nurse wordnetid="110366966" confidence="0.9173553029164789">
<psychiatrist wordnetid="110488016" confidence="0.9173553029164789">
<link xlink:type="simple" xlink:href="../377/5184377.xml">
Recurring cast</link></psychiatrist>
</nurse>
</anesthesiologist>
</social_worker>
</col>
</row>
</table>
</col>
</row>
<row style="height:2px">

</row>
<row>
<col style=";background: #ccddff;;" class="navbox-group">
<it><series wordnetid="108457976" confidence="0.9508927676800064">
<link xlink:type="simple" xlink:href="../014/9653014.xml">
HolbyBlue</link></series>
''</it></col>
<col style="text-align:left;border-left:2px solid #fdfdfd;width:100%;padding:0px;;;" class="navbox-list navbox-odd">
<link xlink:type="simple" xlink:href="../018/12148018.xml">
Episode list</link>&nbsp;·  <series wordnetid="108457976" confidence="0.9508927676800064">
<link xlink:type="simple" xlink:href="../014/9653014.xml#xpointer(//*[./st=%22Characters%22])">
Character list</link></series>
 &nbsp;·  <policeman wordnetid="110448983" confidence="0.9173553029164789">
<link xlink:type="simple" xlink:href="../496/16680496.xml">
Luke French</link></policeman>
 &nbsp;·  <policeman wordnetid="110448983" confidence="0.9173553029164789">
<link xlink:type="simple" xlink:href="../399/11453399.xml">
John Keenan</link></policeman>
</col>
</row>
<row style="height:2px">

</row>
<row>
<col style=";background: #ccddff;;" class="navbox-group">
<it><series wordnetid="108457976" confidence="0.9508927676800064">
<link xlink:type="simple" xlink:href="../649/8077649.xml">
Casualty@Holby City</link></series>
''</it></col>
<col style="text-align:left;border-left:2px solid #fdfdfd;width:100%;padding:0px;;;" class="navbox-list navbox-even">
<episode wordnetid="106396330" confidence="0.9508927676800064">
<link xlink:type="simple" xlink:href="../536/13192536.xml">
Christmas 2004</link></episode>
&nbsp;·  <episode wordnetid="106396330" confidence="0.9508927676800064">
<link xlink:type="simple" xlink:href="../582/13192582.xml">
Interactive</link></episode>
&nbsp;·  <episode wordnetid="106396330" confidence="0.9508927676800064">
<link xlink:type="simple" xlink:href="../568/13192568.xml">
Halloween 2005</link></episode>
&nbsp;·  <episode wordnetid="106396330" confidence="0.9508927676800064">
<link xlink:type="simple" xlink:href="../553/13192553.xml">
Christmas 2005</link></episode>
</col>
</row>
<row style="height:2px">

</row>
<row>
<col style=";background: #ccddff;;" class="navbox-group">
Other</col>
<col style="text-align:left;border-left:2px solid #fdfdfd;width:100%;padding:0px;;;" class="navbox-list navbox-odd">
<region wordnetid="108630985" confidence="0.8">
<building wordnetid="102913152" confidence="0.8">
<structure wordnetid="104341686" confidence="0.8">
<administrative_district wordnetid="108491826" confidence="0.8">
<location wordnetid="100027167" confidence="0.8">
<municipality wordnetid="108626283" confidence="0.8">
<medical_building wordnetid="103739518" confidence="0.8">
<city wordnetid="108524735" confidence="0.8">
<artifact wordnetid="100021939" confidence="0.8">
<geographical_area wordnetid="108574314" confidence="0.8">
<district wordnetid="108552138" confidence="0.8">
<hospital wordnetid="103540595" confidence="0.8">
<urban_area wordnetid="108675967" confidence="0.8">
<link xlink:type="simple" xlink:href="../260/1470260.xml">
Holby</link></urban_area>
</hospital>
</district>
</geographical_area>
</artifact>
</city>
</medical_building>
</municipality>
</location>
</administrative_district>
</structure>
</building>
</region>
&nbsp;·  <region wordnetid="108630985" confidence="0.8">
<building wordnetid="102913152" confidence="0.8">
<structure wordnetid="104341686" confidence="0.8">
<administrative_district wordnetid="108491826" confidence="0.8">
<location wordnetid="100027167" confidence="0.8">
<municipality wordnetid="108626283" confidence="0.8">
<medical_building wordnetid="103739518" confidence="0.8">
<city wordnetid="108524735" confidence="0.8">
<artifact wordnetid="100021939" confidence="0.8">
<geographical_area wordnetid="108574314" confidence="0.8">
<district wordnetid="108552138" confidence="0.8">
<hospital wordnetid="103540595" confidence="0.8">
<urban_area wordnetid="108675967" confidence="0.8">
<link xlink:type="simple" xlink:href="../260/1470260.xml#xpointer(//*[./st=%22Holby+City+Hospital%22])">
Holby City Hospital</link></urban_area>
</hospital>
</district>
</geographical_area>
</artifact>
</city>
</medical_building>
</municipality>
</location>
</administrative_district>
</structure>
</building>
</region>
&nbsp;·  <region wordnetid="108630985" confidence="0.8">
<building wordnetid="102913152" confidence="0.8">
<structure wordnetid="104341686" confidence="0.8">
<administrative_district wordnetid="108491826" confidence="0.8">
<location wordnetid="100027167" confidence="0.8">
<municipality wordnetid="108626283" confidence="0.8">
<medical_building wordnetid="103739518" confidence="0.8">
<city wordnetid="108524735" confidence="0.8">
<artifact wordnetid="100021939" confidence="0.8">
<geographical_area wordnetid="108574314" confidence="0.8">
<district wordnetid="108552138" confidence="0.8">
<hospital wordnetid="103540595" confidence="0.8">
<urban_area wordnetid="108675967" confidence="0.8">
<link xlink:type="simple" xlink:href="../260/1470260.xml#xpointer(//*[./st=%22Holby+Ambulance+Service%22])">
Holby Ambulance Service</link></urban_area>
</hospital>
</district>
</geographical_area>
</artifact>
</city>
</medical_building>
</municipality>
</location>
</administrative_district>
</structure>
</building>
</region>
&nbsp;·  <episode wordnetid="106396330" confidence="0.9508927676800064">
<link xlink:type="simple" xlink:href="../076/13186076.xml">
Holby A&amp;E Fire (1993)</link></episode>
</col>
</row>
</table>
</col>
</row>
</table>
</p>



</sec>
</bdy>
</fictional_character>
</surgeon>
</article>
