<?xml version="1.0" encoding="UTF-8"?>
<!-- generated by CLiX/Wiki2XML [MPI-Inf, MMCI@UdS] $LastChangedRevision: 92 $ on 16.04.2009 18:05:04[mciao0827] -->
<!DOCTYPE article SYSTEM "../article.dtd">
<article xmlns:xlink="http://www.w3.org/1999/xlink">
<header>
<title>Vegetarian nutrition</title>
<id>1074205</id>
<revision>
<id>240140513</id>
<timestamp>2008-09-22T02:15:25Z</timestamp>
<contributor>
<username>JavierMC</username>
<id>2901134</id>
</contributor>
</revision>
<categories>
<category>Vegetarianism</category>
</categories>
</header>
<bdy>

<image location="right" width="150px" src="Vegetarian_diet.jpg" type="thumb">
<caption>

A variety of vegetarian ingredients
</caption>
</image>
<b>Vegetarian <link xlink:type="simple" xlink:href="../525/21525.xml">
nutrition</link></b> is the set of health-related challenges and advantages of <link xlink:type="simple" xlink:href="../591/32591.xml">
vegetarian</link> diets.<p>

Evidence suggests that vegetarians are generally healthier and live longer than non-vegetarians.  They have lower rates of <link xlink:type="simple" xlink:href="../735/5069735.xml">
coronary heart disease</link>, <link xlink:type="simple" xlink:href="../435/56435.xml">
obesity</link>, <link xlink:type="simple" xlink:href="../432/77432.xml">
hypertension</link>, <link xlink:type="simple" xlink:href="../502/154502.xml">
type 2 diabetes</link> and some forms of <link xlink:type="simple" xlink:href="../219/105219.xml">
cancer</link>.  Vegetarian diets tend to be rich in <link xlink:type="simple" xlink:href="../932/5932.xml">
carbohydrates</link>, <link xlink:type="simple" xlink:href="../218/681218.xml">
omega-6 fatty acids</link>, <link xlink:type="simple" xlink:href="../554/66554.xml">
dietary fibre</link>, <link xlink:type="simple" xlink:href="../943/294943.xml">
carotenoids</link>, <link xlink:type="simple" xlink:href="../117/54117.xml">
folic acid</link>, <link xlink:type="simple" xlink:href="../509/32509.xml">
vitamin C</link>, <link xlink:type="simple" xlink:href="../104/54104.xml">
vitamin E</link>, <link xlink:type="simple" xlink:href="../055/23055.xml">
potassium</link> and <link xlink:type="simple" xlink:href="../909/18909.xml">
magnesium</link>.  They are generally low in <link xlink:type="simple" xlink:href="../746/264746.xml">
saturated fat</link>, <link xlink:type="simple" xlink:href="../437/6437.xml">
cholesterol</link>, and animal protein.</p>
<p>

However, vegetarian diets can sometimes be relatively low in <link xlink:type="simple" xlink:href="../634/23634.xml">
protein</link>, <link xlink:type="simple" xlink:href="../734/14734.xml">
iron</link>, <link xlink:type="simple" xlink:href="../420/34420.xml">
zinc</link>, <link xlink:type="simple" xlink:href="../619/14538619.xml">
vitamin B12</link>, <link xlink:type="simple" xlink:href="../668/5668.xml">
calcium</link> and other nutrients.  Nonetheless, well-planned vegetarian and <link xlink:type="simple" xlink:href="../587/32587.xml">
vegan</link> diets can meet all these nutrient requirements and are appropriate for all stages of the life cycle, including during pregnancy, lactation, infancy, childhood, and adolescence.</p>

<sec>
<st>
Benefits of a vegetarian diet</st>
<p>

Vegetarian diets are usually rich in <link xlink:type="simple" xlink:href="../932/5932.xml">
carbohydrates</link>, <link xlink:type="simple" xlink:href="../218/681218.xml">
omega-6 fatty acids</link>, <link xlink:type="simple" xlink:href="../554/66554.xml">
dietary fibre</link>, <link xlink:type="simple" xlink:href="../943/294943.xml">
carotenoids</link>, <link xlink:type="simple" xlink:href="../117/54117.xml">
folic acid</link>, <link xlink:type="simple" xlink:href="../509/32509.xml">
vitamin C</link>, <link xlink:type="simple" xlink:href="../104/54104.xml">
vitamin E</link>, <link xlink:type="simple" xlink:href="../055/23055.xml">
potassium</link> and <link xlink:type="simple" xlink:href="../909/18909.xml">
magnesium</link>.<ref xlink:type="simple" xlink:href="#xpointer(//reflist/entry[@id=%221%22])">1</ref>  They contain lower levels of <link xlink:type="simple" xlink:href="../746/264746.xml">
saturated fat</link>, <link xlink:type="simple" xlink:href="../437/6437.xml">
cholesterol</link>, and animal protein.</p>
<p>

Studies show that the health of vegetarians compares favourably with that of non-vegetarians.<ref xlink:type="simple" xlink:href="#xpointer(//reflist/entry[@id=%222%22])">2</ref>  British vegetarians have lower <link xlink:type="simple" xlink:href="../305/191305.xml">
death rates</link> than non-vegetarians,<ref xlink:type="simple" xlink:href="#xpointer(//reflist/entry[@id=%222%22])">2</ref><ref xlink:type="simple" xlink:href="#xpointer(//reflist/entry[@id=%223%22])">3</ref> although this is at least partly due to non-dietary lifestyle factors, such as a low prevalence of smoking and the generally high <link xlink:type="simple" xlink:href="../113/13059113.xml">
socioeconomic status</link> of vegetarians, or to aspects of the diet other than the avoidance of meat and fish.<ref xlink:type="simple" xlink:href="#xpointer(//reflist/entry[@id=%224%22])">4</ref>  </p>
<p>

Notably, a vegetarian diet avoids the negative <link>
health effects of red meat</link>. One review found that mortality from <link xlink:type="simple" xlink:href="../735/5069735.xml">
coronary heart disease</link> was 24% lower in vegetarians than in nonvegetarians.<ref xlink:type="simple" xlink:href="#xpointer(//reflist/entry[@id=%225%22])">5</ref>  Studies of cancer have not shown clear differences in cancer rates between vegetarians and non-vegetarians.<ref xlink:type="simple" xlink:href="#xpointer(//reflist/entry[@id=%221%22])">1</ref>  There is evidence that vegetarians tend to have a lower <link xlink:type="simple" xlink:href="../788/4788.xml">
body mass index</link>,<ref xlink:type="simple" xlink:href="#xpointer(//reflist/entry[@id=%226%22])">6</ref><ref xlink:type="simple" xlink:href="#xpointer(//reflist/entry[@id=%221%22])">1</ref> lower risk of <link xlink:type="simple" xlink:href="../435/56435.xml">
obesity</link>,<ref xlink:type="simple" xlink:href="#xpointer(//reflist/entry[@id=%227%22])">7</ref> lower blood <link xlink:type="simple" xlink:href="../437/6437.xml">
cholesterol</link> levels,<ref xlink:type="simple" xlink:href="#xpointer(//reflist/entry[@id=%226%22])">6</ref><ref xlink:type="simple" xlink:href="#xpointer(//reflist/entry[@id=%221%22])">1</ref> lower <link xlink:type="simple" xlink:href="../223/105223.xml">
homocysteine</link> levels,<ref xlink:type="simple" xlink:href="#xpointer(//reflist/entry[@id=%221%22])">1</ref>, lower risk of <link xlink:type="simple" xlink:href="../432/77432.xml">
high blood pressure</link>,<ref xlink:type="simple" xlink:href="#xpointer(//reflist/entry[@id=%226%22])">6</ref><ref xlink:type="simple" xlink:href="#xpointer(//reflist/entry[@id=%227%22])">7</ref> and lower risk of <link xlink:type="simple" xlink:href="../502/154502.xml">
type 2 diabetes</link>.<ref xlink:type="simple" xlink:href="#xpointer(//reflist/entry[@id=%226%22])">6</ref><ref xlink:type="simple" xlink:href="#xpointer(//reflist/entry[@id=%227%22])">7</ref>  One large <link xlink:type="simple" xlink:href="../025/16107025.xml">
prospective study</link> found that non-meat-eaters had only half the risk of meat eaters of requiring an emergency <link xlink:type="simple" xlink:href="../240/158240.xml">
appendectomy</link>.<ref xlink:type="simple" xlink:href="#xpointer(//reflist/entry[@id=%222%22])">2</ref></p>
<p>

Vegetarians are less likely to die by choking on food since the most common food to obstruct the airway is fish which caused about 4,500 accidents a year in the UK as of 1998. Meat, poultry and bones were cited as the next three most common causes of choking, followed by sweets and non-food objects. <ref xlink:type="simple" xlink:href="#xpointer(//reflist/entry[@id=%228%22])">8</ref> A 2007 report from San Diego in the US confirms that the most common cause of choking was on meat products. <ref xlink:type="simple" xlink:href="#xpointer(//reflist/entry[@id=%229%22])">9</ref></p>

</sec>
<sec>
<st>
Potential nutrient deficiencies</st>
<p>

Poorly planned vegetarian diets can be relatively low in <link xlink:type="simple" xlink:href="../634/23634.xml">
protein</link>, <link xlink:type="simple" xlink:href="../734/14734.xml">
iron</link>, <link xlink:type="simple" xlink:href="../420/34420.xml">
zinc</link>, <link xlink:type="simple" xlink:href="../619/14538619.xml">
vitamin B12</link>, <link xlink:type="simple" xlink:href="../668/5668.xml">
calcium</link>, <link>
omega-3 fatty acids</link>, <link xlink:type="simple" xlink:href="../115/54115.xml">
retinol</link> (<link xlink:type="simple" xlink:href="../114/54114.xml">
vitamin A</link>), <link xlink:type="simple" xlink:href="../106/54106.xml">
vitamin D</link>, <link xlink:type="simple" xlink:href="../229/26229.xml">
riboflavin</link> (<link xlink:type="simple" xlink:href="../229/26229.xml">
vitamin B2</link>) and <link xlink:type="simple" xlink:href="../750/14750.xml">
iodine</link>.<ref xlink:type="simple" xlink:href="#xpointer(//reflist/entry[@id=%226%22])">6</ref><ref xlink:type="simple" xlink:href="#xpointer(//reflist/entry[@id=%221%22])">1</ref>  Vegans may have particularly low intakes of vitamin B12 and <link xlink:type="simple" xlink:href="../668/5668.xml">
calcium</link>.<ref xlink:type="simple" xlink:href="#xpointer(//reflist/entry[@id=%221%22])">1</ref>  Nonetheless, well-balanced vegetarian and vegan diets can meet all these nutrient requirements and are appropriate for all stages of the life cycle, including during <link xlink:type="simple" xlink:href="../587/1771587.xml">
pregnancy</link>, <link xlink:type="simple" xlink:href="../279/250279.xml">
lactation</link>, <link xlink:type="simple" xlink:href="../165/73165.xml">
infancy</link>, <link xlink:type="simple" xlink:href="../331/167331.xml">
childhood</link>, and <link xlink:type="simple" xlink:href="../859/83859.xml">
adolescence</link>.<ref xlink:type="simple" xlink:href="#xpointer(//reflist/entry[@id=%226%22])">6</ref></p>

<ss1>
<st>
 Protein </st>
<p>

The typical vegetarian gets adequate <link xlink:type="simple" xlink:href="../493/6531493.xml">
protein</link> as long as caloric intake is adequate and a variety of foods is eaten.<ref xlink:type="simple" xlink:href="#xpointer(//reflist/entry[@id=%2210%22])">10</ref> 
Vegetarian diets are usually relatively low in protein,<ref xlink:type="simple" xlink:href="#xpointer(//reflist/entry[@id=%221%22])">1</ref> which may be beneficial.<ref xlink:type="simple" xlink:href="#xpointer(//reflist/entry[@id=%2211%22])">11</ref><ref xlink:type="simple" xlink:href="#xpointer(//reflist/entry[@id=%2212%22])">12</ref></p>

<ss2>
<st>
 Combining proteins </st>

<p>

<indent level="1">

<it>Main article: <link xlink:type="simple" xlink:href="../020/7092020.xml">
Protein combining</link></it>
</indent>
<table style="background-color:inherit;border-collapse:collapse;border-style:none;margin: .5em .75em;" align="right" width="33%" class="floatright">
<row>
<col style="color:#B2B7F2;font-size:40px;font-family:'Times New Roman',serif;font-weight:bold;text-align:left;padding:2 2px;padding-top: 4px" width="20" valign="top">
“</col>
<col style="padding:0 10px;" align="left" valign="top">
 Virtually all plant foods have <it>all</it> of the essential amino acids; and not only are the amino acids there, they are present in more than enough quantity to meet the needs of normal adults, if you are on a calorically adequate diet.
— <physical_entity wordnetid="100001930" confidence="0.8">
<person wordnetid="100007846" confidence="0.8">
<adult wordnetid="109605289" confidence="0.8">
<consumer wordnetid="109612848" confidence="0.8">
<disputant wordnetid="109615465" confidence="0.8">
<vegan wordnetid="110747424" confidence="0.8">
<reformer wordnetid="110515194" confidence="0.8">
<militant wordnetid="110315837" confidence="0.8">
<causal_agent wordnetid="100007347" confidence="0.8">
<pacifist wordnetid="110390199" confidence="0.8">
<vegetarian wordnetid="110747119" confidence="0.8">
<eater wordnetid="110042300" confidence="0.8">
<user wordnetid="110741590" confidence="0.8">
<link xlink:type="simple" xlink:href="../871/1830871.xml">
Keith Akers</link></user>
</eater>
</vegetarian>
</pacifist>
</causal_agent>
</militant>
</reformer>
</vegan>
</disputant>
</consumer>
</adult>
</person>
</physical_entity>
<ref xlink:type="simple" xlink:href="#xpointer(//reflist/entry[@id=%2210%22])">10</ref></col>
<col style="color:#B2B7F2;font-size:40px;font-family:'Times New Roman',serif;font-weight:bold;text-align:right;padding:2 2px;padding: 4px;" width="20" valign="bottom">
”</col>
</row>
<row>
<col colspan="3" style="padding-top: 10px"></col>
</row>
</table>

Despite a widespread belief that vegetarians must eat grains and beans within a few hours of each other in order to make a 'complete' protein which contains all 9 "<link xlink:type="simple" xlink:href="../213/102213.xml">
essential amino acid</link>s", this has never been substantiated by research.  The protein-combining theory was brought to popular attention in <link>
Frances Moore Lappé</link>'s 1971 bestseller <it><link xlink:type="simple" xlink:href="../880/5992880.xml">
Diet for a Small Planet</link></it>.<ref xlink:type="simple" xlink:href="#xpointer(//reflist/entry[@id=%2210%22])">10</ref> In later editions of the book, as early as 1981, Lappé withdrew her contention that protein 'combining' is necessary.<ref xlink:type="simple" xlink:href="#xpointer(//reflist/entry[@id=%2213%22])">13</ref></p>

</ss2>
</ss1>
<ss1>
<st>
 Iron </st>
<p>

Meat, fish and poultry are the only sources of <link xlink:type="simple" xlink:href="../503/97503.xml">
heme</link> <link xlink:type="simple" xlink:href="../734/14734.xml">
iron</link>; <link xlink:type="simple" xlink:href="../208/23208.xml">
plant</link>s contain only non-heme iron, which is absorbed less efficiently by the human body.  However, cereals, eggs, legumes (including peas, beans, chickpeas, <link xlink:type="simple" xlink:href="../455/174455.xml">
lentils</link> and soy foods) and nuts are significant sources of iron,<ref xlink:type="simple" xlink:href="#xpointer(//reflist/entry[@id=%2214%22])">14</ref> so a well planned vegetarian diet should not lead to iron deficiency.</p>
<p>

A study in the Journal of the American Dietetic Association found that while iron-deficiency <link xlink:type="simple" xlink:href="../537/83537.xml">
anemia</link> is not more common among vegetarians, "vegetarian children had ... reduced levels of haemoglobin and iron compared to omnivores" due "to the absence of animal iron sources with high utilizability".<ref xlink:type="simple" xlink:href="#xpointer(//reflist/entry[@id=%2215%22])">15</ref>
<image location="right" width="150px" src="Tofu-beijingchina.jpg" type="thumb">
</image>
</p>

</ss1>
<ss1>
<st>
 Zinc </st>
<p>

Western vegetarians and vegans have not been found to suffer from overt <link xlink:type="simple" xlink:href="../420/34420.xml">
zinc</link> deficiencies any more than meat-eaters.<ref xlink:type="simple" xlink:href="#xpointer(//reflist/entry[@id=%2216%22])">16</ref> However, <link xlink:type="simple" xlink:href="../978/1479978.xml">
phytate</link>s in many whole-grains and fiber in many foods may interfere with zinc absorption and marginal zinc intake has poorly understood effects.<ref xlink:type="simple" xlink:href="#xpointer(//reflist/entry[@id=%226%22])">6</ref></p>

</ss1>
<ss1>
<st>
 Vitamin B12 </st>
<p>

<link xlink:type="simple" xlink:href="../619/14538619.xml">
Vitamin B12</link> deficiency is potentially extremely serious, leading to <link xlink:type="simple" xlink:href="../993/538993.xml">
pernicious anemia</link>, nerve degeneration and irreversible neurological damage.  A regular source of vitamin B12 is particularly important for those over the age of 50 years, and pregnant and lactating women (and for breastfed infants if the mother's diet is not supplemented).<ref xlink:type="simple" xlink:href="#xpointer(//reflist/entry[@id=%226%22])">6</ref>  </p>
<p>

Evidence suggests that vegetarians and vegans who are not taking vitamin B12 supplements or B12-fortified foods do not consume sufficient servings of B12 and often have abnormally low blood concentrations of vitamin B12.<ref xlink:type="simple" xlink:href="#xpointer(//reflist/entry[@id=%2217%22])">17</ref>  This is because, unless fortified, plant foods do not contain significant amounts of active <link xlink:type="simple" xlink:href="../619/14538619.xml">
vitamin B12</link>.<ref xlink:type="simple" xlink:href="#xpointer(//reflist/entry[@id=%226%22])">6</ref>  </p>
<p>

It is essential, therefore, that vegetarians consume adequate amounts of <link xlink:type="simple" xlink:href="../097/8097.xml">
dairy product</link>s, eggs, <link xlink:type="simple" xlink:href="../444/104444.xml">
dietary supplement</link>s or foods that have been fortified with B12 (such as certain <link xlink:type="simple" xlink:href="../281/34281.xml">
yeast extract</link>s, vegetable <link xlink:type="simple" xlink:href="../129/657129.xml">
stock</link>, <link xlink:type="simple" xlink:href="../148/824148.xml">
veggie burger</link> mixes, <link xlink:type="simple" xlink:href="../975/276975.xml">
textured vegetable protein</link>, <link xlink:type="simple" xlink:href="../943/474943.xml">
soy milk</link>s, vegetable and sunflower <link xlink:type="simple" xlink:href="../276/193276.xml">
margarine</link>s, and <link xlink:type="simple" xlink:href="../776/82776.xml">
breakfast cereal</link>s).<ref xlink:type="simple" xlink:href="#xpointer(//reflist/entry[@id=%2218%22])">18</ref></p>
<p>

<link xlink:type="simple" xlink:href="../076/22076.xml">
nori</link>(Seaweed) contains B12 very abundantly. <ref xlink:type="simple" xlink:href="#xpointer(//reflist/entry[@id=%2219%22])">19</ref> However, plant sources of B12 (or analogues) have not yet been shown to benefit humans. There is a patent for a cultivation method of a mycelium's enriching vitamin B12 of the 
vegetable. <ref xlink:type="simple" xlink:href="#xpointer(//reflist/entry[@id=%2220%22])">20</ref></p>

</ss1>
<ss1>
<st>
 Omega-3 fatty acids </st>
<p>

Vegetarian sources of <link xlink:type="simple" xlink:href="../594/22594.xml">
omega-3 fatty acid</link>s include <link xlink:type="simple" xlink:href="../869/38869.xml">
flaxseeds and flaxseed oil</link>, <link xlink:type="simple" xlink:href="../478/22478.xml">
olive oil</link>, <link xlink:type="simple" xlink:href="../140/165140.xml">
walnut</link>s, <link xlink:type="simple" xlink:href="../190/86190.xml">
canola</link> (<link xlink:type="simple" xlink:href="../545/219545.xml">
rapeseed</link>) oil, <link xlink:type="simple" xlink:href="../017/166017.xml">
avocado</link>, and <link xlink:type="simple" xlink:href="../010/19196010.xml">
eggs</link>.</p>
<p>

<image location="left" width="150px" src="English_Walnuts.jpg" type="thumb">
</image>
Vegetarian sources of omega-3 fatty acids are primarily the short chain variety and likely to have lower concentrations of the particular <link xlink:type="simple" xlink:href="../948/105948.xml">
essential fatty acid</link>s (EFAs), <link xlink:type="simple" xlink:href="../775/1593775.xml">
eicosapentaenoic acid</link> (EPA) and <link xlink:type="simple" xlink:href="../318/1673318.xml">
docosahexaenoic acid</link> (DHA). The body can synthesize small quantities of EPA and DHA from other omega-3 fatty acids, such as <link xlink:type="simple" xlink:href="../316/153316.xml">
alpha-linolenic acid</link>s, which are present in vegetarian sources of omega-3 fatty acids. The human body can also convert DHA into EPA. DHA supplements derived from DHA-rich <link xlink:type="simple" xlink:href="../633/633.xml">
microalgae</link> are available. Whilst the human body can in theory do this conversion, in practice modern diets and lifestyles reduce the effectiveness of the conversion systems. Roughly ten times more of the short chain omega-3s must be consumed to have the same effect as the long chain form from <link xlink:type="simple" xlink:href="../306/999306.xml">
fish oil</link>.<ref xlink:type="simple" xlink:href="#xpointer(//reflist/entry[@id=%2221%22])">21</ref></p>
<p>

While there is no <link xlink:type="simple" xlink:href="../727/423727.xml">
scientific consensus</link> on the role of omega-3 fatty acids, it is generally believed that they may reduce the risk of coronary <link xlink:type="simple" xlink:href="../276/69276.xml">
heart disease</link>, lower <link xlink:type="simple" xlink:href="../525/56525.xml">
triglycerides</link>, stabilize mood and help prevent <link xlink:type="simple" xlink:href="../389/8389.xml">
depression</link>, help reduce symptoms of <disease wordnetid="114070360" confidence="0.9508927676800064">
<link xlink:type="simple" xlink:href="../976/64976.xml">
ADD</link></disease>
, reduce joint pain and other <link xlink:type="simple" xlink:href="../499/593499.xml">
rheumatoid</link> problems and reduce the risk of <link xlink:type="simple" xlink:href="../390/38390.xml">
dementia</link> in older age.</p>

</ss1>
<ss1>
<st>
 Vitamin D </st>
<p>

The human body can <link xlink:type="simple" xlink:href="../338/330338.xml">
synthesize</link> Vitamin D when <link xlink:type="simple" xlink:href="../978/27978.xml">
skin</link> is exposed to <link xlink:type="simple" xlink:href="../990/31990.xml">
ultraviolet radiation</link> from the <link xlink:type="simple" xlink:href="../751/26751.xml">
sun</link>. Vegans who do not eat foods or pills fortified with synthetic vitamin D and with little exposure to the sun's ultraviolet radiation (e.g., those who don't expose their extremities for at least 15-30 minutes per day or those living at <link xlink:type="simple" xlink:href="../616/17616.xml">
latitude</link>s close to the <link xlink:type="simple" xlink:href="../696/455696.xml">
pole</link>s) are vulnerable to Vitamin D deficiencies.</p>
<p>

Vitamin D acts as a <link xlink:type="simple" xlink:href="../311/13311.xml">
hormone</link>, sending a message to the <link xlink:type="simple" xlink:href="../343/61343.xml">
intestine</link>s to increase the absorption of <link xlink:type="simple" xlink:href="../668/5668.xml">
calcium</link> and <link xlink:type="simple" xlink:href="../318/23318.xml">
phosphorus</link>, which produces strong <link xlink:type="simple" xlink:href="../099/4099.xml">
bone</link>s. Vitamin D also works in concert with a number of other <link xlink:type="simple" xlink:href="../512/32512.xml">
vitamin</link>s, <link xlink:type="simple" xlink:href="../053/19053.xml">
mineral</link>s, and hormones to promote bone <link xlink:type="simple" xlink:href="../996/3230996.xml">
mineralization</link>. Research also suggests that vitamin D may help maintain a healthy <link xlink:type="simple" xlink:href="../958/14958.xml">
immune system</link> and help regulate <link xlink:type="simple" xlink:href="../779/564779.xml">
cell growth</link> and <link xlink:type="simple" xlink:href="../611/152611.xml">
differentiation</link>.</p>

</ss1>
<ss1>
<st>
 Iodine </st>
<p>

According the British Journal of Nutrition there is a "potential danger of [Iodine] deficiency disorders due to strict forms of vegetarian nutrition, especially when fruits and vegetables grown in soils with low [Iodine] levels are ingested."<ref xlink:type="simple" xlink:href="#xpointer(//reflist/entry[@id=%2222%22])">22</ref> Iodine, however, is usually supplied by <link xlink:type="simple" xlink:href="../890/1232890.xml">
iodized salt</link> and other sources in <politics wordnetid="113840719" confidence="0.8">
<grouping wordnetid="101012360" confidence="0.8">
<event wordnetid="100029378" confidence="0.8">
<social_relation wordnetid="100032823" confidence="0.8">
<act wordnetid="100030358" confidence="0.8">
<psychological_feature wordnetid="100023100" confidence="0.8">
<activity wordnetid="100407535" confidence="0.8">
<categorization wordnetid="101012712" confidence="0.8">
<link xlink:type="simple" xlink:href="../353/160353.xml">
first world countries</link></categorization>
</activity>
</psychological_feature>
</act>
</social_relation>
</event>
</grouping>
</politics>
.
Additionally, it should be noted that any iodine found in animal products is sourced from plant life (see: ).</p>

</ss1>
<ss1>
<st>
 Riboflavin </st>
<p>

According to the American Dietetic Association, “Some studies have shown vegans to have lower intakes of <link xlink:type="simple" xlink:href="../229/26229.xml">
riboflavin</link>, compared with nonvegetarians; however, clinical riboflavin deficiency has not been observed.”<ref xlink:type="simple" xlink:href="#xpointer(//reflist/entry[@id=%226%22])">6</ref></p>

</ss1>
</sec>
<sec>
<st>
References</st>

<p>

<reflist>
<entry id="1">
Key TJ, Appleby PN, Rosell MS: “Health effects of vegetarian and vegan diets” (<weblink xlink:type="simple" xlink:href="http://www.epic-oxford.org/publications/1368/key-et-al-2006-02-proc-nutr-soc">
abstract</weblink>).  <it>Proceedings of the Nutrition Society</it>, 2006, 65:35-41.  Accessed 4 January 2007.</entry>
<entry id="2">
Appleby PN, Thorogood M, Mann JI, Key TJ: “The Oxford Vegetarian Study: an overview”.  <it>American Journal of Clinical Nutrition</it>, 1999, 70:525S-531S.</entry>
<entry id="3">
Key TJ, Appleby PN, Davey GK, Allen NE, Spencer EA, Travis RC: “Mortality in British vegetarians: review and preliminary results from EPIC-Oxford” (<weblink xlink:type="simple" xlink:href="http://www.epic-oxford.org/publications/1280/key-et-al-2003-09-am-j-clin-nutr">
abstract</weblink>).  <it>American Journal of Clinical Nutrition</it>, 2003, 78:533S-538S.  Accessed 4 January 2007.</entry>
<entry id="4">
Appleby PN, Key TJ, Thorogood M, Burr ML, Mann J: “Mortality in British vegetarians”.  <it>Public Health Nutrition</it>, 2002, 5:29-36.</entry>
<entry id="5">
Key TJ, Fraser GE, Thorogood M, Appleby PN, Beral V, Reeves G, Burr ML, Chang-Claude J, Frentzel-Beyme R, Kuzma JW, Mann J, McPherson K: “Mortality in vegetarians and nonvegetarians: detailed findings from a collaborative analysis of 5 prospective studies”.  <it>American Journal of Clinical Nutrition</it>, 1999, 70:516S-524S.</entry>
<entry id="6">
<weblink xlink:type="simple" xlink:href="http://www.adajournal.org/article/PIIS0002822303002943/fulltext">
“Position of the American Dietetic Association and Dietitians of Canada: Vegetarian diets”</weblink>.  <it>Journal of the American Dietetic Association</it>, 2003, 06.  Accessed 4 January 2007.</entry>
<entry id="7">
<link xlink:type="simple" xlink:href="../673/581673.xml">
American Heart Association</link>: <weblink xlink:type="simple" xlink:href="http://www.americanheart.org/presenter.jhtml?identifier=4777">
<it>Vegetarian Diets''</it></weblink>.  Accessed 4 January 2007.</entry>
<entry id="8">
<weblink xlink:type="simple" xlink:href="http://www.hassandlass.org.uk/query/reports/1998.pdf">
Home and leisure accident report Summary of 1998 data p.16 Department of Trade and Industry (UK)</weblink></entry>
<entry id="9">
<weblink xlink:type="simple" xlink:href="http://www.ingentaconnect.com/content/bsc/jfo/2007/00000052/00000001/art00032">
Deaths Associated with Choking in San Diego County (Abstract)</weblink></entry>
<entry id="10">
<physical_entity wordnetid="100001930" confidence="0.8">
<person wordnetid="100007846" confidence="0.8">
<adult wordnetid="109605289" confidence="0.8">
<consumer wordnetid="109612848" confidence="0.8">
<disputant wordnetid="109615465" confidence="0.8">
<vegan wordnetid="110747424" confidence="0.8">
<reformer wordnetid="110515194" confidence="0.8">
<militant wordnetid="110315837" confidence="0.8">
<causal_agent wordnetid="100007347" confidence="0.8">
<pacifist wordnetid="110390199" confidence="0.8">
<vegetarian wordnetid="110747119" confidence="0.8">
<eater wordnetid="110042300" confidence="0.8">
<user wordnetid="110741590" confidence="0.8">
<link xlink:type="simple" xlink:href="../871/1830871.xml">
Akers, Keith</link></user>
</eater>
</vegetarian>
</pacifist>
</causal_agent>
</militant>
</reformer>
</vegan>
</disputant>
</consumer>
</adult>
</person>
</physical_entity>
: <it><weblink xlink:type="simple" xlink:href="http://www.vsc.org/protein.htm">
But How Do You Get Enough Protein?</weblink></it>.  Vegetarian Society of Colorado.  Accessed 11 April 2007.</entry>
<entry id="11">
Food Navigator USA: <weblink xlink:type="simple" xlink:href="http://www.foodnavigator-usa.com/news/ng.asp?n=72611-protein-cancer">
<it>Low-protein diets could protect against cancer, says new study''</it></weblink>.  7 December 2006.  Accessed 4 January 2007.</entry>
<entry id="12">
<weblink xlink:type="simple" xlink:href="http://www.clinicalevidence.com/ceweb/conditions/dia/0606/0606_I8.jsp">
Diabetic nephropathy</weblink></entry>
<entry id="13">
<link>
Lappé, Frances Moore</link> (1981).  <it><link xlink:type="simple" xlink:href="../880/5992880.xml">
Diet for a Small Planet</link></it>, p. 162.  ISBN 0-345-32120-0</entry>
<entry id="14">
Nutrition Australia: <it><weblink xlink:type="simple" xlink:href="http://www.nutritionaustralia.org/Food_Facts/FAQ/vegetarian_new_detailed_faq.asp">
FAQ on Vegetarian Diets</weblink></it>.  Accessed 11 April 2007.</entry>
<entry id="15">
Krajcovicova-Kudlackova M, Simoncic R, Bederova A, Grancicova E, Magalova T: “<weblink xlink:type="simple" xlink:href="http://www.adajournal.org/medline/record/MDLN.9399258">
Influence of vegetarian and mixed nutrition on selected haematological and biochemical parameters in children</weblink>.” <it>Nahrung</it>, October 1997, 41:311-314.</entry>
<entry id="17">
See, for example, Hokin BD and Butler T: “<weblink xlink:type="simple" xlink:href="http://www.ajcn.org/cgi/content/full/70/3/576S">
Cyanocobalamin (vitamin B-12) status in Seventh-day Adventist ministers in Australia</weblink>” in <it>American Journal of Clinical Nutrition</it>, September 1999, 70:576S-578S; and Krajcovicova-Kudlackova M, Blazicek P, Kopcova J, Bederova A and Babinska K: “<weblink xlink:type="simple" xlink:href="http://content.karger.com/produktedb/produkte.asp?typ=fulltext&amp;file=anm44135">
Homocysteine Levels in Vegetarians versus Omnivores</weblink>” in <it>Annals of Nutrition &amp; Metabolism</it>, 2000, 44:135-138; and VeganHealth.org: <it><weblink xlink:type="simple" xlink:href="http://www.veganhealth.org/b12/hcy">
B12 and Chronic Disease: Homocysteine</weblink></it>. Accessed 26 April 2007.</entry>
<entry id="16">
Freeland-Graves J. H., Bodzy P. W., Epright M. A.: “Zinc status of vegetarians”. <it>Journal of the American Dietetic Association</it>, 1980, 77:655-661</entry>
<entry id="19">
<weblink xlink:type="simple" xlink:href="http://www.mext.go.jp/b_menu/shingi/gijyutu/gijyutu3/toushin/05031802/002/009.pdf">
ALGAE</weblink> from <it><weblink xlink:type="simple" xlink:href="http://www.mext.go.jp/b_menu/shingi/gijyutu/gijyutu3/toushin/05031802.htm">
STANDARD TABLES OF FOOD COMPOSITION IN JAPAN Fifth Revised and Enlarged Edition 2005</weblink>''</it></entry>
<entry id="18">
The Vegetarian Society.  <it><weblink xlink:type="simple" xlink:href="http://www.vegsoc.org/info/b12.html">
Information Sheet: Vitamin B12</weblink></it>.  Accessed 26 April 2007.</entry>
<entry id="21">
<weblink xlink:type="simple" xlink:href="http://www.seafish.org/pdf.pl?file=seafish/file/consumerHealthInfo.pdf">
Revised Seafood Briefing DocOct03</weblink></entry>
<entry id="20">
<weblink xlink:type="simple" xlink:href="http://www.wikipatents.com/ca/2431442.html">
Seed and plant containing vitamin B12 and method of producing the same </weblink></entry>
<entry id="22">
Thomas Remer, Annette Neubert and Friedrich Manz: “<weblink xlink:type="simple" xlink:href="http://docstore.ingenta.com/cgi-bin/ds_deliver/1/u/d/ISIS/34393885.1/cabi/bjn/1999/00000081/00000001/art00009/3E55FC91FC3793AE1167931465C2FF219D4F166CC9.html?link=http://www.ingentaconnect.com/error/delivery%3Bjsessionid=1270sjtai37ar.henrietta&amp;format=html">
Increased risk of iodine deficiency with vegetarian nutrition</weblink>”. <it>British Journal of Nutrition</it>, 1999, 81:45-49.  Accessed 4 January 2007.</entry>
</reflist>
</p>


</sec>
<sec>
<st>
See also</st>
<p>

<list>
<entry level="1" type="bullet">

 <link xlink:type="simple" xlink:href="../525/21525.xml">
Nutrition</link></entry>
<entry level="1" type="bullet">

 <link xlink:type="simple" xlink:href="../601/32601.xml">
Vegetarian cuisine</link></entry>
<entry level="1" type="bullet">

 <link xlink:type="simple" xlink:href="../591/32591.xml">
Vegetarianism</link></entry>
<entry level="1" type="bullet">

 <right wordnetid="105174653" confidence="0.8">
<link xlink:type="simple" xlink:href="../587/32587.xml">
Veganism</link></right>
</entry>
<entry level="1" type="bullet">

 <link>
Vegan cuisine</link></entry>
<entry level="1" type="bullet">

 <link xlink:type="simple" xlink:href="../742/3809742.xml">
The China Study</link></entry>
</list>
</p>

</sec>
<sec>
<st>
Further reading</st>
<p>

<list>
<entry level="1" type="bullet">

 <weblink xlink:type="simple" xlink:href="http://www.mayoclinic.com/invoke.cfm?id=HQ01596">
Mayo Clinic's synopsis</weblink>.</entry>
<entry level="1" type="bullet">

 <weblink xlink:type="simple" xlink:href="http://www.vrg.org">
Vegetarian Resource Group</weblink></entry>
<entry level="1" type="bullet">

 <weblink xlink:type="simple" xlink:href="http://www.vegparadise.com/protein.html">
Protein Basics Chart</weblink></entry>
<entry level="1" type="bullet">

 <weblink xlink:type="simple" xlink:href="http://www.epic-oxford.org/gen_vegpapers.html">
Focus on vegetarians</weblink> research from EPIC-Oxford.</entry>
</list>
</p>
<p>

<list>
<entry level="1" type="bullet">

 <link xlink:type="simple" xlink:href="../742/3809742.xml">
The China Study</link>: The Most Comprehensive Study of Nutrition Ever Conducted and the Startling Implications for Diet, Weight Loss and Long-Term Health (2005) by: T. Colin Campbell ISBN 1-932100-66-0</entry>
<entry level="1" type="bullet">

<weblink xlink:type="simple" xlink:href="http://www.earthtimes.org/articles/show/13988.html">
 Becoming a 'Veggie' : The Smart Move</weblink></entry>
<entry level="1" type="bullet">

<weblink xlink:type="simple" xlink:href="http://www.nal.usda.gov/fnic/pubs/bibs/gen/vegetarian07.pdf">
Vegetarian Nutrition Resource List - USDA, NAL Food and Nutrition Information Center (PDF|72 KB)</weblink></entry>
</list>
</p>

<p>

<table style=";" class="navbox" cellspacing="0">
<row>
<col style="padding:2px;">
<table style="width:100%;background:transparent;color:inherit;;" class="nowraplinks collapsible autocollapse " cellspacing="0">
<row>
<header colspan="2" style=";" class="navbox-title">
<link xlink:type="simple" xlink:href="../591/32591.xml">
Vegetarianism</link></header>
</row>
<row style="height:2px;">

</row>
<row>
<col style=";;" class="navbox-group">
Vegetarian diets</col>
<col style="text-align:left;border-left:2px solid #fdfdfd;width:100%;padding:0px;;;" class="navbox-list navbox-odd">
<link xlink:type="simple" xlink:href="../827/22827.xml">
Lacto-ovo-vegetarianism</link> &nbsp;·  <link xlink:type="simple" xlink:href="../246/3388246.xml">
Ovo-vegetarianism</link>&nbsp;·  <link xlink:type="simple" xlink:href="../729/495729.xml">
Lacto-vegetarianism</link>&nbsp;·  <link xlink:type="simple" xlink:href="../581/11003581.xml">
Sattvic diet</link>&nbsp;·  <link xlink:type="simple" xlink:href="../313/185313.xml">
Freeganism</link>&nbsp;·  <right wordnetid="105174653" confidence="0.8">
<link xlink:type="simple" xlink:href="../587/32587.xml">
Veganism</link></right>
&nbsp;·  <link xlink:type="simple" xlink:href="../278/2561278.xml">
Raw veganism</link>&nbsp;·  <link xlink:type="simple" xlink:href="../286/11286.xml">
Fruitarianism</link></col>
</row>
<row style="height:2px">

</row>
<row>
<col style=";;" class="navbox-group">
<link xlink:type="simple" xlink:href="../624/13426624.xml">
Semi-vegetarian</link>diets</col>
<col style="text-align:left;border-left:2px solid #fdfdfd;width:100%;padding:0px;;;" class="navbox-list navbox-even">
<link xlink:type="simple" xlink:href="../188/603188.xml">
Flexitarianism</link> &nbsp;·  <link xlink:type="simple" xlink:href="../458/11191458.xml">
Pescetarianism</link> &nbsp;·  <link xlink:type="simple" xlink:href="../462/369462.xml">
Pollotarianism</link></col>
</row>
<row style="height:2px">

</row>
<row>
<col style=";;" class="navbox-group">
Information</col>
<col style="text-align:left;border-left:2px solid #fdfdfd;width:100%;padding:0px;;;" class="navbox-list navbox-odd"><p>

<link xlink:type="simple" xlink:href="../357/12639357.xml">
History</link>&nbsp;·  <link xlink:type="simple" xlink:href="../102/6946102.xml">
Vegetarianism in specific countries</link>&nbsp;·  <link xlink:type="simple" xlink:href="../205/1074205.xml">
Vegetarian nutrition</link>&nbsp;·  <link xlink:type="simple" xlink:href="../926/16190926.xml">
List of vegetarians</link> (<link xlink:type="simple" xlink:href="../328/17086328.xml">
The Netherlands</link>)</p>
</col>
</row>
<row style="height:2px">

</row>
<row>
<col style=";;" class="navbox-group">
Issues</col>
<col style="text-align:left;border-left:2px solid #fdfdfd;width:100%;padding:0px;;;" class="navbox-list navbox-even"><p>

<link xlink:type="simple" xlink:href="../505/2858505.xml">
Environmentalism</link>&nbsp;·  <link xlink:type="simple" xlink:href="../595/1005595.xml">
Economics</link>&nbsp;·  <issue wordnetid="105814650" confidence="0.8">
<right wordnetid="105174653" confidence="0.8">
<link xlink:type="simple" xlink:href="../195/2857195.xml">
Ethics</link></right>
</issue>
</p>
</col>
</row>
<row style="height:2px">

</row>
<row>
<col style=";;" class="navbox-group">
Food</col>
<col style="text-align:left;border-left:2px solid #fdfdfd;width:100%;padding:0px;;;" class="navbox-list navbox-odd">
<link xlink:type="simple" xlink:href="../601/32601.xml">
Vegetarian cuisine</link>&nbsp;·  <link>
Vegan cuisine</link>&nbsp;·  <link xlink:type="simple" xlink:href="../403/369403.xml">
Meat analogue</link>&nbsp;·  <equivalent wordnetid="105695554" confidence="0.8">
<substitute wordnetid="105696425" confidence="0.8">
<link xlink:type="simple" xlink:href="../571/1790571.xml">
Tofurkey</link></substitute>
</equivalent>
&nbsp;·  <snack_food wordnetid="107712382" confidence="0.8">
<dish wordnetid="107557434" confidence="0.8">
<substance wordnetid="100020090" confidence="0.8">
<equivalent wordnetid="105695554" confidence="0.8">
<sandwich wordnetid="107695965" confidence="0.8">
<food wordnetid="100021265" confidence="0.8">
<substitute wordnetid="105696425" confidence="0.8">
<nutriment wordnetid="107570720" confidence="0.8">
<link xlink:type="simple" xlink:href="../148/824148.xml">
Veggie burger</link></nutriment>
</substitute>
</food>
</sandwich>
</equivalent>
</substance>
</dish>
</snack_food>
&nbsp;·  <link xlink:type="simple" xlink:href="../232/2519232.xml">
Chreese</link></col>
</row>
<row style="height:2px">

</row>
<row>
<col style=";;" class="navbox-group">
Beverages</col>
<col style="text-align:left;border-left:2px solid #fdfdfd;width:100%;padding:0px;;;" class="navbox-list navbox-even">
<property wordnetid="104916342" confidence="0.8">
<manner wordnetid="104928903" confidence="0.8">
<link xlink:type="simple" xlink:href="../784/3276784.xml">
Vegan wine</link></manner>
</property>
&nbsp;·  <equivalent wordnetid="105695554" confidence="0.8">
<substitute wordnetid="105696425" confidence="0.8">
<link xlink:type="simple" xlink:href="../554/2520554.xml">
Plant milk</link></substitute>
</equivalent>
&nbsp;·  <equivalent wordnetid="105695554" confidence="0.8">
<substitute wordnetid="105696425" confidence="0.8">
<link xlink:type="simple" xlink:href="../943/474943.xml">
Soy milk</link></substitute>
</equivalent>
</col>
</row>
<row style="height:2px">

</row>
<row>
<col style=";;" class="navbox-group">
Organizations</col>
<col style="text-align:left;border-left:2px solid #fdfdfd;width:100%;padding:0px;;;" class="navbox-list navbox-odd">
<party wordnetid="108256968" confidence="0.8">
<link xlink:type="simple" xlink:href="../838/1216838.xml">
American Vegetarian Party</link></party>
&nbsp;·  <controversy wordnetid="107183151" confidence="0.8">
<event wordnetid="100029378" confidence="0.8">
<dispute wordnetid="107181935" confidence="0.8">
<disagreement wordnetid="107180787" confidence="0.8">
<act wordnetid="100030358" confidence="0.8">
<psychological_feature wordnetid="100023100" confidence="0.8">
<speech_act wordnetid="107160883" confidence="0.8">
<link xlink:type="simple" xlink:href="../232/1786232.xml">
Christian Vegetarian Association</link></speech_act>
</psychological_feature>
</act>
</disagreement>
</dispute>
</event>
</controversy>
&nbsp;·  <link xlink:type="simple" xlink:href="../597/2094597.xml">
European Vegetarian Union</link>&nbsp;·  <financial_institution wordnetid="108054721" confidence="0.8">
<foundation wordnetid="108406486" confidence="0.8">
<charity wordnetid="108406619" confidence="0.8">
<institution wordnetid="108053576" confidence="0.8">
<link xlink:type="simple" xlink:href="../599/3481599.xml">
Food for Life</link></institution>
</charity>
</foundation>
</financial_institution>
&nbsp;·  <link xlink:type="simple" xlink:href="../527/2094527.xml">
International Vegetarian Union</link>&nbsp;·  <link xlink:type="simple" xlink:href="../124/2994124.xml">
Massachusetts Animal Rights Coalition</link>&nbsp;·  <link xlink:type="simple" xlink:href="../857/60857.xml">
PETA</link>&nbsp;·  <link xlink:type="simple" xlink:href="../794/929794.xml">
Physicians Committee for Responsible Medicine</link>&nbsp;·  <financial_institution wordnetid="108054721" confidence="0.8">
<foundation wordnetid="108406486" confidence="0.8">
<charity wordnetid="108406619" confidence="0.8">
<institution wordnetid="108053576" confidence="0.8">
<link xlink:type="simple" xlink:href="../657/6693657.xml">
Tibetan Volunteers for Animals</link></institution>
</charity>
</foundation>
</financial_institution>
&nbsp;·  <link xlink:type="simple" xlink:href="../700/6229700.xml">
Toronto Vegetarian Association</link>&nbsp;·  <link xlink:type="simple" xlink:href="../668/1002668.xml">
Vegan Society</link>&nbsp;·  <body wordnetid="107965085" confidence="0.8">
<social_group wordnetid="107950920" confidence="0.8">
<group wordnetid="100031264" confidence="0.8">
<administration wordnetid="108164585" confidence="0.8">
<link xlink:type="simple" xlink:href="../986/689986.xml">
Vegan Society of Australia</link></administration>
</group>
</social_group>
</body>
&nbsp;·  <body wordnetid="107965085" confidence="0.8">
<social_group wordnetid="107950920" confidence="0.8">
<group wordnetid="100031264" confidence="0.8">
<administration wordnetid="108164585" confidence="0.8">
<link xlink:type="simple" xlink:href="../834/12951834.xml">
Vegetarian Network Victoria</link></administration>
</group>
</social_group>
</body>
&nbsp;·  <link xlink:type="simple" xlink:href="../275/636275.xml">
Vegetarian Society</link>&nbsp;·  <link xlink:type="simple" xlink:href="../768/8437768.xml">
Veggies</link></col>
</row>
<row style="height:2px">

</row>
<row>
<col style=";;" class="navbox-group">
Literature</col>
<col style="text-align:left;border-left:2px solid #fdfdfd;width:100%;padding:0px;;;" class="navbox-list navbox-even">
<it><work wordnetid="104599396" confidence="0.8">
<product wordnetid="104007894" confidence="0.8">
<magazine wordnetid="106595351" confidence="0.8">
<print_media wordnetid="106263609" confidence="0.8">
<creation wordnetid="103129123" confidence="0.8">
<press wordnetid="106263369" confidence="0.8">
<artifact wordnetid="100021939" confidence="0.8">
<instrumentality wordnetid="103575240" confidence="0.8">
<medium wordnetid="106254669" confidence="0.8">
<publication wordnetid="106589574" confidence="0.8">
<link xlink:type="simple" xlink:href="../532/15911532.xml">
Arkangel</link></publication>
</medium>
</instrumentality>
</artifact>
</press>
</creation>
</print_media>
</magazine>
</product>
</work>
</it>&nbsp;·  <it><link xlink:type="simple" xlink:href="../742/3809742.xml">
The China Study</link></it>&nbsp;·  <it><work wordnetid="104599396" confidence="0.8">
<product wordnetid="104007894" confidence="0.8">
<magazine wordnetid="106595351" confidence="0.8">
<print_media wordnetid="106263609" confidence="0.8">
<creation wordnetid="103129123" confidence="0.8">
<press wordnetid="106263369" confidence="0.8">
<artifact wordnetid="100021939" confidence="0.8">
<instrumentality wordnetid="103575240" confidence="0.8">
<medium wordnetid="106254669" confidence="0.8">
<publication wordnetid="106589574" confidence="0.8">
<link xlink:type="simple" xlink:href="../718/11118718.xml">
No Compromise</link></publication>
</medium>
</instrumentality>
</artifact>
</press>
</creation>
</print_media>
</magazine>
</product>
</work>
</it>&nbsp;·  <it><link xlink:type="simple" xlink:href="../074/451074.xml">
The Vegan Sourcebook</link></it>&nbsp;·  <it><work wordnetid="104599396" confidence="0.8">
<product wordnetid="104007894" confidence="0.8">
<magazine wordnetid="106595351" confidence="0.8">
<print_media wordnetid="106263609" confidence="0.8">
<creation wordnetid="103129123" confidence="0.8">
<press wordnetid="106263369" confidence="0.8">
<artifact wordnetid="100021939" confidence="0.8">
<instrumentality wordnetid="103575240" confidence="0.8">
<medium wordnetid="106254669" confidence="0.8">
<publication wordnetid="106589574" confidence="0.8">
<link xlink:type="simple" xlink:href="../261/2686261.xml">
VegNews</link></publication>
</medium>
</instrumentality>
</artifact>
</press>
</creation>
</print_media>
</magazine>
</product>
</work>
''</it></col>
</row>
<row style="height:2px">

</row>
<row>
<col style=";;" class="navbox-group">
Events</col>
<col style="text-align:left;border-left:2px solid #fdfdfd;width:100%;padding:0px;;;" class="navbox-list navbox-odd">
<fundamental_quantity wordnetid="113575869" confidence="0.8">
<time_period wordnetid="115113229" confidence="0.8">
<festival wordnetid="115162388" confidence="0.8">
<link xlink:type="simple" xlink:href="../666/1021666.xml">
Christmas Without Cruelty Fayre</link></festival>
</time_period>
</fundamental_quantity>
&nbsp;·  <look wordnetid="100877127" confidence="0.8">
<time_off wordnetid="115118453" confidence="0.8">
<observation wordnetid="100879759" confidence="0.8">
<leisure wordnetid="115137676" confidence="0.8">
<sensory_activity wordnetid="100876737" confidence="0.8">
<sensing wordnetid="100876874" confidence="0.8">
<fundamental_quantity wordnetid="113575869" confidence="0.8">
<time_period wordnetid="115113229" confidence="0.8">
<vacation wordnetid="115137890" confidence="0.8">
<event wordnetid="100029378" confidence="0.8">
<act wordnetid="100030358" confidence="0.8">
<psychological_feature wordnetid="100023100" confidence="0.8">
<activity wordnetid="100407535" confidence="0.8">
<link xlink:type="simple" xlink:href="../627/1067627.xml">
World Vegan Day</link></activity>
</psychological_feature>
</act>
</event>
</vacation>
</time_period>
</fundamental_quantity>
</sensing>
</sensory_activity>
</leisure>
</observation>
</time_off>
</look>
&nbsp;·  <look wordnetid="100877127" confidence="0.8">
<observation wordnetid="100879759" confidence="0.8">
<event wordnetid="100029378" confidence="0.8">
<sensory_activity wordnetid="100876737" confidence="0.8">
<act wordnetid="100030358" confidence="0.8">
<psychological_feature wordnetid="100023100" confidence="0.8">
<activity wordnetid="100407535" confidence="0.8">
<sensing wordnetid="100876874" confidence="0.8">
<link xlink:type="simple" xlink:href="../141/4986141.xml">
World Vegetarian Day</link></sensing>
</activity>
</psychological_feature>
</act>
</sensory_activity>
</event>
</observation>
</look>
</col>
</row>
<row style="height:2px">

</row>
<row>
<col style=";;" class="navbox-group">
<link xlink:type="simple" xlink:href="../273/2843273.xml">
Religion</link></col>
<col style="text-align:left;border-left:2px solid #fdfdfd;width:100%;padding:0px;;;" class="navbox-list navbox-even">
<practice wordnetid="100410247" confidence="0.8">
<event wordnetid="100029378" confidence="0.8">
<act wordnetid="100030358" confidence="0.8">
<psychological_feature wordnetid="100023100" confidence="0.8">
<activity wordnetid="100407535" confidence="0.8">
<link xlink:type="simple" xlink:href="../327/3602327.xml">
Buddhism</link></activity>
</psychological_feature>
</act>
</event>
</practice>
&nbsp;·  <school wordnetid="108276720" confidence="0.8">
<educational_institution wordnetid="108276342" confidence="0.8">
<institution wordnetid="108053576" confidence="0.8">
<link xlink:type="simple" xlink:href="../630/7630.xml">
Catharism</link></institution>
</educational_institution>
</school>
&nbsp;·  <position wordnetid="106196284" confidence="0.8">
<controversy wordnetid="107183151" confidence="0.8">
<event wordnetid="100029378" confidence="0.8">
<dispute wordnetid="107181935" confidence="0.8">
<point_of_view wordnetid="106210363" confidence="0.8">
<disagreement wordnetid="107180787" confidence="0.8">
<act wordnetid="100030358" confidence="0.8">
<psychological_feature wordnetid="100023100" confidence="0.8">
<speech_act wordnetid="107160883" confidence="0.8">
<link xlink:type="simple" xlink:href="../571/1886571.xml">
Christianity</link></speech_act>
</psychological_feature>
</act>
</disagreement>
</point_of_view>
</dispute>
</event>
</controversy>
</position>
&nbsp;·  <tradition wordnetid="105809745" confidence="0.8">
<link xlink:type="simple" xlink:href="../587/17258587.xml">
Hinduism</link></tradition>
&nbsp;·  <link xlink:type="simple" xlink:href="../235/3587235.xml">
Jainism</link>&nbsp;·  <link xlink:type="simple" xlink:href="../948/18982948.xml">
Sikhism</link>&nbsp;·  <link xlink:type="simple" xlink:href="../489/218489.xml">
Tolstoyan</link></col>
</row>
<row style="height:2px">

</row>
<row>
<col style=";;" class="navbox-group">
Other</col>
<col style="text-align:left;border-left:2px solid #fdfdfd;width:100%;padding:0px;;;" class="navbox-list navbox-odd">
<link xlink:type="simple" xlink:href="../105/409105.xml">
Vegan organic gardening</link></col>
</row>
</table>
</col>
</row>
</table>
</p>



</sec>
</bdy>
</article>
