<?xml version="1.0" encoding="UTF-8"?>
<!-- generated by CLiX/Wiki2XML [MPI-Inf, MMCI@UdS] $LastChangedRevision: 92 $ on 16.04.2009 18:07:00[mciao0828] -->
<!DOCTYPE article SYSTEM "../article.dtd">
<article xmlns:xlink="http://www.w3.org/1999/xlink">
<event  confidence="0.8" wordnetid="100029378">
<rule  confidence="0.8" wordnetid="105846932">
<device  confidence="0.9511911446218017" wordnetid="103183080">
<act  confidence="0.8" wordnetid="100030358">
<psychological_feature  confidence="0.8" wordnetid="100023100">
<procedure  confidence="0.8" wordnetid="101023820">
<activity  confidence="0.8" wordnetid="100407535">
<algorithm  confidence="0.8" wordnetid="105847438">
<header>
<title>NSA cryptography</title>
<id>1075500</id>
<revision>
<id>211605210</id>
<timestamp>2008-05-11T05:43:33Z</timestamp>
<contributor>
<username>SoxBot</username>
<id>5787719</id>
</contributor>
</revision>
<categories>
<category>Type 2 encryption algorithms</category>
<category>Type 3 encryption algorithms</category>
<category>Type 1 encryption algorithms</category>
<category>Type 4 encryption algorithms</category>
<category>National Security Agency encryption devices</category>
<category>National Security Agency</category>
</categories>
</header>
<bdy>

The vast majority of the <agency wordnetid="108337324" confidence="0.9508927676800064">
<link xlink:type="simple" xlink:href="../939/21939.xml">
National Security Agency</link></agency>
's work on <link xlink:type="simple" xlink:href="../432/18934432.xml">
encryption</link> is <link xlink:type="simple" xlink:href="../857/252857.xml">
classified</link>, but from time to time NSA participates in <link xlink:type="simple" xlink:href="../065/27065.xml">
standards</link> processes or otherwise publishes information about its cryptographic algorithms.  The NSA has categorized encryption items into four product types, and algorithms into two suites. The following is a brief and incomplete summary of public knowledge about NSA algorithms and protocols.
<sec>
<st>
Type 1 Product</st>
<p>

<indent level="1">

<it>Main article: <artifact wordnetid="100021939" confidence="0.8">
<instrumentality wordnetid="103575240" confidence="0.8">
<event wordnetid="100029378" confidence="0.8">
<rule wordnetid="105846932" confidence="0.8">
<device wordnetid="103183080" confidence="0.8">
<act wordnetid="100030358" confidence="0.8">
<psychological_feature wordnetid="100023100" confidence="0.8">
<procedure wordnetid="101023820" confidence="0.8">
<activity wordnetid="100407535" confidence="0.8">
<algorithm wordnetid="105847438" confidence="0.8">
<link xlink:type="simple" xlink:href="../829/41829.xml">
Type 1 encryption</link></algorithm>
</activity>
</procedure>
</psychological_feature>
</act>
</device>
</rule>
</event>
</instrumentality>
</artifact>
</it>
</indent>
A Type 1 Product refers to an NSA endorsed classified or controlled cryptographic item for classified or sensitive U.S. government information, including cryptographic equipment, assembly or component classified or certified by NSA for encrypting and decrypting classified and sensitive national security information when appropriately keyed.<ref xlink:type="simple" xlink:href="#xpointer(//reflist/entry[@id=%221%22])">1</ref></p>
<p>

<table class="wikitable">
<header>
Name</header>
<header>
Type</header>
<header>
Specification</header>
<header>
Use</header>
<header>
Equipment (incomplete list)</header>
<row>
<col>
<link>
ACCORDIAN</link>(or ACCORDION)</col>

<col>
R21-TECH-13-00, "ACCORDIAN 3.0 Specification" (August 2000)</col>

<col>
<link>
AIM</link> (1999 and 2004 brochures), <link>
SafeXcel-3340</link></col>
</row>
<row>
<col>
<link xlink:type="simple" xlink:href="../987/1068987.xml">
BATON</link></col>
<col>
<link xlink:type="simple" xlink:href="../594/4594.xml">
Block cipher</link></col>

<col>
Various</col>
<col>
<standard wordnetid="107260623" confidence="0.8">
<system_of_measurement wordnetid="113577171" confidence="0.8">
<link xlink:type="simple" xlink:href="../041/7620041.xml">
PKCS#11</link></system_of_measurement>
</standard>
, <link>
CDSA/CSSM</link>, <link>
AIM</link> (1999 and 2004 brochures), <link xlink:type="simple" xlink:href="../954/2373954.xml">
Cypris</link>, <link xlink:type="simple" xlink:href="../955/1041955.xml">
APCO Project 25</link>, <link>
MYK-85</link>, <artifact wordnetid="100021939" confidence="0.8">
<instrumentality wordnetid="103575240" confidence="0.8">
<device wordnetid="103183080" confidence="0.8">
<link xlink:type="simple" xlink:href="../664/1068664.xml">
Fortezza Plus</link></device>
</instrumentality>
</artifact>
, <link>
SecNet-11</link>, <link>
Sierra</link>, <link>
SafeXcel-3340</link></col>
</row>
<row>
<col>
<link>
BAYLESS</link></col>



<col>
<link xlink:type="simple" xlink:href="../954/2373954.xml">
Cypris</link></col>
</row>
<row>
<col>
<link>
BYTEMAN</link></col>



<col>
<link xlink:type="simple" xlink:href="../954/2373954.xml">
Cypris</link></col>
</row>
<row>
<col>
<link>
CARDIGAN</link></col>



<col>
<link xlink:type="simple" xlink:href="../954/2373954.xml">
Cypris</link></col>
</row>
<row>
<col>
<link>
CARDHOLDER</link></col>


<col>
Satellite uplink command encryption</col>
<col>
<link xlink:type="simple" xlink:href="../954/2373954.xml">
Cypris</link>, <link>
KI-17</link>, <link>
U-AYJ</link> Flight Decrypt Chip (Cardholder), Flight Encrypt Chip (Cardholder), <link>
MYK-16</link>, <link>
CXS-810</link>, <link>
CXS-2000</link>, <link>
MCU-100</link>, <link>
MCU-600</link></col>
</row>
<row>
<col>
<link>
CARIBOU</link></col>


<col>
Satellite uplink command encryption</col>
<col>
<link>
U-TXZ</link>, <link>
MYK-15A</link></col>
</row>
<row>
<col>
<link>
CRAYON</link></col>



<col>
<link>
AIM</link> (2004 brochure), <link xlink:type="simple" xlink:href="../954/2373954.xml">
Cypris</link>(4 modes)</col>
</row>
<row>
<col>
<link>
FASTHASH</link></col>
<col>
<physical_entity wordnetid="100001930" confidence="0.8">
<person wordnetid="100007846" confidence="0.8">
<causal_agent wordnetid="100007347" confidence="0.8">
<primitive wordnetid="109627462" confidence="0.8">
<link xlink:type="simple" xlink:href="../526/439526.xml">
Cryptographic hash function</link></primitive>
</causal_agent>
</person>
</physical_entity>
</col>

<col>
<link>
MISSI</link>Type 1 hash</col>
<col>
<standard wordnetid="107260623" confidence="0.8">
<system_of_measurement wordnetid="113577171" confidence="0.8">
<link xlink:type="simple" xlink:href="../418/616418.xml">
PKCS</link></system_of_measurement>
</standard>
 #11, <link>
CDSA/CSSM</link></col>
</row>
<row>
<col>
<link xlink:type="simple" xlink:href="../254/3250254.xml">
FIREFLY</link></col>


<col>
<link xlink:type="simple" xlink:href="../768/1042768.xml">
EKMS</link> <link>
public-key</link> <link>
cooperative key generation</link></col>
<col>
<link>
AIM (2004), SafeXcel-3340</link></col>
</row>
<row>
<col>
<link>
GOODSPEED</link></col>



<col>
<link>
Sierra II</link></col>
</row>
<row>
<col>
<system wordnetid="104377057" confidence="0.8">
<artifact wordnetid="100021939" confidence="0.8">
<instrumentality wordnetid="103575240" confidence="0.8">
<link xlink:type="simple" xlink:href="../538/1105538.xml">
HAVE QUICK</link></instrumentality>
</artifact>
</system>
</col>


<col>
Antijam, LPI/LPD airborne voice communication</col>
<col>
<link xlink:type="simple" xlink:href="../954/2373954.xml">
Cypris</link></col>
</row>
<row>
<col>
<link>
JACKNIFE</link></col>



<col>
<link>
AIM (2004)</link></col>
</row>
<row>
<col>
<event wordnetid="100029378" confidence="0.8">
<rule wordnetid="105846932" confidence="0.8">
<act wordnetid="100030358" confidence="0.8">
<psychological_feature wordnetid="100023100" confidence="0.8">
<procedure wordnetid="101023820" confidence="0.8">
<activity wordnetid="100407535" confidence="0.8">
<algorithm wordnetid="105847438" confidence="0.8">
<link xlink:type="simple" xlink:href="../972/5063972.xml">
JOSEKI</link></algorithm>
</activity>
</procedure>
</psychological_feature>
</act>
</rule>
</event>
</col>

<col>
R21-TECH-0062-92, "JOSEKI-1, A Bootstrap Procedures" (Oct. 1992) (also R21-TECH-13-97, R21-TECH-13-98)</col>
<col>
Protection of secret algorithms in <link xlink:type="simple" xlink:href="../155/41155.xml">
firmware</link></col>
<col>
<link>
AIM</link></col>
</row>
<row>
<col>
<link>
JUNIPER</link></col>
<col>
<link xlink:type="simple" xlink:href="../594/4594.xml">
Block cipher</link></col>


<col>
<standard wordnetid="107260623" confidence="0.8">
<system_of_measurement wordnetid="113577171" confidence="0.8">
<link xlink:type="simple" xlink:href="../418/616418.xml">
PKCS</link></system_of_measurement>
</standard>
 #11, <link>
CDSA/CSSM</link></col>
</row>
<row>
<col>
<link>
KEESEE</link></col>



<col>
<link>
AIM</link> (1999 and 2004 brochures), <link xlink:type="simple" xlink:href="../954/2373954.xml">
Cypris</link></col>
</row>
<row>
<col>
<link>
Mark XII IFF</link></col>


<col>
<link xlink:type="simple" xlink:href="../327/368327.xml">
IFF</link> <link xlink:type="simple" xlink:href="../676/25676.xml">
secondary radar</link></col>
<col>
<link>
AIM</link>(2004 brochure)</col>
</row>
<row>
<col>
<link>
MAYFLY</link></col>
<col>
<link xlink:type="simple" xlink:href="../222/24222.xml">
Asymmetric-key algorithm</link></col>


<col>
<standard wordnetid="107260623" confidence="0.8">
<system_of_measurement wordnetid="113577171" confidence="0.8">
<link xlink:type="simple" xlink:href="../418/616418.xml">
PKCS</link></system_of_measurement>
</standard>
 #11, <link>
CDSA/CSSM</link></col>
</row>
<row>
<col>
<link>
MEDLEY</link></col>

<col>
R21-TECH-30-01, "MEDLEY Implementation Standard" (Nov. 2001)</col>

<col>
<link>
AIM (2004)</link>, <link>
SecNet 54</link>, <link>
SafeXcel-3340</link></col>
</row>
<row>
<col>
PEGASUS</col>


<col>
Satellite telemetry and mission data downlinks</col>
<col>
<link>
KG-227</link>, <link>
KG-228</link>, <link>
KI-17</link>, <link>
U-BLW</link> Pegasus Space Microcircuit Chip, <link>
U-BLX</link> Pegasus Ground Microcircuit Chip, <link>
MYK-17</link>, <link>
CXS-810</link>, <link>
CXS-2000</link>, <link>
MCU-100</link>, <link>
MCU-600</link></col>
</row>
<row>
<col>
<link>
PHALANX</link></col>



<col>
<link>
AIM</link> (1999 and 2004 brochures), <link xlink:type="simple" xlink:href="../954/2373954.xml">
Cypris</link>(PHALANX I and PHALANX II)</col>
</row>
<row>
<col>
<message wordnetid="106253690" confidence="0.8">
<event wordnetid="100029378" confidence="0.8">
<rule wordnetid="105846932" confidence="0.8">
<cipher wordnetid="106254239" confidence="0.8">
<act wordnetid="100030358" confidence="0.8">
<psychological_feature wordnetid="100023100" confidence="0.8">
<procedure wordnetid="101023820" confidence="0.8">
<activity wordnetid="100407535" confidence="0.8">
<algorithm wordnetid="105847438" confidence="0.8">
<link xlink:type="simple" xlink:href="../600/1068600.xml">
SAVILLE</link></algorithm>
</activity>
</procedure>
</psychological_feature>
</act>
</cipher>
</rule>
</event>
</message>
</col>


<col>
Low-bandwidth voice (and sometimes data) encryption</col>
<col>
<link>
AIM</link> (1999 and 2004 brochures), <link xlink:type="simple" xlink:href="../954/2373954.xml">
Cypris</link> (2 modes), <link>
Windster</link> (SAVILLE I), <artifact wordnetid="100021939" confidence="0.8">
<instrumentality wordnetid="103575240" confidence="0.8">
<device wordnetid="103183080" confidence="0.8">
<link xlink:type="simple" xlink:href="../512/1068512.xml">
VINSON</link></device>
</instrumentality>
</artifact>
</col>
</row>
<row>
<col>
<link>
VALLOR</link></col>


<col>
TTY broadcasts to submarines</col>
<col>
<link>
AIM (2004)</link></col>
</row>
<row>
<col>
<link>
WALBURN</link></col>


<col>
High-bandwidth link encryption</col>
<col>
<link>
AIM (2004)</link>, <link xlink:type="simple" xlink:href="../354/19443354.xml">
KG-81</link>/<link>
94</link>/<link>
194</link>/<link>
95</link></col>
</row>
<row>
<col>
<link>
PADSTONE</link></col>



<col>
<link xlink:type="simple" xlink:href="../954/2373954.xml">
Cypris</link> (2 modes), <link>
Windster</link>, <link>
Indictor</link></col>
</row>
<row>
<col>
<link>
WEASEL</link></col>



<col>
<link>
SafeXcel-3340</link></col>
</row>
</table>
</p>

</sec>
<sec>
<st>
Type 2 Product</st>
<p>

<indent level="1">

<it>Main article: <artifact wordnetid="100021939" confidence="0.8">
<instrumentality wordnetid="103575240" confidence="0.8">
<event wordnetid="100029378" confidence="0.8">
<rule wordnetid="105846932" confidence="0.8">
<device wordnetid="103183080" confidence="0.8">
<act wordnetid="100030358" confidence="0.8">
<psychological_feature wordnetid="100023100" confidence="0.8">
<procedure wordnetid="101023820" confidence="0.8">
<activity wordnetid="100407535" confidence="0.8">
<algorithm wordnetid="105847438" confidence="0.8">
<link xlink:type="simple" xlink:href="../830/41830.xml">
Type 2 encryption</link></algorithm>
</activity>
</procedure>
</psychological_feature>
</act>
</device>
</rule>
</event>
</instrumentality>
</artifact>
</it>
</indent>
A Type 2 Product refers to an NSA endorsed unclassified cryptographic equipment, assemblies or components for sensitive but unclassified U.S. government information.</p>
<p>

<table class="wikitable">
<header>
Name</header>
<header>
Type</header>
<header>
Specification</header>
<header>
Use</header>
<header>
Equipment (incomplete list)</header>
<row>
<col>
<link>
CORDOBA</link></col>



<col>
<link xlink:type="simple" xlink:href="../954/2373954.xml">
Cypris</link>, <link>
Windster</link>, <link>
Indictor</link></col>
</row>
<row>
<col>
<link xlink:type="simple" xlink:href="../092/578092.xml">
KEA</link></col>
<col>
<link xlink:type="simple" xlink:href="../222/24222.xml">
Asymmetric-key algorithm</link></col>
<col>
R21-Tech-23-94, "Key Exchange Algorithm (KEA)"</col>
<col>
Key exchange and <link xlink:type="simple" xlink:href="../644/59644.xml">
digital signature</link> algorithm for <artifact wordnetid="100021939" confidence="0.8">
<instrumentality wordnetid="103575240" confidence="0.8">
<device wordnetid="103183080" confidence="0.8">
<link xlink:type="simple" xlink:href="../842/797842.xml">
Fortezza</link></device>
</instrumentality>
</artifact>
, etc.</col>
<col>
<artifact wordnetid="100021939" confidence="0.8">
<instrumentality wordnetid="103575240" confidence="0.8">
<device wordnetid="103183080" confidence="0.8">
<link xlink:type="simple" xlink:href="../842/797842.xml">
Fortezza</link></device>
</instrumentality>
</artifact>
, <link xlink:type="simple" xlink:href="../664/1068664.xml">
Fortezza Plus</link>, <link>
Palladium Secure Modem</link></col>
</row>
<row>
<col>
<cipher wordnetid="106254239" confidence="0.9508927676800064">
<link xlink:type="simple" xlink:href="../702/474702.xml">
SKIPJACK</link></cipher>
</col>
<col>
<link xlink:type="simple" xlink:href="../594/4594.xml">
Block cipher</link></col>
<col>
R21-Tech-044-91, "SKIPJACK"</col>
<col>
Confidentiality algorithm for <artifact wordnetid="100021939" confidence="0.8">
<instrumentality wordnetid="103575240" confidence="0.8">
<device wordnetid="103183080" confidence="0.8">
<link xlink:type="simple" xlink:href="../842/797842.xml">
Fortezza</link></device>
</instrumentality>
</artifact>
, etc.</col>
<col>
<artifact wordnetid="100021939" confidence="0.8">
<instrumentality wordnetid="103575240" confidence="0.8">
<device wordnetid="103183080" confidence="0.8">
<link xlink:type="simple" xlink:href="../842/797842.xml">
Fortezza</link></device>
</instrumentality>
</artifact>
, <link xlink:type="simple" xlink:href="../664/1068664.xml">
Fortezza Plus</link>, <link>
Palladium Secure Modem</link></col>
</row>
</table>
</p>

</sec>
<sec>
<st>
Type 3 Product</st>
<p>

<indent level="1">

<it>Main article: <artifact wordnetid="100021939" confidence="0.8">
<instrumentality wordnetid="103575240" confidence="0.8">
<event wordnetid="100029378" confidence="0.8">
<rule wordnetid="105846932" confidence="0.8">
<device wordnetid="103183080" confidence="0.8">
<act wordnetid="100030358" confidence="0.8">
<psychological_feature wordnetid="100023100" confidence="0.8">
<procedure wordnetid="101023820" confidence="0.8">
<activity wordnetid="100407535" confidence="0.8">
<algorithm wordnetid="105847438" confidence="0.8">
<link xlink:type="simple" xlink:href="../154/1061154.xml">
Type 3 encryption</link></algorithm>
</activity>
</procedure>
</psychological_feature>
</act>
</device>
</rule>
</event>
</instrumentality>
</artifact>
</it>
</indent>
Unclassified cryptographic equipment, assembly, or component used, when appropriately keyed, for encrypting or decrypting unclassified sensitive U.S. Government or commercial information, and to protect systems requiring protection mechanisms consistent with standard commercial practices. A Type 3 Algorithm refers to NIST endorsed algorithms, registered and FIPS published, for sensitive but unclassified U.S. government and commercial information.</p>
<p>

<table class="wikitable">
<header>
Name</header>
<header>
Type</header>
<header>
Specification</header>
<header>
Use</header>
<header>
Equipment (incomplete list)</header>
<row>
<col>
<cipher wordnetid="106254239" confidence="0.9508927676800064">
<link xlink:type="simple" xlink:href="../978/7978.xml">
Data Encryption Standard</link></cipher>
</col>
<col>
<link xlink:type="simple" xlink:href="../594/4594.xml">
Block cipher</link></col>
<col>
FIPS 46-3</col>
<col>
Ubiquitous</col>
<col>
Ubiquitous</col>
</row>
<row>
<col>
<link xlink:type="simple" xlink:href="../470/59470.xml">
Digital Signature Algorithm</link></col>
<col>
<document wordnetid="106470073" confidence="0.8">
<written_communication wordnetid="106349220" confidence="0.8">
<writing wordnetid="106362953" confidence="0.8">
<link xlink:type="simple" xlink:href="../644/59644.xml">
Digital signature</link></writing>
</written_communication>
</document>
system</col>
<col>
FIPS 186</col>
<col>
Numerous</col>
<col>
Numerous</col>
</row>
<row>
<col>
<link xlink:type="simple" xlink:href="../672/26672.xml">
SHA family</link></col>
<col>
<physical_entity wordnetid="100001930" confidence="0.8">
<person wordnetid="100007846" confidence="0.8">
<causal_agent wordnetid="100007347" confidence="0.8">
<primitive wordnetid="109627462" confidence="0.8">
<link xlink:type="simple" xlink:href="../526/439526.xml">
Cryptographic hash function</link></primitive>
</causal_agent>
</person>
</physical_entity>
</col>
<col>
FIPS 180-2</col>
<col>
Ubiquitous</col>
<col>
Ubiquitous</col>
</row>
</table>
</p>

</sec>
<sec>
<st>
 Type 4 Product</st>
<p>

<indent level="1">

<it>Main article: <artifact wordnetid="100021939" confidence="0.8">
<instrumentality wordnetid="103575240" confidence="0.8">
<event wordnetid="100029378" confidence="0.8">
<rule wordnetid="105846932" confidence="0.8">
<device wordnetid="103183080" confidence="0.8">
<act wordnetid="100030358" confidence="0.8">
<psychological_feature wordnetid="100023100" confidence="0.8">
<procedure wordnetid="101023820" confidence="0.8">
<activity wordnetid="100407535" confidence="0.8">
<algorithm wordnetid="105847438" confidence="0.8">
<link xlink:type="simple" xlink:href="../166/1061166.xml">
Type 4 encryption</link></algorithm>
</activity>
</procedure>
</psychological_feature>
</act>
</device>
</rule>
</event>
</instrumentality>
</artifact>
</it>
</indent>
A Type 4 Algorithm refers to algorithms that are registered by the NIST but are not FIPS published. Unevaluated commercial cryptographic equipment, assemblies, or components that neither NSA nor NIST certify for any Government usage.</p>

</sec>
<sec>
<st>
 Algorithm Suites </st>

<ss1>
<st>
 Suite A </st>
<p>

A set of NSA unpublished algorithms intended for highly sensitive communication and critical authentication systems.</p>

</ss1>
<ss1>
<st>
 Suite B </st>
<p>

A set of NSA endorsed cryptographic algorithms for use as an interoperable cryptographic base for both unclassified information and most classified information. Suite B was announced on 16 February 2005.</p>

</ss1>
</sec>
<sec>
<st>
See also</st>
<p>

<list>
<entry level="1" type="bullet">

 <artifact wordnetid="100021939" confidence="0.8">
<instrumentality wordnetid="103575240" confidence="0.8">
<event wordnetid="100029378" confidence="0.8">
<rule wordnetid="105846932" confidence="0.8">
<device wordnetid="103183080" confidence="0.8">
<act wordnetid="100030358" confidence="0.8">
<psychological_feature wordnetid="100023100" confidence="0.8">
<procedure wordnetid="101023820" confidence="0.8">
<activity wordnetid="100407535" confidence="0.8">
<algorithm wordnetid="105847438" confidence="0.8">
<link xlink:type="simple" xlink:href="../829/41829.xml">
Type 1 encryption</link></algorithm>
</activity>
</procedure>
</psychological_feature>
</act>
</device>
</rule>
</event>
</instrumentality>
</artifact>
</entry>
<entry level="1" type="bullet">

 <artifact wordnetid="100021939" confidence="0.8">
<instrumentality wordnetid="103575240" confidence="0.8">
<event wordnetid="100029378" confidence="0.8">
<rule wordnetid="105846932" confidence="0.8">
<device wordnetid="103183080" confidence="0.8">
<act wordnetid="100030358" confidence="0.8">
<psychological_feature wordnetid="100023100" confidence="0.8">
<procedure wordnetid="101023820" confidence="0.8">
<activity wordnetid="100407535" confidence="0.8">
<algorithm wordnetid="105847438" confidence="0.8">
<link xlink:type="simple" xlink:href="../830/41830.xml">
Type 2 encryption</link></algorithm>
</activity>
</procedure>
</psychological_feature>
</act>
</device>
</rule>
</event>
</instrumentality>
</artifact>
</entry>
<entry level="1" type="bullet">

 <artifact wordnetid="100021939" confidence="0.8">
<instrumentality wordnetid="103575240" confidence="0.8">
<event wordnetid="100029378" confidence="0.8">
<rule wordnetid="105846932" confidence="0.8">
<device wordnetid="103183080" confidence="0.8">
<act wordnetid="100030358" confidence="0.8">
<psychological_feature wordnetid="100023100" confidence="0.8">
<procedure wordnetid="101023820" confidence="0.8">
<activity wordnetid="100407535" confidence="0.8">
<algorithm wordnetid="105847438" confidence="0.8">
<link xlink:type="simple" xlink:href="../154/1061154.xml">
Type 3 algorithm</link></algorithm>
</activity>
</procedure>
</psychological_feature>
</act>
</device>
</rule>
</event>
</instrumentality>
</artifact>
</entry>
<entry level="1" type="bullet">

 <artifact wordnetid="100021939" confidence="0.8">
<instrumentality wordnetid="103575240" confidence="0.8">
<event wordnetid="100029378" confidence="0.8">
<rule wordnetid="105846932" confidence="0.8">
<device wordnetid="103183080" confidence="0.8">
<act wordnetid="100030358" confidence="0.8">
<psychological_feature wordnetid="100023100" confidence="0.8">
<procedure wordnetid="101023820" confidence="0.8">
<activity wordnetid="100407535" confidence="0.8">
<algorithm wordnetid="105847438" confidence="0.8">
<link xlink:type="simple" xlink:href="../166/1061166.xml">
Type 4 algorithm</link></algorithm>
</activity>
</procedure>
</psychological_feature>
</act>
</device>
</rule>
</event>
</instrumentality>
</artifact>
</entry>
<entry level="1" type="bullet">

 <link xlink:type="simple" xlink:href="../524/4962524.xml">
Suite A</link></entry>
<entry level="1" type="bullet">

 <link xlink:type="simple" xlink:href="../099/1602099.xml">
Suite B</link></entry>
<entry level="1" type="bullet">

 <link xlink:type="simple" xlink:href="../500/1075500.xml">
NSA encryption algorithms</link></entry>
<entry level="1" type="bullet">

 <link xlink:type="simple" xlink:href="../273/1042273.xml">
NSA encryption systems</link></entry>
</list>
</p>


</sec>
<sec>
<st>
 References </st>

<p>

<reflist>
<entry id="1">
"National Information Assurance Glossary"; CNSS Instruction No. 4009 <work wordnetid="104599396" confidence="0.8">
<product wordnetid="104007894" confidence="0.8">
<creation wordnetid="103129123" confidence="0.8">
<glossary wordnetid="106420781" confidence="0.8">
<artifact wordnetid="100021939" confidence="0.8">
<wordbook wordnetid="106418693" confidence="0.8">
<book wordnetid="106410904" confidence="0.8">
<reference_book wordnetid="106417598" confidence="0.8">
<publication wordnetid="106589574" confidence="0.8">
<link xlink:type="simple" xlink:href="../395/1011395.xml">
National Information Assurance Glossary</link></publication>
</reference_book>
</book>
</wordbook>
</artifact>
</glossary>
</creation>
</product>
</work>
</entry>
</reflist>
</p>

</sec>
</bdy>
</algorithm>
</activity>
</procedure>
</psychological_feature>
</act>
</device>
</rule>
</event>
</article>
