<?xml version="1.0" encoding="UTF-8"?>
<!-- generated by CLiX/Wiki2XML [MPI-Inf, MMCI@UdS] $LastChangedRevision: 92 $ on 16.04.2009 18:05:41[mciao0826] -->
<!DOCTYPE article SYSTEM "../article.dtd">
<article xmlns:xlink="http://www.w3.org/1999/xlink">
<header>
<title>Transcriptome</title>
<id>1075071</id>
<revision>
<id>233489335</id>
<timestamp>2008-08-22T07:01:27Z</timestamp>
<contributor>
<username>Oleginger</username>
<id>7596301</id>
</contributor>
</revision>
<categories>
<category>Gene expression</category>
<category>RNA</category>
</categories>
</header>
<bdy>

The <b>transcriptome</b> is the set of all <link xlink:type="simple" xlink:href="../232/20232.xml">
messenger RNA</link> (mRNA) molecules,<weblink xlink:type="simple" xlink:href="http://localhost:18088/wiki/index.php/Transcriptome#endnote_IUPAC_glossary">
http://localhost:18088/wiki/index.php/Transcriptome#endnote_IUPAC_glossary</weblink> or "transcripts," produced in one or a population of <link xlink:type="simple" xlink:href="../230/4230.xml">
cells</link>. The term can be applied to the total set of transcripts in a given <link xlink:type="simple" xlink:href="../842/19653842.xml">
organism</link>, or to the specific subset of transcripts present in a particular cell type. Unlike the <link xlink:type="simple" xlink:href="../388/12388.xml">
genome</link>, which is roughly fixed for a given cell line (excluding <link xlink:type="simple" xlink:href="../702/19702.xml">
mutation</link>s), the transcriptome can vary with external environmental conditions. Because it includes all <it>mRNA</it> transcripts in the cell, the transcriptome reflects the <link xlink:type="simple" xlink:href="../553/4250553.xml">
gene</link>s that are being actively <link xlink:type="simple" xlink:href="../266/159266.xml">
expressed</link> at any given time, with the exception of mRNA degradation phenomena such as <link xlink:type="simple" xlink:href="../119/4232119.xml">
transcriptional attenuation</link>. The study of <it>transcriptomics</it>, also referred to as <link xlink:type="simple" xlink:href="../073/4007073.xml">
Expression Profiling</link>, examines the expression level of mRNAs in a given cell population, often using high-throughput techniques based on <link xlink:type="simple" xlink:href="../954/255954.xml">
DNA microarray</link> technology.
<sec>
<st>
Applications and analysis</st>
<p>

The transcriptomes of <link xlink:type="simple" xlink:href="../783/27783.xml">
stem cell</link>s and <link xlink:type="simple" xlink:href="../219/105219.xml">
cancer</link> cells are of particular interest to researchers who seek to understand the processes of <link xlink:type="simple" xlink:href="../611/152611.xml">
cellular differentiation</link> and <link xlink:type="simple" xlink:href="../422/2332422.xml">
carcinogenesis</link>. A number of organism-specific transcriptome databases have been constructed and annotated to aid in the identification of genes that are differentially expressed in distinct cell populations or subtypes; however, the analysis of relative mRNA expression levels can be complicated by the fact that relatively small changes in mRNA expression can produce large changes in the total amount of the corresponding protein present in the cell. One analysis method, known as Gene Set Enrichment Analysis, identifies coregulated gene networks rather than individual genes that are up- or down-regulated in different cell populations<weblink xlink:type="simple" xlink:href="http://localhost:18088/wiki/index.php/Transcriptome#endnote_Subramanian">
http://localhost:18088/wiki/index.php/Transcriptome#endnote_Subramanian</weblink>.</p>

</sec>
<sec>
<st>
mRNA regulation</st>
<p>

Although microarray studies can reveal the relative amounts of different mRNAs in the cell, levels of mRNA are not directly proportional to the expression level of the <link xlink:type="simple" xlink:href="../634/23634.xml">
protein</link>s they code for. The number of protein molecules synthesized using a given mRNA molecule as a template is highly dependent on translation-initiation features of the mRNA sequence; in particular, the ability of the <link>
translation initiation sequence</link> is a key determinant in the recruiting of <link xlink:type="simple" xlink:href="../766/25766.xml">
ribosome</link>s for protein <link xlink:type="simple" xlink:href="../401/262401.xml">
translation</link>. The complete protein complement of a cell or organism is known as the <link xlink:type="simple" xlink:href="../026/24026.xml">
proteome</link>.</p>
<p>

A study of 158,807 mouse transcripts revealed that 4520 of these transcripts form antisense partners that are base pair complementary to the exons of genes<weblink xlink:type="simple" xlink:href="http://localhost:18088/wiki/index.php/Transcriptome#endnote_antisense">
http://localhost:18088/wiki/index.php/Transcriptome#endnote_antisense</weblink>. These results raise the possibility that significant numbers of "antisense RNA-coding genes" might participate in the regulation of the levels of expression of protein-coding mRNAs.</p>

</sec>
<sec>
<st>
References</st>
<p>

<list>
<entry level="1" type="number">

  <cite id="endnote_IUPAC_glossary" style="font-style: normal;">
<b>^</b></cite>&nbsp;<weblink xlink:type="simple" xlink:href="http://sis.nlm.nih.gov/enviro/iupacglossary/glossaryt.html">
IUPAC definition (2007)</weblink>, retrieved 25 Jan 2008</entry>
<entry level="1" type="number">

  <cite id="endnote_Subramanian" style="font-style: normal;">
<b>^</b></cite>&nbsp; Subramanian A, Tamayo P, Mootha VK, Mukherjee S, Ebert BL, Gillette MA, Paulovich A, Pomeroy SL, Golub TR, Lander ES, Mesirov JP. (2005). Gene set enrichment analysis: a knowledge-based approach for interpreting genome-wide expression profiles. <it>Proc Natl Acad Sci USA</it> 102(43):15545-50.</entry>
<entry level="1" type="number">

  <cite id="endnote_antisense" style="font-style: normal;">
<b>^</b></cite>&nbsp; "<b>Antisense Transcription in the Mammalian Transcriptome</b>" by the RIKEN Genome Exploration Research Group and Genome Science Group (Genome Network Project Core Group) and the FANTOM Consortium: S. Katayama et al. in <it><periodical wordnetid="106593296" confidence="0.9508927676800064">
<link xlink:type="simple" xlink:href="../513/193513.xml">
Science</link></periodical>
, Vol 309, Issue 5740, 1564-1566 , 2 September 2005.</it></entry>
<entry level="1" type="number">

  <cite id="endnote_Velculescu" style="font-style: normal;">
<b>^</b></cite>&nbsp; Velculescu VE, Zhang L, Zhou W, Vogelstein J, Basrai MA, Bassett DE Jr, Hieter P, Vogelstein B, Kinzler KW.   Characterization of the yeast transcriptome.  Cell. 1997 Jan 24;88(2):243-51.</entry>
<entry level="1" type="number">

  <cite id="endnote_Laule" style="font-style: normal;">
<b>^</b></cite>&nbsp; Laule O, Hirsch-Hoffmann M, Hruz T, Gruissem W, and P Zimmermann. (2006) Web-based analysis of the mouse transcriptome using Genevestigator. BMC Bioinformatics 7:311</entry>
</list>
</p>

</sec>
<sec>
<st>
See also</st>
<p>

<list>
<entry level="1" type="bullet">

 <link xlink:type="simple" xlink:href="../073/4007073.xml">
Expression profiling</link></entry>
<entry level="1" type="bullet">

 <link xlink:type="simple" xlink:href="../558/1454558.xml">
List of omics topics in biology</link></entry>
<entry level="1" type="bullet">

 <link xlink:type="simple" xlink:href="../214/4214.xml">
Bioinformatics</link></entry>
<entry level="1" type="bullet">

 <link xlink:type="simple" xlink:href="../954/255954.xml">
DNA microarray</link>s (a.k.a. DNA chips)</entry>
<entry level="1" type="bullet">

 <link xlink:type="simple" xlink:href="../266/159266.xml">
Gene expression</link></entry>
<entry level="1" type="bullet">

 <link xlink:type="simple" xlink:href="../649/1743649.xml">
Serial analysis of gene expression</link></entry>
<entry level="1" type="bullet">

 <link xlink:type="simple" xlink:href="../211/1029211.xml">
Metabolomics</link></entry>
<entry level="1" type="bullet">

 <link xlink:type="simple" xlink:href="../989/4613989.xml">
Genevestigator</link></entry>
<entry level="1" type="bullet">

 <link xlink:type="simple" xlink:href="../026/24026.xml">
Proteome</link></entry>
</list>
</p>






</sec>
</bdy>
</article>
