<?xml version="1.0" encoding="UTF-8"?>
<!-- generated by CLiX/Wiki2XML [MPI-Inf, MMCI@UdS] $LastChangedRevision: 92 $ on 17.04.2009 00:26:06[mciao0825] -->
<!DOCTYPE article SYSTEM "../article.dtd">
<article xmlns:xlink="http://www.w3.org/1999/xlink">
<entity  confidence="0.9511911446218017" wordnetid="100001740">
<header>
<title>Mass spectrometry software</title>
<id>10788796</id>
<revision>
<id>242288022</id>
<timestamp>2008-10-01T17:20:26Z</timestamp>
<contributor>
<username>Kkmurray</username>
<id>346608</id>
</contributor>
</revision>
<categories>
<category>Wikipedia articles needing style editing from December 2007</category>
<category>All articles needing style editing</category>
<category>Proteomics</category>
<category>Bioinformatics</category>
<category>Mass spectrometry software</category>
</categories>
</header>
<bdy>

<table class="metadata plainlinks ambox ">
<row>
<col>

ambox-style" style=""</col>
</row>
<row>
<col class="mbox-image"><p>

<image width="45px" src="Ambox_PR.svg">
</image>
</p>
</col>
<col style="" class="mbox-text">
 <b>This article or section reads like 
, or is otherwise written in an overly promotional tone.</b>Please help <weblink xlink:type="simple" xlink:href="http://localhost:18088/wiki/index.php?title=Mass_spectrometry_software&amp;action=edit">
rewrite this article</weblink> from a  to be less promotional.Where appropriate,  may be marked for speedy deletion with . <it>(December 2007)''</it></col>
</row>
</table>


<table class="metadata plainlinks ambox ">
<row>
<col>

ambox-style" style=""</col>
</row>
<row>
<col class="mbox-image"><p>

<image width="40x40px" src="Ambox_style.png">
</image>
</p>
</col>
<col style="" class="mbox-text">
 <b>This article or section uses <link xlink:type="simple" xlink:href="../171/1171.xml">
abbreviations</link> that may be .</b>
Please <weblink xlink:type="simple" xlink:href="http://localhost:18088/wiki/index.php?title=Mass_spectrometry_software&amp;action=edit">
improve the article</weblink> or discuss changes on the . <it>(December 2007)''</it></col>
</row>
</table>


<b>Mass spectrometry software</b> is any <link xlink:type="simple" xlink:href="../309/5309.xml">
software</link> for data acquisition, analysis or data representation in <link xlink:type="simple" xlink:href="../810/283810.xml">
mass spectrometry</link>. The following tools are used to work on <link xlink:type="simple" xlink:href="../646/2786646.xml">
mass spectrometry data formats</link>: mzData and mzXML. <p>

In the Mass spectrometry software market, the first consideration is usually the consumer's application. While standard database search engine providers will suffice for standard sequenced organisms, if research is being conducted where unsequenced organisms may present, a de novo sequencing algorithm is imperative. Many software providers produce valued database search engine algorthims, which have their various strengths and weaknesses. For this reason many researchers are seeking software tools that offer a complete package of tools, such as de novo sequencing, database protein identification, and quantification. </p>

<sec>
<st>
PEAKS</st>
<p>

<link xlink:type="simple" xlink:href="../926/10795926.xml">
PEAKS</link> identifies unknown proteins and provides a protein identification search engine. This software is one of the earliest and successful adaptors for de novo sequencing (both automated and manual) and sequence tag based searching (<link>
SPIDER</link>). In short, de novo sequencing is peptide sequencing performed without prior knowledge of the amino acid sequence, approximately 1 spectra per second or a run of 1000 spectra in about 20 minutes. </p>
<p>

Reasons for de novo:
<list>
<entry level="1" type="bullet">

Good quality spectra are often left unexplained after database searching; de novo sequencing is the only recourse. </entry>
<entry level="1" type="bullet">

Since a database search cannot reliably find peptides that are unexpectedly modified, de novo sequence information is a valuable first step in finding these PTM. </entry>
<entry level="1" type="bullet">

A de novo sequencing based approach is proven to be the best method database search results validation. False positives are virtually eliminated. </entry>
<entry level="1" type="bullet">

Sequence tag searching requires good quality de novo sequences to be effective. Coverage can be drastically increased by using a sequence tag based and ms/ms ion searches together. </entry>
<entry level="1" type="bullet">

An incomplete or corrupted database is a common, but invisible problem in protein identification and characterization research. How many peptides are you missing because of this? De novo sequencing as a regular part of your workflow will help catch these. </entry>
<entry level="1" type="bullet">

When studying species that are not in the public databases, de novo sequencing is the only way to get valuable peptide sequence information. </entry>
</list>
</p>
<p>

PEAKS provides a complete sequence for each peptide, confidence scores on individual amino acid assignments, simple reporting for high-throughput analysis, and greater knowledge for scientifically sensitive, in-depth investigations. </p>
<p>

inChorus: One of the most useful tools in any form of research is the ability to compare results. PEAKS will cross check test results automatically with other protein ID search engines, such as Sequest, OMSSA, X!Tandem and Mascot. This approach guards against false positive peptide assignments.</p>

</sec>
<sec>
<st>
PROTRAWLER</st>

<p>

ProTrawler is an LCMS data reduction application that reads raw mass spectrometry vendor data (from a variety of well-known instrument companies) and creates lists of {mass, retention time, integrated signal intensity} triplets summarizing the LCMS chromatogram. The measurements are reported with errors, which are essential for performing dynamic binning for comparisons between data sets. ProTrawler operates in two modes: a highly visual hands-on (expert) mode for the development of parameters used in data reduction and a fully automated mode for moving through many chromatograms in an automated fashion. ProTrawler's data reduction work flow includes background elimination, noise estimation, peak shape estimation, shape deconvolution, and isotopic and charge-state list deconvolution (factoring in errors and signal noise) to give a list features. Typically, ProTrawler reduces 1 GB of raw data to 10 Kb of processed results with a detection sensitivity of three orders of magnitude in 25% of the data acquisition time. No formal <link xlink:type="simple" xlink:href="../526/38526.xml">
Bayesian</link> methods are used, but sophisticated statistical inference is employed throughout. ProTrawler has been used for bacterial protein biomarker discovery efforts as well as for <link xlink:type="simple" xlink:href="../678/12682678.xml">
IPEx</link>-related applications.</p>

</sec>
<sec>
<st>
REGATTA</st>
<p>

Regatta is an LCMS list comparison application that works hand-in-hand with ProTrawler (but accepts input in Excel/CSV form) to provide an environment for LCMS results list filtering and normalization {mass, retention time, integrated intensity} lists. To accomplish this, Regatta solves the famous <link xlink:type="simple" xlink:href="../446/90446.xml">
Transitive Property of Equality</link> problem that arises in the comparison of analytical list data, viz., if Peak A in Sample A overlaps Peak B in Sample B, and Peak B overlaps Peak C in Sample C, but Peak A does not overlap Peak C, then can we say that we've measured the same analyte in all three samples or not? Regatta also implements multivariate analysis, e.g., <link xlink:type="simple" xlink:href="../675/669675.xml">
hierarchical cluster analysis</link>, <link xlink:type="simple" xlink:href="../340/76340.xml">
principal component analysis</link>, as well as statistical tests, e.g., <link xlink:type="simple" xlink:href="../687/1012687.xml">
coefficients of variation</link>. Input is not necessarily restricted to output from ProTrawler. Regatta has been used for successfully for <link xlink:type="simple" xlink:href="../079/4584079.xml">
biomarker discovery.</link></p>

</sec>
<sec>
<st>
SPIDER</st>
<p>

For the identification of proteins using <link xlink:type="simple" xlink:href="../467/770467.xml">
MS/MS</link>, <it>de novo</it> sequencing software computes one or several possible amino acid sequences (called <link xlink:type="simple" xlink:href="../491/8129491.xml">
sequence tags</link>) for each MS/MS spectrum. Those tags are then used to match, accounting amino acid mutations, the sequences in a protein database. If the <it>de novo</it> sequencing gives correct tags, the homologs of the proteins can be identified by this approach and software such as MS-BLAST is available for the matching. The most common error is that a segment of amino acids is replaced by another segment with approximately the same masses. The SPIDER algorithm matches sequence tags with errors to database sequences for the purpose of protein and peptide identification.<ref xlink:type="simple" xlink:href="#xpointer(//reflist/entry[@id=%221%22])">1</ref></p>
<p>

BLAST (and similar) homology approaches can fail when confronted with common sequence substitutions such as I/L, N/GG, SAT/TAS. SPIDER is designed to avoid these problems.</p>
<p>

SPIDER can be used in conjunction with PEAKS mass spectrometry data analysis software.</p>

</sec>
<sec>
<st>
SEQUEST</st>

<p>

<b><software wordnetid="106566077" confidence="0.9508927676800064">
<link xlink:type="simple" xlink:href="../130/2572130.xml">
SEQUEST</link></software>
</b> is a <link xlink:type="simple" xlink:href="../467/770467.xml">
tandem mass spectrometry</link> data analysis program <ref xlink:type="simple" xlink:href="#xpointer(//reflist/entry[@id=%222%22])">2</ref>.  Sequest identifies collections of tandem mass spectra to peptide sequences that have been generated from databases of <link xlink:type="simple" xlink:href="../634/23634.xml">
protein</link> sequences.</p>
<p>

This tool is most useful in the context of <link xlink:type="simple" xlink:href="../545/13672545.xml">
shotgun proteomics</link>.  Starting with a complex mixture of proteins, this strategy typically employs <link xlink:type="simple" xlink:href="../652/30652.xml">
trypsin</link> to digest proteins.  These peptides are separated by <link xlink:type="simple" xlink:href="../329/6329.xml">
liquid chromatography</link> en route to a tandem mass spectrometer.  The mass spectrometer then isolates ions of a particular peptide, subjects them to <link xlink:type="simple" xlink:href="../215/2241215.xml">
collision-induced dissociation</link>, and records the produced fragments in a tandem mass spectrum.  This process, repeated for several hours, will produce thousands of tandem mass spectra.  Identifying such a data collection requires automation, and Sequest was the first software to fill that need.</p>
<p>

Sequest, like many engines, identifies each tandem mass spectrum individually.  The software evaluates protein sequences from a database to compute the list of peptides that could result from each.  The peptide's intact mass is known from the mass spectrum, and Sequest uses this information to determine the set of candidate peptides sequences that could meaningfully be compared to the spectrum by including only those which are near the mass of the observed peptide ion.  For each candidate peptide, Sequest projects a theoretical tandem mass spectrum, and Sequest compares these theoretical spectra to the observed tandem mass spectrum by the use of <link xlink:type="simple" xlink:href="../163/714163.xml">
cross correlation</link>.  The candidate sequence with the best matching theoretical tandem mass spectrum is reported as the best identification for this spectrum.</p>
<p>

While very successful in terms of sensitivity, it is quite slow to process data and there are concerns against specificity (especially if multiple PTMS are present). </p>

</sec>
<sec>
<st>
Mascot</st>

<p>

Matrix Science produces an algorithm called <software wordnetid="106566077" confidence="0.9508927676800064">
<link xlink:type="simple" xlink:href="../804/10788804.xml">
"Mascot"</link></software>
 that performs mass spectrometry data analysis through a statistical evaluation of matches between observed and projected peptide fragments rather than cross correlation. As of version 2.2, support for peptide quantitation methods is provided in addition to the identification features.</p>
<p>

Formerly the dominant leader for database search engine and used by competitors for benchmarking. Improvements by competitors and new technologies have caught up to and surpassed in performance. Although very sensitive, the software is significantly slower when looking for multiple PTM.</p>

</sec>
<sec>
<st>
VIPER and Decon2LS</st>

<p>

The "Proteomics Research Resource for Integrative Biology" distributes software tools (VIPER <ref xlink:type="simple" xlink:href="#xpointer(//reflist/entry[@id=%223%22])">3</ref>, Decon2LS, and others) that can be used to perform analysis of accurate mass and chromatography retention time analysis of LC-MS features.  Sometimes referred to as the Accurate Mass and Time tag approach (AMT tag approach) generally these tools are used for <link xlink:type="simple" xlink:href="../172/55172.xml">
Proteomics</link>.</p>

</sec>
<sec>
<st>
Phenyx</st>

<p>

Phenyx is developed by Geneva Bioinformatics (GeneBio) in collaboration with the <institute wordnetid="108407330" confidence="0.8">
<association wordnetid="108049401" confidence="0.8">
<link xlink:type="simple" xlink:href="../460/917460.xml">
Swiss Institute of Bioinformatics</link></association>
</institute>
 (SIB). Phenyx incorporates OLAV, a family of statistical scoring models, to generate and optimize scoring schemes that can be tailored for all kinds of instruments, instrumental set-ups and general sample treatments. Although, not RAW, unprocessed data.
<ref xlink:type="simple" xlink:href="#xpointer(//reflist/entry[@id=%224%22])">4</ref> 
Phenyx computes a score to evaluate the quality of a match between a theoretical and experimental peak list (i.e. mass spectrum). A match is thus a collection of observations deduced from this comparison. The basic peptide score is ultimately transformed into a normalized z-Score and a p-Value. A basic peptide score is the sum of raw scores for up to twelve physico-chemical properties.</p>
<p>

In addition to regular peptide and protein identification features, Phenyx proposes a number of additional functionalities, such as: a result comparison interface to visualise side-by-side multiple results; an import functionality to incorporate results from other search engines; a manual validation feature to manually accept/reject identifications and dynamically recalculates protein scores. </p>

</sec>
<sec>
<st>
OpenMS / TOPP</st>
<p>

OpenMS is a software C++ library for LC/MS data management and analysis. It offers an infrastructure for the development of mass spectrometry related software. OpenMS is free software available under the LGPL.</p>
<p>

TOPP - The OpenMS Proteomics Pipeline - is a set of small applications that can be chained to create analysis pipelines tailored for a specific problem. TOPP is developed using the datastructures and algorithms provided by OpenMS. TOPP is free software available under the LGPL.</p>
<p>

OpenMS and TOPP are a joint project of the  Algorithmic Bioinformatics group at the Free University of Berlin, the Department for Simulation of Biological Systems of Tübingen University and the Junior Research Group for Protein-Protein Interactions and Computational Proteomics at Saarland University.</p>

</sec>
<sec>
<st>
Xtandem</st>
<p>

X! Tandem is open source software that can match tandem mass spectra with peptide sequences, in a process that has come to be known as protein identification. </p>
<p>

This software has a very simple, sophisticated application programming interface (API): it simply takes an XML file of instructions on its command line, and outputs the results into an XML file, which has been specified in the input XML file.<ref xlink:type="simple" xlink:href="#xpointer(//reflist/entry[@id=%225%22])">5</ref> This format is used for all of the X! series search engines, as well as the GPM and GPMDB. </p>
<p>

Unlike some earlier generation search engines, all of the X! Series search engines calculate statistical confidence (expectation values) for all of the individual spectrum-to-sequence assignments. They also reassemble all of the peptide assignments in a data set onto the known protein sequences and assign the statistical confidence that this assembly and alignment is non-random.<ref xlink:type="simple" xlink:href="#xpointer(//reflist/entry[@id=%226%22])">6</ref> Therefore, separate assembly and statistical analysis software (e.g. PeptideProphet and ProteinProphet) are not needed. </p>
<p>

This approach is good in terms of speed but poor with regard to false negatives and sensitivity.</p>

</sec>
<sec>
<st>
Mass Frontier</st>
<p>

Mass Frontier is a software tool for <technique wordnetid="105665146" confidence="0.8">
<message wordnetid="106598915" confidence="0.8">
<information wordnetid="106634376" confidence="0.8">
<electronic_database wordnetid="106588511" confidence="0.8">
<lexical_database wordnetid="106638868" confidence="0.8">
<know-how wordnetid="105616786" confidence="0.8">
<method wordnetid="105660268" confidence="0.8">
<wordnet wordnetid="106639428" confidence="0.8">
<database wordnetid="106637824" confidence="0.8">
<link xlink:type="simple" xlink:href="../810/283810.xml#xpointer(//*[./st=%22Data+and+analysis%22])">
 interpretation</link></database>
</wordnet>
</method>
</know-how>
</lexical_database>
</electronic_database>
</information>
</message>
</technique>
 and management of <link xlink:type="simple" xlink:href="../817/586817.xml">
 mass spectra</link> of small molecules. Computer methods for interpretation of mass spectral data in Mass Frontier centre on three fundamental methodologies: library search techniques, expert system procedures and classification methods.  Mass Frontier uses automated generation of possible fragments at an expert level, including complete fragmentation and rearrangement mechanisms, starting from a user-supplied chemical structure. This software contains an <link xlink:type="simple" xlink:href="../136/10136.xml">
expert system</link> that automatically extracts a decomposition mechanism for each fragmentation reaction in the fragmentation library and determines the compound class range that the mechanism can be applied to. The expert system applies database mechanisms to a user provided structure and automatically predicts the fragmentation reactions for a given compound. The knowleadge base uses around 30,000 fragmentation schemes that contain around 100,000 reactions collected from mass spectrometry literature. </p>
<p>

Mass Frontier also incorporates an automated system for detecting chromatographic components in complex <technique wordnetid="105665146" confidence="0.8">
<know-how wordnetid="105616786" confidence="0.8">
<method wordnetid="105660268" confidence="0.8">
<link xlink:type="simple" xlink:href="../892/846892.xml">
 GC/MS</link></method>
</know-how>
</technique>
, <chemical_analysis wordnetid="100646833" confidence="0.9508927676800064">
<link xlink:type="simple" xlink:href="../378/2378378.xml">
 LC/MS</link></chemical_analysis>
 or <link xlink:type="simple" xlink:href="../467/770467.xml">
 MSn</link> runs and extracting mass spectral signals from closely coeluting components (deconvolution).</p>
<p>

Classification methods include <link xlink:type="simple" xlink:href="../340/76340.xml">
principal component analysis</link>, <link>
neural networks</link> and <link xlink:type="simple" xlink:href="../496/2422496.xml">
fuzzy clustering</link>.</p>

</sec>
<sec>
<st>
massXpert</st>
<p>

massXpert is a graphical user interface-based (GUI) software for simulating and analyzing mass spectrometric data obtained on known bio-polymer sequences. The software runs in an identical manner on MS-Windows, Mac OS X and GNU/Linux/Unix platforms. massXpert is not for identifying proteins, but is useful when characterizing biopolymer sequences (post-translational modifications, intra-molecular cross-links...). It comprises four modules, all available in the same program interface: XpertDef will let the user define any aspect of the polymer chemistry at hand (atoms/isotopes, monomers, modifications, cleavage agents, fragmentation patterns, cross-links, default ionization...) ; XpertCalc is a desktop calculator with which anything mass is calculatable (the calculation is polymer chemistry definition-aware and is fully programmable; m/z ratios are computable with automatic replacement of the ionization agent ; isotopic patterns are computable starting from an elemental composition, with the possibility to specify the resolution of the mass spectrometer) ; XpertEdit is the central part of the software suite. In it reside all the simualtions/analysis functionalities, like polymer sequence editing, sequence/monomer chemical modifications, cleavages, fragmentations, elemental/monomeric composition determinations, pI/net charge calculations, arbitrary mass searches in the polymer sequence; XpertMiner is a rather recently developed module (still experimental) in which it is possible to import lists of (m/z, z) pairs to submit them to any kind of calculation. Typically this module will be used to apply a formula to all the pairs in a single strike, or to perform matches between two lists, one from a simulation and another from the mass spectrometric data actually gotten from the mass spectrometer. All the simulations' results can be exported in the form of text either to the clipboard or to text files. The massXpert software is fully documented as a <weblink xlink:type="simple" xlink:href="http://massxpert.org/userman/pdf/massxpert.pdf">
pdf file</weblink> or as an <weblink xlink:type="simple" xlink:href="http://massxpert.org/userman/html/massxpert-html.html">
HTML file hierarchy</weblink>.</p>

</sec>
<sec>
<st>
ProteoIQ</st>
<p>

ProteoIQ is commercial software for the post-analysis of Mascot, SEQUEST, or X!Tandem database search results. The software provides the means to combine tandem mass spectrometry database search results derived from different instruments/platforms. Since the primary goal of many proteomics projects is to determine thresholds which identify as many real proteins as possible while encountering a minimal number of false positive protein identifications, ProteoIQ incorporates the two most common methods for statistical validation of large proteome datasets: the false discovery rate and protein probability approaches<ref xlink:type="simple" xlink:href="#xpointer(//reflist/entry[@id=%227%22])">7</ref><ref xlink:type="simple" xlink:href="#xpointer(//reflist/entry[@id=%228%22])">8</ref><ref xlink:type="simple" xlink:href="#xpointer(//reflist/entry[@id=%229%22])">9</ref>. For false discovery rate calculations, ProteoIQ incorporates proprietary Protein Validation Technology (ProValT) algorithms licensed from the <university wordnetid="108286163" confidence="0.9508927676800064">
<link xlink:type="simple" xlink:href="../232/378232.xml">
University of Georgia</link></university>
 Research Foundation.  Protein and peptide probabilities are generated by independent implementations of the Peptide Prophet and Protein Prophet algorithms. In ProteoIQ, protein relative quantitation is performed via spectral counting, standard deviations are automatically calculated across replicates, and spectral count abundances are normalized between samples. Integrated comparison functions allow user to quickly compare proteomic results across biological samples. Additional information about ProteoIQ can be found at <weblink xlink:type="simple" xlink:href="http://www.bioinquire.com">
bioinquire.com</weblink>.</p>

</sec>
<sec>
<st>
See also</st>
<p>

<list>
<entry level="1" type="bullet">

 <link xlink:type="simple" xlink:href="../646/2786646.xml">
Mass spectrometry data formats</link> for a list of mass spectrometry datas viewers or formats converters .</entry>
</list>
</p>

</sec>
<sec>
<st>
References</st>


<p>

<reflist>
<entry id="1">
<weblink xlink:type="simple" xlink:href="http://www.bioinfor.com/products/peaks/spider.php">
PEAKS: SPIDER (Sequence Homology Search Tool)</weblink></entry>
<entry id="2">
 <cite style="font-style:normal">Eng JK et al&#32;(1994).&#32;"Analysis of the An approach to correlate tandem mass spectral data of peptides with amino acid sequences in a protein database". <it>JASMS</it>&#32;<b>53</b>: 186. <document wordnetid="106470073" confidence="0.8">
<written_communication wordnetid="106349220" confidence="0.8">
<writing wordnetid="106362953" confidence="0.8">
<link xlink:type="simple" xlink:href="../994/422994.xml">
doi</link></writing>
</written_communication>
</document>
:<weblink xlink:type="simple" xlink:href="http://dx.doi.org/10.2307%2F2059567">
10.2307/2059567</weblink>.</cite>&nbsp;</entry>
<entry id="3">
 <cite style="font-style:normal">Monroe ME et al&#32;(2007).&#32;"Analysis of the VIPER: an advanced software package to support high-throughput LC-MS peptide identification". <it>Bioinformatics</it>&#32;<b>23</b>: 2021. <document wordnetid="106470073" confidence="0.8">
<written_communication wordnetid="106349220" confidence="0.8">
<writing wordnetid="106362953" confidence="0.8">
<link xlink:type="simple" xlink:href="../994/422994.xml">
doi</link></writing>
</written_communication>
</document>
:<weblink xlink:type="simple" xlink:href="http://dx.doi.org/10.1093%2Fbioinformatics%2Fbtm281">
10.1093/bioinformatics/btm281</weblink>. PMID 17545182.</cite>&nbsp;</entry>
<entry id="4">
 <cite style="font-style:normal">Colinge J, Masselot A, Giron M, Dessingy T, Magnin J&#32;(2003).&#32;"OLAV: towards high-throughput tandem mass spectrometry data identification". <it>Proteomics</it>&#32;<b>3</b>&#32;(8): 1454–63. <document wordnetid="106470073" confidence="0.8">
<written_communication wordnetid="106349220" confidence="0.8">
<writing wordnetid="106362953" confidence="0.8">
<link xlink:type="simple" xlink:href="../994/422994.xml">
doi</link></writing>
</written_communication>
</document>
:<weblink xlink:type="simple" xlink:href="http://dx.doi.org/10.1002%2Fpmic.200300485">
10.1002/pmic.200300485</weblink>. PMID 12923771.</cite>&nbsp;</entry>
<entry id="5">
http://www.thegpm.org/docs/X_series_output_form.pdf here</entry>
<entry id="6">
http://www.thegpm.org/docs/peptide_protein_expect.pdf</entry>
<entry id="7">
Weatherly, D. B.; <it>et al</it>. A Heuristic Method for Assigning a False-discovery Rate for Protein Identifications from Mascot Database Search Results. Molecular &amp; Cellular Proteomics 2005, 4, (6), 762-772.</entry>
<entry id="8">
Keller, A.; <it>et al</it>. Empirical statistical model to estimate the accuracy of peptide identifications made by MS/MS and database search. Anal. Chem 2002, 74, (20), 5383-5392.</entry>
<entry id="9">
Nesvizhskii, A. I.; <it>et al</it>. A statistical model for identifying proteins by tandem mass spectrometry. Anal. Chem 2003, 75, (17), 4646–4658.</entry>
</reflist>

<list>
<entry level="1" type="bullet">

Bin Ma, et al. <weblink xlink:type="simple" xlink:href="http://www.bioinfor.com/functions_db_download.php?id=1420">
Search for the Undiscovered Peptide; Using de novo sequencing and sequence tag homology search to improve protein characterization</weblink>, Biotechniques Journal, Vol. 42, No. 5, 2007.</entry>
<entry level="1" type="bullet">

Changjiang Xu, Bin Ma, <weblink xlink:type="simple" xlink:href="http://www.csd.uwo.ca/~bma/pub/msreview.pdf">
Software for Computational Peptide Identification from MS-MS data</weblink> Drug Discovery Today, Volume 11, Numbers 13/14, July 2006, p 595-600.</entry>
<entry level="1" type="bullet">

Yonghua Han, Bin Ma, Kaizhong Zhang. <weblink xlink:type="simple" xlink:href="http://www.csd.uwo.ca/~bma/pub/spider.pdf">
SPIDER: Software for Protein Identification from Sequence Tags Containing De Novo Sequencing Error</weblink>. Journal of Bioinformatics and Computational Bioliogy 3(3):697-716. 2005. (Also appeared in CSB'04, 206-215: Received the Best Paper Award) </entry>
<entry level="1" type="bullet">

Bin Ma, Kaizhong Zhang, Christopher Hendrie, Chengzhi Liang, Ming Li, Amanda Doherty-Kirby, Gilles Lajoie. <weblink xlink:type="simple" xlink:href="http://www.ncbi.nlm.nih.gov/pubmed/14558135?dopt=Abstract">
PEAKS: Powerful Software for Peptide De Novo Sequencing by MS/MS</weblink>. Rapid Communications in Mass Spectrometry, 17(20):2337-2342. 2003.</entry>
</list>
</p>

</sec>
<sec>
<st>
External links</st>

<p>

<weblink xlink:type="simple" xlink:href="http://www.dmoz.org/Science/Chemistry/Analytical/Mass_Spectrometry/Software/">
Mass Spectrometry Software</weblink> at the <work wordnetid="100575741" confidence="0.8">
<possession wordnetid="100032613" confidence="0.8">
<event wordnetid="100029378" confidence="0.8">
<company wordnetid="108058098" confidence="0.8">
<undertaking wordnetid="100795720" confidence="0.8">
<property wordnetid="113244109" confidence="0.8">
<act wordnetid="100030358" confidence="0.8">
<psychological_feature wordnetid="100023100" confidence="0.8">
<activity wordnetid="100407535" confidence="0.8">
<subsidiary_company wordnetid="108003935" confidence="0.8">
<institution wordnetid="108053576" confidence="0.8">
<link xlink:type="simple" xlink:href="../501/18949501.xml">
Open Directory Project</link></institution>
</subsidiary_company>
</activity>
</psychological_feature>
</act>
</property>
</undertaking>
</company>
</event>
</possession>
</work>
</p>

<p>

<table style=";" class="navbox" cellspacing="0">
<row>
<col style="padding:2px;">
<table style="width:100%;background:transparent;color:inherit;;" class="nowraplinks collapsible autocollapse " cellspacing="0">
<row>
<header colspan="2" style=";" class="navbox-title">
<technique wordnetid="105665146" confidence="0.8">
<message wordnetid="106598915" confidence="0.8">
<information wordnetid="106634376" confidence="0.8">
<electronic_database wordnetid="106588511" confidence="0.8">
<lexical_database wordnetid="106638868" confidence="0.8">
<know-how wordnetid="105616786" confidence="0.8">
<method wordnetid="105660268" confidence="0.8">
<wordnet wordnetid="106639428" confidence="0.8">
<database wordnetid="106637824" confidence="0.8">
<link xlink:type="simple" xlink:href="../810/283810.xml">
Mass spectrometry</link></database>
</wordnet>
</method>
</know-how>
</lexical_database>
</electronic_database>
</information>
</message>
</technique>
</header>
</row>
<row style="height:2px;">

</row>
<row>
<col colspan="2" style=";" class="navbox-abovebelow">
<link xlink:type="simple" xlink:href="../180/13087180.xml">
Mass</link> • <link xlink:type="simple" xlink:href="../817/586817.xml">
Mass spectrum</link> • <link xlink:type="simple" xlink:href="../796/10788796.xml">
MS software</link></col>
</row>
<row style="height:2px;">

</row>
<row>
<col style=";;" class="navbox-group">
<link xlink:type="simple" xlink:href="../386/326386.xml">
Ion source</link></col>
<col style="text-align:left;border-left:2px solid #fdfdfd;width:100%;padding:0px;;;" class="navbox-list navbox-odd">
<link xlink:type="simple" xlink:href="../284/340284.xml">
EI</link> &nbsp;&amp;bull;   <technique wordnetid="105665146" confidence="0.8">
<know-how wordnetid="105616786" confidence="0.8">
<method wordnetid="105660268" confidence="0.8">
<link xlink:type="simple" xlink:href="../104/1485104.xml">
CI</link></method>
</know-how>
</technique>
 &nbsp;&amp;bull;  <link xlink:type="simple" xlink:href="../080/13801080.xml">
IA</link> &nbsp;&amp;bull;  <chemical_analysis wordnetid="100646833" confidence="0.9508927676800064">
<link xlink:type="simple" xlink:href="../592/2484592.xml">
FAB</link></chemical_analysis>
 &nbsp;&amp;bull;   <link xlink:type="simple" xlink:href="../708/8315708.xml">
FD</link> &nbsp;&amp;bull;  <know-how wordnetid="105616786" confidence="0.8">
<method wordnetid="105660268" confidence="0.8">
<link xlink:type="simple" xlink:href="../535/2190535.xml">
MALDI</link></method>
</know-how>
 &nbsp;&amp;bull;  <chemical_analysis wordnetid="100646833" confidence="0.9508927676800064">
<link xlink:type="simple" xlink:href="../994/3057994.xml">
APCI</link></chemical_analysis>
 &nbsp;&amp;bull;  <link xlink:type="simple" xlink:href="../085/428085.xml">
ESI</link> &nbsp;&amp;bull;  <chemical_analysis wordnetid="100646833" confidence="0.9508927676800064">
<link xlink:type="simple" xlink:href="../848/13281848.xml">
DESI</link></chemical_analysis>
 &nbsp;&amp;bull;  <link xlink:type="simple" xlink:href="../857/870857.xml">
GD</link> &nbsp;&amp;bull;  <link xlink:type="simple" xlink:href="../877/821877.xml">
ICP</link> &nbsp;&amp;bull;  <link xlink:type="simple" xlink:href="../354/486354.xml">
MIP</link> &nbsp;&amp;bull;  <link xlink:type="simple" xlink:href="../351/10603351.xml">
TS</link> &nbsp;&amp;bull;  <message wordnetid="106598915" confidence="0.8">
<information wordnetid="106634376" confidence="0.8">
<electronic_database wordnetid="106588511" confidence="0.8">
<lexical_database wordnetid="106638868" confidence="0.8">
<wordnet wordnetid="106639428" confidence="0.8">
<database wordnetid="106637824" confidence="0.8">
<link xlink:type="simple" xlink:href="../934/8236934.xml">
DART</link></database>
</wordnet>
</lexical_database>
</electronic_database>
</information>
</message>
</col>
</row>
<row style="height:2px">

</row>
<row>
<col style=";;" class="navbox-group">
Mass analyzer</col>
<col style="text-align:left;border-left:2px solid #fdfdfd;width:100%;padding:0px;;;" class="navbox-list navbox-even">
<link xlink:type="simple" xlink:href="../242/13505242.xml">
Time-of-flight</link> &nbsp;&amp;bull;  <message wordnetid="106598915" confidence="0.8">
<information wordnetid="106634376" confidence="0.8">
<electronic_database wordnetid="106588511" confidence="0.8">
<lexical_database wordnetid="106638868" confidence="0.8">
<wordnet wordnetid="106639428" confidence="0.8">
<database wordnetid="106637824" confidence="0.8">
<link xlink:type="simple" xlink:href="../347/1965347.xml">
Quadrupole</link></database>
</wordnet>
</lexical_database>
</electronic_database>
</information>
</message>
 &nbsp;&amp;bull;  <link xlink:type="simple" xlink:href="../635/1952635.xml">
Ion trap</link> &nbsp;&amp;bull;  <message wordnetid="106598915" confidence="0.8">
<information wordnetid="106634376" confidence="0.8">
<electronic_database wordnetid="106588511" confidence="0.8">
<lexical_database wordnetid="106638868" confidence="0.8">
<wordnet wordnetid="106639428" confidence="0.8">
<database wordnetid="106637824" confidence="0.8">
<link xlink:type="simple" xlink:href="../245/2228245.xml">
Quadrupole ion trap</link></database>
</wordnet>
</lexical_database>
</electronic_database>
</information>
</message>
 &nbsp;&amp;bull;  <link xlink:type="simple" xlink:href="../026/5023026.xml">
Orbitrap</link></col>
</row>
<row style="height:2px">

</row>
<row>
<col style=";;" class="navbox-group">
Detector</col>
<col style="text-align:left;border-left:2px solid #fdfdfd;width:100%;padding:0px;;;" class="navbox-list navbox-odd">
<link xlink:type="simple" xlink:href="../403/1777403.xml">
Electron multiplier</link> &nbsp;&amp;bull;  <artifact wordnetid="100021939" confidence="0.8">
<instrumentality wordnetid="103575240" confidence="0.8">
<device wordnetid="103183080" confidence="0.8">
<detector wordnetid="103180969" confidence="0.8">
<link xlink:type="simple" xlink:href="../443/2283443.xml">
Microchannel plate detector</link></detector>
</device>
</instrumentality>
</artifact>
 &nbsp;&amp;bull;  <message wordnetid="106598915" confidence="0.8">
<information wordnetid="106634376" confidence="0.8">
<electronic_database wordnetid="106588511" confidence="0.8">
<lexical_database wordnetid="106638868" confidence="0.8">
<wordnet wordnetid="106639428" confidence="0.8">
<database wordnetid="106637824" confidence="0.8">
<link xlink:type="simple" xlink:href="../686/11787686.xml">
Daly detector</link></database>
</wordnet>
</lexical_database>
</electronic_database>
</information>
</message>
</col>
</row>
<row style="height:2px">

</row>
<row>
<col style=";;" class="navbox-group">
MS combination</col>
<col style="text-align:left;border-left:2px solid #fdfdfd;width:100%;padding:0px;;;" class="navbox-list navbox-even">
<link xlink:type="simple" xlink:href="../467/770467.xml">
MS/MS</link> &nbsp;&amp;bull;  <technique wordnetid="105665146" confidence="0.8">
<know-how wordnetid="105616786" confidence="0.8">
<method wordnetid="105660268" confidence="0.8">
<link xlink:type="simple" xlink:href="../892/846892.xml">
GC/MS</link></method>
</know-how>
</technique>
 &nbsp;&amp;bull;  <chemical_analysis wordnetid="100646833" confidence="0.9508927676800064">
<link xlink:type="simple" xlink:href="../378/2378378.xml">
LC/MS</link></chemical_analysis>
 &nbsp;&amp;bull;  <link xlink:type="simple" xlink:href="../196/19147196.xml">
IMS/MS</link></col>
</row>
</table>
</col>
</row>
</table>
</p>


</sec>
</bdy>
</entity>
</article>
