<?xml version="1.0" encoding="UTF-8"?>
<!-- generated by CLiX/Wiki2XML [MPI-Inf, MMCI@UdS] $LastChangedRevision: 92 $ on 17.04.2009 00:19:07[mciao0828] -->
<!DOCTYPE article SYSTEM "../article.dtd">
<article xmlns:xlink="http://www.w3.org/1999/xlink">
<information  confidence="0.8" wordnetid="105816287">
<datum  confidence="0.8" wordnetid="105816622">
<header>
<title>Discrete choice analysis</title>
<id>10794034</id>
<revision>
<id>240711283</id>
<timestamp>2008-09-24T17:54:17Z</timestamp>
<contributor>
<username>MrOllie</username>
<id>6908984</id>
</contributor>
</revision>
<categories>
<category>Categorical data</category>
</categories>
</header>
<bdy>

<b>Discrete choice analysis</b> is a <link xlink:type="simple" xlink:href="../685/26685.xml">
statistical</link> technique. In these models the <link xlink:type="simple" xlink:href="../701/437701.xml">
dependent variable</link> is a <link xlink:type="simple" xlink:href="../686/238686.xml">
binary</link> variable. Instances of discrete choice analysis are <link xlink:type="simple" xlink:href="../101/1689101.xml">
probit</link>, <link xlink:type="simple" xlink:href="../068/172068.xml">
logit</link> and <link xlink:type="simple" xlink:href="../031/1378031.xml">
multinomial</link> models. They are applied in <link xlink:type="simple" xlink:href="../390/10390.xml">
econometrics</link>, <link xlink:type="simple" xlink:href="../086/196086.xml">
marketing research</link> and transportation mode and route choice.
<sec>
<st>
 Specific model types<ref xlink:type="simple" xlink:href="#xpointer(//reflist/entry[@id=%221%22])">1</ref><ref xlink:type="simple" xlink:href="#xpointer(//reflist/entry[@id=%222%22])">2</ref><ref xlink:type="simple" xlink:href="#xpointer(//reflist/entry[@id=%223%22])">3</ref> </st>
<p>

<list>
<entry level="1" type="bullet">

 Probit</entry>
<entry level="1" type="bullet">

 Logit</entry>
<entry level="1" type="bullet">

 Multinomial logit (MNL) - enhanced logit to allow for more than two alternatives in a choice</entry>
<entry level="1" type="bullet">

 Multinomial probit model</entry>
</list>
</p>
<p>

MNL is not suitable for problems with correlated alternatives due to the IIA property (irrelevance of independent alternatives). (See the blue bus/red bus example <ref xlink:type="simple" xlink:href="#xpointer(//reflist/entry[@id=%221%22])">1</ref> or path choice example<ref xlink:type="simple" xlink:href="#xpointer(//reflist/entry[@id=%222%22])">2</ref>
A number of alternatives have been proposed to overcome this problem:</p>
<p>

<list>
<entry level="1" type="bullet">

 Nested logit - captures correlations between alternatives by partitioning the choice set into 'nests'</entry>
<entry level="1" type="bullet">

 Cross-nested logit <ref xlink:type="simple" xlink:href="#xpointer(//reflist/entry[@id=%224%22])">4</ref> (CNL) - alternatives may belong to more than one nest</entry>
</list>
</p>
<p>

<list>
<entry level="1" type="bullet">

 Generalised extreme value model<ref xlink:type="simple" xlink:href="#xpointer(//reflist/entry[@id=%225%22])">5</ref> - the general class of model, derived from the random utility model<ref xlink:type="simple" xlink:href="#xpointer(//reflist/entry[@id=%222%22])">2</ref> to which multinomial logit and nested logit belong</entry>
</list>
</p>
<p>

<list>
<entry level="1" type="bullet">

 Mother logit</entry>
<entry level="1" type="bullet">

 Hierarchical logit</entry>
</list>
</p>
<p>

<list>
<entry level="1" type="bullet">

 C-logit <ref xlink:type="simple" xlink:href="#xpointer(//reflist/entry[@id=%226%22])">6</ref> - captures correlations between alternatives using with a 'commonality factor'</entry>
</list>
</p>
<p>

<list>
<entry level="1" type="bullet">

 Path size logit <ref xlink:type="simple" xlink:href="#xpointer(//reflist/entry[@id=%222%22])">2</ref></entry>
</list>
</p>
<p>

<list>
<entry level="1" type="bullet">

 Paired combinatorial logit <ref xlink:type="simple" xlink:href="#xpointer(//reflist/entry[@id=%227%22])">7</ref></entry>
</list>
</p>
<p>

<list>
<entry level="1" type="bullet">

 Hybrid or mixed logit model - multinomial probit model with logit kernel<ref xlink:type="simple" xlink:href="#xpointer(//reflist/entry[@id=%222%22])">2</ref>,<ref xlink:type="simple" xlink:href="#xpointer(//reflist/entry[@id=%228%22])">8</ref><ref xlink:type="simple" xlink:href="#xpointer(//reflist/entry[@id=%229%22])">9</ref>. Can be applied to route choice <ref xlink:type="simple" xlink:href="#xpointer(//reflist/entry[@id=%2210%22])">10</ref></entry>
</list>
</p>
<p>

<list>
<entry level="1" type="bullet">

 Latent class choice models</entry>
</list>
</p>
<p>

Also see:
<list>
<entry level="1" type="bullet">

 full review of models for route choice<ref xlink:type="simple" xlink:href="#xpointer(//reflist/entry[@id=%2211%22])">11</ref></entry>
</list>
</p>



</sec>
<sec>
<st>
 Choice set generation methods for route choice problems<ref xlink:type="simple" xlink:href="#xpointer(//reflist/entry[@id=%223%22])">3</ref> </st>
<p>

<list>
<entry level="1" type="bullet">

 k-shortest routes, with link elimination and link penalty</entry>
<entry level="1" type="bullet">

 Labelling</entry>
<entry level="1" type="bullet">

 Simulation </entry>
</list>
</p>

</sec>
<sec>
<st>
 References </st>
<p>

<reflist>
<entry id="1">
Ben-Akiva, M. and S.R. Lerman (1985). Discrete Choice Analysis: Theory and Application to Travel Demand,Cambridge, MA: MIT Press.</entry>
<entry id="2">
Ben-Akiva, M. and M. Bierlaire (1999). “Discrete Choice Methods and Their Applications to Short Term
Travel Decisions.” In R.W. Hall (ed.), Handbook of Transportation Science.</entry>
<entry id="3">
Bekhor, S., M. E. Ben-Akiva, et al. (2006). "Evaluation of choice set generation algorithms for route choice models." Annals of Operations Research 144(1): 235-247.</entry>
<entry id="4">
Vovsha, P. (1997). “The Cross-Nested Logit Model: Application to Mode Choice in the Tel-Aviv Metropolitan Area.” Transportation Research Record, 1607, 6–15.</entry>
<entry id="5">
McFadden, D. (1978). “Modeling the Choice of Residential Location.” In A. Karlqvist et al. (eds.), Spatial Interaction Theory and Residential Location, North Holland, Amsterdam pp. 75–96.</entry>
<entry id="6">
Cascetta, E., A. Nuzzolo, F. Russo, and A.Vitetta (1996). “A Modified Logit Route Choice Model Overcoming
Path Overlapping Problems: Specification and Some Calibration Results for Interurban Networks.” In J.B.
Lesort (ed.), Transportation and Traffic Theory. Proceedings from the Thirteenth International Symposium
on Transportation and Traffic Theory, Lyon, France, Pergamon pp. 697–711.</entry>
<entry id="7">
Chu, C. (1989). “A Paired Combinatorial Logit Model for Travel Demand Analysis.” In Proceedings of the 5th World Conference on Transportation Research, 4, Ventura, CA, pp. 295–309.</entry>
<entry id="8">
McFadden, D. and K. Train (2000). “Mixed MNL Models for Discrete Response.” Journal of Applied Econometrics,15(5), 447–470.</entry>
<entry id="9">
Ben-Akiva, M. and D. Bolduc (1996). “Multinomial Probit with a Logit Kernel and a General Parametric Specification of the Covariance Structure.” Working Paper, 1996.</entry>
<entry id="10">
Bekhor, S., Ben-Akiva, and M.S. Ramming (2002). “Adaptation of Logit Kernel to Route Choice Situation.”
Transportation Research Record, 1805, 78–85.</entry>
<entry id="11">
Ramming, M.S. (2001). “Network Knowledge and Route Choice.” Unpublished Ph.D. Thesis, Massachusetts Institute of Technology. MIT catalogue: http://library.mit.edu/item/001107149</entry>
</reflist>
</p>


</sec>
</bdy>
</datum>
</information>
</article>
