<?xml version="1.0" encoding="UTF-8"?>
<!-- generated by CLiX/Wiki2XML [MPI-Inf, MMCI@UdS] $LastChangedRevision: 92 $ on 16.04.2009 18:07:30[mciao0828] -->
<!DOCTYPE article SYSTEM "../article.dtd">
<article xmlns:xlink="http://www.w3.org/1999/xlink">
<entity  confidence="0.9511911446218017" wordnetid="100001740">
<disease  confidence="0.9508927676800064" wordnetid="114070360">
<header>
<title>Buerger&apos;s disease</title>
<id>1081829</id>
<revision>
<id>240792812</id>
<timestamp>2008-09-25T00:38:30Z</timestamp>
<contributor>
<username>AnjaManix</username>
<id>5964318</id>
</contributor>
</revision>
<categories>
<category>Angiology</category>
<category>Cardiovascular diseases</category>
</categories>
</header>
<bdy>
<template>
<name>Infobox_Disease</name>
<parameters>
<MeshName>
Thromboangiitis+Obliterans</MeshName>
<OMIM>
211480</OMIM>
<Name>
Buerger's disease</Name>
<eMedicineTopic>
253</eMedicineTopic>
<DiseasesDB>
1762</DiseasesDB>
<ICD10>
<link xlink:type="simple" xlink:href="../347/3530347.xml">
I</link><weblink xlink:type="simple" xlink:href="http://www.who.int/classifications/apps/icd/icd10online/?gi70.htm+i731">
73.1</weblink></ICD10>
<MeshNumber>
C14.907.137.870</MeshNumber>
<eMedicineSubj>
med</eMedicineSubj>
<ICD9>
<weblink xlink:type="simple" xlink:href="http://www.icd9data.com/getICD9Code.ashx?icd9443.1">
443.1</weblink></ICD9>
</parameters>
</template>


<indent level="1">

<it>Not to be confused with <link xlink:type="simple" xlink:href="../947/724947.xml">
Berger's disease</link> (IgA nephropathy)</it>
</indent>

<b>Buerger's disease</b> (also known as <b><it>thromboangiitis obliterans</it></b>) is an acute <link xlink:type="simple" xlink:href="../425/70425.xml">
inflammation</link> and <link xlink:type="simple" xlink:href="../048/183048.xml">
thrombosis</link> (clotting) of <link xlink:type="simple" xlink:href="../790/36790.xml">
arteries</link> and <link xlink:type="simple" xlink:href="../227/53227.xml">
vein</link>s of the hands and feet. It is strongly associated with use of <link xlink:type="simple" xlink:href="../942/30942.xml">
tobacco</link> products,<ref xlink:type="simple" xlink:href="#xpointer(//reflist/entry[@id=%221%22])">1</ref> primarily from <link xlink:type="simple" xlink:href="../298/73298.xml">
smoking</link>, but also from smokeless tobacco.
<sec>
<st>
Features</st>
<p>

There is a recurrent acute and chronic <link xlink:type="simple" xlink:href="../425/70425.xml">
inflammation</link> and <link xlink:type="simple" xlink:href="../048/183048.xml">
thrombosis</link> of <link xlink:type="simple" xlink:href="../790/36790.xml">
arteries</link> and <link xlink:type="simple" xlink:href="../227/53227.xml">
vein</link>s of the hands and feet. The main symptom is <link xlink:type="simple" xlink:href="../373/24373.xml">
pain</link> in the affected areas. <link xlink:type="simple" xlink:href="../502/14862502.xml">
Ulceration</link>s and <link xlink:type="simple" xlink:href="../977/237977.xml">
gangrene</link> in the extremities are common <link xlink:type="simple" xlink:href="../393/1479393.xml">
complication</link>s, often resulting in the need for <link xlink:type="simple" xlink:href="../ury/30th_century.xml">
amputation</link> of the involved extremity.</p>

</sec>
<sec>
<st>
Diagnosis</st>
<p>

A concrete diagnosis of thromboangiitis obliterans is often difficult as it relies heavily on exclusion of the conditions. The commonly followed diagnostic criteria are below although the criteria tend to differ slightly from author to author. Olin (2000) proposes the following criteria:<ref xlink:type="simple" xlink:href="#xpointer(//reflist/entry[@id=%222%22])">2</ref>
<list>
<entry level="1" type="number">

 Age younger than 45 years</entry>
<entry level="1" type="number">

 Current (or recent) history of tobacco use</entry>
<entry level="1" type="number">

 Presence of distal extremity ischemia (indicated by claudication, pain at rest, ischemic ulcers or gangrene) documented by noninvasive vascular testing such as ultrasound</entry>
<entry level="1" type="number">

 Exclusion of other autoimmune diseases, hypercoagulable states, and diabetes mellitus by laboratory tests.</entry>
<entry level="1" type="number">

 Exclusion of a proximal source of emboli by echocardiography and arteriography</entry>
<entry level="1" type="number">

 Consistent arteriographic findings in the clinically involved and noninvolved limbs.</entry>
</list>
</p>

</sec>
<sec>
<st>
Pathophysiology</st>
<p>

There are characteristic <link xlink:type="simple" xlink:href="../791/48791.xml">
pathologic</link> findings of acute <link xlink:type="simple" xlink:href="../425/70425.xml">
inflammation</link> and <link xlink:type="simple" xlink:href="../048/183048.xml">
thrombosis</link> (clotting) of <link xlink:type="simple" xlink:href="../790/36790.xml">
arteries</link> and <link xlink:type="simple" xlink:href="../227/53227.xml">
vein</link>s of the hands and feet (the lower limbs being more common). The mechanisms underlying Buerger's disease are still largely unknown. It is suspected that <link xlink:type="simple" xlink:href="../959/14959.xml">
immunological</link> reactions play a role.</p>

</sec>
<sec>
<st>
Treatment</st>
<p>

Symptoms are treated as there is no treatment for the disease. Cessation of tobacco use may slow any further progression of the disease.  <asset wordnetid="105154517" confidence="0.8">
<forte wordnetid="105159225" confidence="0.8">
<link xlink:type="simple" xlink:href="../708/585708.xml">
Vascular surgery</link></forte>
</asset>
 can sometimes be helpful in treating limbs with poor perfusion secondary to this disease.  Use of vascular growth factor and stem cell injections have been showing promise in clinical studies.</p>
<p>

<link xlink:type="simple" xlink:href="../920/917920.xml">
Streptokinase</link> has been proposed as adjuvant therapy in some cases.<ref xlink:type="simple" xlink:href="#xpointer(//reflist/entry[@id=%223%22])">3</ref></p>

</sec>
<sec>
<st>
Prognosis</st>
<p>

Buerger's is not immediately fatal, but life-shortening.  Amputation is common and major amputations (of limbs rather than fingers/ toes) are almost twice as common in patients who continue to smoke.  Death rate has not been consistently shown as higher in patients who do not cease smoking but for this and other health concerns quitting is highly recommended.  Female patients tend to show much higher longevity rates than men.</p>

</sec>
<sec>
<st>
Prevention</st>
<p>

The cause of the disease is unknown but thought to be autoimmune in nature and heavily linked to tobacco use.  There have also been links to persons with digestive disorders.</p>

</sec>
<sec>
<st>
Epidemiology</st>
<p>

Buerger's is more common among men than women. It is more common in <country wordnetid="108544813" confidence="0.9508927676800064">
<link xlink:type="simple" xlink:href="../173/9282173.xml">
Israel</link></country>
, <link xlink:type="simple" xlink:href="../573/15573.xml">
Japan</link> and <country wordnetid="108544813" confidence="0.9508927676800064">
<link xlink:type="simple" xlink:href="../533/14533.xml">
India</link></country>
 along the "old silk route" than in the <body wordnetid="107965085" confidence="0.8">
<social_group wordnetid="107950920" confidence="0.8">
<political_orientation wordnetid="106212839" confidence="0.8">
<colony wordnetid="108374049" confidence="0.8">
<state wordnetid="108168978" confidence="0.8">
<political_unit wordnetid="108359949" confidence="0.8">
<group wordnetid="100031264" confidence="0.8">
<democracy wordnetid="106217103" confidence="0.8">
<link xlink:type="simple" xlink:href="../750/3434750.xml">
United States</link></democracy>
</group>
</political_unit>
</state>
</colony>
</political_orientation>
</social_group>
</body>
 and <link xlink:type="simple" xlink:href="../239/9239.xml">
Europe</link>. The disease is most common among South Asians.</p>

</sec>
<sec>
<st>
History</st>
<p>

Buerger's disease was first reported by <physical_entity wordnetid="100001930" confidence="0.8">
<person wordnetid="100007846" confidence="0.8">
<medical_practitioner wordnetid="110305802" confidence="0.8">
<causal_agent wordnetid="100007347" confidence="0.8">
<health_professional wordnetid="110165109" confidence="0.8">
<adult wordnetid="109605289" confidence="0.8">
<professional wordnetid="110480253" confidence="0.8">
<doctor wordnetid="110020890" confidence="0.8">
<link xlink:type="simple" xlink:href="../749/15055749.xml">
Felix von Winiwarter</link></doctor>
</professional>
</adult>
</health_professional>
</causal_agent>
</medical_practitioner>
</person>
</physical_entity>
 in <link xlink:type="simple" xlink:href="../968/34968.xml">
1879</link> in <country wordnetid="108544813" confidence="0.9508927676800064">
<link xlink:type="simple" xlink:href="../576/576.xml">
Austria</link></country>
. <ref xlink:type="simple" xlink:href="#xpointer(//reflist/entry[@id=%224%22])">4</ref></p>
<p>

It wasn't until 1908, however, that the disease was given its first accurate pathological description, by <physical_entity wordnetid="100001930" confidence="0.8">
<person wordnetid="100007846" confidence="0.8">
<diagnostician wordnetid="110011074" confidence="0.8">
<medical_practitioner wordnetid="110305802" confidence="0.8">
<specialist wordnetid="110632576" confidence="0.8">
<causal_agent wordnetid="100007347" confidence="0.8">
<health_professional wordnetid="110165109" confidence="0.8">
<adult wordnetid="109605289" confidence="0.8">
<professional wordnetid="110480253" confidence="0.8">
<doctor wordnetid="110020890" confidence="0.8">
<link xlink:type="simple" xlink:href="../570/13887570.xml">
Leo Buerger</link></doctor>
</professional>
</adult>
</health_professional>
</causal_agent>
</specialist>
</medical_practitioner>
</diagnostician>
</person>
</physical_entity>
 at <hospital wordnetid="103540595" confidence="0.9508927676800064">
<link xlink:type="simple" xlink:href="../281/1241281.xml">
Mount Sinai Hospital</link></hospital>
 in <village wordnetid="108672738" confidence="0.9508927676800064">
<link xlink:type="simple" xlink:href="../042/645042.xml">
New York City</link></village>
.<ref xlink:type="simple" xlink:href="#xpointer(//reflist/entry[@id=%225%22])">5</ref> Buerger called it "presenile spontaneous gangrene" after studying amputations in 11 patients.</p>

</sec>
<sec>
<st>
References</st>

<p>

<reflist>
<entry id="1">
 <cite style="font-style:normal">Joyce JW&#32;(1990).&#32;"Buerger's disease (thromboangiitis obliterans)". <it>Rheum Dis Clin North Am</it>&#32;<b>16</b>&#32;(2): 463–70. PMID 2189162.</cite>&nbsp;</entry>
<entry id="2">
Olin JW. <it>Thromboangiitis obliterans (Buerger's disease).</it> N Engl J Med 2000;343:864-9. PMID 10995867.</entry>
<entry id="3">
 <cite style="font-style:normal">Hussein EA, el Dorri A&#32;(1993).&#32;"Intra-arterial streptokinase as adjuvant therapy for complicated Buerger's disease: early trials". <it>International surgery</it>&#32;<b>78</b>&#32;(1): 54–8. PMID 8473086.</cite>&nbsp;</entry>
<entry id="4">
von Winiwarter F: Ueber eine eigenthumliche Form von Endarteriitis und Endophlebitis mit Gangran des Fusses. Arch Klin Chir 1879; 23: 202-26.</entry>
<entry id="5">
Buerger L. <it>Thrombo-angiitis obliterans: a study of the vascular lesions leading to presenile spontaneous gangrene.</it> Am J Med Sci 1908;136:567-80.</entry>
</reflist>
</p>

</sec>
<sec>
<st>
External links</st>
<p>

<list>
<entry level="1" type="bullet">

 <it><weblink xlink:type="simple" xlink:href="http://chorus.rad.mcw.edu/doc/00394.html">
00394</weblink></it> at <link xlink:type="simple" xlink:href="../975/3874975.xml">
CHORUS</link></entry>
<entry level="1" type="bullet">

 <it><weblink xlink:type="simple" xlink:href="http://www.whonamedit.com/synd.cfm/2724.html">
synd/2724</weblink></it> at <computer wordnetid="103082979" confidence="0.8">
<artifact wordnetid="100021939" confidence="0.8">
<instrumentality wordnetid="103575240" confidence="0.8">
<device wordnetid="103183080" confidence="0.8">
<machine wordnetid="103699975" confidence="0.8">
<web_site wordnetid="106359193" confidence="0.8">
<link xlink:type="simple" xlink:href="../140/3677140.xml">
Who Named It</link></web_site>
</machine>
</device>
</instrumentality>
</artifact>
</computer>
</entry>
<entry level="1" type="bullet">

 <weblink xlink:type="simple" xlink:href="http://www.brandoncarmichael.com/">
Brandon Carmichael</weblink></entry>
</list>
</p>

<p>

<table style=";" class="navbox" cellspacing="0">
<row>
<col style="padding:2px;">
<table style="width:100%;background:transparent;color:inherit;;" class="nowraplinks collapsible autocollapse " cellspacing="0">
<row>
<header colspan="2" style=";background:Silver" class="navbox-title">
<link xlink:type="simple" xlink:href="../662/512662.xml">
Cardiovascular disease</link>: <link xlink:type="simple" xlink:href="../872/5200872.xml">
vascular disease</link> - <link xlink:type="simple" xlink:href="../330/57330.xml">
Circulatory system</link> <link xlink:type="simple" xlink:href="../791/48791.xml">
pathology</link> (, )</header>
</row>
<row style="height:2px">

</row>
<row>
<col style=";background:MistyRose;;" class="navbox-group">
<link xlink:type="simple" xlink:href="../790/36790.xml">
Arteries</link>, <link xlink:type="simple" xlink:href="../444/479444.xml">
arterioles</link>
and <link xlink:type="simple" xlink:href="../512/56512.xml">
capillaries</link></col>
<col style="text-align:left;border-left:2px solid #fdfdfd;width:100%;padding:0px;;;" class="navbox-list navbox-odd">
<table style="width:100%;;;;" class="nowraplinks  navbox-subgroup" cellspacing="0">
<row>
<col style=";padding-left:0em;padding-right:0em;background-color: MistyRose;" class="navbox-group">
<link xlink:type="simple" xlink:href="../173/489173.xml">
Arterial occlusive disease</link>/<link xlink:type="simple" xlink:href="../173/489173.xml">
peripheral vascular disease</link></col>
<col style="text-align:left;border-left:2px solid #fdfdfd;width:100%;padding:0px;;;" class="navbox-list navbox-odd">
<link xlink:type="simple" xlink:href="../288/188288.xml">
Arteriosclerosis</link>: <link xlink:type="simple" xlink:href="../385/85385.xml">
Atherosclerosis</link> - <link xlink:type="simple" xlink:href="../492/1298492.xml">
Intermittent claudication</link> - <link xlink:type="simple" xlink:href="../449/838449.xml">
Atheroma</link> - <disease wordnetid="114070360" confidence="0.9508927676800064">
<link xlink:type="simple" xlink:href="../745/11548745.xml">
Monckeberg's arteriosclerosis</link></disease>
<p>

<link xlink:type="simple" xlink:href="../498/682498.xml">
Stenosis</link> (<disease wordnetid="114070360" confidence="0.9508927676800064">
<link xlink:type="simple" xlink:href="../037/1263037.xml">
Renal artery stenosis</link></disease>
, <disease wordnetid="114070360" confidence="0.9508927676800064">
<link xlink:type="simple" xlink:href="../255/2785255.xml">
Carotid artery stenosis</link></disease>
) - <link xlink:type="simple" xlink:href="../672/4350672.xml">
Fibromuscular dysplasia</link> - <disease wordnetid="114070360" confidence="0.9508927676800064">
<link xlink:type="simple" xlink:href="../395/4112395.xml">
Degos disease</link></disease>
 - <disease wordnetid="114070360" confidence="0.9508927676800064">
<link xlink:type="simple" xlink:href="../595/1212595.xml">
Aortoiliac occlusive disease</link></disease>
</p>
<p>

<link xlink:type="simple" xlink:href="../203/599203.xml">
Raynaud's phenomenon</link>/<link xlink:type="simple" xlink:href="../224/725224.xml">
Raynaud's disease</link> - <link xlink:type="simple" xlink:href="../501/853501.xml">
Erythromelalgia</link></p>
</col>
</row>
<row style="height:2px">

</row>
<row>
<col style=";padding-left:0em;padding-right:0em;background-color: MistyRose;" class="navbox-group">
<link xlink:type="simple" xlink:href="../553/322553.xml">
Aneurysm</link></col>
<col style="text-align:left;border-left:2px solid #fdfdfd;width:100%;padding:0px;;;" class="navbox-list navbox-odd">
<link xlink:type="simple" xlink:href="../059/779059.xml">
Aortic aneurysm</link>/<link xlink:type="simple" xlink:href="../096/841096.xml">
Abdominal aortic aneurysm</link> - <link xlink:type="simple" xlink:href="../906/219906.xml">
Cerebral aneurysm</link> - <disease wordnetid="114070360" confidence="0.9508927676800064">
<link xlink:type="simple" xlink:href="../779/17606779.xml">
Coronary artery aneurysm</link></disease>
 - <disease wordnetid="114070360" confidence="0.9508927676800064">
<link xlink:type="simple" xlink:href="../165/11226165.xml">
Intracranial berry aneurysm</link></disease>
 - <disease wordnetid="114070360" confidence="0.9508927676800064">
<link xlink:type="simple" xlink:href="../266/5789266.xml">
Dissection</link></disease>
 (<happening wordnetid="107283608" confidence="0.8">
<event wordnetid="100029378" confidence="0.8">
<emergency wordnetid="107417405" confidence="0.8">
<crisis wordnetid="107417644" confidence="0.8">
<psychological_feature wordnetid="100023100" confidence="0.8">
<juncture wordnetid="107416714" confidence="0.8">
<link xlink:type="simple" xlink:href="../193/274193.xml">
Aortic</link></juncture>
</psychological_feature>
</crisis>
</emergency>
</event>
</happening>
, <disease wordnetid="114070360" confidence="0.9508927676800064">
<link xlink:type="simple" xlink:href="../102/5413102.xml">
Carotid</link></disease>
, <link xlink:type="simple" xlink:href="../270/5789270.xml">
Vertebral</link>) - <disease wordnetid="114070360" confidence="0.9508927676800064">
<link xlink:type="simple" xlink:href="../015/857015.xml">
Pseudoaneurysm</link></disease>
</col>
</row>
<row style="height:2px">

</row>
<row>
<col style=";padding-left:0em;padding-right:0em;background-color: MistyRose;" class="navbox-group">
Other</col>
<col style="text-align:left;border-left:2px solid #fdfdfd;width:100%;padding:0px;;;" class="navbox-list navbox-even">
<link xlink:type="simple" xlink:href="../219/1287219.xml">
Arteritis</link> (<link xlink:type="simple" xlink:href="../174/12413174.xml">
Aortitis</link>) - <disease wordnetid="114070360" confidence="0.9508927676800064">
<link xlink:type="simple" xlink:href="../829/1081829.xml">
Buerger's disease</link></disease>
<p>

<disease wordnetid="114070360" confidence="0.9508927676800064">
<link xlink:type="simple" xlink:href="../134/2344134.xml">
Arteriovenous fistula</link></disease>
 - <disease wordnetid="114070360" confidence="0.9508927676800064">
<link xlink:type="simple" xlink:href="../467/728467.xml">
Hereditary hemorrhagic telangiectasia</link></disease>
</p>
<p>

<link xlink:type="simple" xlink:href="../744/934744.xml">
Nevus</link> (<link xlink:type="simple" xlink:href="../973/3238973.xml">
Spider angioma</link>, <link xlink:type="simple" xlink:href="../468/18711468.xml">
Halo nevus</link>, <disease wordnetid="114070360" confidence="0.9508927676800064">
<link xlink:type="simple" xlink:href="../286/1213286.xml">
Cherry angioma</link></disease>
)</p>
</col>
</row>
</table>
</col>
</row>
<row style="height:2px">

</row>
<row>
<col style=";background:MistyRose;;" class="navbox-group">
<link xlink:type="simple" xlink:href="../227/53227.xml">
Vein</link>s</col>
<col style="text-align:left;border-left:2px solid #fdfdfd;width:100%;padding:0px;;;" class="navbox-list navbox-even">
<table style="width:100%;;;;" class="nowraplinks  navbox-subgroup" cellspacing="0">
<row>
<col style=";padding-left:0em;padding-right:0em;background-color: MistyRose;" class="navbox-group">
<link xlink:type="simple" xlink:href="../191/211191.xml">
Venous thrombosis</link>/<link xlink:type="simple" xlink:href="../814/939814.xml">
Phlebitis</link>/<link xlink:type="simple" xlink:href="../105/1482105.xml">
Thrombophlebitis</link></col>
<col style="text-align:left;border-left:2px solid #fdfdfd;width:100%;padding:0px;;;" class="navbox-list navbox-odd">
<it>primarily lower limb</it> (<disease wordnetid="114070360" confidence="0.9508927676800064">
<link xlink:type="simple" xlink:href="../153/570153.xml">
Deep vein thrombosis</link></disease>
)<p>

<it>abdomen</it> (<disease wordnetid="114070360" confidence="0.9508927676800064">
<link xlink:type="simple" xlink:href="../112/4007112.xml">
May-Thurner syndrome</link></disease>
, <disease wordnetid="114070360" confidence="0.9508927676800064">
<link xlink:type="simple" xlink:href="../807/3197807.xml">
Portal vein thrombosis</link></disease>
, <disease wordnetid="114070360" confidence="0.9508927676800064">
<link xlink:type="simple" xlink:href="../854/584854.xml">
Budd-Chiari syndrome</link></disease>
, <disease wordnetid="114070360" confidence="0.9508927676800064">
<link xlink:type="simple" xlink:href="../980/3219980.xml">
Renal vein thrombosis</link></disease>
)</p>
<p>

<it>upper limb/torso</it> (<disease wordnetid="114070360" confidence="0.9508927676800064">
<link xlink:type="simple" xlink:href="../562/2991562.xml">
Paget-Schroetter disease</link></disease>
, <link xlink:type="simple" xlink:href="../237/725237.xml">
Mondor's disease</link>)</p>
<p>

<it>head</it> (<disease wordnetid="114070360" confidence="0.9508927676800064">
<link xlink:type="simple" xlink:href="../793/13757793.xml">
Cerebral venous sinus thrombosis</link></disease>
)</p>
<p>

<disease wordnetid="114070360" confidence="0.9508927676800064">
<link xlink:type="simple" xlink:href="../509/6827509.xml">
Post-thrombotic syndrome</link></disease>
</p>
</col>
</row>
<row style="height:2px">

</row>
<row>
<col style=";padding-left:0em;padding-right:0em;background-color: MistyRose;" class="navbox-group">
<link xlink:type="simple" xlink:href="../834/32834.xml">
Varicose veins</link></col>
<col style="text-align:left;border-left:2px solid #fdfdfd;width:100%;padding:0px;;;" class="navbox-list navbox-even">
<link xlink:type="simple" xlink:href="../099/1433099.xml">
Varicocele</link> - <link xlink:type="simple" xlink:href="../288/1033288.xml">
Gastric varices</link> - <link xlink:type="simple" xlink:href="../546/8333546.xml">
Portacaval anastomosis</link> (<link xlink:type="simple" xlink:href="../652/173652.xml">
Hemorrhoid</link>, <disease wordnetid="114070360" confidence="0.9508927676800064">
<link xlink:type="simple" xlink:href="../254/702254.xml">
Esophageal varices</link></disease>
, <disease wordnetid="114070360" confidence="0.9508927676800064">
<link xlink:type="simple" xlink:href="../135/1141135.xml">
Caput medusae</link></disease>
)</col>
</row>
<row style="height:2px">

</row>
<row>
<col style=";padding-left:0em;padding-right:0em;background-color: MistyRose;" class="navbox-group">
Other</col>
<col style="text-align:left;border-left:2px solid #fdfdfd;width:100%;padding:0px;;;" class="navbox-list navbox-odd">
<link xlink:type="simple" xlink:href="../513/1336513.xml">
Superior vena cava syndrome</link> - <sign wordnetid="106646243" confidence="0.8">
<indication wordnetid="106797169" confidence="0.8">
<evidence wordnetid="106643408" confidence="0.8">
<clue wordnetid="106643763" confidence="0.8">
<link xlink:type="simple" xlink:href="../383/2571383.xml">
Inferior vena cava syndrome</link></clue>
</evidence>
</indication>
</sign>
 - <disease wordnetid="114070360" confidence="0.9508927676800064">
<link xlink:type="simple" xlink:href="../928/3117928.xml">
Venous ulcer</link></disease>
</col>
</row>
</table>
</col>
</row>
<row style="height:2px">

</row>
<row>
<col style=";background:MistyRose;;" class="navbox-group">
Arteries or veins</col>
<col style="text-align:left;border-left:2px solid #fdfdfd;width:100%;padding:0px;;;" class="navbox-list navbox-odd">
<link xlink:type="simple" xlink:href="../428/667428.xml">
Vasculitis</link> - <link xlink:type="simple" xlink:href="../048/183048.xml">
Thrombosis</link> - <link xlink:type="simple" xlink:href="../801/168801.xml">
Embolism</link> (<link xlink:type="simple" xlink:href="../165/207165.xml">
Pulmonary embolism</link>, <disease wordnetid="114070360" confidence="0.9508927676800064">
<link xlink:type="simple" xlink:href="../924/17620924.xml">
Cholesterol embolism</link></disease>
) - <link xlink:type="simple" xlink:href="../510/56510.xml">
Angiopathy</link> (<link xlink:type="simple" xlink:href="../016/3047016.xml">
Macroangiopathy</link>, <link xlink:type="simple" xlink:href="../964/249964.xml">
Microangiopathy</link>)</col>
</row>
<row style="height:2px">

</row>
<row>
<col style=";background:MistyRose;;" class="navbox-group">
<disease wordnetid="114070360" confidence="0.9508927676800064">
<link xlink:type="simple" xlink:href="../701/18587701.xml">
Lymphatic disease</link></disease>
</col>
<col style="text-align:left;border-left:2px solid #fdfdfd;width:100%;padding:0px;;;" class="navbox-list navbox-even">
<link xlink:type="simple" xlink:href="../729/1010729.xml">
Lymphadenitis</link> - <link xlink:type="simple" xlink:href="../722/18722.xml">
Lymphedema</link> - <link xlink:type="simple" xlink:href="../887/3197887.xml">
Lymphangitis</link></col>
</row>
<row style="height:2px">

</row>
<row>
<col style=";background:MistyRose;;" class="navbox-group">
<link xlink:type="simple" xlink:href="../558/56558.xml">
Blood pressure</link></col>
<col style="text-align:left;border-left:2px solid #fdfdfd;width:100%;padding:0px;;;" class="navbox-list navbox-odd">
<table style="width:100%;;;;" class="nowraplinks  navbox-subgroup" cellspacing="0">
<row>
<col style=";padding-left:0em;padding-right:0em;background-color: MistyRose;" class="navbox-group">
<link xlink:type="simple" xlink:href="../432/77432.xml">
Hypertension</link></col>
<col style="text-align:left;border-left:2px solid #fdfdfd;width:100%;padding:0px;;;" class="navbox-list navbox-odd">
<link xlink:type="simple" xlink:href="../459/3186459.xml">
Hypertensive heart disease</link> - <link xlink:type="simple" xlink:href="../259/1626259.xml">
Hypertensive nephropathy</link> - <link xlink:type="simple" xlink:href="../830/2994830.xml">
Secondary hypertension</link> (<disease wordnetid="114070360" confidence="0.9508927676800064">
<link xlink:type="simple" xlink:href="../310/3186310.xml">
Renovascular hypertension</link></disease>
) - <disease wordnetid="114070360" confidence="0.9508927676800064">
<link xlink:type="simple" xlink:href="../529/674529.xml">
Pulmonary hypertension</link></disease>
</col>
</row>
<row style="height:2px">

</row>
<row>
<col style=";padding-left:0em;padding-right:0em;background-color: MistyRose;" class="navbox-group">
<link xlink:type="simple" xlink:href="../475/500475.xml">
Hypotension</link></col>
<col style="text-align:left;border-left:2px solid #fdfdfd;width:100%;padding:0px;;;" class="navbox-list navbox-even">
<link xlink:type="simple" xlink:href="../956/101956.xml">
Orthostatic hypotension</link></col>
</row>
</table>
</col>
</row>
<row style="height:2px">

</row>
<row>
<col colspan="2" style="width:100%;padding:0px;;;" class="navbox-list navbox-even">
<it>See also , ''</it></col>
</row>
</table>
</col>
</row>
</table>
</p>



</sec>
</bdy>
</disease>
</entity>
</article>
