<?xml version="1.0" encoding="UTF-8"?>
<!-- generated by CLiX/Wiki2XML [MPI-Inf, MMCI@UdS] $LastChangedRevision: 92 $ on 16.04.2009 18:06:01[mciao0827] -->
<!DOCTYPE article SYSTEM "../article.dtd">
<article xmlns:xlink="http://www.w3.org/1999/xlink">
<header>
<title>Pomade</title>
<id>1086271</id>
<revision>
<id>239376380</id>
<timestamp>2008-09-18T21:00:44Z</timestamp>
<contributor>
<username>Rees11</username>
<id>1572591</id>
</contributor>
</revision>
<categories>
<category>Hairdressing</category>
</categories>
</header>
<bdy>

<image location="right" width="150px" src="Murray'sPomade.jpg" type="thumb">
<caption>

A tin of Murray's Pomade
</caption>
</image>

<b>Pomade</b> (also called <b>pomatum</b>) is a greasy or waxy substance that is used to style <link xlink:type="simple" xlink:href="../313/14313.xml">
hair</link>. Pomade makes hair look slick and shiny. Unlike <link xlink:type="simple" xlink:href="../749/1779749.xml">
hair spray</link> and <link xlink:type="simple" xlink:href="../000/908000.xml">
hair gel</link>, pomade does not dry and often takes several washes to remove - a special <link xlink:type="simple" xlink:href="../002/18842002.xml">
shampoo</link>, though, may be used. Other de-greasers include <link xlink:type="simple" xlink:href="../478/22478.xml">
olive oil</link>, dish washing liquid <ref xlink:type="simple" xlink:href="#xpointer(//reflist/entry[@id=%221%22])">1</ref>, and <link xlink:type="simple" xlink:href="../288/214288.xml">
lemon juice</link>.
Most pomades contain <link xlink:type="simple" xlink:href="../860/271860.xml">
petroleum jelly</link> (and in fact <link xlink:type="simple" xlink:href="../860/271860.xml">
petroleum jelly</link> can be used alone as a pomade) and <link xlink:type="simple" xlink:href="../419/212419.xml">
mineral oil</link>, and many also contain some sort of <link xlink:type="simple" xlink:href="../256/58256.xml">
wax</link>. They may also contain <link xlink:type="simple" xlink:href="../581/98581.xml">
perfume</link> and <link xlink:type="simple" xlink:href="../075/439075.xml">
coloring agents</link>. A plethora of pomades are still in production today and vary in factors such as weight, shine and scent. The stiffest will have a higher proportion of <link xlink:type="simple" xlink:href="../536/43536.xml">
beeswax</link> while the lightest may have a higher proportion of oils.
<sec>
<st>
Origin of the name</st>
<p>

The word "pomade" has origins in several languages. From French, <it>pommade</it>, meaning "an ointment"; from Italian, <it>pomata</it> from <it>pomo</it>, meaning "<link xlink:type="simple" xlink:href="../754/18978754.xml">
apple</link>"; and from Latin, <it>pomum</it>, meaning "fruit, apple", because the original ointment recipe contained mashed apples.<ref xlink:type="simple" xlink:href="#xpointer(//reflist/entry[@id=%222%22])">2</ref> Modern pomades may contain fragrances, but they are not often particularly fruity.</p>

</sec>
<sec>
<st>
History</st>
<p>

In the early 19th century bear fat was a common pomade ingredient,<ref xlink:type="simple" xlink:href="#xpointer(//reflist/entry[@id=%223%22])">3</ref>
but by the early 20th century <link xlink:type="simple" xlink:href="../536/43536.xml">
beeswax</link> and <link xlink:type="simple" xlink:href="../997/18621997.xml">
lard</link> were more commonly used.<ref xlink:type="simple" xlink:href="#xpointer(//reflist/entry[@id=%224%22])">4</ref></p>
<p>

Pomades were once much more popular than they are today. They are associated with the slick men's <link xlink:type="simple" xlink:href="../401/52401.xml">
hairstyle</link>s of the early to middle 20th century. More modern hairstyles involving the use of pomade include the <link xlink:type="simple" xlink:href="../277/932277.xml">
Duck's Ass</link>, <link xlink:type="simple" xlink:href="../327/12744327.xml">
pompadour</link>, and <link xlink:type="simple" xlink:href="../009/471009.xml">
quiff</link>.</p>
<p>

An early example of pomade is "Murray's Superior Pomade", originating in the 1920s.<ref xlink:type="simple" xlink:href="#xpointer(//reflist/entry[@id=%225%22])">5</ref> Dixie Peach Hair Pomade was a popular pomade in the USA from <link xlink:type="simple" xlink:href="../927/32927.xml">
WWII</link> through the 1960s with teenage boys. In the late '90s, pomade grew from tradition to a general consumer product meaning any sort of solid "hair-styling product"; including waxes, glues, clays, and a variety of substances marketed under the original term.</p>

</sec>
<sec>
<st>
See also</st>
<p>

<list>
<entry level="1" type="bullet">

<link xlink:type="simple" xlink:href="../879/12580879.xml">
Brilliantine</link></entry>
<entry level="1" type="bullet">

<name wordnetid="106333653" confidence="0.8">
<trade_name wordnetid="106845599" confidence="0.8">
<part wordnetid="113809207" confidence="0.8">
<language_unit wordnetid="106284225" confidence="0.8">
<link xlink:type="simple" xlink:href="../358/384358.xml">
Brylcreem</link></language_unit>
</part>
</trade_name>
</name>
</entry>
<entry level="1" type="bullet">

<link xlink:type="simple" xlink:href="../482/596482.xml">
Hair wax</link></entry>
<entry level="1" type="bullet">

<link xlink:type="simple" xlink:href="../637/975637.xml">
Moustache wax</link></entry>
</list>
</p>

</sec>
<sec>
<st>
References</st>

<p>

<reflist>
<entry id="1">
http://www.wikihow.com/Get-Murray's-Pomade-out-of-Your-Hair</entry>
<entry id="2">
"<weblink xlink:type="simple" xlink:href="http://www.etymonline.com/index.php?search=pomade&amp;searchmode=none">
Online Etymology Dictionary</weblink>".</entry>
<entry id="3">
 <cite style="font-style:normal" class="book">J. K. Crellin&#32;(1994). Home Medicine.&#32;McGill-Queen's Press,&#32;88.</cite>&nbsp;</entry>
<entry id="4">
 <cite style="font-style:normal" class="book">Thomas William Cowan&#32;(1908). Wax Craft, All about Beeswax: Its History, Production, Adulteration, and Commercial Value.&#32;S. Low, Marston &amp; co., ltd,&#32;148.</cite>&nbsp;</entry>
<entry id="5">
http://www.murrayspomade.com/history.php</entry>
</reflist>
</p>

</sec>
<sec>
<st>
External links</st>
<p>

<list>
<entry level="1" type="bullet">

<weblink xlink:type="simple" xlink:href="http://www.skincarephysicians.com/acnenet/pomadeacne.html">
Pomade Acne</weblink></entry>
</list>
</p>




</sec>
</bdy>
</article>
