<?xml version="1.0" encoding="UTF-8"?>
<!-- generated by CLiX/Wiki2XML [MPI-Inf, MMCI@UdS] $LastChangedRevision: 92 $ on 16.04.2009 18:06:01[mciao0827] -->
<!DOCTYPE article SYSTEM "../article.dtd">
<article xmlns:xlink="http://www.w3.org/1999/xlink">
<entity  confidence="0.9511911446218017" wordnetid="100001740">
<header>
<title>Xanthorrhoeaceae</title>
<id>1086319</id>
<revision>
<id>235584675</id>
<timestamp>2008-09-01T13:16:09Z</timestamp>
<contributor>
<username>Hesperian</username>
<id>111359</id>
</contributor>
</revision>
<categories>
<category>Xanthorrhoeaceae</category>
</categories>
</header>
<bdy>

<table style="text-align:center; padding:2.5px; width:200px;" class="infobox biota">
<row style="text-align:center;">
<header style="background:#90EE90;">
Xanthorrhoeaceae</header>
</row>
<row style="text-align:center;">
<col>
 <image width="230px" src="Xanthorrhoea_preissii1.jpg">
<caption>

<it><link>
Xanthorrhoea preissii</link>''</it>
</caption>
</image>
<it><link>
Xanthorrhoea preissii</link>''</it></col>
</row>
<row style="background:#90EE90;">
</row>
<row style="text-align:center;">
<header style="background:#90EE90;">
 <link xlink:type="simple" xlink:href="../581/53581.xml">
Scientific classification</link></header>
</row>
<row style="text-align:center;">
<col>
<table style="margin:0 auto; text-align:left; background:transparent;" cellpadding="2">
<row valign="top">
</row>
<row valign="top">
</row>
<row valign="top">
</row>
<row valign="top">
</row>
<row valign="top">
</row>
<row valign="top">
<col>
Kingdom:</col>
<col>
 <link xlink:type="simple" xlink:href="../208/23208.xml">
Plant</link>ae</col>
</row>
<row valign="top">
</row>
<row valign="top">
</row>
<row valign="top">
</row>
<row valign="top">
</row>
<row valign="top">
<col>
Division:</col>
<col>
 <link xlink:type="simple" xlink:href="../967/18967.xml">
Magnoliophyta</link></col>
</row>
<row valign="top">
</row>
<row valign="top">
</row>
<row valign="top">
</row>
<row valign="top">
</row>
<row valign="top">
</row>
<row valign="top">
</row>
<row valign="top">
</row>
<row valign="top">
</row>
<row valign="top">
</row>
<row valign="top">
<col>
Class:</col>
<col>
 <link xlink:type="simple" xlink:href="../126/67126.xml">
Liliopsida</link></col>
</row>
<row valign="top">
</row>
<row valign="top">
</row>
<row valign="top">
</row>
<row valign="top">
</row>
<row valign="top">
</row>
<row valign="top">
<col>
Order:</col>
<col>
 <link xlink:type="simple" xlink:href="../786/786.xml">
Asparagales</link></col>
</row>
<row valign="top">
</row>
<row valign="top">
</row>
<row valign="top">
</row>
<row valign="top">
</row>
<row valign="top">
</row>
<row valign="top">
</row>
<row valign="top">
</row>
<row valign="top">
</row>
<row valign="top">
<col>
Family:</col>
<col>
<b>Xanthorrhoeaceae</b>Dumort.</col>
</row>
<row valign="top">
</row>
<row valign="top">
</row>
<row valign="top">
</row>
<row valign="top">
</row>
<row valign="top">
</row>
<row valign="top">
</row>
<row valign="top">
</row>
<row valign="top">
</row>
<row valign="top">
</row>
<row valign="top">
</row>
<row valign="top">
</row>
<row valign="top">
</row>
<row valign="top">
</row>
<row valign="top">
</row>
<row valign="top">
</row>
<row valign="top">
</row>
<row valign="top">
</row>
</table>
</col>
</row>
<row style="background:#90EE90;">
</row>
<row style="background:#90EE90;">
</row>
<row style="background:#90EE90;">
</row>
<row style="background:#90EE90;">
</row>
<row style="background:#90EE90;">
</row>
<row style="text-align:center;">
<col>
 <image width="230px" src="Map-Xanthorhoeaceae.PNG">
<caption>

Distribution of Xanthorhoeaceae <link xlink:type="simple" xlink:href="../153/11051153.xml">
s. str.</link>
</caption>
</image>
Distribution of Xanthorhoeaceae <link xlink:type="simple" xlink:href="../153/11051153.xml">
s. str.</link></col>
</row>
<row style="text-align:center;">
</row>
<row style="text-align:center;">
</row>
<row style="text-align:center;">
</row>
<row style="text-align:center;">
</row>
<row style="text-align:center;">
</row>
<row style="text-align:center;">
</row>
<row style="text-align:center;">
</row>
<row style="text-align:center;">
</row>
<row style="text-align:center;">
</row>
<row style="background:#90EE90;">
<header>
Genera</header>
</row>
<row>
<col style="padding:0 .5em; text-align:left;">
See text</col>
</row>
</table>
<p>

<b>Xanthorrhoeaceae</b> is the <link xlink:type="simple" xlink:href="../329/1651329.xml">
botanical name</link> of a family of <link xlink:type="simple" xlink:href="../967/18967.xml">
flowering plants</link>. Such a family has been recognized by most taxonomists, but the  of the family has varied wildly.</p>
<p>

The <link xlink:type="simple" xlink:href="../401/4067401.xml">
APG II system</link> also recognizes this family and places the family in the order <link xlink:type="simple" xlink:href="../786/786.xml">
Asparagales</link>, in the clade <link xlink:type="simple" xlink:href="../625/55625.xml">
monocots</link> and allows two options: 
<list>
<entry level="1" type="bullet">

 <it>sensu lato</it>: the family consists not only of the genus <it><link xlink:type="simple" xlink:href="../626/615626.xml">
Xanthorrhoea</link></it> but also of the plants that otherwise would be in families <link xlink:type="simple" xlink:href="../528/615528.xml">
Asphodelaceae</link> and <link xlink:type="simple" xlink:href="../617/615617.xml">
Hemerocallidaceae</link>. According to the <weblink xlink:type="simple" xlink:href="http://www.mobot.org/MOBOT/Research/APweb/welcome.html">
AP-website</weblink>, this family consists of some three dozen genera. </entry>
<entry level="1" type="bullet">

 <it>sensu stricto</it>: the family consists only of the genus <it><link xlink:type="simple" xlink:href="../626/615626.xml">
Xanthorrhoea</link></it>. In this option, the families <link xlink:type="simple" xlink:href="../528/615528.xml">
Asphodelaceae</link> and <link xlink:type="simple" xlink:href="../617/615617.xml">
Hemerocallidaceae</link> are recognized as separate, satellite families.</entry>
</list>
</p>
<p>

In previous <link xlink:type="simple" xlink:href="../808/3955808.xml">
systems of plant taxonomy</link> the plants that now form the family <link xlink:type="simple" xlink:href="../004/4092004.xml">
Dasypogonaceae</link> were also reckoned to belong to this family.</p>

<sec>
<st>
External links</st>

<p>

<list>
<entry level="1" type="bullet">

<weblink xlink:type="simple" xlink:href="http://delta-intkey.com/angio/www/xanthorr.htm">
Xanthorrhoeaceae</weblink> in L. Watson and M.J. Dallwitz (1992 onwards). <it><weblink xlink:type="simple" xlink:href="http://delta-intkey.com/angio/">
The families of flowering plants</weblink>: descriptions, illustrations, identification, information retrieval.</it> Version: 9th March 2006. http://delta-intkey.com </entry>
<entry level="1" type="bullet">

<weblink xlink:type="simple" xlink:href="http://www.ncbi.nlm.nih.gov/Taxonomy/Browser/wwwtax.cgi?mode=Tree&amp;id=27232&amp;lvl=3&amp;lin=f&amp;keep=1&amp;srchmode=1&amp;unlock">
NCBI Taxonomy Browser</weblink></entry>
<entry level="1" type="bullet">

<weblink xlink:type="simple" xlink:href="http://www.csdl.tamu.edu/FLORA/cgi/gateway_family?fam=Xanthorrhoeaceae">
links at CSDL, Texas</weblink></entry>
</list>
</p>



</sec>
</bdy>
</entity>
</article>
