<?xml version="1.0" encoding="UTF-8"?>
<!-- generated by CLiX/Wiki2XML [MPI-Inf, MMCI@UdS] $LastChangedRevision: 92 $ on 17.04.2009 00:21:08[mciao0828] -->
<!DOCTYPE article SYSTEM "../article.dtd">
<article xmlns:xlink="http://www.w3.org/1999/xlink">
<header>
<title>Lennoaceae</title>
<id>10866486</id>
<revision>
<id>237017664</id>
<timestamp>2008-09-08T06:32:37Z</timestamp>
<contributor>
<username>Ptbotgourou</username>
<id>7355879</id>
</contributor>
</revision>
<categories>
<category>Plant families</category>
<category>Flora of Colombia</category>
<category>Flora of North America</category>
<category>Parasitic plants</category>
</categories>
</header>
<bdy>

<table style="text-align:center; padding:2.5px; width:200px;" class="infobox biota">
<row style="text-align:center;">
<header style="background:#90EE90;">
Lennoaceae</header>
</row>
<row style="text-align:center;">

</row>
<row style="background:#90EE90;">
</row>
<row style="text-align:center;">
<header style="background:#90EE90;">
 <link xlink:type="simple" xlink:href="../581/53581.xml">
Scientific classification</link></header>
</row>
<row style="text-align:center;">
<col>
<table style="margin:0 auto; text-align:left; background:transparent;" cellpadding="2">
<row valign="top">
</row>
<row valign="top">
</row>
<row valign="top">
</row>
<row valign="top">
</row>
<row valign="top">
</row>
<row valign="top">
<col>
Kingdom:</col>
<col>
 <link xlink:type="simple" xlink:href="../208/23208.xml">
Plant</link>ae</col>
</row>
<row valign="top">
</row>
<row valign="top">
</row>
<row valign="top">
</row>
<row valign="top">
</row>
<row valign="top">
<col>
Division:</col>
<col>
 <link xlink:type="simple" xlink:href="../967/18967.xml">
Magnoliophyta</link></col>
</row>
<row valign="top">
</row>
<row valign="top">
</row>
<row valign="top">
</row>
<row valign="top">
</row>
<row valign="top">
</row>
<row valign="top">
</row>
<row valign="top">
</row>
<row valign="top">
</row>
<row valign="top">
</row>
<row valign="top">
<col>
Class:</col>
<col>
 <link xlink:type="simple" xlink:href="../111/67111.xml">
Magnoliopsida</link></col>
</row>
<row valign="top">
</row>
<row valign="top">
</row>
<row valign="top">
</row>
<row valign="top">
</row>
<row valign="top">
</row>
<row valign="top">
<col>
Order:</col>
<col>
<it>unassigned''</it></col>
</row>
<row valign="top">
</row>
<row valign="top">
</row>
<row valign="top">
</row>
<row valign="top">
</row>
<row valign="top">
</row>
<row valign="top">
</row>
<row valign="top">
</row>
<row valign="top">
</row>
<row valign="top">
<col>
Family:</col>
<col>
 <b>Lennoaceae</b><country wordnetid="108544813" confidence="0.9508927676800064">
<link xlink:type="simple" xlink:href="../641/1885641.xml">
Solms-Laubach</link></country>
</col>
</row>
<row valign="top">
</row>
<row valign="top">
</row>
<row valign="top">
</row>
<row valign="top">
</row>
<row valign="top">
</row>
<row valign="top">
</row>
<row valign="top">
</row>
<row valign="top">
</row>
<row valign="top">
</row>
<row valign="top">
</row>
<row valign="top">
</row>
<row valign="top">
</row>
<row valign="top">
</row>
<row valign="top">
</row>
<row valign="top">
</row>
<row valign="top">
</row>
<row valign="top">
</row>
</table>
</col>
</row>
<row style="background:#90EE90;">
</row>
<row style="background:#90EE90;">
</row>
<row style="background:#90EE90;">
</row>
<row style="background:#90EE90;">
</row>
<row style="background:#90EE90;">
</row>
<row style="text-align:center;">
</row>
<row style="text-align:center;">
</row>
<row style="text-align:center;">
</row>
<row style="text-align:center;">
</row>
<row style="text-align:center;">
</row>
<row style="text-align:center;">
</row>
<row style="text-align:center;">
</row>
<row style="text-align:center;">
</row>
<row style="text-align:center;">
</row>
<row style="text-align:center;">
</row>
<row style="background:#90EE90;">
<header>
Genera</header>
</row>
<row>
<col style="padding:0 .5em; text-align:left;">
<it><link>
Ammobroma</link><link>
Lennoa</link><link xlink:type="simple" xlink:href="../201/276201.xml">
Pholisma</link>''</it></col>
</row>
</table>
<p>

<b>Lennoaceae</b> is a <link xlink:type="simple" xlink:href="../276/56276.xml">
family</link> of <link xlink:type="simple" xlink:href="../056/5806056.xml">
parasitic</link> <link xlink:type="simple" xlink:href="../967/18967.xml">
flowering plant</link>s of south-western <system wordnetid="108435388" confidence="0.8">
<economy wordnetid="108366753" confidence="0.8">
<group wordnetid="100031264" confidence="0.8">
<link xlink:type="simple" xlink:href="../139/21139.xml">
North America</link></group>
</economy>
</system>
 and north-western <system wordnetid="108435388" confidence="0.8">
<economy wordnetid="108366753" confidence="0.8">
<group wordnetid="100031264" confidence="0.8">
<link xlink:type="simple" xlink:href="../769/26769.xml">
South America</link></group>
</economy>
</system>
.</p>
<p>

The relationships of this family with other plants remain uncertain, and the family has been placed in different <link xlink:type="simple" xlink:href="../763/61763.xml">
orders</link> by different authors, including <link xlink:type="simple" xlink:href="../651/17651.xml">
Lamiales</link> (in the <link xlink:type="simple" xlink:href="../523/242523.xml">
Cronquist system</link>) and <link xlink:type="simple" xlink:href="../913/26913.xml">
Solanales</link> (<link xlink:type="simple" xlink:href="../850/4059850.xml">
Dahlgren system</link>). <link xlink:type="simple" xlink:href="../544/149544.xml">
Molecular phylogenetic</link> publications have grouped the Lennoaceae within the <link xlink:type="simple" xlink:href="../682/6682.xml">
clade</link> "Euasterids I", and most recently, it was subsumed into the family <link xlink:type="simple" xlink:href="../897/78897.xml">
Boraginaceae</link> in the <link xlink:type="simple" xlink:href="../401/4067401.xml">
APG II system</link>&nbsp;<ref xlink:type="simple" xlink:href="#xpointer(//reflist/entry[@id=%221%22])">1</ref>.</p>
<p>

The family has a disjunct distribution, occurring in <country wordnetid="108544813" confidence="0.9508927676800064">
<link xlink:type="simple" xlink:href="../222/5222.xml">
Colombia</link></country>
 as well as a separate area in south-western <system wordnetid="108435388" confidence="0.8">
<economy wordnetid="108366753" confidence="0.8">
<group wordnetid="100031264" confidence="0.8">
<link xlink:type="simple" xlink:href="../139/21139.xml">
North America</link></group>
</economy>
</system>
, covering parts of <country wordnetid="108544813" confidence="0.9508927676800064">
<link xlink:type="simple" xlink:href="../407/5407.xml">
California</link></country>
, <symbol wordnetid="106806469" confidence="0.9508927676800064">
<link xlink:type="simple" xlink:href="../961/1961.xml">
Arizona</link></symbol>
 and <body wordnetid="107965085" confidence="0.8">
<social_group wordnetid="107950920" confidence="0.8">
<political_orientation wordnetid="106212839" confidence="0.8">
<colony wordnetid="108374049" confidence="0.8">
<state wordnetid="108168978" confidence="0.8">
<political_unit wordnetid="108359949" confidence="0.8">
<group wordnetid="100031264" confidence="0.8">
<democracy wordnetid="106217103" confidence="0.8">
<link xlink:type="simple" xlink:href="../054/3966054.xml">
Mexico</link></democracy>
</group>
</political_unit>
</state>
</colony>
</political_orientation>
</social_group>
</body>
&nbsp;<ref xlink:type="simple" xlink:href="#xpointer(//reflist/entry[@id=%222%22])">2</ref>.</p>
<p>

The family comprises up to three genera, <it><link>
Ammobroma</link></it>, <it><link>
Lennoa</link></it> and <it><link xlink:type="simple" xlink:href="../201/276201.xml">
Pholisma</link></it>, which between them hold around five species, including the desert christmas tree, <it><link>
Pholisma arenarium</link></it> and <link xlink:type="simple" xlink:href="../953/2334953.xml">
sandfood</link>, <it><link xlink:type="simple" xlink:href="../953/2334953.xml">
Pholisma sonorae</link></it>&nbsp;<ref xlink:type="simple" xlink:href="#xpointer(//reflist/entry[@id=%223%22])">3</ref>.</p>
<p>

Members of this family are <link xlink:type="simple" xlink:href="../765/18952765.xml">
succulent</link>, <link xlink:type="simple" xlink:href="../296/13296.xml">
herb</link>aceous plants with no <link xlink:type="simple" xlink:href="../985/6985.xml">
chlorophyll</link>&nbsp;<ref xlink:type="simple" xlink:href="#xpointer(//reflist/entry[@id=%224%22])">4</ref>. The leaves are reduced to short scales, and the plants are <link xlink:type="simple" xlink:href="../056/5806056.xml">
entirely parasitic</link> on the roots of their hosts, which are typically <it><link xlink:type="simple" xlink:href="../029/82029.xml">
Clematis</link></it>, <it><link xlink:type="simple" xlink:href="../880/61880.xml">
Euphorbia</link></it>, and various woody <link xlink:type="simple" xlink:href="../956/956.xml">
Compositae</link>&nbsp;<ref xlink:type="simple" xlink:href="#xpointer(//reflist/entry[@id=%224%22])">4</ref>.</p>

<sec>
<st>
References</st>
<p>

<reflist>
<entry id="1">
Friedrich A. Lohmüller&#32;(2005).&#32;"<weblink xlink:type="simple" xlink:href="http://www.f-lohmueller.de/botany/fam/l/Lennoaceae.htm">
Lennoaceae</weblink>".&#32;<it>The Botanical System of the Plants</it>.</entry>
<entry id="2">
Dan Nickrent&#32;(<link>
2006-02-25</link>).&#32;"<weblink xlink:type="simple" xlink:href="http://www.parasiticplants.siu.edu/Lennoaceae/index.html">
Lennoaceae</weblink>".&#32;<it>The Parasitic Plant Connection</it>.&#32;  <link xlink:type="simple" xlink:href="../592/476592.xml">
Southern Illinois University at Carbondale</link>.</entry>
<entry id="3">
"<weblink xlink:type="simple" xlink:href="http://plants.usda.gov/index.html">
Pholisma</weblink>".&#32;<it>PLANTS Database</it>.&#32;  <agency wordnetid="108337324" confidence="0.9508927676800064">
<link xlink:type="simple" xlink:href="../896/70896.xml">
United States Department of Agriculture</link></agency>
.&#32;Retrieved on <link>
2007-06-25</link>.</entry>
<entry id="4">
L. Watson &amp; M. J. Dallwitz&#32;(<link>
2007-06-01</link>).&#32;"<weblink xlink:type="simple" xlink:href="http://delta-intkey.com/angio/www/lennoace.htm">
Lennoaceae Solms-Laubach</weblink>".&#32;<it>The families of flowering plants: descriptions, illustrations, identification, and information retrieval</it>.</entry>
</reflist>




</p>

</sec>
</bdy>
</article>
