<?xml version="1.0" encoding="UTF-8"?>
<!-- generated by CLiX/Wiki2XML [MPI-Inf, MMCI@UdS] $LastChangedRevision: 92 $ on 16.04.2009 18:07:56[mciao0828] -->
<!DOCTYPE article SYSTEM "../article.dtd">
<article xmlns:xlink="http://www.w3.org/1999/xlink">
<header>
<title>Taramosalata</title>
<id>1088890</id>
<revision>
<id>243904980</id>
<timestamp>2008-10-08T15:16:08Z</timestamp>
<contributor>
<username>Warrington</username>
<id>5253460</id>
</contributor>
</revision>
<categories>
<category>Dips</category>
<category>Greek cuisine</category>
<category>Roe</category>
</categories>
</header>
<bdy>

This article is about the Greek-Turkish food; for the village in Okinawa, see <japan wordnetid="103593222" confidence="0.9508927676800064">
<link xlink:type="simple" xlink:href="../426/451426.xml">
Tarama, Okinawa</link></japan>

<it>For the song by <artist wordnetid="109812338" confidence="0.9508927676800064">
<link xlink:type="simple" xlink:href="../640/3101640.xml">
Eggstone</link></artist>
, see <link>
Vive La Différence!</link>.</it>
<image location="right" width="150px" src="Taramosalata01.jpg" type="thumb">
<caption>

A plate of taramosalata garnished with cucumber, olives and tomato.
</caption>
</image>

<b>Taramosalata</b> (<link xlink:type="simple" xlink:href="../887/11887.xml">
Greek</link>:ταραμοσαλάτα) or <b>Taramas</b> is a Greek and Turkish <link xlink:type="simple" xlink:href="../015/351015.xml">
meze</link>.  It is traditionally made from <it>taramas</it>, the salted and cured <link xlink:type="simple" xlink:href="../507/294507.xml">
roe</link> of the <link xlink:type="simple" xlink:href="../515/41515.xml">
cod</link> or the <link xlink:type="simple" xlink:href="../900/60900.xml">
carp</link>, though blends based on other forms of fish roe, particularly cod, have become more common.<p>

The roe is mixed with either bread crumbs or mashed potato, and lemon juice, vinegar and olive oil.</p>
<p>

The colour can vary from creamy beige to pink, depending on the type of roe used. Mass-produced taramosalata can often have a bright pink colour due to the addition of food colouring.</p>
<p>

It is usually eaten as a dip, with <link xlink:type="simple" xlink:href="../969/36969.xml">
bread</link> or raw vegetables.</p>
<p>

The alternative spelling 'taram<b>a</b>salata' is sometimes found.<ref xlink:type="simple" xlink:href="#xpointer(//reflist/entry[@id=%221%22])">1</ref></p>
<p>

A similar dip or spread, <b>salata de icre</b> is also common in <country wordnetid="108544813" confidence="0.9508927676800064">
<link xlink:type="simple" xlink:href="../445/25445.xml">
Romania</link></country>
. It is made with carp roe or herring roe but generally with sunflower or vegetable oil instead of olive oil. It is mass produced and is widely available in grocery shops and supermarkets, as well as being made at home.  </p>

<sec>
<st>
Notes</st>
<p>

<reflist>
<entry id="1">
... even in the 1998 <it>Collins New English Dictionary</it>!</entry>
</reflist>
</p>


</sec>
</bdy>
</article>
