<?xml version="1.0" encoding="UTF-8"?>
<!-- generated by CLiX/Wiki2XML [MPI-Inf, MMCI@UdS] $LastChangedRevision: 92 $ on 17.04.2009 00:30:11[mciao0826] -->
<!DOCTYPE article SYSTEM "../article.dtd">
<article xmlns:xlink="http://www.w3.org/1999/xlink">
<social_group  confidence="0.8" wordnetid="107950920">
<meeting  confidence="0.8" wordnetid="108307589">
<gathering  confidence="0.8" wordnetid="107975026">
<group  confidence="0.8" wordnetid="100031264">
<conference  confidence="0.8" wordnetid="108308497">
<header>
<title>MLMTA</title>
<id>10902277</id>
<revision>
<id>202473910</id>
<timestamp>2008-04-01T04:43:18Z</timestamp>
<contributor>
<username>Elipongo</username>
<id>103044</id>
</contributor>
</revision>
<categories>
<category>Computer_science_conferences</category>
</categories>
</header>
<bdy>

<b>Machine Learning: Models, Technologies &amp; Applications</b> (<b>MLMTA</b>)  is an international <link xlink:type="simple" xlink:href="../488/233488.xml">
machine learning</link> and <link xlink:type="simple" xlink:href="../059/1059.xml">
applied statistics</link> conference held every June in <artifact wordnetid="100021939" confidence="0.8">
<byway wordnetid="102930645" confidence="0.8">
<street wordnetid="104334599" confidence="0.8">
<way wordnetid="104564698" confidence="0.8">
<thoroughfare wordnetid="104426618" confidence="0.8">
<road wordnetid="104096066" confidence="0.8">
<link xlink:type="simple" xlink:href="../621/447621.xml">
Las Vegas, USA</link></road>
</thoroughfare>
</way>
</street>
</byway>
</artifact>
.  The conference is part of WORLDCOMP - World Congress in Computer Science, Computer Engineering, and Applied Computing which is the largest annual gathering of researchers in computer science, computer engineering and applied computing.<p>

MLMTA covers all traditional topics of machine learning and applied statistics. Theoretical papers developing or analyzing new methods as well as applied contributions demonstrating the applicability of methods to new data sets are equally welcome. Especially, the analysis and interpretation of biological data from molecular biology is currently of much interest.</p>

<sec>
<st>
External links</st>
<p>

<list>
<entry level="1" type="bullet">

<weblink xlink:type="simple" xlink:href="http://www.bio-complexity.com/MLMTA_index.html">
MLMTA'07</weblink></entry>
<entry level="1" type="bullet">

<weblink xlink:type="simple" xlink:href="http://www.world-academy-of-science.org/worldcomp07/ws">
WORLDCOMP</weblink></entry>
</list>
</p>



</sec>
</bdy>
</conference>
</group>
</gathering>
</meeting>
</social_group>
</article>
