<?xml version="1.0" encoding="UTF-8"?>
<!-- generated by CLiX/Wiki2XML [MPI-Inf, MMCI@UdS] $LastChangedRevision: 92 $ on 17.04.2009 00:28:56[mciao0825] -->
<!DOCTYPE article SYSTEM "../article.dtd">
<article xmlns:xlink="http://www.w3.org/1999/xlink">
<entity  confidence="0.9511911446218017" wordnetid="100001740">
<header>
<title>Plain Old Semantic HTML</title>
<id>10900542</id>
<revision>
<id>231937934</id>
<timestamp>2008-08-14T17:22:47Z</timestamp>
<contributor>
<username>Bender235</username>
<id>88026</id>
</contributor>
</revision>
<categories>
<category>Semantic HTML</category>
<category>Microformats</category>
<category>Web design</category>
<category>Semantic Web</category>
<category>Web development</category>
<category>Knowledge representation</category>
</categories>
</header>
<bdy>

<table style="float: right; clear:right; margin: 0 0 1em 1em; text-align:center; width: 15%;" class="toccolours" cellspacing="3px">
<row>
<col colspan="2">
Part of a series on<b><work wordnetid="100575741" confidence="0.8">
<event wordnetid="100029378" confidence="0.8">
<service wordnetid="100577525" confidence="0.8">
<act wordnetid="100030358" confidence="0.8">
<psychological_feature wordnetid="100023100" confidence="0.8">
<activity wordnetid="100407535" confidence="0.8">
<link xlink:type="simple" xlink:href="../123/29123.xml">
Semantic Web</link></activity>
</psychological_feature>
</act>
</service>
</event>
</work>
</b></col>
</row>

<row>
<header style="font-size:11px; background:#ccccff">
Background</header>
</row>
<row>
<col style="font-size:11px">
The <invention wordnetid="105633385" confidence="0.8">
<link xlink:type="simple" xlink:href="../139/33139.xml">
World Wide Web</link></invention>
, The <link xlink:type="simple" xlink:href="../539/14539.xml">
Internet</link>, <link xlink:type="simple" xlink:href="../377/8377.xml">
Database</link>s, <link xlink:type="simple" xlink:href="../109/29109.xml">
Semantic network</link>s, <link xlink:type="simple" xlink:href="../497/239497.xml">
Knowledge base</link>s, <link xlink:type="simple" xlink:href="../681/49681.xml">
Ontologies</link></col>
</row>
<row>
<header style="font-size:11px; background:#ccccff">
Sub-topics</header>
</row>
<row>
<col style="font-size:11px">
<link xlink:type="simple" xlink:href="../052/11174052.xml">
Linked Data</link>, <link xlink:type="simple" xlink:href="../204/14713204.xml">
Data Web</link>, <link xlink:type="simple" xlink:href="../315/14713315.xml">
Hyperdata</link>, <link xlink:type="simple" xlink:href="../311/18524311.xml">
Dereferenceable URIs</link>, <link xlink:type="simple" xlink:href="../681/49681.xml">
Ontologies</link>, <link xlink:type="simple" xlink:href="../961/12162961.xml">
Rule base</link>s, <software wordnetid="106566077" confidence="0.8">
<application wordnetid="106570110" confidence="0.8">
<program wordnetid="106568978" confidence="0.8">
<written_communication wordnetid="106349220" confidence="0.8">
<writing wordnetid="106359877" confidence="0.8">
<code wordnetid="106355894" confidence="0.8">
<coding_system wordnetid="106353757" confidence="0.8">
<link xlink:type="simple" xlink:href="../819/15938819.xml">
Data Spaces</link></coding_system>
</code>
</writing>
</written_communication>
</program>
</application>
</software>
</col>
</row>
<row>
<header style="font-size:11px; background:#ccccff">
Related Topics</header>
</row>
<row>
<col style="font-size:11px">
<work wordnetid="100575741" confidence="0.8">
<event wordnetid="100029378" confidence="0.8">
<service wordnetid="100577525" confidence="0.8">
<act wordnetid="100030358" confidence="0.8">
<psychological_feature wordnetid="100023100" confidence="0.8">
<meme wordnetid="105985126" confidence="0.8">
<activity wordnetid="100407535" confidence="0.8">
<acculturation wordnetid="105984936" confidence="0.8">
<link xlink:type="simple" xlink:href="../022/1555022.xml">
Web 2.0</link></acculturation>
</activity>
</meme>
</psychological_feature>
</act>
</service>
</event>
</work>
, <work wordnetid="100575741" confidence="0.8">
<event wordnetid="100029378" confidence="0.8">
<service wordnetid="100577525" confidence="0.8">
<word wordnetid="106286395" confidence="0.8">
<part wordnetid="113809207" confidence="0.8">
<act wordnetid="100030358" confidence="0.8">
<psychological_feature wordnetid="100023100" confidence="0.8">
<neologism wordnetid="106294441" confidence="0.8">
<activity wordnetid="100407535" confidence="0.8">
<language_unit wordnetid="106284225" confidence="0.8">
<link xlink:type="simple" xlink:href="../389/7581389.xml">
Web 3.0</link></language_unit>
</activity>
</neologism>
</psychological_feature>
</act>
</part>
</word>
</service>
</event>
</work>
, <link xlink:type="simple" xlink:href="../542/10900542.xml">
Plain Old Semantic HTML</link>, <link xlink:type="simple" xlink:href="../946/187946.xml">
Search engine optimization</link>, <link xlink:type="simple" xlink:href="../701/168701.xml">
Open Database Connectivity</link>, <idea wordnetid="105833840" confidence="0.8">
<concept wordnetid="105835747" confidence="0.8">
<category wordnetid="105838765" confidence="0.8">
<type wordnetid="105840188" confidence="0.8">
<kind wordnetid="105839024" confidence="0.8">
<link xlink:type="simple" xlink:href="../292/229292.xml">
References</link></kind>
</type>
</category>
</concept>
</idea>
, <link xlink:type="simple" xlink:href="../945/185945.xml">
Information architecture</link>, <link xlink:type="simple" xlink:href="../896/72896.xml">
Knowledge management</link>, <standard wordnetid="107260623" confidence="0.8">
<system_of_measurement wordnetid="113577171" confidence="0.8">
<link xlink:type="simple" xlink:href="../777/167777.xml">
Topic Maps</link></system_of_measurement>
</standard>
, <format wordnetid="106636806" confidence="0.9508927676800064">
<link xlink:type="simple" xlink:href="../138/34138.xml">
XML</link></format>
, <link xlink:type="simple" xlink:href="../503/183503.xml">
Description logic</link></col>
</row>
<row>
<header style="font-size:11px; background:#ccccff">
Standards</header>
</row>
<row>
<col style="font-size:11px">
<b><company wordnetid="108058098" confidence="0.9508927676800064">
<link xlink:type="simple" xlink:href="../149/33149.xml">
W3C</link></company>
 based</b> <format wordnetid="106636806" confidence="0.9508927676800064">
<link xlink:type="simple" xlink:href="../847/53847.xml">
RDF</link></format>
, <link xlink:type="simple" xlink:href="../001/248001.xml">
OWL</link>, <standard wordnetid="107260623" confidence="0.8">
<system_of_measurement wordnetid="113577171" confidence="0.8">
<link xlink:type="simple" xlink:href="../146/32146.xml">
URI</link></system_of_measurement>
</standard>
, <message wordnetid="106598915" confidence="0.8">
<information wordnetid="106634376" confidence="0.8">
<protocol wordnetid="106665108" confidence="0.8">
<standard wordnetid="107260623" confidence="0.8">
<direction wordnetid="106786629" confidence="0.8">
<rule wordnetid="106652242" confidence="0.8">
<format wordnetid="106636806" confidence="0.8">
<system_of_measurement wordnetid="113577171" confidence="0.8">
<link xlink:type="simple" xlink:href="../443/13443.xml">
HTTP</link></system_of_measurement>
</format>
</rule>
</direction>
</standard>
</protocol>
</information>
</message>
, <work wordnetid="100575741" confidence="0.8">
<standard wordnetid="107260623" confidence="0.8">
<event wordnetid="100029378" confidence="0.8">
<service wordnetid="100577525" confidence="0.8">
<act wordnetid="100030358" confidence="0.8">
<psychological_feature wordnetid="100023100" confidence="0.8">
<system_of_measurement wordnetid="113577171" confidence="0.8">
<activity wordnetid="100407535" confidence="0.8">
<link xlink:type="simple" xlink:href="../343/2574343.xml">
SPARQL</link></activity>
</system_of_measurement>
</psychological_feature>
</act>
</service>
</event>
</standard>
</work>
, <standard wordnetid="107260623" confidence="0.8">
<system_of_measurement wordnetid="113577171" confidence="0.8">
<link xlink:type="simple" xlink:href="../929/3864929.xml">
GRDDL</link></system_of_measurement>
</standard>
, <link xlink:type="simple" xlink:href="../223/1984223.xml">
RDFS</link>
<b>Common Vocabularies</b> <link xlink:type="simple" xlink:href="../901/2652901.xml">
FOAF</link>, <link xlink:type="simple" xlink:href="../869/7739869.xml">
SIOC</link>, <message wordnetid="106598915" confidence="0.8">
<information wordnetid="106634376" confidence="0.8">
<format wordnetid="106636806" confidence="0.8">
<link xlink:type="simple" xlink:href="../742/8742.xml">
Dublin Core</link></format>
</information>
</message>
, <link xlink:type="simple" xlink:href="../685/4916685.xml">
SKOS</link>
<b>Semantic Annotation</b> <standard wordnetid="107260623" confidence="0.8">
<system_of_measurement wordnetid="113577171" confidence="0.8">
<link xlink:type="simple" xlink:href="../818/4321818.xml">
RDFa</link></system_of_measurement>
</standard>
, <link xlink:type="simple" xlink:href="../998/2346998.xml">
Microformats</link>, <standard wordnetid="107260623" confidence="0.8">
<system_of_measurement wordnetid="113577171" confidence="0.8">
<link xlink:type="simple" xlink:href="../415/10998415.xml">
eRDF</link></system_of_measurement>
</standard>

<b>Rules</b> <link xlink:type="simple" xlink:href="../671/10088671.xml">
Rule Interchange Format</link>, <link xlink:type="simple" xlink:href="../884/6168884.xml">
Semantic Web Rule Language</link></col>
</row>
<row>
<header style="font-size:11px; background:#ccccff">
People</header>
</row>
<row>
<col style="font-size:11px">
<person wordnetid="100007846" confidence="0.9508927676800064">
<computer_scientist wordnetid="109951070" confidence="0.9173553029164789">
<link xlink:type="simple" xlink:href="../034/30034.xml">
Tim Berners-Lee</link></computer_scientist>
</person>
, <computer_scientist wordnetid="109951070" confidence="0.9173553029164789">
<person wordnetid="100007846" confidence="0.9508927676800064">
<link xlink:type="simple" xlink:href="../304/2726304.xml">
James Hendler</link></person>
</computer_scientist>
, <physical_entity wordnetid="100001930" confidence="0.8">
<person wordnetid="100007846" confidence="0.8">
<computer_user wordnetid="109951274" confidence="0.8">
<programmer wordnetid="110481268" confidence="0.8">
<engineer wordnetid="109615807" confidence="0.8">
<causal_agent wordnetid="100007347" confidence="0.8">
<scientist wordnetid="110560637" confidence="0.8">
<research_worker wordnetid="110523076" confidence="0.8">
<link xlink:type="simple" xlink:href="../220/10249220.xml">
Ora Lassila</link></research_worker>
</scientist>
</causal_agent>
</engineer>
</programmer>
</computer_user>
</person>
</physical_entity>
, <physical_entity wordnetid="100001930" confidence="0.8">
<peer wordnetid="109626238" confidence="0.8">
<person wordnetid="100007846" confidence="0.8">
<colleague wordnetid="109935990" confidence="0.8">
<causal_agent wordnetid="100007347" confidence="0.8">
<academician wordnetid="109759069" confidence="0.8">
<scientist wordnetid="110560637" confidence="0.8">
<adult wordnetid="109605289" confidence="0.8">
<professional wordnetid="110480253" confidence="0.8">
<educator wordnetid="110045713" confidence="0.8">
<associate wordnetid="109816771" confidence="0.8">
<link xlink:type="simple" xlink:href="../858/17332858.xml">
Nigel Shadbolt</link></associate>
</educator>
</professional>
</adult>
</scientist>
</academician>
</causal_agent>
</colleague>
</person>
</peer>
</physical_entity>
, <skilled_worker wordnetid="110605985" confidence="0.8">
<peer wordnetid="109626238" confidence="0.8">
<physical_entity wordnetid="100001930" confidence="0.8">
<person wordnetid="100007846" confidence="0.8">
<colleague wordnetid="109935990" confidence="0.8">
<serviceman wordnetid="110582746" confidence="0.8">
<adult wordnetid="109605289" confidence="0.8">
<scientist wordnetid="110560637" confidence="0.8">
<professional wordnetid="110480253" confidence="0.8">
<commanding_officer wordnetid="109941964" confidence="0.8">
<educator wordnetid="110045713" confidence="0.8">
<associate wordnetid="109816771" confidence="0.8">
<military_officer wordnetid="110317007" confidence="0.8">
<worker wordnetid="109632518" confidence="0.8">
<academician wordnetid="109759069" confidence="0.8">
<causal_agent wordnetid="100007347" confidence="0.8">
<link xlink:type="simple" xlink:href="../289/12856289.xml">
Wendy Hall</link></causal_agent>
</academician>
</worker>
</military_officer>
</associate>
</educator>
</commanding_officer>
</professional>
</scientist>
</adult>
</serviceman>
</colleague>
</person>
</physical_entity>
</peer>
</skilled_worker>
, <weblink xlink:type="simple" xlink:href="http://myopenlink.net/dataspace/person/kidehen#this">
Kingsley Idehen</weblink>, <weblink xlink:type="simple" xlink:href="http://danbri.org/about.html">
Dan Brickley</weblink>, <weblink xlink:type="simple" xlink:href="http://www.ilrt.bris.ac.uk/~ecemm/">
Libby Miller</weblink>, <weblink xlink:type="simple" xlink:href="http://www.dajobe.org/">
Dave Beckett</weblink></col>
</row>
<row>
<header style="font-size:11px; background:#ccccff">
Key Semantic-Web Organizations</header>
</row>
<row>
<col style="font-size:11px">
<company wordnetid="108058098" confidence="0.9508927676800064">
<link xlink:type="simple" xlink:href="../149/33149.xml">
W3C</link></company>
, <link xlink:type="simple" xlink:href="../060/7749060.xml">
WRSI</link>, <university wordnetid="108286163" confidence="0.9508927676800064">
<link xlink:type="simple" xlink:href="../879/18879.xml">
MIT</link></university>
, <company wordnetid="108058098" confidence="0.9508927676800064">
<link xlink:type="simple" xlink:href="../437/13108437.xml">
OpenLink Software</link></company>
, <company wordnetid="108058098" confidence="0.9508927676800064">
<link xlink:type="simple" xlink:href="../733/16281733.xml">
Talis Group</link></company>
, <company wordnetid="108058098" confidence="0.9508927676800064">
<link xlink:type="simple" xlink:href="../591/22591.xml">
Oracle </link></company>
, <company wordnetid="108058098" confidence="0.9508927676800064">
<link xlink:type="simple" xlink:href="../849/8843849.xml">
ClearForest</link></company>
, <university wordnetid="108286163" confidence="0.9508927676800064">
<link xlink:type="simple" xlink:href="../078/98078.xml">
University of Southampton</link></university>
, <link xlink:type="simple" xlink:href="../683/2985683.xml">
DERI</link></col>
</row>
</table>

The term  <b>Plain Old Semantic HTML</b> (acronym <b>POSH</b>) differentiates <link>
Semantic HTML</link> from more specific uses like <link xlink:type="simple" xlink:href="../998/2346998.xml">
microformats</link>. The term also contrasts with <link xlink:type="simple" xlink:href="../107/1689107.xml">
Plain Old XML</link>.<p>

The microformats community has been using the term <link xlink:type="simple" xlink:href="../801/171801.xml">
POSH</link> to further evangelize the concept of <link>
Semantic HTML</link>.</p>
<p>

According to the  <cite ><weblink xlink:type="simple" xlink:href="http://microformats.org/wiki/posh">
microformats wiki</weblink></cite>, they needed:</p>
<p>

a simple short mnemonic term that captures the essence of the concept [ of semantic html], and is easily verbed (to posh, poshify, poshed up).</p>
<p>

A French version of the acronym was also coined, CHIC: Code HTML Intrinsèquement Classe.</p>

<sec>
<st>
Purpose</st>
<p>

The purpose of the term 'POSH' is to:</p>
<p>

<list>
<entry level="1" type="bullet">

 educate HTML authors who want to use microformats, but haven't understood the intermediate step of 'semantic html' markup.</entry>
<entry level="1" type="bullet">

 encourage use of the term '<link xlink:type="simple" xlink:href="../998/2346998.xml">
microformats</link>' only for semantic html patterns which have been through the rigor of the microformats process.</entry>
</list>
</p>

</sec>
<sec>
<st>
 Requirements </st>
<p>

In order for a page to be POSH, it should conform to the following :
<list>
<entry level="1" type="bullet">

 POSH pages should be validated, which can be done automatically with the <weblink xlink:type="simple" xlink:href="http://validator.w3.org/">
W3Cs validation tool</weblink></entry>
<entry level="1" type="bullet">

 All presentation should be handled by CSS, not done in HTML (this means Tables should be used only for tabular data, not for page layout; similarly, spacer Gifs should never be used)</entry>
<entry level="1" type="bullet">

 Emphasis tags, such as &amp;lt;b&amp;gt;, are presentational, so should be omitted; the same applies to &amp;lt;br&amp;gt;</entry>
<entry level="1" type="bullet">

 All links (anchor tags) should point somewhere—a link which has an empty href element (linking to nowhere) should not be used</entry>
<entry level="1" type="bullet">

 Class names should describe what the data is—not the way it should appear</entry>
</list>
</p>

</sec>
<sec>
<st>
External references</st>
<p>

<list>
<entry level="1" type="bullet">

 <weblink xlink:type="simple" xlink:href="http://www.netmag.co.uk/podcasts/07-05-03-net.mp3">
A talk about POSH</weblink> in the .Net magazine podcast episode 8 (56 minutes; 26 Mb. Relevant section 30:10-42:40)</entry>
<entry level="1" type="bullet">

 http://www.fooclass.com/plain_old_semantic_html</entry>
</list>
</p>

</sec>
</bdy>
</entity>
</article>
