<?xml version="1.0" encoding="UTF-8"?>
<!-- generated by CLiX/Wiki2XML [MPI-Inf, MMCI@UdS] $LastChangedRevision: 92 $ on 17.04.2009 00:34:25[mciao0827] -->
<!DOCTYPE article SYSTEM "../article.dtd">
<article xmlns:xlink="http://www.w3.org/1999/xlink">
<header>
<title>Adaptive-additive algorithm</title>
<id>10920061</id>
<revision>
<id>233736678</id>
<timestamp>2008-08-23T14:07:40Z</timestamp>
<contributor>
<username>Ronz</username>
<id>7862</id>
</contributor>
</revision>
<categories>
<category>Optics</category>
<category>Digital signal processing</category>
</categories>
</header>
<bdy>
<p>

In the studies of <organ wordnetid="105297523" confidence="0.8">
<sense_organ wordnetid="105299178" confidence="0.8">
<part wordnetid="109385911" confidence="0.8">
<eye wordnetid="105311054" confidence="0.8">
<body_part wordnetid="105220461" confidence="0.8">
<link xlink:type="simple" xlink:href="../008/312008.xml">
Fourier optics</link></body_part>
</eye>
</part>
</sense_organ>
</organ>
, <link xlink:type="simple" xlink:href="../344/975344.xml">
sound synthesis</link>, <link xlink:type="simple" xlink:href="../650/50650.xml#xpointer(//*[./st=%22Stellar+astronomy%22])">
stellar</link> <link xlink:type="simple" xlink:href="../689/166689.xml">
interferometry</link>, <link xlink:type="simple" xlink:href="../901/299901.xml">
optical tweezers</link>, and diffractive optical elements (DOEs) it is often important to know the <link xlink:type="simple" xlink:href="../867/3037867.xml">
spatial frequency</link> phase of an observed wave source.  In order to reconstruct this <link xlink:type="simple" xlink:href="../047/24047.xml">
phase</link> the <b>Adaptive-Additive Algorithm</b> (or <b>AA algorithm</b>), which derives from a group of adaptive (input-output) algorithms, can be used. The AA algorithm is an <link xlink:type="simple" xlink:href="../833/68833.xml">
iterative</link> <link xlink:type="simple" xlink:href="../775/775.xml">
algorithm</link> that utilizes the <link xlink:type="simple" xlink:href="../247/52247.xml">
Fourier Transform</link> to calculate an unknown part of a propagating wave, normally the <link xlink:type="simple" xlink:href="../867/3037867.xml">
spatial frequency</link> <link xlink:type="simple" xlink:href="../047/24047.xml">
phase</link> (k space).  This can be done when given the phase’s known counterparts, usually an observed <link xlink:type="simple" xlink:href="../649/37649.xml">
amplitude</link> (position space) and an assumed starting <link xlink:type="simple" xlink:href="../649/37649.xml">
amplitude</link> (k space).  To find the correct <link xlink:type="simple" xlink:href="../047/24047.xml">
phase</link> the <link xlink:type="simple" xlink:href="../775/775.xml">
algorithm</link> uses error conversion, or the error between the desired and the theoretical <link xlink:type="simple" xlink:href="../993/41993.xml">
intensities</link>.  The AA algorithm is currently being implemented by <weblink xlink:type="simple" xlink:href="http://hillslab.umd.edu/">
Dr. Wendell Hill III</weblink>, Alex Robel, V. Kotlyar Soifer, and <weblink xlink:type="simple" xlink:href="http://physics.nyu.edu/grierlab/cgh2b/node6.html">
David G Grier</weblink>. </p>

<sec>
<st>
The algorithm</st>

<ss1>
<st>
History</st>

<p>

The adaptive-additive algorithm was originally created to reconstruct the <link xlink:type="simple" xlink:href="../867/3037867.xml">
spatial frequency</link> <link xlink:type="simple" xlink:href="../047/24047.xml">
 phase</link> of light intensity in the study of stellar <link xlink:type="simple" xlink:href="../689/166689.xml">
interferometry</link>.  Since then, the AA algorithm has been adapted to work in the fields of <link>
Fourier Optics</link> by Soifer and <weblink xlink:type="simple" xlink:href="http://hillslab.umd.edu/">
Dr.  Hill</weblink>, <link xlink:type="simple" xlink:href="../293/616293.xml">
soft matter</link> and <link xlink:type="simple" xlink:href="../901/299901.xml">
optical tweezers</link> by <weblink xlink:type="simple" xlink:href="http://physics.nyu.edu/grierlab/cgh2b/node6.html">
Dr. Grier</weblink>, and <link xlink:type="simple" xlink:href="../344/975344.xml">
sound synthesis</link> by Robel.  </p>

</ss1>
<ss1>
<st>
Pseudo-code algorithm</st>

<p>

1. Define input amplitude and random phase
2. Forward Fourier Transform
3. Separate transformed amplitude and phase
4. Compare transformed amplitude/intensity to desired output amplitude/intensity
5. Check convergence conditions
6. Mix transformed amplitude with desired output amplitude and combine with transformed phase
7. Inverse Fourier Transform
8. Separate new amplitude and new phase
9. Combine new phase with original input amplitude
10. Loop back to Forward Fourier Transform</p>

</ss1>
<ss1>
<st>
Example</st>

<p>

For the problem of reconstructing the <link xlink:type="simple" xlink:href="../867/3037867.xml">
spatial frequency</link> phase (<it>k</it>-space) for a desired <link xlink:type="simple" xlink:href="../993/41993.xml">
 intensity</link> in the image plane (<it>x</it>-space).  Assume the <link xlink:type="simple" xlink:href="../649/37649.xml">
amplitude</link> and the starting phase of the wave in <it>k</it>-space is a <math>A_0</math> and <math>\phi_n^{k}</math> respectively.  <mathematical_relation wordnetid="113783581" confidence="0.8">
<idea wordnetid="105833840" confidence="0.8">
<concept wordnetid="105835747" confidence="0.8">
<operator wordnetid="113786413" confidence="0.8">
<function wordnetid="113783816" confidence="0.8">
<link xlink:type="simple" xlink:href="../247/52247.xml">
Fourier transform</link></function>
</operator>
</concept>
</idea>
</mathematical_relation>
 the wave in <it>k</it>-space to <it>x</it> space.</p>
<p>

<indent level="1">

 <math>A_0e^{i\phi_n^{k}} \xrightarrow{FFT} A_n^fe^{i\phi_n^{f}}</math> 
</indent>

Then compare the transformed <link xlink:type="simple" xlink:href="../993/41993.xml">
intensity</link> <math>I_n^f</math> with the desired <link xlink:type="simple" xlink:href="../993/41993.xml">
intensity</link> <math>I_0^f</math>, where </p>
<p>

<indent level="1">

 <math>
I_n^f = \left(A_n^f\right)^2,
</math>
</indent>

<indent level="1">

 <math>
\varepsilon = \sqrt{\left(I_n^f\right)^2 - \left(I_0\right)^2}.
</math>
</indent>

Check <math>\varepsilon</math> against the convergence requirements.  If the requirements are not met then mix the transformed <link xlink:type="simple" xlink:href="../649/37649.xml">
amplitude</link> <math>A_n^f</math> with desired <link xlink:type="simple" xlink:href="../649/37649.xml">
amplitude</link> <math>A^f</math>.  </p>
<p>

<indent level="1">

 <math>\bar{A}^f_n = \left[a A^f + (1-a) A_n^f\right],</math>
</indent>

where <it>a</it> is mixing ratio and </p>
<p>

<indent level="1">

 <math>A^f = \sqrt{I_0}</math>.
</indent>

<it>Note that </it>a<it> is a percentage, defined on the interval 0 ≤ </it>a<it> ≤ 1.</it></p>
<p>

Combine mixed <link xlink:type="simple" xlink:href="../649/37649.xml">
amplitude</link> with the <it>x</it>-space phase and <link xlink:type="simple" xlink:href="../445/382445.xml">
inverse Fourier transform</link>.</p>
<p>

<indent level="1">

 <math>\bar{A}^{f}e^{i\phi_n^f} \xrightarrow{iFFT} \bar{A}_n^ke^{i\phi_n^k}.</math>  
</indent>

Separate <math>\bar{A}_n^k</math> and <math>\phi^k_n</math> and combine <math>A_0</math> with <math>\phi^k_n</math>.  Increase loop by one <math> n \to n + 1</math> and repeat.</p>

<ss2>
<st>
Limits</st>
<p>

<list>
<entry level="1" type="bullet">

If <math>a = 1</math> then the AA algorithm becomes the <link>
Gerchberg–Saxton algorithm</link>.</entry>
<entry level="1" type="bullet">

If <math>a = 0</math> then <math>\bar{A}^k_n = A_0</math>.</entry>
</list>
</p>

</ss2>
</ss1>
</sec>
<sec>
<st>
See also</st>

<p>

<list>
<entry level="1" type="bullet">

 <link>
Gerchberg–Saxton algorithm</link></entry>
<entry level="1" type="bullet">

 <organ wordnetid="105297523" confidence="0.8">
<sense_organ wordnetid="105299178" confidence="0.8">
<part wordnetid="109385911" confidence="0.8">
<eye wordnetid="105311054" confidence="0.8">
<body_part wordnetid="105220461" confidence="0.8">
<link xlink:type="simple" xlink:href="../008/312008.xml">
Fourier optics</link></body_part>
</eye>
</part>
</sense_organ>
</organ>
</entry>
<entry level="1" type="bullet">

 <link xlink:type="simple" xlink:href="../338/66338.xml">
Holography</link></entry>
<entry level="1" type="bullet">

 <link xlink:type="simple" xlink:href="../689/166689.xml">
Interferometry</link></entry>
<entry level="1" type="bullet">

 <link xlink:type="simple" xlink:href="../746/10791746.xml">
Sound Synthesis</link></entry>
</list>
</p>

</sec>
<sec>
<st>
References</st>

<p>

<list>
<entry level="1" type="bullet">

 <cite id="CITEREFDufresneGrierSpalding2000" style="font-style:normal">Dufresne, Eric; Grier, David G&#32;&amp;&#32;Spalding&#32;(2000),&#32;"Computer-Generated Holographic Optical Tweezer Arrays",&#32;<it>Review of Scientific Instruments</it>&#32;<b>72</b>(3)</cite>&nbsp;.</entry>
<entry level="1" type="bullet">

 <cite id="CITEREFGrier" style="font-style:normal">Grier, David G&#32;(<link xlink:type="simple" xlink:href="../367/22367.xml">
October 10</link>, <link xlink:type="simple" xlink:href="../548/34548.xml">
2000</link>.),&#32;<it><weblink xlink:type="simple" xlink:href="http://www.physics.nyu.edu/~dg86/cgh2b/node6.html">
Adaptive-Additive Algorithm</weblink></it>, </cite>&nbsp;.</entry>
<entry level="1" type="bullet">

 <cite id="CITEREFRobel" style="font-style:normal">Robel, Axel,&#32;<it><weblink xlink:type="simple" xlink:href="http://ieeexplore.ieee.org/iel5/10376/32978/101109TSA2005858529.pdf?arnumber=101109TSA2005858529">
Adaptive Additive Modeling With Continuous Parameter Trajectories</weblink></it>, </cite>&nbsp;.</entry>
<entry level="1" type="bullet">

 <cite id="CITEREFRobel" style="font-style:normal">Robel, Axel,&#32;<it><weblink xlink:type="simple" xlink:href="http://i2pi.com/PAPERS/music-dsp/adaptive-additive-synthesis-of.pdf">
Adaptive-Additive Synthesis of Sound Technical</weblink></it>, University of Berlin Germany: Einsteinufer 17, 10587, </cite>&nbsp;.</entry>
<entry level="1" type="bullet">

 <cite id="Reference-Soifer-1997" style="font-style:normal" class="book">Soifer, V. Kotlyar&#32;(1997). Iterative Methods for Diffractive Optical Elements Computation.&#32;Bristol, PA:&#32;Taylor &amp; Francis. ISBN 978-0748406340.</cite>&nbsp;</entry>
</list>
</p>

</sec>
<sec>
<st>
External links</st>
<p>

<list>
<entry level="1" type="bullet">

 <weblink xlink:type="simple" xlink:href="http://staff.chess.cornell.edu/~shen/workshop2003/presentations/Talk_DiFabrizio.pdf">
A PDF/Power Point Presentation that describes the uses and variations of the AA algorithm</weblink> <it>Berkeley, Ca</it>.</entry>
<entry level="1" type="bullet">

 <weblink xlink:type="simple" xlink:href="http://physics.nyu.edu/grierlab/cgh2b/node6.html">
David Grier's Lab</weblink> Presentation on optical tweezers and fabrication of AA algorithm.</entry>
<entry level="1" type="bullet">

 <weblink xlink:type="simple" xlink:href="http://www-ccrma.stanford.edu/~roebel/addsyn/index.html">
Adaptive Additive Synthesis for Non Stationary Sound</weblink> Dr. Axel Robel.</entry>
<entry level="1" type="bullet">

 <weblink xlink:type="simple" xlink:href="http://hillslab.umd.edu/">
Hill Labs</weblink> <it>University of Maryland College Park</it>.</entry>
</list>
</p>

</sec>
</bdy>
</article>
