<?xml version="1.0" encoding="UTF-8"?>
<!-- generated by CLiX/Wiki2XML [MPI-Inf, MMCI@UdS] $LastChangedRevision: 92 $ on 17.04.2009 00:30:45[mciao0826] -->
<!DOCTYPE article SYSTEM "../article.dtd">
<article xmlns:xlink="http://www.w3.org/1999/xlink">
<bus  confidence="0.9508927676800064" wordnetid="102924116">
<bus_route  confidence="0.9511911446218017" wordnetid="108517554">
<header>
<title>London Buses route N28</title>
<id>10924014</id>
<revision>
<id>240084545</id>
<timestamp>2008-09-21T21:20:23Z</timestamp>
<contributor>
<username>MapsMan</username>
<id>222151</id>
</contributor>
</revision>
<categories>
<category>Transport in Kensington &amp; Chelsea</category>
<category>Transport in Brent</category>
<category>Transport in Camden</category>
<category>Transport in Wandsworth</category>
<category>Bus routes in London</category>
</categories>
</header>
<bdy>
<template>
<name>Infobox London Bus</name>
<parameters>

<image width="150px" src="">

</image>
<pvr>
4</pvr>
<via>
Chalk FarmHarrow RoadWestbourne ParkKensingtonFulham</via>
<garage>
<mathematical_relation wordnetid="113783581" confidence="0.8">
<operator wordnetid="113786413" confidence="0.8">
<function wordnetid="113783816" confidence="0.8">
<link xlink:type="simple" xlink:href="../334/2193334.xml#xpointer(//*[./st=%22Westbourne+Park%22])">
Westbourne Park</link></function>
</operator>
</mathematical_relation>
</garage>
<vehicle>
<conveyance wordnetid="103100490" confidence="0.8">
<artifact wordnetid="100021939" confidence="0.8">
<instrumentality wordnetid="103575240" confidence="0.8">
<bus wordnetid="102924116" confidence="0.8">
<public_transport wordnetid="104019101" confidence="0.8">
<link xlink:type="simple" xlink:href="../751/1709751.xml">
Volvo B7TL</link></public_transport>
</bus>
</instrumentality>
</artifact>
</conveyance>
 10m / <conveyance wordnetid="103100490" confidence="0.8">
<artifact wordnetid="100021939" confidence="0.8">
<instrumentality wordnetid="103575240" confidence="0.8">
<bus wordnetid="102924116" confidence="0.8">
<public_transport wordnetid="104019101" confidence="0.8">
<link xlink:type="simple" xlink:href="../887/2444887.xml">
Wright Eclipse Gemini</link></public_transport>
</bus>
</instrumentality>
</artifact>
</conveyance>
</vehicle>
<number>
N28</number>
<frequency>
Weeknights: About every 60 minutesWeekends: About every 30 minutes</frequency>
<operator>
<mathematical_relation wordnetid="113783581" confidence="0.8">
<operator wordnetid="113786413" confidence="0.8">
<function wordnetid="113783816" confidence="0.8">
<link xlink:type="simple" xlink:href="../334/2193334.xml">
First London</link></function>
</operator>
</mathematical_relation>
</operator>
<time>
52-53 minutes</time>
<level>
Nights</level>
<ibus>
yes</ibus>
<start>
<site wordnetid="108651247" confidence="0.9508927676800064">
<link xlink:type="simple" xlink:href="../813/95813.xml">
Camden Town</link></site>
</start>
<length>
10 miles (16 km)</length>
<night>
0:00am until 5:00am</night>
<day>
<bus wordnetid="102924116" confidence="0.9508927676800064">
<link xlink:type="simple" xlink:href="../358/8579358.xml">
Route 28</link></bus>
<bus wordnetid="102924116" confidence="0.9508927676800064">
<link xlink:type="simple" xlink:href="../720/7185720.xml">
Route 31</link></bus>
</day>
<end>
<site wordnetid="108651247" confidence="0.9508927676800064">
<link xlink:type="simple" xlink:href="../365/94365.xml">
Wandsworth</link></site>
</end>
</parameters>
</template>

<p>

<b>London Buses route N28</b> is a <company wordnetid="108058098" confidence="0.9508927676800064">
<link xlink:type="simple" xlink:href="../145/31145.xml">
Transport for London</link></company>
 contracted bus route in <village wordnetid="108672738" confidence="0.9508927676800064">
<link xlink:type="simple" xlink:href="../867/17867.xml">
London</link></village>
, <autocracy wordnetid="108361001" confidence="0.8">
<system wordnetid="108435388" confidence="0.8">
<social_group wordnetid="107950920" confidence="0.8">
<political_orientation wordnetid="106212839" confidence="0.8">
<monarchy wordnetid="108363812" confidence="0.8">
<state wordnetid="108168978" confidence="0.8">
<political_unit wordnetid="108359949" confidence="0.8">
<political_system wordnetid="108367880" confidence="0.8">
<economy wordnetid="108366753" confidence="0.8">
<group wordnetid="100031264" confidence="0.8">
<democracy wordnetid="106217103" confidence="0.8">
<link xlink:type="simple" xlink:href="../717/31717.xml">
United Kingdom</link></democracy>
</group>
</economy>
</political_system>
</political_unit>
</state>
</monarchy>
</political_orientation>
</social_group>
</system>
</autocracy>
. The service is currently contracted to <mathematical_relation wordnetid="113783581" confidence="0.8">
<operator wordnetid="113786413" confidence="0.8">
<function wordnetid="113783816" confidence="0.8">
<link xlink:type="simple" xlink:href="../334/2193334.xml">
First London</link></function>
</operator>
</mathematical_relation>
.</p>

<sec>
<st>
History</st>
<p>

Night bus N28 runs the night service for <bus wordnetid="102924116" confidence="0.9508927676800064">
<link xlink:type="simple" xlink:href="../358/8579358.xml">
route 28</link></bus>
 between Wandsworth &amp; Harrow Road. Route N28, together with <bus wordnetid="102924116" confidence="0.9508927676800064">
<link xlink:type="simple" xlink:href="../541/11094541.xml">
route N31</link></bus>
, run the night service for <bus wordnetid="102924116" confidence="0.9508927676800064">
<link xlink:type="simple" xlink:href="../720/7185720.xml">
31</link></bus>
 between Notting Hill Gate &amp; Camden Town Station.</p>
<p>

The route started out on the night of the <link xlink:type="simple" xlink:href="../355/19355.xml">
29 May</link> <link xlink:type="simple" xlink:href="../553/34553.xml">
1999</link> as single-deck route, but was converted, along with the day routes, to double-deck using brand new Volvo B7TL 10m / Wright Eclipse Gemini in late 2004.</p>



</sec>
<sec>
<st>
Current route</st>

<p>

<table style="background:transparent; width:100%;" cellpadding="0" class=" multicol" cellspacing="0">
<row>
<col align="left" width="50%" valign="top">
<ss1>
<st>
Route departing Camden</st>
<p>

<list>
<entry level="1" type="bullet">

 <b><site wordnetid="108651247" confidence="0.9508927676800064">
<link xlink:type="simple" xlink:href="../813/95813.xml">
Camden Town</link></site>
</b> <it>Bayham Street''</it></entry>
<entry level="1" type="bullet">

 Bayham Street </entry>
<entry level="1" type="bullet">

 Crowndale Road</entry>
<entry level="1" type="bullet">

 <b><structure wordnetid="104341686" confidence="0.8">
<building wordnetid="102913152" confidence="0.8">
<artifact wordnetid="100021939" confidence="0.8">
<facility wordnetid="103315023" confidence="0.8">
<station wordnetid="104306080" confidence="0.8">
<link xlink:type="simple" xlink:href="../803/95803.xml">
Mornington Crescent Station</link></station>
</facility>
</artifact>
</building>
</structure>
</b></entry>
<entry level="1" type="bullet">

 Camden High Street</entry>
<entry level="1" type="bullet">

 <b><process wordnetid="105701363" confidence="0.8">
<artifact wordnetid="100021939" confidence="0.8">
<inquiry wordnetid="105797597" confidence="0.8">
<facility wordnetid="103315023" confidence="0.8">
<thinking wordnetid="105770926" confidence="0.8">
<station wordnetid="104306080" confidence="0.8">
<problem_solving wordnetid="105796750" confidence="0.8">
<higher_cognitive_process wordnetid="105770664" confidence="0.8">
<link xlink:type="simple" xlink:href="../853/251853.xml">
Camden Town Station</link></higher_cognitive_process>
</problem_solving>
</station>
</thinking>
</facility>
</inquiry>
</artifact>
</process>
</b> </entry>
<entry level="1" type="bullet">

 <artifact wordnetid="100021939" confidence="0.8">
<street wordnetid="104334599" confidence="0.8">
<way wordnetid="104564698" confidence="0.8">
<thoroughfare wordnetid="104426618" confidence="0.8">
<road wordnetid="104096066" confidence="0.8">
<link xlink:type="simple" xlink:href="../673/3179673.xml">
Chalk Farm Road</link></road>
</thoroughfare>
</way>
</street>
</artifact>
</entry>
<entry level="1" type="bullet">

 <b><artifact wordnetid="100021939" confidence="0.8">
<facility wordnetid="103315023" confidence="0.8">
<station wordnetid="104306080" confidence="0.8">
<link xlink:type="simple" xlink:href="../205/1060205.xml">
Chalk Farm Station</link></station>
</facility>
</artifact>
</b> </entry>
<entry level="1" type="bullet">

 Adelaide Road</entry>
<entry level="1" type="bullet">

 <b><artifact wordnetid="100021939" confidence="0.8">
<facility wordnetid="103315023" confidence="0.8">
<station wordnetid="104306080" confidence="0.8">
<link xlink:type="simple" xlink:href="../045/370045.xml">
Swiss Cottage Station</link></station>
</facility>
</artifact>
</b> </entry>
<entry level="1" type="bullet">

 <artifact wordnetid="100021939" confidence="0.8">
<street wordnetid="104334599" confidence="0.8">
<way wordnetid="104564698" confidence="0.8">
<thoroughfare wordnetid="104426618" confidence="0.8">
<road wordnetid="104096066" confidence="0.8">
<link xlink:type="simple" xlink:href="../281/1347281.xml">
Finchley Road</link></road>
</thoroughfare>
</way>
</street>
</artifact>
 </entry>
<entry level="1" type="bullet">

 Fairfax Road</entry>
<entry level="1" type="bullet">

 <b><station wordnetid="104306080" confidence="0.9508927676800064">
<link xlink:type="simple" xlink:href="../444/1709444.xml">
South Hampstead Station</link></station>
</b></entry>
<entry level="1" type="bullet">

 Belsize Road </entry>
<entry level="1" type="bullet">

 <b><station wordnetid="104306080" confidence="0.9508927676800064">
<link xlink:type="simple" xlink:href="../472/1709472.xml">
Kilburn High Road Station</link></station>
</b> </entry>
<entry level="1" type="bullet">

 <artifact wordnetid="100021939" confidence="0.8">
<street wordnetid="104334599" confidence="0.8">
<way wordnetid="104564698" confidence="0.8">
<thoroughfare wordnetid="104426618" confidence="0.8">
<road wordnetid="104096066" confidence="0.8">
<link xlink:type="simple" xlink:href="../644/3322644.xml">
Kilburn High Road</link></road>
</thoroughfare>
</way>
</street>
</artifact>
 </entry>
<entry level="1" type="bullet">

 Cambridge Avenue</entry>
<entry level="1" type="bullet">

 <b><artifact wordnetid="100021939" confidence="0.8">
<facility wordnetid="103315023" confidence="0.8">
<station wordnetid="104306080" confidence="0.8">
<link xlink:type="simple" xlink:href="../082/370082.xml">
Kilburn Park Station</link></station>
</facility>
</artifact>
</b></entry>
<entry level="1" type="bullet">

 Cambridge Gardens</entry>
<entry level="1" type="bullet">

 Rudolph Road</entry>
<entry level="1" type="bullet">

 Kilburn Park Road</entry>
<entry level="1" type="bullet">

 Shirland Road </entry>
<entry level="1" type="bullet">

 Maida Hill <it>The Chippenham''</it></entry>
<entry level="1" type="bullet">

 Chippenham Road</entry>
<entry level="1" type="bullet">

 Elgin Avenue</entry>
<entry level="1" type="bullet">

 Great Western Road</entry>
<entry level="1" type="bullet">

 <b><artifact wordnetid="100021939" confidence="0.8">
<facility wordnetid="103315023" confidence="0.8">
<station wordnetid="104306080" confidence="0.8">
<link xlink:type="simple" xlink:href="../439/1083439.xml">
Westbourne Park Station</link></station>
</facility>
</artifact>
</b> </entry>
<entry level="1" type="bullet">

 Great Western Road</entry>
<entry level="1" type="bullet">

 Westbourne Park Road</entry>
<entry level="1" type="bullet">

 Chepstow Road</entry>
<entry level="1" type="bullet">

 Pembridge Villas</entry>
<entry level="1" type="bullet">

 Pembridge Road</entry>
<entry level="1" type="bullet">

 <b><artifact wordnetid="100021939" confidence="0.8">
<facility wordnetid="103315023" confidence="0.8">
<station wordnetid="104306080" confidence="0.8">
<link xlink:type="simple" xlink:href="../581/181581.xml">
Notting Hill Gate Station</link></station>
</facility>
</artifact>
</b></entry>
<entry level="1" type="bullet">

 Palace Gardens Terrace</entry>
<entry level="1" type="bullet">

 Kensington Mall</entry>
<entry level="1" type="bullet">

 Kensington Church Street</entry>
<entry level="1" type="bullet">

 <artifact wordnetid="100021939" confidence="0.8">
<street wordnetid="104334599" confidence="0.8">
<way wordnetid="104564698" confidence="0.8">
<thoroughfare wordnetid="104426618" confidence="0.8">
<road wordnetid="104096066" confidence="0.8">
<link xlink:type="simple" xlink:href="../889/422889.xml">
Kensington High Street</link></road>
</thoroughfare>
</way>
</street>
</artifact>
</entry>
<entry level="1" type="bullet">

 <b><artifact wordnetid="100021939" confidence="0.8">
<facility wordnetid="103315023" confidence="0.8">
<station wordnetid="104306080" confidence="0.8">
<link xlink:type="simple" xlink:href="../510/373510.xml">
High Street Kensington Station</link></station>
</facility>
</artifact>
</b></entry>
<entry level="1" type="bullet">

 <artifact wordnetid="100021939" confidence="0.8">
<street wordnetid="104334599" confidence="0.8">
<way wordnetid="104564698" confidence="0.8">
<thoroughfare wordnetid="104426618" confidence="0.8">
<road wordnetid="104096066" confidence="0.8">
<link xlink:type="simple" xlink:href="../889/422889.xml">
Kensington High Street</link></road>
</thoroughfare>
</way>
</street>
</artifact>
</entry>
<entry level="1" type="bullet">

 Hammersmith Road</entry>
<entry level="1" type="bullet">

 <b><link xlink:type="simple" xlink:href="../567/592567.xml">
Olympia Station</link></b></entry>
<entry level="1" type="bullet">

 Hammersmith Road</entry>
<entry level="1" type="bullet">

 North End Road</entry>
<entry level="1" type="bullet">

 <b><artifact wordnetid="100021939" confidence="0.8">
<facility wordnetid="103315023" confidence="0.8">
<station wordnetid="104306080" confidence="0.8">
<link xlink:type="simple" xlink:href="../077/1705077.xml">
West Kensington Station</link></station>
</facility>
</artifact>
</b></entry>
<entry level="1" type="bullet">

 North End Road</entry>
<entry level="1" type="bullet">

 Fulham Road</entry>
<entry level="1" type="bullet">

 Fulham Broadway</entry>
<entry level="1" type="bullet">

 <b><artifact wordnetid="100021939" confidence="0.8">
<facility wordnetid="103315023" confidence="0.8">
<station wordnetid="104306080" confidence="0.8">
<link xlink:type="simple" xlink:href="../068/1705068.xml">
Fulham Broadway Station</link></station>
</facility>
</artifact>
</b></entry>
<entry level="1" type="bullet">

 Harwood Street</entry>
<entry level="1" type="bullet">

 New King's Road</entry>
<entry level="1" type="bullet">

 Wandsworth Bridge Road</entry>
<entry level="1" type="bullet">

 <bridge wordnetid="102898711" confidence="0.9508927676800064">
<link xlink:type="simple" xlink:href="../088/3064088.xml">
Wandsworth Bridge</link></bridge>
</entry>
<entry level="1" type="bullet">

 Bridgend Road</entry>
<entry level="1" type="bullet">

 Swandon Way</entry>
<entry level="1" type="bullet">

 <b><station wordnetid="104306080" confidence="0.9508927676800064">
<link xlink:type="simple" xlink:href="../551/1678551.xml">
Wandsworth Town Station</link></station>
</b></entry>
<entry level="1" type="bullet">

 Old York Road</entry>
<entry level="1" type="bullet">

 Fairfield Street</entry>
<entry level="1" type="bullet">

 Wandsworth High Street</entry>
<entry level="1" type="bullet">

 Garratt Lane</entry>
<entry level="1" type="bullet">

 <b><site wordnetid="108651247" confidence="0.9508927676800064">
<link xlink:type="simple" xlink:href="../365/94365.xml">
Wandsworth</link></site>
</b> <it><link xlink:type="simple" xlink:href="../760/1986760.xml">
Southside Shopping Centre</link>''</it></entry>
</list>
</p>
</ss1>
</col>
<col align="left" width="" valign="top">
<ss1>
<st>
Route departing Wandsworth</st>
<p>

<list>
<entry level="1" type="bullet">

 <b><site wordnetid="108651247" confidence="0.9508927676800064">
<link xlink:type="simple" xlink:href="../365/94365.xml">
Wandsworth</link></site>
</b> <it><link xlink:type="simple" xlink:href="../760/1986760.xml">
Southside Shopping Centre</link></it> </entry>
<entry level="1" type="bullet">

 Garratt Lane</entry>
<entry level="1" type="bullet">

 Ram Street</entry>
<entry level="1" type="bullet">

 Armoury Way</entry>
<entry level="1" type="bullet">

 Old York Road</entry>
<entry level="1" type="bullet">

<b><station wordnetid="104306080" confidence="0.9508927676800064">
<link xlink:type="simple" xlink:href="../551/1678551.xml">
Wandsworth Town Station</link></station>
</b></entry>
<entry level="1" type="bullet">

 Swandon Way</entry>
<entry level="1" type="bullet">

 Bridgend Road</entry>
<entry level="1" type="bullet">

 <bridge wordnetid="102898711" confidence="0.9508927676800064">
<link xlink:type="simple" xlink:href="../088/3064088.xml">
Wandsworth Bridge</link></bridge>
</entry>
<entry level="1" type="bullet">

 Wandsworth Bridge Road</entry>
<entry level="1" type="bullet">

 New King's Road</entry>
<entry level="1" type="bullet">

 Harwood Street</entry>
<entry level="1" type="bullet">

 <b><artifact wordnetid="100021939" confidence="0.8">
<facility wordnetid="103315023" confidence="0.8">
<station wordnetid="104306080" confidence="0.8">
<link xlink:type="simple" xlink:href="../068/1705068.xml">
Fulham Broadway Station</link></station>
</facility>
</artifact>
</b></entry>
<entry level="1" type="bullet">

 <artifact wordnetid="100021939" confidence="0.8">
<street wordnetid="104334599" confidence="0.8">
<way wordnetid="104564698" confidence="0.8">
<thoroughfare wordnetid="104426618" confidence="0.8">
<road wordnetid="104096066" confidence="0.8">
<link xlink:type="simple" xlink:href="../559/3130559.xml">
Fulham Road</link></road>
</thoroughfare>
</way>
</street>
</artifact>
</entry>
<entry level="1" type="bullet">

 North End Road</entry>
<entry level="1" type="bullet">

 <b><artifact wordnetid="100021939" confidence="0.8">
<facility wordnetid="103315023" confidence="0.8">
<station wordnetid="104306080" confidence="0.8">
<link xlink:type="simple" xlink:href="../077/1705077.xml">
West Kensington Station</link></station>
</facility>
</artifact>
</b></entry>
<entry level="1" type="bullet">

 North End Road</entry>
<entry level="1" type="bullet">

 Hammersmith Road</entry>
<entry level="1" type="bullet">

 <b><link xlink:type="simple" xlink:href="../567/592567.xml">
Olympia Station</link></b></entry>
<entry level="1" type="bullet">

 <artifact wordnetid="100021939" confidence="0.8">
<street wordnetid="104334599" confidence="0.8">
<way wordnetid="104564698" confidence="0.8">
<thoroughfare wordnetid="104426618" confidence="0.8">
<road wordnetid="104096066" confidence="0.8">
<link xlink:type="simple" xlink:href="../889/422889.xml">
Kensington High Street</link></road>
</thoroughfare>
</way>
</street>
</artifact>
</entry>
<entry level="1" type="bullet">

 <b><artifact wordnetid="100021939" confidence="0.8">
<facility wordnetid="103315023" confidence="0.8">
<station wordnetid="104306080" confidence="0.8">
<link xlink:type="simple" xlink:href="../510/373510.xml">
High Street Kensington Station</link></station>
</facility>
</artifact>
</b></entry>
<entry level="1" type="bullet">

 <artifact wordnetid="100021939" confidence="0.8">
<street wordnetid="104334599" confidence="0.8">
<way wordnetid="104564698" confidence="0.8">
<thoroughfare wordnetid="104426618" confidence="0.8">
<road wordnetid="104096066" confidence="0.8">
<link xlink:type="simple" xlink:href="../889/422889.xml">
Kensington High Street</link></road>
</thoroughfare>
</way>
</street>
</artifact>
</entry>
<entry level="1" type="bullet">

 Kensington Church Street</entry>
<entry level="1" type="bullet">

 <artifact wordnetid="100021939" confidence="0.8">
<street wordnetid="104334599" confidence="0.8">
<way wordnetid="104564698" confidence="0.8">
<thoroughfare wordnetid="104426618" confidence="0.8">
<road wordnetid="104096066" confidence="0.8">
<link xlink:type="simple" xlink:href="../325/1150325.xml">
Notting Hill Gate</link></road>
</thoroughfare>
</way>
</street>
</artifact>
</entry>
<entry level="1" type="bullet">

 <b><artifact wordnetid="100021939" confidence="0.8">
<facility wordnetid="103315023" confidence="0.8">
<station wordnetid="104306080" confidence="0.8">
<link xlink:type="simple" xlink:href="../581/181581.xml">
Notting Hill Gate Station</link></station>
</facility>
</artifact>
</b></entry>
<entry level="1" type="bullet">

 Pembridge Road</entry>
<entry level="1" type="bullet">

 Pembridge Villas</entry>
<entry level="1" type="bullet">

 Chepstow Road</entry>
<entry level="1" type="bullet">

 Westbourne Park Road</entry>
<entry level="1" type="bullet">

 Great Western Road  </entry>
<entry level="1" type="bullet">

 <b><artifact wordnetid="100021939" confidence="0.8">
<facility wordnetid="103315023" confidence="0.8">
<station wordnetid="104306080" confidence="0.8">
<link xlink:type="simple" xlink:href="../439/1083439.xml">
Westbourne Park Station</link></station>
</facility>
</artifact>
</b></entry>
<entry level="1" type="bullet">

 Great Western Road </entry>
<entry level="1" type="bullet">

 Elgin Avenue</entry>
<entry level="1" type="bullet">

 Chippenham Road</entry>
<entry level="1" type="bullet">

 Maida Hill <it>The Chippenham''</it></entry>
<entry level="1" type="bullet">

 Shirland Road </entry>
<entry level="1" type="bullet">

 Kilburn Park Road</entry>
<entry level="1" type="bullet">

 Rudolph Road</entry>
<entry level="1" type="bullet">

 Cambridge Gardens</entry>
<entry level="1" type="bullet">

 Cambridge Avenue</entry>
<entry level="1" type="bullet">

 <b><artifact wordnetid="100021939" confidence="0.8">
<facility wordnetid="103315023" confidence="0.8">
<station wordnetid="104306080" confidence="0.8">
<link xlink:type="simple" xlink:href="../082/370082.xml">
Kilburn Park Station</link></station>
</facility>
</artifact>
</b></entry>
<entry level="1" type="bullet">

 <artifact wordnetid="100021939" confidence="0.8">
<street wordnetid="104334599" confidence="0.8">
<way wordnetid="104564698" confidence="0.8">
<thoroughfare wordnetid="104426618" confidence="0.8">
<road wordnetid="104096066" confidence="0.8">
<link xlink:type="simple" xlink:href="../644/3322644.xml">
Kilburn High Road</link></road>
</thoroughfare>
</way>
</street>
</artifact>
 </entry>
<entry level="1" type="bullet">

 <b><station wordnetid="104306080" confidence="0.9508927676800064">
<link xlink:type="simple" xlink:href="../472/1709472.xml">
Kilburn High Road Station</link></station>
</b> </entry>
<entry level="1" type="bullet">

 Belsize Road </entry>
<entry level="1" type="bullet">

 <b><station wordnetid="104306080" confidence="0.9508927676800064">
<link xlink:type="simple" xlink:href="../444/1709444.xml">
South Hampstead Station</link></station>
</b></entry>
<entry level="1" type="bullet">

 Hilgrove Road</entry>
<entry level="1" type="bullet">

 <artifact wordnetid="100021939" confidence="0.8">
<street wordnetid="104334599" confidence="0.8">
<way wordnetid="104564698" confidence="0.8">
<thoroughfare wordnetid="104426618" confidence="0.8">
<road wordnetid="104096066" confidence="0.8">
<link xlink:type="simple" xlink:href="../281/1347281.xml">
Finchley Road</link></road>
</thoroughfare>
</way>
</street>
</artifact>
 </entry>
<entry level="1" type="bullet">

 <b><artifact wordnetid="100021939" confidence="0.8">
<facility wordnetid="103315023" confidence="0.8">
<station wordnetid="104306080" confidence="0.8">
<link xlink:type="simple" xlink:href="../045/370045.xml">
Swiss Cottage Station</link></station>
</facility>
</artifact>
</b> </entry>
<entry level="1" type="bullet">

 <artifact wordnetid="100021939" confidence="0.8">
<street wordnetid="104334599" confidence="0.8">
<way wordnetid="104564698" confidence="0.8">
<thoroughfare wordnetid="104426618" confidence="0.8">
<road wordnetid="104096066" confidence="0.8">
<link xlink:type="simple" xlink:href="../659/1761659.xml">
Avenue Road</link></road>
</thoroughfare>
</way>
</street>
</artifact>
 </entry>
<entry level="1" type="bullet">

 Adelaide Road</entry>
<entry level="1" type="bullet">

 <b><artifact wordnetid="100021939" confidence="0.8">
<facility wordnetid="103315023" confidence="0.8">
<station wordnetid="104306080" confidence="0.8">
<link xlink:type="simple" xlink:href="../205/1060205.xml">
Chalk Farm Station</link></station>
</facility>
</artifact>
</b> </entry>
<entry level="1" type="bullet">

 <artifact wordnetid="100021939" confidence="0.8">
<street wordnetid="104334599" confidence="0.8">
<way wordnetid="104564698" confidence="0.8">
<thoroughfare wordnetid="104426618" confidence="0.8">
<road wordnetid="104096066" confidence="0.8">
<link xlink:type="simple" xlink:href="../673/3179673.xml">
Chalk Farm Road</link></road>
</thoroughfare>
</way>
</street>
</artifact>
 </entry>
<entry level="1" type="bullet">

 Castlehaven Road</entry>
<entry level="1" type="bullet">

 Hawley Road </entry>
<entry level="1" type="bullet">

 Camden Street</entry>
<entry level="1" type="bullet">

 Camden Road</entry>
<entry level="1" type="bullet">

 <b><process wordnetid="105701363" confidence="0.8">
<artifact wordnetid="100021939" confidence="0.8">
<inquiry wordnetid="105797597" confidence="0.8">
<facility wordnetid="103315023" confidence="0.8">
<thinking wordnetid="105770926" confidence="0.8">
<station wordnetid="104306080" confidence="0.8">
<problem_solving wordnetid="105796750" confidence="0.8">
<higher_cognitive_process wordnetid="105770664" confidence="0.8">
<link xlink:type="simple" xlink:href="../853/251853.xml">
Camden Town Station</link></higher_cognitive_process>
</problem_solving>
</station>
</thinking>
</facility>
</inquiry>
</artifact>
</process>
</b> <it>Bayham Street''</it></entry>
</list>
</p>
</ss1>
</col>
</row>
</table>
</p>

</sec>
<sec>
<st>
See also</st>
<p>

<list>
<entry level="1" type="bullet">

 <link xlink:type="simple" xlink:href="../207/5179207.xml">
List of bus routes in London</link></entry>
<entry level="1" type="bullet">

 <mathematical_relation wordnetid="113783581" confidence="0.8">
<operator wordnetid="113786413" confidence="0.8">
<function wordnetid="113783816" confidence="0.8">
<link xlink:type="simple" xlink:href="../334/2193334.xml">
First London</link></function>
</operator>
</mathematical_relation>
</entry>
<entry level="1" type="bullet">

 <bus wordnetid="102924116" confidence="0.9508927676800064">
<link xlink:type="simple" xlink:href="../358/8579358.xml">
London Buses route 28</link></bus>
</entry>
<entry level="1" type="bullet">

 <bus wordnetid="102924116" confidence="0.9508927676800064">
<link xlink:type="simple" xlink:href="../720/7185720.xml">
London Buses route 31</link></bus>
</entry>
</list>
</p>

</sec>
<sec>
<st>
External links</st>
<p>

<list>
<entry level="1" type="bullet">

 <weblink xlink:type="simple" xlink:href="http://www.tfl.gov.uk">
Transport for London</weblink></entry>
<entry level="1" type="bullet">

 <weblink xlink:type="simple" xlink:href="http://www.londonbusesbyadam.fotopic.net">
London Bus Routes Fotopic</weblink></entry>
<entry level="1" type="bullet">

 <weblink xlink:type="simple" xlink:href="http://www.busesatwork.co.uk">
London Bus Routes</weblink></entry>
<entry level="1" type="bullet">

 <weblink xlink:type="simple" xlink:href="http://www.busmap.org/tt4/N028.pdf">
Full timetable (PDF)</weblink></entry>
</list>
</p>

<p>

<table style="margin: 0 auto; border-collapse: collapse;" cellpadding="3" class="toccolours" border="1" cellspacing="0">
<row>
<header align="center" bgcolor="#efefef">
 <b><link xlink:type="simple" xlink:href="../207/5179207.xml">
List of bus routes in London</link></b></header>
</row>
<row>
<col style="font-size: 90%;" align="center">
<link xlink:type="simple" xlink:href="../207/5179207.xml#xpointer(//*[./st=%221-99%22])">
1-99</link> |
<link xlink:type="simple" xlink:href="../207/5179207.xml#xpointer(//*[./st=%22100-199%22])">
100-199</link> |
<link xlink:type="simple" xlink:href="../207/5179207.xml#xpointer(//*[./st=%22200-299%22])">
200-299</link> |
<link xlink:type="simple" xlink:href="../207/5179207.xml#xpointer(//*[./st=%22300-399%22])">
300-399</link> |
<link xlink:type="simple" xlink:href="../207/5179207.xml#xpointer(//*[./st=%22400-499%22])">
400-499</link> |
<link xlink:type="simple" xlink:href="../207/5179207.xml#xpointer(//*[./st=%22500-599%22])">
500-599</link> |
<link xlink:type="simple" xlink:href="../207/5179207.xml#xpointer(//*[./st=%22600-699%22])">
600-699</link> |
<link xlink:type="simple" xlink:href="../207/5179207.xml#xpointer(//*[./st=%22Letter+prefixed%22])">
Letter prefix</link> |
<link xlink:type="simple" xlink:href="../207/5179207.xml#xpointer(//*[./st=%22Routes+which+only+run+at+night+(N+prefixed)%22])">
Night only</link></col>
</row>
</table>
</p>


</sec>
</bdy>
</bus_route>
</bus>
</article>
