<?xml version="1.0" encoding="UTF-8"?>
<!-- generated by CLiX/Wiki2XML [MPI-Inf, MMCI@UdS] $LastChangedRevision: 92 $ on 17.04.2009 00:30:59[mciao0826] -->
<!DOCTYPE article SYSTEM "../article.dtd">
<article xmlns:xlink="http://www.w3.org/1999/xlink">
<header>
<title>Server gated cryptography</title>
<id>10930740</id>
<revision>
<id>236954024</id>
<timestamp>2008-09-07T22:56:45Z</timestamp>
<contributor>
<username>NatureBoyMD</username>
<id>2628316</id>
</contributor>
</revision>
<categories>
<category>Articles lacking in-text citations</category>
<category>Cryptography</category>
</categories>
</header>
<bdy>

<table class="metadata plainlinks ambox ">
<row>
<col>

ambox-style" style=""</col>
</row>
<row>
<col class="mbox-image"><p>

<image width="50px" src="Text_document_with_red_question_mark.svg">
</image>
</p>
</col>
<col style="" class="mbox-text">
 This article or section includes a  or , but its sources remain unclear because it lacks <b>.</b>
You can  this article by introducing more precise citations .</col>
</row>
</table>


<b>Server Gated Cryptography</b> (SGC) was created in response to <link xlink:type="simple" xlink:href="../211/32211.xml">
United States federal legislation</link> on the <link xlink:type="simple" xlink:href="../003/826003.xml">
export of strong cryptography</link> in the 1990s.<p>

The legislation had limited <link xlink:type="simple" xlink:href="../294/10294.xml">
encryption</link> to weak <link xlink:type="simple" xlink:href="../775/775.xml">
algorithm</link>s and shorter key lengths if used in software outside of the <body wordnetid="107965085" confidence="0.8">
<social_group wordnetid="107950920" confidence="0.8">
<political_orientation wordnetid="106212839" confidence="0.8">
<colony wordnetid="108374049" confidence="0.8">
<state wordnetid="108168978" confidence="0.8">
<political_unit wordnetid="108359949" confidence="0.8">
<group wordnetid="100031264" confidence="0.8">
<democracy wordnetid="106217103" confidence="0.8">
<link xlink:type="simple" xlink:href="../750/3434750.xml">
United States of America</link></democracy>
</group>
</political_unit>
</state>
</colony>
</political_orientation>
</social_group>
</body>
.</p>
<p>

As the legislation included an exception for financial transactions, SGC was created as an extension to <link xlink:type="simple" xlink:href="../813/187813.xml">
SSL</link>, with SGC certificates only issued to financial organisations.</p>
<p>

When an SSL handshake takes place, the software (e.g. a <link xlink:type="simple" xlink:href="../173/33173.xml">
web browser</link>) would list the <link xlink:type="simple" xlink:href="../244/5244.xml">
cipher</link>s that it supports.</p>
<p>

Although the weaker exported browsers would only include weaker ciphers in its SSL handshake, the browser did also contain stronger cryptography algorithms.</p>
<p>

To comply with the legislation, the browser would only renegotiate the handshake to use the stronger ciphers if the browser detected that the server has an SGC certificate.</p>
<p>

This legislation has now been revoked and SGC certificates can now be issued to any organisation. </p>
<p>

<software wordnetid="106566077" confidence="0.9508927676800064">
<link xlink:type="simple" xlink:href="../215/15215.xml">
Internet Explorer</link></software>
 used SGC with 40-bit and 128-bit encryption starting with patched versions of  <software wordnetid="106566077" confidence="0.9508927676800064">
<link xlink:type="simple" xlink:href="../399/1956399.xml">
Internet Explorer 3</link></software>
, <software wordnetid="106566077" confidence="0.9508927676800064">
<link xlink:type="simple" xlink:href="../397/1956397.xml">
version 4</link></software>
, and <music wordnetid="107020895" confidence="0.8">
<application wordnetid="106570110" confidence="0.8">
<concept wordnetid="105835747" confidence="0.8">
<idea wordnetid="105833840" confidence="0.8">
<written_communication wordnetid="106349220" confidence="0.8">
<writing wordnetid="106359877" confidence="0.8">
<code wordnetid="106355894" confidence="0.8">
<software wordnetid="106566077" confidence="0.8">
<component wordnetid="105868954" confidence="0.8">
<auditory_communication wordnetid="107109019" confidence="0.8">
<program wordnetid="106568978" confidence="0.8">
<browser wordnetid="106571301" confidence="0.8">
<suite wordnetid="107047011" confidence="0.8">
<coding_system wordnetid="106353757" confidence="0.8">
<part wordnetid="105867413" confidence="0.8">
<musical_composition wordnetid="107037465" confidence="0.8">
<link xlink:type="simple" xlink:href="../394/1956394.xml">
version 5+</link></musical_composition>
</part>
</coding_system>
</suite>
</browser>
</program>
</auditory_communication>
</component>
</software>
</code>
</writing>
</written_communication>
</idea>
</concept>
</application>
</music>
.</p>

<sec>
<st>
 External links </st>

<p>

<list>
<entry level="1" type="bullet">

 <weblink xlink:type="simple" xlink:href="http://www.thawte.com/ssl-digital-certificates/technical-support/sgc/index.html">
Thawte's page on Server Gated Cryptography</weblink></entry>
<entry level="1" type="bullet">

 <weblink xlink:type="simple" xlink:href="http://www.microsoft.com/technet/prodtechnol/WindowsServer2003/Library/IIS/78a7c37b-ec75-4ff3-a510-920f2f0b73aa.mspx?mfr=true">
Microsoft's page on Server Gated Cryptography</weblink></entry>
<entry level="1" type="bullet">

 <weblink xlink:type="simple" xlink:href="http://www-uxsup.csx.cam.ac.uk/~jw35/courses/using_https/html/x746.htm">
University of Cambridge page on Server Gated Cryptography</weblink></entry>
</list>
</p>

<p>

<table style=";" class="navbox" cellspacing="0">
<row>
<col style="padding:2px;">
<table style="width:100%;background:transparent;color:inherit;;" class="nowraplinks collapsible autocollapse " cellspacing="0">
<row>
<header colspan="2" style=";" class="navbox-title">
<software wordnetid="106566077" confidence="0.9508927676800064">
<link xlink:type="simple" xlink:href="../215/15215.xml">
Internet Explorer</link></software>
</header>
</row>
<row style="height:2px;">

</row>
<row>
<col style=";;" class="navbox-group">
Versions</col>
<col style="text-align:left;border-left:2px solid #fdfdfd;width:100%;padding:0px;;;" class="navbox-list navbox-odd">
<software wordnetid="106566077" confidence="0.9508927676800064">
<link xlink:type="simple" xlink:href="../402/1956402.xml">
Version 2</link></software>
&nbsp;·  <software wordnetid="106566077" confidence="0.9508927676800064">
<link xlink:type="simple" xlink:href="../399/1956399.xml">
Version 3</link></software>
&nbsp;·  <software wordnetid="106566077" confidence="0.9508927676800064">
<link xlink:type="simple" xlink:href="../397/1956397.xml">
Version 4</link></software>
&nbsp;·  <music wordnetid="107020895" confidence="0.8">
<application wordnetid="106570110" confidence="0.8">
<concept wordnetid="105835747" confidence="0.8">
<idea wordnetid="105833840" confidence="0.8">
<written_communication wordnetid="106349220" confidence="0.8">
<writing wordnetid="106359877" confidence="0.8">
<code wordnetid="106355894" confidence="0.8">
<software wordnetid="106566077" confidence="0.8">
<component wordnetid="105868954" confidence="0.8">
<auditory_communication wordnetid="107109019" confidence="0.8">
<program wordnetid="106568978" confidence="0.8">
<browser wordnetid="106571301" confidence="0.8">
<suite wordnetid="107047011" confidence="0.8">
<coding_system wordnetid="106353757" confidence="0.8">
<part wordnetid="105867413" confidence="0.8">
<musical_composition wordnetid="107037465" confidence="0.8">
<link xlink:type="simple" xlink:href="../394/1956394.xml">
Version 5</link></musical_composition>
</part>
</coding_system>
</suite>
</browser>
</program>
</auditory_communication>
</component>
</software>
</code>
</writing>
</written_communication>
</idea>
</concept>
</application>
</music>
&nbsp;·  <software wordnetid="106566077" confidence="0.8">
<idea wordnetid="105833840" confidence="0.8">
<concept wordnetid="105835747" confidence="0.8">
<application wordnetid="106570110" confidence="0.8">
<component wordnetid="105868954" confidence="0.8">
<program wordnetid="106568978" confidence="0.8">
<browser wordnetid="106571301" confidence="0.8">
<written_communication wordnetid="106349220" confidence="0.8">
<writing wordnetid="106359877" confidence="0.8">
<code wordnetid="106355894" confidence="0.8">
<part wordnetid="105867413" confidence="0.8">
<coding_system wordnetid="106353757" confidence="0.8">
<link xlink:type="simple" xlink:href="../387/1956387.xml">
Version 6</link></coding_system>
</part>
</code>
</writing>
</written_communication>
</browser>
</program>
</component>
</application>
</concept>
</idea>
</software>
&nbsp;·  <software wordnetid="106566077" confidence="0.9508927676800064">
<link xlink:type="simple" xlink:href="../419/1622419.xml">
Version 7</link></software>
&nbsp;·  <software wordnetid="106566077" confidence="0.9508927676800064">
<link xlink:type="simple" xlink:href="../479/11031479.xml">
Version 8</link></software>
<software wordnetid="106566077" confidence="0.9508927676800064">
<link xlink:type="simple" xlink:href="../668/2160668.xml">
Mobile</link></software>
&nbsp;·  <software wordnetid="106566077" confidence="0.9508927676800064">
<link xlink:type="simple" xlink:href="../328/1144328.xml">
for Mac</link></software>
&nbsp;·  <software wordnetid="106566077" confidence="0.9508927676800064">
<link xlink:type="simple" xlink:href="../909/3477909.xml">
for UNIX</link></software>
</col>
</row>
<row style="height:2px">

</row>
<row>
<col style=";;" class="navbox-group">
Overview</col>
<col style="text-align:left;border-left:2px solid #fdfdfd;width:100%;padding:0px;;;" class="navbox-list navbox-even">
<link xlink:type="simple" xlink:href="../016/1873016.xml">
History</link>&nbsp;·  <link xlink:type="simple" xlink:href="../191/1544191.xml">
Removal</link>&nbsp;·  <link xlink:type="simple" xlink:href="../597/5876597.xml#xpointer(//*[./st=%22Internet+Explorer%22])">
Easter eggs</link>&nbsp;·  <invertebrate wordnetid="101905661" confidence="0.8">
<arthropod wordnetid="101767661" confidence="0.8">
<amorphous_shape wordnetid="113867492" confidence="0.8">
<location wordnetid="100027167" confidence="0.8">
<expanse wordnetid="109277538" confidence="0.8">
<bug wordnetid="102236355" confidence="0.8">
<shape wordnetid="100027807" confidence="0.8">
<space wordnetid="113910384" confidence="0.8">
<insect wordnetid="102159955" confidence="0.8">
<sheet wordnetid="109432060" confidence="0.8">
<animal wordnetid="100015388" confidence="0.8">
<link xlink:type="simple" xlink:href="../355/888355.xml">
Box model bug</link></animal>
</sheet>
</insect>
</space>
</shape>
</bug>
</expanse>
</location>
</amorphous_shape>
</arthropod>
</invertebrate>
&nbsp;·  <link xlink:type="simple" xlink:href="../758/11167758.xml">
Add-ins</link>&nbsp;·  <link xlink:type="simple" xlink:href="../346/10590346.xml">
Extensions</link>&nbsp;·  <link xlink:type="simple" xlink:href="../534/1950534.xml">
Shell</link>s</col>
</row>
<row style="height:2px">

</row>
<row>
<col style=";;" class="navbox-group">
Current technologies 
and related software</col>
<col style="text-align:left;border-left:2px solid #fdfdfd;width:100%;padding:0px;;;" class="navbox-list navbox-odd">
<artifact wordnetid="100021939" confidence="0.8">
<instrumentality wordnetid="103575240" confidence="0.8">
<engine wordnetid="103287733" confidence="0.8">
<motor wordnetid="103789946" confidence="0.8">
<device wordnetid="103183080" confidence="0.8">
<machine wordnetid="103699975" confidence="0.8">
<link xlink:type="simple" xlink:href="../649/981649.xml">
Trident (MSHTML)</link></machine>
</device>
</motor>
</engine>
</instrumentality>
</artifact>
&nbsp;·  <software wordnetid="106566077" confidence="0.8">
<program wordnetid="106568978" confidence="0.8">
<written_communication wordnetid="106349220" confidence="0.8">
<writing wordnetid="106359877" confidence="0.8">
<code wordnetid="106355894" confidence="0.8">
<coding_system wordnetid="106353757" confidence="0.8">
<parser wordnetid="106577369" confidence="0.8">
<link xlink:type="simple" xlink:href="../900/5127900.xml">
MSXML</link></parser>
</coding_system>
</code>
</writing>
</written_communication>
</program>
</software>
&nbsp;·  <idea wordnetid="105833840" confidence="0.8">
<concept wordnetid="105835747" confidence="0.8">
<component wordnetid="105868954" confidence="0.8">
<part wordnetid="105867413" confidence="0.8">
<link xlink:type="simple" xlink:href="../966/11167966.xml">
RSS Platform</link></part>
</component>
</concept>
</idea>
&nbsp;· <programming_language wordnetid="106898352" confidence="0.9508927676800064">
<link xlink:type="simple" xlink:href="../872/263872.xml">
JScript</link></programming_language>
&nbsp;·  <physical_entity wordnetid="100001930" confidence="0.8">
<person wordnetid="100007846" confidence="0.8">
<client wordnetid="109985075" confidence="0.8">
<causal_agent wordnetid="100007347" confidence="0.8">
<case wordnetid="109898892" confidence="0.8">
<link xlink:type="simple" xlink:href="../360/1594360.xml">
XMLHttpRequest</link></case>
</causal_agent>
</client>
</person>
</physical_entity>
&nbsp;·  <link xlink:type="simple" xlink:href="../497/93497.xml">
ActiveX</link>&nbsp;·  <link xlink:type="simple" xlink:href="../143/11389143.xml">
Administration Kit</link>&nbsp;·  <component wordnetid="103081021" confidence="0.8">
<part wordnetid="103892891" confidence="0.8">
<addition wordnetid="102679415" confidence="0.8">
<link xlink:type="simple" xlink:href="../992/11166992.xml">
Developer Toolbar</link></addition>
</part>
</component>
&nbsp;·  <artifact wordnetid="100021939" confidence="0.8">
<instrumentality wordnetid="103575240" confidence="0.8">
<engine wordnetid="103287733" confidence="0.8">
<motor wordnetid="103789946" confidence="0.8">
<device wordnetid="103183080" confidence="0.8">
<language wordnetid="106282651" confidence="0.8">
<machine wordnetid="103699975" confidence="0.8">
<link xlink:type="simple" xlink:href="../695/8172695.xml">
HTA</link></machine>
</language>
</device>
</motor>
</engine>
</instrumentality>
</artifact>
&nbsp;·  <link xlink:type="simple" xlink:href="../788/2942788.xml">
HTML+TIME</link>&nbsp;·  <link xlink:type="simple" xlink:href="../992/11166992.xml">
Internet Explorer Developer Toolbar</link>&nbsp;·  <message wordnetid="106598915" confidence="0.8">
<information wordnetid="106634376" confidence="0.8">
<format wordnetid="106636806" confidence="0.8">
<link xlink:type="simple" xlink:href="../688/922688.xml">
Web Archive (MHTML)</link></format>
</information>
</message>
&nbsp;· <link xlink:type="simple" xlink:href="../310/398310.xml">
Favicon</link>&nbsp;·  <link xlink:type="simple" xlink:href="../170/14671170.xml">
HTML Components</link>&nbsp;·  <link xlink:type="simple" xlink:href="../610/366610.xml">
Vector Markup Language (VML)</link>&nbsp;· <know-how wordnetid="105616786" confidence="0.8">
<method wordnetid="105660268" confidence="0.8">
<link xlink:type="simple" xlink:href="../688/596688.xml">
Integrated Windows Authentication</link></method>
</know-how>
&nbsp;·  <structure wordnetid="104341686" confidence="0.8">
<artifact wordnetid="100021939" confidence="0.8">
<window wordnetid="104587648" confidence="0.8">
<supporting_structure wordnetid="104361095" confidence="0.8">
<framework wordnetid="103391770" confidence="0.8">
<link xlink:type="simple" xlink:href="../550/8674550.xml">
Temporary Internet Files</link></framework>
</supporting_structure>
</window>
</artifact>
</structure>
&nbsp;·  <message wordnetid="106598915" confidence="0.8">
<information wordnetid="106634376" confidence="0.8">
<format wordnetid="106636806" confidence="0.8">
<link xlink:type="simple" xlink:href="../790/943790.xml">
Index.dat</link></format>
</information>
</message>
&nbsp;·  <message wordnetid="106598915" confidence="0.8">
<information wordnetid="106634376" confidence="0.8">
<format wordnetid="106636806" confidence="0.8">
<link xlink:type="simple" xlink:href="../726/910726.xml">
Browser Helper Object (BHO)</link></format>
</information>
</message>
&nbsp;·  <link xlink:type="simple" xlink:href="../702/971702.xml">
Web Proxy Autodiscovery Protocol (WPAD)</link></col>
</row>
<row style="height:2px">

</row>
<row>
<col style=";;" class="navbox-group">
Previous technologies 
and related software</col>
<col style="text-align:left;border-left:2px solid #fdfdfd;width:100%;padding:0px;;;" class="navbox-list navbox-even">
<physical_entity wordnetid="100001930" confidence="0.8">
<person wordnetid="100007846" confidence="0.8">
<client wordnetid="109985075" confidence="0.8">
<causal_agent wordnetid="100007347" confidence="0.8">
<case wordnetid="109898892" confidence="0.8">
<link xlink:type="simple" xlink:href="../281/176281.xml">
Outlook Express</link></case>
</causal_agent>
</client>
</person>
</physical_entity>
&nbsp;·  <link xlink:type="simple" xlink:href="../494/3646494.xml">
Internet Mail and News</link>&nbsp;·  <software wordnetid="106566077" confidence="0.9508927676800064">
<link xlink:type="simple" xlink:href="../123/360123.xml">
Comic Chat/Chat 2.0</link></software>
&nbsp;·  <idea wordnetid="105833840" confidence="0.8">
<concept wordnetid="105835747" confidence="0.8">
<component wordnetid="105868954" confidence="0.8">
<component wordnetid="103081021" confidence="0.8">
<part wordnetid="105867413" confidence="0.8">
<part wordnetid="103892891" confidence="0.8">
<addition wordnetid="102679415" confidence="0.8">
<link xlink:type="simple" xlink:href="../279/1804279.xml">
NetMeeting</link></addition>
</part>
</part>
</component>
</component>
</concept>
</idea>
&nbsp;·  <format wordnetid="106636806" confidence="0.9508927676800064">
<link xlink:type="simple" xlink:href="../497/4531497.xml">
NetShow</link></format>
&nbsp;·  <link xlink:type="simple" xlink:href="../688/4930688.xml">
ActiveMovie</link>&nbsp;·  <link xlink:type="simple" xlink:href="../396/4452396.xml">
DirectX Media</link>&nbsp;·  <idea wordnetid="105833840" confidence="0.8">
<concept wordnetid="105835747" confidence="0.8">
<component wordnetid="105868954" confidence="0.8">
<component wordnetid="103081021" confidence="0.8">
<part wordnetid="105867413" confidence="0.8">
<part wordnetid="103892891" confidence="0.8">
<addition wordnetid="102679415" confidence="0.8">
<link xlink:type="simple" xlink:href="../463/4122463.xml">
Windows Address Book</link></addition>
</part>
</part>
</component>
</component>
</concept>
</idea>
&nbsp;·  <structure wordnetid="104341686" confidence="0.8">
<artifact wordnetid="100021939" confidence="0.8">
<window wordnetid="104587648" confidence="0.8">
<supporting_structure wordnetid="104361095" confidence="0.8">
<framework wordnetid="103391770" confidence="0.8">
<link xlink:type="simple" xlink:href="../975/3857975.xml">
Windows Desktop Update</link></framework>
</supporting_structure>
</window>
</artifact>
</structure>
&nbsp;·  <idea wordnetid="105833840" confidence="0.8">
<concept wordnetid="105835747" confidence="0.8">
<component wordnetid="105868954" confidence="0.8">
<part wordnetid="105867413" confidence="0.8">
<link xlink:type="simple" xlink:href="../316/1165316.xml">
Active Desktop</link></part>
</component>
</concept>
</idea>
&nbsp;·  <computer wordnetid="103082979" confidence="0.8">
<artifact wordnetid="100021939" confidence="0.8">
<instrumentality wordnetid="103575240" confidence="0.8">
<device wordnetid="103183080" confidence="0.8">
<machine wordnetid="103699975" confidence="0.8">
<web_site wordnetid="106359193" confidence="0.8">
<link xlink:type="simple" xlink:href="../280/2373280.xml">
Active Channel</link></web_site>
</machine>
</device>
</instrumentality>
</artifact>
</computer>
&nbsp;· <standard wordnetid="107260623" confidence="0.8">
<system_of_measurement wordnetid="113577171" confidence="0.8">
<link xlink:type="simple" xlink:href="../631/1500631.xml">
Channel Definition Format</link></system_of_measurement>
</standard>
&nbsp;·  <link xlink:type="simple" xlink:href="../351/14910351.xml">
Java Virtual Machine</link>&nbsp;·  <link xlink:type="simple" xlink:href="../740/10930740.xml">
Server Gated Cryptography (SGC)</link>&nbsp;·  <technique wordnetid="105665146" confidence="0.8">
<know-how wordnetid="105616786" confidence="0.8">
<drive wordnetid="104835724" confidence="0.8">
<enterprise wordnetid="104836074" confidence="0.8">
<method wordnetid="105660268" confidence="0.8">
<trait wordnetid="104616059" confidence="0.8">
<link xlink:type="simple" xlink:href="../329/13821329.xml">
Smart tags</link></trait>
</method>
</enterprise>
</drive>
</know-how>
</technique>
&nbsp;·  <software wordnetid="106566077" confidence="0.9508927676800064">
<link xlink:type="simple" xlink:href="../614/1129614.xml">
MSN Explorer</link></software>
&nbsp;·  <company wordnetid="108058098" confidence="0.8">
<institution wordnetid="108053576" confidence="0.8">
<link xlink:type="simple" xlink:href="../861/774861.xml">
Spyglass</link></institution>
</company>
&nbsp;· <artifact wordnetid="100021939" confidence="0.8">
<instrumentality wordnetid="103575240" confidence="0.8">
<engine wordnetid="103287733" confidence="0.8">
<motor wordnetid="103789946" confidence="0.8">
<device wordnetid="103183080" confidence="0.8">
<machine wordnetid="103699975" confidence="0.8">
<link xlink:type="simple" xlink:href="../650/981650.xml">
Tasman</link></machine>
</device>
</motor>
</engine>
</instrumentality>
</artifact>
</col>
</row>
<row style="height:2px">

</row>
<row>
<col style=";;" class="navbox-group">
Events</col>
<col style="text-align:left;border-left:2px solid #fdfdfd;width:100%;padding:0px;;;" class="navbox-list navbox-odd">
<military_action wordnetid="100952963" confidence="0.8">
<group_action wordnetid="101080366" confidence="0.8">
<event wordnetid="100029378" confidence="0.8">
<act wordnetid="100030358" confidence="0.8">
<psychological_feature wordnetid="100023100" confidence="0.8">
<war wordnetid="100973077" confidence="0.8">
<competition wordnetid="101168569" confidence="0.8">
<link xlink:type="simple" xlink:href="../709/486709.xml#xpointer(//*[./st=%22The+first+browser+war%22])">
First browser war</link></competition>
</war>
</psychological_feature>
</act>
</event>
</group_action>
</military_action>
&nbsp;· <link xlink:type="simple" xlink:href="../770/20770.xml">
United States v. Microsoft</link>&nbsp;·  <link xlink:type="simple" xlink:href="../351/14910351.xml#xpointer(//*[./st=%22Sun+vs.+Microsoft+settlement%22])">
Sun v. Microsoft</link>&nbsp;·   <link xlink:type="simple" xlink:href="../005/756005.xml">
Download.ject</link>&nbsp;·  <company wordnetid="108058098" confidence="0.8">
<institution wordnetid="108053576" confidence="0.8">
<link xlink:type="simple" xlink:href="../522/337522.xml#xpointer(//*[./st=%22The+patent%22])">
Eolas v. Microsoft</link></institution>
</company>
&nbsp;·  <military_action wordnetid="100952963" confidence="0.8">
<group_action wordnetid="101080366" confidence="0.8">
<event wordnetid="100029378" confidence="0.8">
<act wordnetid="100030358" confidence="0.8">
<psychological_feature wordnetid="100023100" confidence="0.8">
<war wordnetid="100973077" confidence="0.8">
<competition wordnetid="101168569" confidence="0.8">
<link xlink:type="simple" xlink:href="../709/486709.xml#xpointer(//*[./st=%22The+second+browser+war%22])">
Second browser war</link></competition>
</war>
</psychological_feature>
</act>
</event>
</group_action>
</military_action>
</col>
</row>
<row style="height:2px">

</row>
<row>
<col style=";;" class="navbox-group">
Related topics</col>
<col style="text-align:left;border-left:2px solid #fdfdfd;width:100%;padding:0px;;;" class="navbox-list navbox-even">
<link xlink:type="simple" xlink:href="../045/978045.xml">
Comparison of Web browsers</link>&nbsp;·  <link xlink:type="simple" xlink:href="../262/1876262.xml">
Usage share of web browsers</link>&nbsp;·  <link xlink:type="simple" xlink:href="../106/1122106.xml">
List of web browsers</link>&nbsp;·  <link xlink:type="simple" xlink:href="../679/4786679.xml">
Browser timeline</link></col>
</row>
</table>
</col>
</row>
</table>
</p>



</sec>
</bdy>
</article>
