<?xml version="1.0" encoding="UTF-8"?>
<!-- generated by CLiX/Wiki2XML [MPI-Inf, MMCI@UdS] $LastChangedRevision: 92 $ on 17.04.2009 00:29:55[mciao0825] -->
<!DOCTYPE article SYSTEM "../article.dtd">
<article xmlns:xlink="http://www.w3.org/1999/xlink">
<header>
<title>Social Semantic Web</title>
<id>10937684</id>
<revision>
<id>243295754</id>
<timestamp>2008-10-05T23:16:37Z</timestamp>
<contributor>
<username>Mdd</username>
<id>113850</id>
</contributor>
</revision>
<categories>
<category>Web 2.0</category>
<category>Semantic Web</category>
<category>World Wide Web</category>
</categories>
</header>
<bdy>

The concept of the <b>Social Semantic Web</b> subsumes developments in which social interactions on the <link xlink:type="simple" xlink:href="../139/33139.xml">
Web</link> lead to the creation of explicit and semantically rich knowledge representations. The Social Semantic Web can be seen as a Web of collective knowledge systems, which are able to provide useful information based on human contributions and which get better as more people participate.<ref xlink:type="simple" xlink:href="#xpointer(//reflist/entry[@id=%221%22])">1</ref> The Social Semantic Web combines technologies, strategies and methodologies from the <work wordnetid="100575741" confidence="0.8">
<event wordnetid="100029378" confidence="0.8">
<service wordnetid="100577525" confidence="0.8">
<act wordnetid="100030358" confidence="0.8">
<psychological_feature wordnetid="100023100" confidence="0.8">
<activity wordnetid="100407535" confidence="0.8">
<link xlink:type="simple" xlink:href="../123/29123.xml">
Semantic Web</link></activity>
</psychological_feature>
</act>
</service>
</event>
</work>
, <link xlink:type="simple" xlink:href="../980/1186980.xml">
Social Software</link> and the <work wordnetid="100575741" confidence="0.8">
<event wordnetid="100029378" confidence="0.8">
<service wordnetid="100577525" confidence="0.8">
<act wordnetid="100030358" confidence="0.8">
<psychological_feature wordnetid="100023100" confidence="0.8">
<meme wordnetid="105985126" confidence="0.8">
<activity wordnetid="100407535" confidence="0.8">
<acculturation wordnetid="105984936" confidence="0.8">
<link xlink:type="simple" xlink:href="../022/1555022.xml">
Web 2.0</link></acculturation>
</activity>
</meme>
</psychological_feature>
</act>
</service>
</event>
</work>
.
<sec>
<st>
 Overview </st>
<p>

The <b>socio-semantic web</b> (s2w) aims to complement the formal Semantic Web vision by adding a pragmatic approach relying on <link xlink:type="simple" xlink:href="../586/140586.xml">
description languages</link> for semantic browsing using <link xlink:type="simple" xlink:href="../509/846509.xml">
heuristic</link> classification and semiotic <link xlink:type="simple" xlink:href="../681/49681.xml">
ontologies</link>. A socio-semantic system has a continuous process of eliciting crucial knowledge of a domain through semi-formal ontologies, <link xlink:type="simple" xlink:href="../463/30463.xml">
taxonomies</link> or <link xlink:type="simple" xlink:href="../913/1145913.xml">
folksonomies</link>. S2w emphasize the importance of humanly created loose semantics as means to fulfil the vision of the semantic web. Instead of relying entirely on automated semantics with formal ontology processing and inferencing, humans are collaboratively building semantics aided by socio-semantic information systems. While the semantic web enables integration of business processing with precise automatic logic inference computing a cross domains, the socio-semantic web opens up for a more social interface to the semantics of businesses, allowing interoperability between business objects, actions and their users.</p>
<p>

Socio-semantic web was coined by Manuel Zacklad and Jean-Pierre Cahier in 2003 and used in the field of <link xlink:type="simple" xlink:href="../991/293991.xml">
Computer Supported Cooperative Work</link> (CSCW). It recently gained wider appeal after the release of <physical_entity wordnetid="100001930" confidence="0.8">
<architect wordnetid="109805475" confidence="0.8">
<person wordnetid="100007846" confidence="0.8">
<causal_agent wordnetid="100007347" confidence="0.8">
<creator wordnetid="109614315" confidence="0.8">
<link xlink:type="simple" xlink:href="../227/1040227.xml">
Peter Morville</link></creator>
</causal_agent>
</person>
</architect>
</physical_entity>
's book <it>Ambient Findability</it>.<ref xlink:type="simple" xlink:href="#xpointer(//reflist/entry[@id=%222%22])">2</ref> In Chapter 6 he defines the socio-semantic web as; relying on "the pace-layering of ontologies, taxonomies, and folksonomies to learn and adapt as well as teach and remember." We are seeing an increasing use of folksonomies on the web, and a corresponding decrease in the use of hierarchical taxonomies. Morville, the recognized librarian and information architect writes; “I’ll take the ancient tree of knowledge over the transient leaves of popularity any day”.<ref xlink:type="simple" xlink:href="#xpointer(//reflist/entry[@id=%223%22])">3</ref> There is undoubtedly scepticism towards the widespread and bushfire like adoption of folksonomies. The socio-semantic web may be seen as a middle way between the top-down monolithic taxonomy approach like the <web_site wordnetid="106359193" confidence="0.9508927676800064">
<link xlink:type="simple" xlink:href="../563/3359563.xml">
Yahoo! Directory</link></web_site>
 and the more recent collaborative tagging (folksonomy) approaches.</p>
<p>

The socio-semantic web differs from the semantic web in that the semantic web often is regarded as a system that will solve the epistemic interoperability issues we have to day. While the semantic web will provide ways for businesses to interoperate across domains the socio-semantic web will enable users to share knowledge.</p>
<p>

Morville is vague in his definition of the socio-semantic web and do not lay out any proposed models. We have identified three possible social approaches for solving the problems of user driven ontology evolution for the semantic web. First, users could create a folksonomy (flat taxonomy). With <link xlink:type="simple" xlink:href="../726/325726.xml">
Social Network Analysis</link> (SNA) in conjunction with automated parsers, the ontology could be extracted from the tags and this ontology could be entered into a <link xlink:type="simple" xlink:href="../777/167777.xml">
Topic Map</link>/<link>
TMCL</link><ref xlink:type="simple" xlink:href="#xpointer(//reflist/entry[@id=%224%22])">4</ref> or <format wordnetid="106636806" confidence="0.9508927676800064">
<link xlink:type="simple" xlink:href="../847/53847.xml">
RDF</link></format>
/<link xlink:type="simple" xlink:href="../780/4577780.xml">
OWL</link> ontology store. Secondly a set of ontology engineers or ontologists could manually analyze the tags created by the users and by using this data, create a more sound ontology. The third approach is to create a system for self governance where the users themselves create the ontology over time in an organic fashion. All of these approaches could start out with an empty ontology or be seeded manually or with an existing ontology, for example the <link xlink:type="simple" xlink:href="../955/33955.xml">
WordNet</link> ontology.<ref xlink:type="simple" xlink:href="#xpointer(//reflist/entry[@id=%225%22])">5</ref></p>

</sec>
<sec>
<st>
 Examples </st>
<p>

<list>
<entry level="1" type="bullet">

 <weblink xlink:type="simple" xlink:href="http://dbpedia.org">
DBpedia</weblink> is a community effort to extract structured information from <web_site wordnetid="106359193" confidence="0.9508927676800064">
<link xlink:type="simple" xlink:href="../734/5043734.xml">
Wikipedia</link></web_site>
 and to make this information available on the Web. <software wordnetid="106566077" confidence="0.9508927676800064">
<link xlink:type="simple" xlink:href="../154/11865154.xml">
DBpedia</link></software>
 allows you to ask sophisticated queries against Wikipedia and to link other datasets on the Web to Wikipedia data.</entry>
<entry level="1" type="bullet">

 <link xlink:type="simple" xlink:href="../869/7739869.xml">
SIOC</link> provides methods for interconnecting discussion methods such as <link xlink:type="simple" xlink:href="../645/33645.xml">
blog</link>s, forums and <link xlink:type="simple" xlink:href="../483/52483.xml">
mailing lists</link> to each other. It consists of the SIOC <link xlink:type="simple" xlink:href="../261/22261.xml">
ontology</link>, an open-standard machine readable format for expressing the information contained both explicitly and implicitly in internet discussion methods, of SIOC metadata producers for a number of popular blogging platforms and content management systems, and of storage and browsing / searching systems for leveraging this SIOC data.</entry>
<entry level="1" type="bullet">

 <weblink xlink:type="simple" xlink:href="http://www.stumpedia.com">
Stumpedia</weblink> is a social project and community effort that relies on human participation and <link xlink:type="simple" xlink:href="../913/1145913.xml">
folksonomies</link> to index, organize, and review the <link xlink:type="simple" xlink:href="../139/33139.xml">
world wide web</link>. The aim is to help build <link xlink:type="simple" xlink:href="../652/21652.xml">
Natural Language Processing</link> and the <work wordnetid="100575741" confidence="0.8">
<event wordnetid="100029378" confidence="0.8">
<service wordnetid="100577525" confidence="0.8">
<act wordnetid="100030358" confidence="0.8">
<psychological_feature wordnetid="100023100" confidence="0.8">
<activity wordnetid="100407535" confidence="0.8">
<link xlink:type="simple" xlink:href="../123/29123.xml">
Semantic Web</link></activity>
</psychological_feature>
</act>
</service>
</event>
</work>
.</entry>
</list>
</p>

</sec>
<sec>
<st>
 References </st>

<p>

<reflist>
<entry id="1">
 <link xlink:type="simple" xlink:href="../280/19627280.xml">
Tom Gruber</link> (2006). <weblink xlink:type="simple" xlink:href="http://tomgruber.org/writing/social-web-meets-semantic-web.pdf">
"Where the Social Web Meets the Semantic Web"</weblink>. Keynote presentation at ISWC, The 5th International Semantic Web Conference, November 7, 2006</entry>
<entry id="2">
 <cite style="font-style:normal" class="book"><physical_entity wordnetid="100001930" confidence="0.8">
<architect wordnetid="109805475" confidence="0.8">
<person wordnetid="100007846" confidence="0.8">
<causal_agent wordnetid="100007347" confidence="0.8">
<creator wordnetid="109614315" confidence="0.8">
<link xlink:type="simple" xlink:href="../227/1040227.xml">
Peter Morville</link></creator>
</causal_agent>
</person>
</architect>
</physical_entity>
&#32;(<link xlink:type="simple" xlink:href="../178/28178.xml">
26 September</link> <link xlink:type="simple" xlink:href="../984/35984.xml">
2005</link>). Ambient Findability.&#32;<company wordnetid="108058098" confidence="0.9508927676800064">
<link xlink:type="simple" xlink:href="../827/216827.xml">
O'Reilly Media</link></company>
. ISBN 978-0-59-600765-2.</cite>&nbsp;</entry>
<entry id="3">
 <cite class="inline">(<link xlink:type="simple" xlink:href="#xpointer(//cite[@id=%22CITEREF_Morville__2005%22])">
Morville   2005</link>, p.&nbsp;139)</cite></entry>
<entry id="4">
"<weblink xlink:type="simple" xlink:href="http://www.isotopicmaps.org/tmcl/">
The Topic Map Constraint Language</weblink>".</entry>
<entry id="5">
"<weblink xlink:type="simple" xlink:href="http://www.w3.org/2001/sw/BestPractices/WNET/wordnet-sw-20040713.html">
Wordnet in RDFS and OWL</weblink>".</entry>
</reflist>
</p>

</sec>
<sec>
<st>
 External links</st>
<p>

<list>
<entry level="1" type="bullet">

 <weblink xlink:type="simple" xlink:href="http://aksw.org/SocialSemanticWebConference">
Conference on Social Semantic Web (CSSW)</weblink></entry>
<entry level="1" type="bullet">

 <weblink xlink:type="simple" xlink:href="http://www.i-semantics.at">
I-Semantics 2007, introducing the Social Semantic Web</weblink></entry>
<entry level="1" type="bullet">

 <company wordnetid="108058098" confidence="0.9508927676800064">
<link xlink:type="simple" xlink:href="../820/12728820.xml">
Metaweb</link></company>
 — developers of the online semantic database <link xlink:type="simple" xlink:href="../571/12730571.xml">
Freebase</link></entry>
<entry level="1" type="bullet">

 <company wordnetid="108058098" confidence="0.9508927676800064">
<link xlink:type="simple" xlink:href="../278/12726278.xml">
Radar Networks</link></company>
 — developers of semantic web applications for the general public</entry>
<entry level="1" type="bullet">

 <weblink xlink:type="simple" xlink:href="http://blog.eturner.net/?p=22">
Mashups in the Middle - Bridging the Gap to the Semantic Web</weblink></entry>
<entry level="1" type="bullet">

 <weblink xlink:type="simple" xlink:href="http://www.win.tue.nl/SW-EL/2006/camera-ready/02-bateman_brooks_mccalla_SWEL2006_final.pdf">
Collaborative Tagging Approaches for Ontological Metadata in Adaptive E-Learning Systems (PDF)</weblink>.</entry>
<entry level="1" type="bullet">

 <weblink xlink:type="simple" xlink:href="http://zaher.tech-cico.fr/publi/zaher-et-al-setit-07-106.pdf">
Digital Identities and Management of Identifiers for a Socio-Semantic Web</weblink></entry>
<entry level="1" type="bullet">

 <weblink xlink:type="simple" xlink:href="http://arantxa.ii.uam.es/~rcarro/AHCW04/Lewkowicz.pdf">
A Web-based Annotation System for Improving Cooperation in a Care Network</weblink></entry>
</list>
</p>



</sec>
</bdy>
</article>
