<?xml version="1.0" encoding="UTF-8"?>
<!-- generated by CLiX/Wiki2XML [MPI-Inf, MMCI@UdS] $LastChangedRevision: 92 $ on 17.04.2009 00:31:13[mciao0826] -->
<!DOCTYPE article SYSTEM "../article.dtd">
<article xmlns:xlink="http://www.w3.org/1999/xlink">
<accomplishment  confidence="0.8" wordnetid="100035189">
<event  confidence="0.8" wordnetid="100029378">
<action  confidence="0.8" wordnetid="100037396">
<act  confidence="0.8" wordnetid="100030358">
<psychological_feature  confidence="0.8" wordnetid="100023100">
<feat  confidence="0.8" wordnetid="100036762">
<header>
<title>Evil twin (wireless networks)</title>
<id>10939530</id>
<revision>
<id>239440121</id>
<timestamp>2008-09-19T02:12:15Z</timestamp>
<contributor>
<username>BrookMiles</username>
<id>1941653</id>
</contributor>
</revision>
<categories>
<category>Web_security_exploits</category>
</categories>
</header>
<bdy>

For other uses, see <link xlink:type="simple" xlink:href="../715/12954715.xml">
Evil twin (disambiguation)</link>.
<b>Evil Twin</b> is a term for a rogue <link xlink:type="simple" xlink:href="../973/63973.xml">
Wi-Fi</link> access point that appears to be a legitimate one offered on the premises, but actually has been set up by a hacker to eavesdrop on wireless communications among Internet surfers. <ref xlink:type="simple" xlink:href="#xpointer(//reflist/entry[@id=%221%22])">1</ref><p>

This type of <b>Evil Twin Attack</b> may be used by a hacker to steal the passwords of unsuspecting users by either snooping the communication link or by phishing, which involves setting up a fraudulent Web site and luring people there.<ref xlink:type="simple" xlink:href="#xpointer(//reflist/entry[@id=%222%22])">2</ref></p>
<p>

A rogue Wi-Fi connection can be set up on a laptop with a bit of simple programming and wireless card that acts as an access point. The access points are hard to trace, since they can suddenly be shut off, and are easy to build.  A hacker can make their own wireless networks that appear to be legitimate by simply giving their access point a similar name to the Wi-Fi network on the premises. Since the hacker may be physically closer to the victim than the real access point, their signal will be stronger, potentially drawing more victims.  The hacker's computer can be configured to pass the person through to the legitimate access point while monitoring the traffic of the victim, or it can simply say the system is temporarily unavailable after obtaining a user id and password.<ref xlink:type="simple" xlink:href="#xpointer(//reflist/entry[@id=%223%22])">3</ref> </p>
<p>

Several free programs available on the Internet can decode packets to reveal clear-text logins and passwords.  Using an Evil Twin attack a hacker is able to harvest Web applications such as email that could send passwords in clear text.</p>
<p>

One way that Corporate users can protect themselves from an Evil Twin attack is by using VPN (<link xlink:type="simple" xlink:href="../130/147130.xml">
virtual private network</link>) when logging into company servers. They should not send sensitive information such as bank account information or corporate user ids and passwords over a wireless network.<ref xlink:type="simple" xlink:href="#xpointer(//reflist/entry[@id=%224%22])">4</ref> </p>


<p>

Hackers typically setup Evil twin attacks near free hotspots, such as airports, cafes, hotels or libraries<ref xlink:type="simple" xlink:href="#xpointer(//reflist/entry[@id=%225%22])">5</ref></p>
<p>

.  </p>

<sec>
<st>
References</st>
<p>

<reflist>
<entry id="1">
"Strange Wi-Fi spots may harbor hackers: ID thieves may lurk behind a hot spot with a friendly name." Andrew D. Smith. The Dallas Morning News. Knight Ridder Tribune Business News. Washington: May 9, 2007.  pg. 1 Source type: Wire Feed 
ProQuest document ID: 1267536891 
Text Word Count 766 
Document URL: <weblink xlink:type="simple" xlink:href="http://proquest.umi.com/pqdweb?did=1267536891&amp;sid=1&amp;Fmt=3&amp;clientId=76566&amp;RQT=309&amp;VName=PQD">
http://proquest.umi.com/pqdweb?did=1267536891&amp;sid=1&amp;Fmt=3&amp;clientId=76566&amp;RQT=309&amp;VName=PQD</weblink> (subscription).  Retrieved June 6, 2007</entry>
<entry id="2">
"Security Watch. Daniel Wolfe. American Banker. New York, N.Y.: Feb 14, 2007. Vol.172, Iss. 31;  pg. 7. (A security firm used an Evil Twin as a test to obtain passwords from attendees at RSA security conference). Source type: Newspaper 
ISSN: 00027561 
ProQuest document ID: 1219496681 
Text Word Count 1097 
Document URL: <weblink xlink:type="simple" xlink:href="http://proquest.umi.com/pqdweb?did=1219496681&amp;sid=1&amp;Fmt=3&amp;clientId=76566&amp;RQT=309&amp;VName=PQD">
http://proquest.umi.com/pqdweb?did=1219496681&amp;sid=1&amp;Fmt=3&amp;clientId=76566&amp;RQT=309&amp;VName=PQD</weblink> (subscription). Retrieved June 6, 2007</entry>
<entry id="3">
"Computer Column." Craig Crossman. Knight Ridder Tribune Business News. Washington: Aug 24, 2005.  pg. 1. Source type: Wire Feed 
ProQuest document ID: 886418531 
Text Word Count 761 
Document URL: <weblink xlink:type="simple" xlink:href="http://proquest.umi.com/pqdweb?did=886418531&amp;sid=1&amp;Fmt=3&amp;clientId=76566&amp;RQT=309&amp;VName=PQD">
http://proquest.umi.com/pqdweb?did=886418531&amp;sid=1&amp;Fmt=3&amp;clientId=76566&amp;RQT=309&amp;VName=PQD</weblink> (Subscription). retrieved June 6, 2007</entry>
<entry id="4">
Attorney General Madigan warns computer users about 'Evil twin' attacks at wireless hotspots. US Fed News Service, Including US State News. Washington, D.C.: Jan 17, 2006. News release by Illinois Attorney General. Source type: Wire Feed 
ProQuest document ID: 975720601 
Text Word Count 471 
Document URL: <weblink xlink:type="simple" xlink:href="http://proquest.umi.com/pqdweb?did=975720601&amp;sid=1&amp;Fmt=3&amp;clientId=76566&amp;RQT=309&amp;VName=PQD">
http://proquest.umi.com/pqdweb?did=975720601&amp;sid=1&amp;Fmt=3&amp;clientId=76566&amp;RQT=309&amp;VName=PQD</weblink> (Subscription). retrieved June 6, 2007.</entry>
<entry id="5">
Access Without Authentification: how and why we let anyone surf our wireless."Donna Watkins. Computers in Libraries. Westport: Mar 2006. Vol.26, Iss. 3;  pg. 10, 5 pgs. Source type: Periodical 
ISSN: 10417915 
ProQuest document ID: 1000365471 
Text Word Count 2618 
Document URL: <weblink xlink:type="simple" xlink:href="http://proquest.umi.com/pqdweb?did=1000365471&amp;sid=1&amp;Fmt=4&amp;clientId=76566&amp;RQT=309&amp;VName=PQD">
http://proquest.umi.com/pqdweb?did=1000365471&amp;sid=1&amp;Fmt=4&amp;clientId=76566&amp;RQT=309&amp;VName=PQD</weblink> (subscription). retrieved June 6, 2007</entry>
</reflist>

<list>
<entry level="1" type="bullet">

 Jeremy Kirk, 'Evil twin' Hotspots Proliferate', IDG News Service,  Apr 25, 2007 </entry>
</list>
</p>


</sec>
<sec>
<st>
Related</st>
<p>

<list>
<entry level="1" type="bullet">

 <weblink xlink:type="simple" xlink:href="http://fr3dc3rv.blogspot.com/2007/04/evil-twin.html">
FR3DC3RV Evil Twin Paper</weblink></entry>
<entry level="1" type="bullet">

 <weblink xlink:type="simple" xlink:href="http://airsnarf.shmoo.com/">
Airsnarf</weblink></entry>
</list>
</p>

</sec>
</bdy>
</feat>
</psychological_feature>
</act>
</action>
</event>
</accomplishment>
</article>
