<?xml version="1.0" encoding="UTF-8"?>
<!-- generated by CLiX/Wiki2XML [MPI-Inf, MMCI@UdS] $LastChangedRevision: 92 $ on 16.04.2009 18:06:38[mciao0825] -->
<!DOCTYPE article SYSTEM "../article.dtd">
<article xmlns:xlink="http://www.w3.org/1999/xlink">
<region  confidence="0.8" wordnetid="108630985">
<village  confidence="0.8" wordnetid="108672738">
<location  confidence="0.8" wordnetid="100027167">
<settlement  confidence="0.8" wordnetid="108672562">
<geographical_area  confidence="0.8" wordnetid="108574314">
<header>
<title>Miniara</title>
<id>1094251</id>
<revision>
<id>241369988</id>
<timestamp>2008-09-27T18:45:22Z</timestamp>
<contributor>
<username>D6</username>
<id>75561</id>
</contributor>
</revision>
<categories>
<category>Settlements in Lebanon</category>
<category>Rough translations</category>
</categories>
</header>
<bdy>

<table class="metadata plainlinks ambox ">
<row>
<col>

ambox-style" style=""</col>
</row>
<row>
<col class="mbox-image"><p>

<image width="50px" src="Translation_arrow.svg">
<caption>

Translation arrow icon
</caption>
</image>
</p>
</col>
<col style="" class="mbox-text">
 <b>This article is a rough  of an article in <it>Arabic</it></b><b>.</b>
It may have been generated by a computer or by a translator with limited proficiency in English or Arabic.
Feel free to <weblink xlink:type="simple" xlink:href="http://localhost:18088/wiki/index.php?title=Miniara&amp;action=edit">
enhance the translation</weblink>. For reference, the original article may appear under "Arabic" in the <it>"languages"</it> list.</col>
</row>
</table>


<b>Miniara</b> (<language wordnetid="106282651" confidence="0.9508927676800064">
<link xlink:type="simple" xlink:href="../803/803.xml">
Arabic</link></language>
: منياره&amp;lrm;) (also transliterated <b>Manyara</b>) is a village in the Mouhafazah of Akkar, North <country wordnetid="108544813" confidence="0.9508927676800064">
<link xlink:type="simple" xlink:href="../771/17771.xml">
Lebanon</link></country>
, 9 kilometers east of the <link xlink:type="simple" xlink:href="../006/19006.xml">
Mediterranean Sea</link>, and 3 kilometers south of <link xlink:type="simple" xlink:href="../725/3971725.xml">
Halba</link>. The population is between 3000 and 4000. Miniara is the birth place of Ibrahim <it>beik</it> El-<link>
Sarraf</link>, the first member of the Lebanese parliament to represent the Christian seat of <link xlink:type="simple" xlink:href="../785/8380785.xml">
Akkar</link> when <country wordnetid="108544813" confidence="0.9508927676800064">
<link xlink:type="simple" xlink:href="../771/17771.xml">
Lebanon</link></country>
 was still a French Mandate.<p>

Many people originating from this village now reside in <link xlink:type="simple" xlink:href="../232/31232.xml">
Tripoli</link>, <village wordnetid="108672738" confidence="0.9508927676800064">
<link xlink:type="simple" xlink:href="../428/37428.xml">
Beirut</link></village>
, other Lebanese regions or abroad. </p>
<p>

The mayor is Toni Naim Abboud, who has won the municipality for two terms in a row.</p>

<sec>
<st>
Geography</st>
<p>

Miniara is close to the coast and close to the mountains. The plains (<it>Sahel</it>) of Miniara are well known for their fertile land where vineyards and vegetables are grown in plentitude. </p>

</sec>
<sec>
<st>
Social life</st>
<p>

The population is culturally diverse. Most people are <link xlink:type="simple" xlink:href="../522/18337522.xml">
Christian</link>s, but of several different denominations. <link xlink:type="simple" xlink:href="../547/52547.xml">
Jehovah's Witness</link>es are the most numerous and  <link xlink:type="simple" xlink:href="../731/224731.xml">
Greek Orthodox</link>, <link xlink:type="simple" xlink:href="../848/606848.xml">
Roman Catholics</link> and <link xlink:type="simple" xlink:href="../979/3979.xml">
Baptists</link> are also present. </p>
<p>

Also known as the village that started other villages off, in terms of, teaching about clothing, food, and fashion, Miniara is a relatively wealthy village. </p>
<p>

One is from the village of Manyara villages free of illiteracy, replete with intellectuals and holders of advanced degrees, high restaurants and summer festivals and concerts organized and sponsored by the municipality Manyara, and the municipality of Manyara is one of the best municipalities have made a lot of projects and rehabilitation of physical infrastructure and the establishment of a garden General and playgrounds for children and a lot of projects that serve the citizen and these achievements have been achieved under the supervision of the President, Mr. Mayor Anton Abboud, Manyara abound in growing olives and citrus and grapevines of the most important products Shopping Spree olive oil, ethnicity and wine in addition to a number of other products from Manyara Lebanese villages are characterized as a distinctive destination for all surrounding villages to seek knowledge and culture, needs and buying pleasure, which in Hadiiqtma and eliminate Night Life and the holidays in the restaurants, and had the first President, Mr. Mayor Anton Abboud prominent attention to improving the conditions of the village on the service and cultural might Mayor sought to provide security, and highlight the civilized face of Manyara, through many construction projects.</p>

</sec>
<sec>
<st>
 Families of Miniara </st>

<p>

El-Sarraf (<language wordnetid="106282651" confidence="0.9508927676800064">
<link xlink:type="simple" xlink:href="../803/803.xml">
Arabic</link></language>
: <b>ٱلصرّاف</b>&amp;lrm;):
Fouad Ibrahim Sarraf was the mayor of Miniara from the mid 1960's to mid 1990's. During the civil war years, Miniara's council under the leadership of Fouad Ibrahim Sarraf remained functional to the extent possible where most other councils in <country wordnetid="108544813" confidence="0.9508927676800064">
<link xlink:type="simple" xlink:href="../771/17771.xml">
Lebanon</link></country>
 dissolved under political and military pressure. Dr Yacoub Sarraf was a former Minister for Health and member of parliament for several terms beginning in 1943 until 1972 when Franjieh came to power. Dr Riad Sarraf was a member of parliament for two terms, 1992-1996. <physical_entity wordnetid="100001930" confidence="0.8">
<politician wordnetid="110451263" confidence="0.8">
<person wordnetid="100007846" confidence="0.8">
<leader wordnetid="109623038" confidence="0.8">
<causal_agent wordnetid="100007347" confidence="0.8">
<link xlink:type="simple" xlink:href="../741/7918741.xml">
Yacoub Riad Sarraf</link></causal_agent>
</leader>
</person>
</politician>
</physical_entity>
 was the former Governor of <village wordnetid="108672738" confidence="0.9508927676800064">
<link xlink:type="simple" xlink:href="../428/37428.xml">
Beirut</link></village>
 and Mount-Lebanon for several years, was the Minister of Environment from July 2005 to July 2008 and was the acting Minister of Defence during the absence of <physical_entity wordnetid="100001930" confidence="0.8">
<politician wordnetid="110451263" confidence="0.8">
<person wordnetid="100007846" confidence="0.8">
<leader wordnetid="109623038" confidence="0.8">
<causal_agent wordnetid="100007347" confidence="0.8">
<link xlink:type="simple" xlink:href="../966/2217966.xml">
Elias Murr</link></causal_agent>
</leader>
</person>
</politician>
</physical_entity>
. Refer to <physical_entity wordnetid="100001930" confidence="0.8">
<politician wordnetid="110451263" confidence="0.8">
<person wordnetid="100007846" confidence="0.8">
<leader wordnetid="109623038" confidence="0.8">
<causal_agent wordnetid="100007347" confidence="0.8">
<link xlink:type="simple" xlink:href="../741/7918741.xml">
Yacoub Riad Sarraf</link></causal_agent>
</leader>
</person>
</politician>
</physical_entity>
's wiki page for <it>his</it> political story and affiliation.</p>
<p>

Bahliss:
Yaacoub Bahliss was a first doctor in Akkar, Bassim Bahliss was the president for the education government center in north Lebanon, he wrote lots of books and he is well known for his enormous favours that he has done for a lot of people. General Bahige Bahliss was from the first officers of the Lebanese army when it was created, he has very important positions nationwide and international such as being president for the International Civil Defense. Nowadays there is Doctor Nizar Bahliss, a cancer professor that was awarded the best cancer researcher in North America in 2004. The Bahliss family is well known for their education and public relations.</p>
<p>

Another major family in the village is Saoud. A very big and known family that was a political rival to the Sarraf family for over a century. The Sarraf family tried for year to limit their important role in the region without succeeding. </p>
<p>

Miniara has many prominent families such as Ayoub, Naous, Kafrouni, Hiar, Rabahi, Melhem, Mansour, Bourdoukan, Sabbagh, Toulany, Farah etc. All of these families contributed to the modernisation of Miniara.</p>

</sec>
<sec>
<st>
 Education </st>
<p>

The literacy rate in Miniara is relatively high. The majority of Miniara's teenage population is either in high school or has completed high school. </p>
<p>

Miniara stands to be one of the most backward towns in terms of education. The region (Akkar) where Miniara is proud to be located is one of the poorest and less educated in the country. People in Miniara are very ignorant and still follow old traditions that began almost 500 years ago. Each person who lives in the village is proud to have a doctorate in ignorance. </p>
<p>

Miniara has both private and public schools.</p>

<ss1>
<st>
Private Schools</st>
<p>

<list>
<entry level="1" type="bullet">

Miniara Protestant School</entry>
<entry level="1" type="bullet">

Saint Joseph's College</entry>
<entry level="1" type="bullet">

Saint Joseph's School</entry>
<entry level="1" type="bullet">

Miniara Russian School</entry>
</list>
</p>

</ss1>
<ss1>
<st>
Public Schools</st>
<p>

<list>
<entry level="1" type="bullet">

Miniara Female Public School</entry>
</list>

Reda Ibrahim Sarraf (died 18-07-2007) was the previous Principal and served for over 50 years. Her record of dedication is unrivaled, exemplary and noteworthy.
<list>
<entry level="1" type="bullet">

Miniara Boys Public School</entry>
</list>
</p>

</ss1>
</sec>
<sec>
<st>
 Employment </st>
<p>

Students choose career paths such as teaching, army personnelle, doctors, lawyers and engineers.
The majority of young students of Miniara prefer to study overseas (most likely <link xlink:type="simple" xlink:href="../750/3434750.xml">
USA</link>, <country wordnetid="108544813" confidence="0.9508927676800064">
<link xlink:type="simple" xlink:href="../264/4689264.xml">
Australia</link></country>
 or <region wordnetid="108630039" confidence="0.9508927676800064">
<link xlink:type="simple" xlink:href="../916/5042916.xml">
Canada</link></region>
) because of the unstable political situation in Lebanon. 
A large percentage of individuals prefer to work in the Arab countries after graduation.</p>

</sec>
<sec>
<st>
 Health </st>

</sec>
<sec>
<st>
 Politics </st>
<p>

Completed in the region of Akkar, the first project of twinning between municipalities Manyara - Akar, and Karatagina - Colombia, one of the major municipalities in Colombia. The mayor Manyara Antoine Abboud, "This twinning cover all areas, including: development, health projects, cultural, social reconstruction and others. He added:" This twinning will contribute to the process of improving and developing the performance of the municipality Manyara, especially after the discounts, which affected the municipalities of Akkar, Including Mayor Manyara, which impacted negatively on municipal work, "indicating" that this is the first municipality in the Akkar region, which completed twinning with foreign municipality, thanks to expatriates in Colombia of Lebanese origin of the Akkar region.</p>

</sec>
<sec>
<st>
 References </st>
<p>

<list>
<entry level="1" type="bullet">

<weblink xlink:type="simple" xlink:href="http://www.almustaqbal.com/stories.aspx?StoryID=39808">
Al Mustaqbal - article on Fouad Ibrahim Sarraf</weblink> accessed January 13, 2007.</entry>
</list>
</p>
<p>

<link xlink:type="simple" xlink:href="../361/48361.xml">
Coordinates</link>: <weblink xlink:type="simple" xlink:href="http://stable.toolserver.org/geohack/geohack.php?pagename=Miniara&amp;params=34_31_57_N_36_03_38.76_E_region:LB_type:city_source:enwiki-GNS">
34°31′57″N 36°03′38.76″E﻿ / ﻿34.5325, 36.0607667</weblink></p>


</sec>
</bdy>
</geographical_area>
</settlement>
</location>
</village>
</region>
</article>
