<?xml version="1.0" encoding="UTF-8"?>
<!-- generated by CLiX/Wiki2XML [MPI-Inf, MMCI@UdS] $LastChangedRevision: 92 $ on 17.04.2009 00:31:16[mciao0826] -->
<!DOCTYPE article SYSTEM "../article.dtd">
<article xmlns:xlink="http://www.w3.org/1999/xlink">
<bus  confidence="0.9508927676800064" wordnetid="102924116">
<bus_route  confidence="0.9511911446218017" wordnetid="108517554">
<header>
<title>London Buses route 94</title>
<id>10941342</id>
<revision>
<id>221740650</id>
<timestamp>2008-06-25T21:49:39Z</timestamp>
<contributor>
<username>Signalhead</username>
<id>2989394</id>
</contributor>
</revision>
<categories>
<category>Transport in Hammersmith &amp; Fulham</category>
<category>Transport in Westminster</category>
<category>Transport in Ealing</category>
<category>Bus routes in London</category>
</categories>
</header>
<bdy>
<template>
<name>Infobox London Bus</name>
<parameters>

<image width="300px" src="Transdev_TLA17_on_94.JPG">
</image>
<pvr>
31</pvr>
<via>
Oxford CircusMarble ArchLancaster GateQueenswayShepherd's BushStarch GreenTurnham Green</via>
<garage>
<mathematical_relation wordnetid="113783581" confidence="0.8">
<company wordnetid="108058098" confidence="0.8">
<operator wordnetid="113786413" confidence="0.8">
<institution wordnetid="108053576" confidence="0.8">
<function wordnetid="113783816" confidence="0.8">
<link xlink:type="simple" xlink:href="../147/6884147.xml#xpointer(//*[./st=%22Shepherd's+Bush%22])">
Shepherd's Bush</link></function>
</institution>
</operator>
</company>
</mathematical_relation>
</garage>
<vehicle>
<conveyance wordnetid="103100490" confidence="0.8">
<artifact wordnetid="100021939" confidence="0.8">
<instrumentality wordnetid="103575240" confidence="0.8">
<bus wordnetid="102924116" confidence="0.8">
<public_transport wordnetid="104019101" confidence="0.8">
<vehicle wordnetid="104524313" confidence="0.8">
<link xlink:type="simple" xlink:href="../525/3564525.xml">
Dennis Trident 2</link></vehicle>
</public_transport>
</bus>
</instrumentality>
</artifact>
</conveyance>
 10.5m / <conveyance wordnetid="103100490" confidence="0.8">
<artifact wordnetid="100021939" confidence="0.8">
<instrumentality wordnetid="103575240" confidence="0.8">
<bus wordnetid="102924116" confidence="0.8">
<public_transport wordnetid="104019101" confidence="0.8">
<link xlink:type="simple" xlink:href="../306/2251306.xml">
Alexander ALX400</link></public_transport>
</bus>
</instrumentality>
</artifact>
</conveyance>
</vehicle>
<number>
94</number>
<frequency>
About every 5-10 minutes</frequency>
<operator>
<mathematical_relation wordnetid="113783581" confidence="0.8">
<company wordnetid="108058098" confidence="0.8">
<operator wordnetid="113786413" confidence="0.8">
<institution wordnetid="108053576" confidence="0.8">
<function wordnetid="113783816" confidence="0.8">
<link xlink:type="simple" xlink:href="../147/6884147.xml">
Transdev London</link></function>
</institution>
</operator>
</company>
</mathematical_relation>
</operator>
<time>
29-59 minutes</time>
<level>
24-hour service</level>
<ibus>
yes</ibus>
<start>
<product wordnetid="104007894" confidence="0.8">
<creation wordnetid="103129123" confidence="0.8">
<structure wordnetid="104341686" confidence="0.8">
<artifact wordnetid="100021939" confidence="0.8">
<memorial wordnetid="103743902" confidence="0.8">
<oeuvre wordnetid="103841417" confidence="0.8">
<street wordnetid="104334599" confidence="0.8">
<way wordnetid="104564698" confidence="0.8">
<end_product wordnetid="103287178" confidence="0.8">
<thoroughfare wordnetid="104426618" confidence="0.8">
<road wordnetid="104096066" confidence="0.8">
<link xlink:type="simple" xlink:href="../188/229188.xml">
Piccadilly Circus</link></road>
</thoroughfare>
</end_product>
</way>
</street>
</oeuvre>
</memorial>
</artifact>
</structure>
</creation>
</product>
</start>
<length>
6 miles (10 km)</length>
<night>
24-hour service</night>
<day>
24-hour service</day>
<end>
<region wordnetid="108630985" confidence="0.8">
<village wordnetid="108672738" confidence="0.8">
<location wordnetid="100027167" confidence="0.8">
<settlement wordnetid="108672562" confidence="0.8">
<geographical_area wordnetid="108574314" confidence="0.8">
<link xlink:type="simple" xlink:href="../201/2610201.xml">
Acton Green</link></geographical_area>
</settlement>
</location>
</village>
</region>
</end>
</parameters>
</template>

<p>

<b>London Buses route 94</b> is a <company wordnetid="108058098" confidence="0.9508927676800064">
<link xlink:type="simple" xlink:href="../145/31145.xml">
Transport for London</link></company>
 contracted bus route in <village wordnetid="108672738" confidence="0.9508927676800064">
<link xlink:type="simple" xlink:href="../867/17867.xml">
London</link></village>
, <autocracy wordnetid="108361001" confidence="0.8">
<system wordnetid="108435388" confidence="0.8">
<social_group wordnetid="107950920" confidence="0.8">
<political_orientation wordnetid="106212839" confidence="0.8">
<monarchy wordnetid="108363812" confidence="0.8">
<state wordnetid="108168978" confidence="0.8">
<political_unit wordnetid="108359949" confidence="0.8">
<political_system wordnetid="108367880" confidence="0.8">
<economy wordnetid="108366753" confidence="0.8">
<group wordnetid="100031264" confidence="0.8">
<democracy wordnetid="106217103" confidence="0.8">
<link xlink:type="simple" xlink:href="../717/31717.xml">
United Kingdom</link></democracy>
</group>
</economy>
</political_system>
</political_unit>
</state>
</monarchy>
</political_orientation>
</social_group>
</system>
</autocracy>
. The service is currently contracted to <mathematical_relation wordnetid="113783581" confidence="0.8">
<company wordnetid="108058098" confidence="0.8">
<operator wordnetid="113786413" confidence="0.8">
<institution wordnetid="108053576" confidence="0.8">
<function wordnetid="113783816" confidence="0.8">
<link xlink:type="simple" xlink:href="../147/6884147.xml">
Transdev London</link></function>
</institution>
</operator>
</company>
</mathematical_relation>
.</p>

<sec>
<st>
History</st>
<p>

The 94 was a new route in 1990 to replace the withdrawn section of <bus wordnetid="102924116" confidence="0.9508927676800064">
<link xlink:type="simple" xlink:href="../243/11108243.xml">
route 88</link></bus>
 between Acton Green &amp; Oxford Circus, it then ran parallel to route 88 to Trafalgar Square (Sundays only). In 1991 it was diverted to East Acton <it>DuCane Road</it> to increase the service because Shepherd's Bush lost the allocation of <bus wordnetid="102924116" confidence="0.9508927676800064">
<link xlink:type="simple" xlink:href="../249/4499249.xml">
route 12</link></bus>
 and was extended at all times to Trafalgar Square. It was withdrawn between Piccadilly Circus and Trafalgar Square in 1996. Route 94 diverted via Uxbridge Road to Shepherd's Bush <it>Princess Victoria</it> (Monday to Friday am peak) in 1998, but this section was withdrawn in 2001.</p>
<p>

Route 94 gained a night service in the form of N94. The 'N' prefix was dropped in 2004, thus becoming a "24-hour route"</p>
<p>

The 94 was a Routemaster operated route also typically using MCW Metrobuses it was even one of the last routes in London to uses the ageing Metrobuses as these were still running even after the withdrawal of the Routemasters. They were eventually replaced by Alexander ALX 400 Transbus Tridents in 2004.</p>
<p>

The route parallels the <link xlink:type="simple" xlink:href="../789/72789.xml">
Central Line</link> between Oxford Circus and Shepherd's Bush, and due to the Central Line's closure in April 2007, VP and VPL double-deckers from Hounslow &amp; Edgware garages were used to help the service. </p>


</sec>
<sec>
<st>
Current route</st>

<p>

<table style="background:transparent; width:100%;" cellpadding="0" class=" multicol" cellspacing="0">
<row>
<col align="left" width="50%" valign="top">
<ss1>
<st>
Route departing Acton Green</st>
<p>

<list>
<entry level="1" type="bullet">

<b><region wordnetid="108630985" confidence="0.8">
<village wordnetid="108672738" confidence="0.8">
<location wordnetid="100027167" confidence="0.8">
<settlement wordnetid="108672562" confidence="0.8">
<geographical_area wordnetid="108574314" confidence="0.8">
<link xlink:type="simple" xlink:href="../201/2610201.xml">
Acton Green</link></geographical_area>
</settlement>
</location>
</village>
</region>
</b> <it>Duke of Sussex''</it></entry>
<entry level="1" type="bullet">

South Parade</entry>
<entry level="1" type="bullet">

The Avenue for <it><artifact wordnetid="100021939" confidence="0.8">
<facility wordnetid="103315023" confidence="0.8">
<station wordnetid="104306080" confidence="0.8">
<link xlink:type="simple" xlink:href="../379/1081379.xml">
Turnham Green Station</link></station>
</facility>
</artifact>
''</it></entry>
<entry level="1" type="bullet">

<link xlink:type="simple" xlink:href="../956/336956.xml">
Bath Road</link></entry>
<entry level="1" type="bullet">

Stamford Brook Road</entry>
<entry level="1" type="bullet">

Goldhawk Road</entry>
<entry level="1" type="bullet">

Starch Green</entry>
<entry level="1" type="bullet">

<b><artifact wordnetid="100021939" confidence="0.8">
<facility wordnetid="103315023" confidence="0.8">
<station wordnetid="104306080" confidence="0.8">
<link xlink:type="simple" xlink:href="../809/1024809.xml">
Goldhawk Road Station</link></station>
</facility>
</artifact>
</b></entry>
<entry level="1" type="bullet">

<b><site wordnetid="108651247" confidence="0.9508927676800064">
<link xlink:type="simple" xlink:href="../275/234275.xml">
Shepherd's Bush Green</link></site>
</b> for <it><artifact wordnetid="100021939" confidence="0.8">
<facility wordnetid="103315023" confidence="0.8">
<station wordnetid="104306080" confidence="0.8">
<link xlink:type="simple" xlink:href="../560/1297560.xml">
Shepherd's Bush Station</link></station>
</facility>
</artifact>
 Central Line''</it></entry>
<entry level="1" type="bullet">

Holland Park Avenue</entry>
<entry level="1" type="bullet">

<b><artifact wordnetid="100021939" confidence="0.8">
<facility wordnetid="103315023" confidence="0.8">
<station wordnetid="104306080" confidence="0.8">
<link xlink:type="simple" xlink:href="../520/1185520.xml">
Holland Park tube station</link></station>
</facility>
</artifact>
</b></entry>
<entry level="1" type="bullet">

<b><artifact wordnetid="100021939" confidence="0.8">
<facility wordnetid="103315023" confidence="0.8">
<station wordnetid="104306080" confidence="0.8">
<link xlink:type="simple" xlink:href="../581/181581.xml">
Notting Hill Gate Station</link></station>
</facility>
</artifact>
</b></entry>
<entry level="1" type="bullet">

<artifact wordnetid="100021939" confidence="0.8">
<street wordnetid="104334599" confidence="0.8">
<way wordnetid="104564698" confidence="0.8">
<thoroughfare wordnetid="104426618" confidence="0.8">
<road wordnetid="104096066" confidence="0.8">
<link xlink:type="simple" xlink:href="../325/1150325.xml">
Notting Hill Gate</link></road>
</thoroughfare>
</way>
</street>
</artifact>
</entry>
<entry level="1" type="bullet">

<artifact wordnetid="100021939" confidence="0.8">
<street wordnetid="104334599" confidence="0.8">
<way wordnetid="104564698" confidence="0.8">
<thoroughfare wordnetid="104426618" confidence="0.8">
<road wordnetid="104096066" confidence="0.8">
<link xlink:type="simple" xlink:href="../625/1329625.xml">
Bayswater Road</link></road>
</thoroughfare>
</way>
</street>
</artifact>
 <it><artifact wordnetid="100021939" confidence="0.8">
<facility wordnetid="103315023" confidence="0.8">
<station wordnetid="104306080" confidence="0.8">
<link xlink:type="simple" xlink:href="../530/373530.xml">
Queensway Station</link></station>
</facility>
</artifact>
''</it></entry>
<entry level="1" type="bullet">

<b><artifact wordnetid="100021939" confidence="0.8">
<facility wordnetid="103315023" confidence="0.8">
<station wordnetid="104306080" confidence="0.8">
<link xlink:type="simple" xlink:href="../520/373520.xml">
Lancaster Gate Station</link></station>
</facility>
</artifact>
</b></entry>
<entry level="1" type="bullet">

Lancaster Terrace</entry>
<entry level="1" type="bullet">

Westbourne Street</entry>
<entry level="1" type="bullet">

<artifact wordnetid="100021939" confidence="0.8">
<street wordnetid="104334599" confidence="0.8">
<way wordnetid="104564698" confidence="0.8">
<thoroughfare wordnetid="104426618" confidence="0.8">
<road wordnetid="104096066" confidence="0.8">
<link xlink:type="simple" xlink:href="../625/1329625.xml">
Bayswater Road</link></road>
</thoroughfare>
</way>
</street>
</artifact>
</entry>
<entry level="1" type="bullet">

<b><misfortune wordnetid="114475405" confidence="0.8">
<artifact wordnetid="100021939" confidence="0.8">
<facility wordnetid="103315023" confidence="0.8">
<station wordnetid="104306080" confidence="0.8">
<condition wordnetid="113920429" confidence="0.8">
<state wordnetid="100024720" confidence="0.8">
<catastrophe wordnetid="114476290" confidence="0.8">
<adversity wordnetid="114475661" confidence="0.8">
<fortune wordnetid="114473222" confidence="0.8">
<link xlink:type="simple" xlink:href="../526/373526.xml">
Marble Arch</link></fortune>
</adversity>
</catastrophe>
</state>
</condition>
</station>
</facility>
</artifact>
</misfortune>
</b></entry>
<entry level="1" type="bullet">

<b><artifact wordnetid="100021939" confidence="0.8">
<street wordnetid="104334599" confidence="0.8">
<way wordnetid="104564698" confidence="0.8">
<thoroughfare wordnetid="104426618" confidence="0.8">
<road wordnetid="104096066" confidence="0.8">
<link xlink:type="simple" xlink:href="../195/229195.xml">
Oxford Street</link></road>
</thoroughfare>
</way>
</street>
</artifact>
</b></entry>
<entry level="1" type="bullet">

<b><artifact wordnetid="100021939" confidence="0.8">
<facility wordnetid="103315023" confidence="0.8">
<station wordnetid="104306080" confidence="0.8">
<link xlink:type="simple" xlink:href="../048/370048.xml">
Bond Street Station</link></station>
</facility>
</artifact>
</b> for <shop wordnetid="104202417" confidence="0.8">
<structure wordnetid="104341686" confidence="0.8">
<mercantile_establishment wordnetid="103748162" confidence="0.8">
<building wordnetid="102913152" confidence="0.8">
<artifact wordnetid="100021939" confidence="0.8">
<place_of_business wordnetid="103953020" confidence="0.8">
<establishment wordnetid="103297735" confidence="0.8">
<department_store wordnetid="103176763" confidence="0.8">
<link xlink:type="simple" xlink:href="../886/380886.xml">
Selfridges</link></department_store>
</establishment>
</place_of_business>
</artifact>
</building>
</mercantile_establishment>
</structure>
</shop>
</entry>
<entry level="1" type="bullet">

<b><artifact wordnetid="100021939" confidence="0.8">
<street wordnetid="104334599" confidence="0.8">
<way wordnetid="104564698" confidence="0.8">
<thoroughfare wordnetid="104426618" confidence="0.8">
<road wordnetid="104096066" confidence="0.8">
<link xlink:type="simple" xlink:href="../195/229195.xml">
Oxford Street</link></road>
</thoroughfare>
</way>
</street>
</artifact>
</b></entry>
<entry level="1" type="bullet">

<b><artifact wordnetid="100021939" confidence="0.8">
<facility wordnetid="103315023" confidence="0.8">
<station wordnetid="104306080" confidence="0.8">
<link xlink:type="simple" xlink:href="../568/241568.xml">
Oxford Circus Station</link></station>
</facility>
</artifact>
</b></entry>
<entry level="1" type="bullet">

<artifact wordnetid="100021939" confidence="0.8">
<street wordnetid="104334599" confidence="0.8">
<way wordnetid="104564698" confidence="0.8">
<thoroughfare wordnetid="104426618" confidence="0.8">
<road wordnetid="104096066" confidence="0.8">
<link xlink:type="simple" xlink:href="../189/229189.xml">
Regent Street</link></road>
</thoroughfare>
</way>
</street>
</artifact>
</entry>
<entry level="1" type="bullet">

<b><artifact wordnetid="100021939" confidence="0.8">
<facility wordnetid="103315023" confidence="0.8">
<station wordnetid="104306080" confidence="0.8">
<link xlink:type="simple" xlink:href="../797/230797.xml">
Piccadilly Circus Station</link></station>
</facility>
</artifact>
</b></entry>
<entry level="1" type="bullet">

<link xlink:type="simple" xlink:href="../443/1648443.xml">
Haymarket</link></entry>
<entry level="1" type="bullet">

Charles 2nd Street</entry>
<entry level="1" type="bullet">

<b><product wordnetid="104007894" confidence="0.8">
<creation wordnetid="103129123" confidence="0.8">
<structure wordnetid="104341686" confidence="0.8">
<artifact wordnetid="100021939" confidence="0.8">
<memorial wordnetid="103743902" confidence="0.8">
<oeuvre wordnetid="103841417" confidence="0.8">
<street wordnetid="104334599" confidence="0.8">
<way wordnetid="104564698" confidence="0.8">
<end_product wordnetid="103287178" confidence="0.8">
<thoroughfare wordnetid="104426618" confidence="0.8">
<road wordnetid="104096066" confidence="0.8">
<link xlink:type="simple" xlink:href="../188/229188.xml">
Piccadilly Circus</link></road>
</thoroughfare>
</end_product>
</way>
</street>
</oeuvre>
</memorial>
</artifact>
</structure>
</creation>
</product>
</b> <it>Charles 2nd Street''</it></entry>
</list>
</p>
</ss1>
</col>
<col align="left" width="" valign="top">
<ss1>
<st>
Route departing Piccadilly Circus</st>
<p>

<list>
<entry level="1" type="bullet">

<b><product wordnetid="104007894" confidence="0.8">
<creation wordnetid="103129123" confidence="0.8">
<structure wordnetid="104341686" confidence="0.8">
<artifact wordnetid="100021939" confidence="0.8">
<memorial wordnetid="103743902" confidence="0.8">
<oeuvre wordnetid="103841417" confidence="0.8">
<street wordnetid="104334599" confidence="0.8">
<way wordnetid="104564698" confidence="0.8">
<end_product wordnetid="103287178" confidence="0.8">
<thoroughfare wordnetid="104426618" confidence="0.8">
<road wordnetid="104096066" confidence="0.8">
<link xlink:type="simple" xlink:href="../188/229188.xml">
Piccadilly Circus</link></road>
</thoroughfare>
</end_product>
</way>
</street>
</oeuvre>
</memorial>
</artifact>
</structure>
</creation>
</product>
</b> <it>Charles 2nd Street''</it></entry>
<entry level="1" type="bullet">

<artifact wordnetid="100021939" confidence="0.8">
<street wordnetid="104334599" confidence="0.8">
<way wordnetid="104564698" confidence="0.8">
<thoroughfare wordnetid="104426618" confidence="0.8">
<road wordnetid="104096066" confidence="0.8">
<link xlink:type="simple" xlink:href="../189/229189.xml">
Regent Street</link></road>
</thoroughfare>
</way>
</street>
</artifact>
</entry>
<entry level="1" type="bullet">

<b><artifact wordnetid="100021939" confidence="0.8">
<facility wordnetid="103315023" confidence="0.8">
<station wordnetid="104306080" confidence="0.8">
<link xlink:type="simple" xlink:href="../797/230797.xml">
Piccadilly Circus Station</link></station>
</facility>
</artifact>
</b> ''</entry>
<entry level="1" type="bullet">

<b><artifact wordnetid="100021939" confidence="0.8">
<facility wordnetid="103315023" confidence="0.8">
<station wordnetid="104306080" confidence="0.8">
<link xlink:type="simple" xlink:href="../568/241568.xml">
Oxford Circus Station</link></station>
</facility>
</artifact>
</b></entry>
<entry level="1" type="bullet">

<b><artifact wordnetid="100021939" confidence="0.8">
<street wordnetid="104334599" confidence="0.8">
<way wordnetid="104564698" confidence="0.8">
<thoroughfare wordnetid="104426618" confidence="0.8">
<road wordnetid="104096066" confidence="0.8">
<link xlink:type="simple" xlink:href="../195/229195.xml">
Oxford Street</link></road>
</thoroughfare>
</way>
</street>
</artifact>
</b></entry>
<entry level="1" type="bullet">

<b><artifact wordnetid="100021939" confidence="0.8">
<facility wordnetid="103315023" confidence="0.8">
<station wordnetid="104306080" confidence="0.8">
<link xlink:type="simple" xlink:href="../048/370048.xml">
Bond Street Station</link></station>
</facility>
</artifact>
</b> for <it><shop wordnetid="104202417" confidence="0.8">
<structure wordnetid="104341686" confidence="0.8">
<mercantile_establishment wordnetid="103748162" confidence="0.8">
<building wordnetid="102913152" confidence="0.8">
<artifact wordnetid="100021939" confidence="0.8">
<place_of_business wordnetid="103953020" confidence="0.8">
<establishment wordnetid="103297735" confidence="0.8">
<department_store wordnetid="103176763" confidence="0.8">
<link xlink:type="simple" xlink:href="../886/380886.xml">
Selfridges</link></department_store>
</establishment>
</place_of_business>
</artifact>
</building>
</mercantile_establishment>
</structure>
</shop>
''</it></entry>
<entry level="1" type="bullet">

<b><misfortune wordnetid="114475405" confidence="0.8">
<artifact wordnetid="100021939" confidence="0.8">
<facility wordnetid="103315023" confidence="0.8">
<station wordnetid="104306080" confidence="0.8">
<condition wordnetid="113920429" confidence="0.8">
<state wordnetid="100024720" confidence="0.8">
<catastrophe wordnetid="114476290" confidence="0.8">
<adversity wordnetid="114475661" confidence="0.8">
<fortune wordnetid="114473222" confidence="0.8">
<link xlink:type="simple" xlink:href="../526/373526.xml">
Marble Arch Station</link></fortune>
</adversity>
</catastrophe>
</state>
</condition>
</station>
</facility>
</artifact>
</misfortune>
</b></entry>
<entry level="1" type="bullet">

<artifact wordnetid="100021939" confidence="0.8">
<street wordnetid="104334599" confidence="0.8">
<way wordnetid="104564698" confidence="0.8">
<thoroughfare wordnetid="104426618" confidence="0.8">
<road wordnetid="104096066" confidence="0.8">
<link xlink:type="simple" xlink:href="../625/1329625.xml">
Bayswater Road</link></road>
</thoroughfare>
</way>
</street>
</artifact>
</entry>
<entry level="1" type="bullet">

<b><artifact wordnetid="100021939" confidence="0.8">
<facility wordnetid="103315023" confidence="0.8">
<station wordnetid="104306080" confidence="0.8">
<link xlink:type="simple" xlink:href="../520/373520.xml">
Lancaster Gate Station</link></station>
</facility>
</artifact>
</b></entry>
<entry level="1" type="bullet">

<artifact wordnetid="100021939" confidence="0.8">
<street wordnetid="104334599" confidence="0.8">
<way wordnetid="104564698" confidence="0.8">
<thoroughfare wordnetid="104426618" confidence="0.8">
<road wordnetid="104096066" confidence="0.8">
<link xlink:type="simple" xlink:href="../625/1329625.xml">
Bayswater Road</link></road>
</thoroughfare>
</way>
</street>
</artifact>
 <it><artifact wordnetid="100021939" confidence="0.8">
<facility wordnetid="103315023" confidence="0.8">
<station wordnetid="104306080" confidence="0.8">
<link xlink:type="simple" xlink:href="../530/373530.xml">
Queensway Station</link></station>
</facility>
</artifact>
''</it></entry>
<entry level="1" type="bullet">

<artifact wordnetid="100021939" confidence="0.8">
<street wordnetid="104334599" confidence="0.8">
<way wordnetid="104564698" confidence="0.8">
<thoroughfare wordnetid="104426618" confidence="0.8">
<road wordnetid="104096066" confidence="0.8">
<link xlink:type="simple" xlink:href="../325/1150325.xml">
Notting Hill Gate</link></road>
</thoroughfare>
</way>
</street>
</artifact>
</entry>
<entry level="1" type="bullet">

<b><artifact wordnetid="100021939" confidence="0.8">
<facility wordnetid="103315023" confidence="0.8">
<station wordnetid="104306080" confidence="0.8">
<link xlink:type="simple" xlink:href="../581/181581.xml">
Notting Hill Gate tube station</link></station>
</facility>
</artifact>
</b></entry>
<entry level="1" type="bullet">

Holland Park Avenue</entry>
<entry level="1" type="bullet">

<b><artifact wordnetid="100021939" confidence="0.8">
<facility wordnetid="103315023" confidence="0.8">
<station wordnetid="104306080" confidence="0.8">
<link xlink:type="simple" xlink:href="../520/1185520.xml">
Holland Park Station</link></station>
</facility>
</artifact>
</b></entry>
<entry level="1" type="bullet">

<b><site wordnetid="108651247" confidence="0.9508927676800064">
<link xlink:type="simple" xlink:href="../275/234275.xml">
Shepherd's Bush Green</link></site>
</b> for <it><artifact wordnetid="100021939" confidence="0.8">
<facility wordnetid="103315023" confidence="0.8">
<station wordnetid="104306080" confidence="0.8">
<link xlink:type="simple" xlink:href="../560/1297560.xml">
Shepherd's Bush Station</link></station>
</facility>
</artifact>
 Central Line''</it></entry>
<entry level="1" type="bullet">

<b><artifact wordnetid="100021939" confidence="0.8">
<facility wordnetid="103315023" confidence="0.8">
<station wordnetid="104306080" confidence="0.8">
<link xlink:type="simple" xlink:href="../809/1024809.xml">
Goldhawk Road tube station</link></station>
</facility>
</artifact>
</b></entry>
<entry level="1" type="bullet">

Goldhawk Road</entry>
<entry level="1" type="bullet">

Starch Green</entry>
<entry level="1" type="bullet">

Stamfork Brook Road</entry>
<entry level="1" type="bullet">

<link xlink:type="simple" xlink:href="../956/336956.xml">
Bath Road</link> for <it><artifact wordnetid="100021939" confidence="0.8">
<facility wordnetid="103315023" confidence="0.8">
<station wordnetid="104306080" confidence="0.8">
<link xlink:type="simple" xlink:href="../379/1081379.xml">
Turnham Green tube station</link></station>
</facility>
</artifact>
''</it></entry>
<entry level="1" type="bullet">

The Avenue</entry>
<entry level="1" type="bullet">

South Parade</entry>
<entry level="1" type="bullet">

<b><region wordnetid="108630985" confidence="0.8">
<village wordnetid="108672738" confidence="0.8">
<location wordnetid="100027167" confidence="0.8">
<settlement wordnetid="108672562" confidence="0.8">
<geographical_area wordnetid="108574314" confidence="0.8">
<link xlink:type="simple" xlink:href="../201/2610201.xml">
Acton Green</link></geographical_area>
</settlement>
</location>
</village>
</region>
</b> <it>Duke Of Sussex''</it></entry>
</list>
</p>
</ss1>
</col>
</row>
</table>
</p>

</sec>
<sec>
<st>
See also</st>
<p>

<list>
<entry level="1" type="bullet">

 <link xlink:type="simple" xlink:href="../207/5179207.xml">
List of bus routes in London</link></entry>
<entry level="1" type="bullet">

 <mathematical_relation wordnetid="113783581" confidence="0.8">
<company wordnetid="108058098" confidence="0.8">
<operator wordnetid="113786413" confidence="0.8">
<institution wordnetid="108053576" confidence="0.8">
<function wordnetid="113783816" confidence="0.8">
<link xlink:type="simple" xlink:href="../147/6884147.xml">
Transdev London</link></function>
</institution>
</operator>
</company>
</mathematical_relation>
</entry>
</list>
</p>

</sec>
<sec>
<st>
External links</st>
<p>

<list>
<entry level="1" type="bullet">

 <weblink xlink:type="simple" xlink:href="http://www.londonbusesbyadam.fotopic.net">
London Bus Routes Fotopic</weblink></entry>
<entry level="1" type="bullet">

 <weblink xlink:type="simple" xlink:href="http://www.tfl.gov.uk">
Transport for London</weblink></entry>
<entry level="1" type="bullet">

 <weblink xlink:type="simple" xlink:href="http://www.busesatwork.co.uk">
London Bus Routes</weblink></entry>
<entry level="1" type="bullet">

 <weblink xlink:type="simple" xlink:href="http://www.busmap.org/tt4/094.pdf">
Full timetable (PDF)</weblink></entry>
</list>
</p>

<p>

<table style="margin: 0 auto; border-collapse: collapse;" cellpadding="3" class="toccolours" border="1" cellspacing="0">
<row>
<header align="center" bgcolor="#efefef">
 <b><link xlink:type="simple" xlink:href="../207/5179207.xml">
List of bus routes in London</link></b></header>
</row>
<row>
<col style="font-size: 90%;" align="center">
<link xlink:type="simple" xlink:href="../207/5179207.xml#xpointer(//*[./st=%221-99%22])">
1-99</link> |
<link xlink:type="simple" xlink:href="../207/5179207.xml#xpointer(//*[./st=%22100-199%22])">
100-199</link> |
<link xlink:type="simple" xlink:href="../207/5179207.xml#xpointer(//*[./st=%22200-299%22])">
200-299</link> |
<link xlink:type="simple" xlink:href="../207/5179207.xml#xpointer(//*[./st=%22300-399%22])">
300-399</link> |
<link xlink:type="simple" xlink:href="../207/5179207.xml#xpointer(//*[./st=%22400-499%22])">
400-499</link> |
<link xlink:type="simple" xlink:href="../207/5179207.xml#xpointer(//*[./st=%22500-599%22])">
500-599</link> |
<link xlink:type="simple" xlink:href="../207/5179207.xml#xpointer(//*[./st=%22600-699%22])">
600-699</link> |
<link xlink:type="simple" xlink:href="../207/5179207.xml#xpointer(//*[./st=%22Letter+prefixed%22])">
Letter prefix</link> |
<link xlink:type="simple" xlink:href="../207/5179207.xml#xpointer(//*[./st=%22Routes+which+only+run+at+night+(N+prefixed)%22])">
Night only</link></col>
</row>
</table>
</p>


</sec>
</bdy>
</bus_route>
</bus>
</article>
