<?xml version="1.0" encoding="UTF-8"?>
<!-- generated by CLiX/Wiki2XML [MPI-Inf, MMCI@UdS] $LastChangedRevision: 92 $ on 17.04.2009 00:35:14[mciao0827] -->
<!DOCTYPE article SYSTEM "../article.dtd">
<article xmlns:xlink="http://www.w3.org/1999/xlink">
<research_worker  confidence="0.9511911446218017" wordnetid="110523076">
<header>
<title>Kristinn R. Thórisson</title>
<id>10949718</id>
<revision>
<id>242544846</id>
<timestamp>2008-10-02T17:57:32Z</timestamp>
<contributor>
<username>SmackBot</username>
<id>433328</id>
</contributor>
</revision>
<categories>
<category>Artificial intelligence researchers</category>
</categories>
</header>
<bdy>

Dr. Kristinn R. Thórisson is an Icelandic artificial intelligence researcher, and co-founder of <weblink xlink:type="simple" xlink:href="http://www.mindmakers.org">
Mindmakers.org</weblink> and <weblink xlink:type="simple" xlink:href="http://cadia.ru.is">
CADIA</weblink>. Thórisson is one of the leading proponents of  <link xlink:type="simple" xlink:href="../324/7872324.xml">
artificial intelligence systems integration</link>. Other proponents of this approach are researchers such as <person wordnetid="100007846" confidence="0.9508927676800064">
<scientist wordnetid="110560637" confidence="0.9508927676800064">
<link xlink:type="simple" xlink:href="../639/19639.xml">
Marvin Minsky</link></scientist>
</person>
, <peer wordnetid="109626238" confidence="0.8">
<physical_entity wordnetid="100001930" confidence="0.8">
<person wordnetid="100007846" confidence="0.8">
<intellectual wordnetid="109621545" confidence="0.8">
<colleague wordnetid="109935990" confidence="0.8">
<scientist wordnetid="110560637" confidence="0.8">
<adult wordnetid="109605289" confidence="0.8">
<professional wordnetid="110480253" confidence="0.8">
<educator wordnetid="110045713" confidence="0.8">
<associate wordnetid="109816771" confidence="0.8">
<academician wordnetid="109759069" confidence="0.8">
<causal_agent wordnetid="100007347" confidence="0.8">
<research_worker wordnetid="110523076" confidence="0.8">
<scholar wordnetid="110557854" confidence="0.8">
<link xlink:type="simple" xlink:href="../162/7093162.xml">
Aaron Sloman</link></scholar>
</research_worker>
</causal_agent>
</academician>
</associate>
</educator>
</professional>
</adult>
</scientist>
</colleague>
</intellectual>
</person>
</physical_entity>
</peer>
 and <physical_entity wordnetid="100001930" confidence="0.8">
<person wordnetid="100007846" confidence="0.8">
<causal_agent wordnetid="100007347" confidence="0.8">
<scientist wordnetid="110560637" confidence="0.8">
<link xlink:type="simple" xlink:href="../083/1225083.xml">
Michael A. Arbib</link></scientist>
</causal_agent>
</person>
</physical_entity>
.<p>

Kristinn R. Thórisson is co-founder of <link xlink:type="simple" xlink:href="../123/29123.xml">
semantic web</link> startup company <company wordnetid="108058098" confidence="0.9508927676800064">
<link xlink:type="simple" xlink:href="../278/12726278.xml">
Radar Networks</link></company>
, and served as <link xlink:type="simple" xlink:href="../193/579193.xml">
chief technology officer</link> in 2003.</p>

<sec>
<st>
 Constructionist Design Methodology </st>
<p>

The <link xlink:type="simple" xlink:href="../891/6417891.xml">
Constructionist Design Methodology</link>, or CDM, was pioneered by K.R. Thórisson and his students at <university wordnetid="108286163" confidence="0.9508927676800064">
<ranking wordnetid="114429484" confidence="0.9508927676800064">
<link xlink:type="simple" xlink:href="../310/6310.xml">
Columbia University</link></ranking>
</university>
 and <link xlink:type="simple" xlink:href="../047/1119047.xml">
Reykjavik University</link> for use in the development of <link xlink:type="simple" xlink:href="../910/2934910.xml">
cognitive robotics</link>, communicative <link xlink:type="simple" xlink:href="../906/308906.xml">
humanoids</link> and broad AI systems. The creation of such systems requires integration of a large number of functionalities that must be carefully coordinated to achieve coherent system behavior. CDM is based on iterative design steps that lead to the creation of a network of named interacting modules, communicating via explicitly typed streams and discrete messages</p>
<p>

A collection of selected publications can be found on K.R. Thórisson's <weblink xlink:type="simple" xlink:href="http://alumni.media.mit.edu/~kris/select_publ.html">
MIT website</weblink>, including an <weblink xlink:type="simple" xlink:href="http://xenia.media.mit.edu/%7Ekris/ftp/AIMag-CDM-ThorissonEtAl04.pdf">
online version</weblink> of the A.I. Magazine publication detailing the <link xlink:type="simple" xlink:href="../891/6417891.xml">
Constructionist design methodology</link> for large-scale A.I. systems integration. See also Kristinn's selected publication on AI systems integration at the <social_group wordnetid="107950920" confidence="0.8">
<meeting wordnetid="108307589" confidence="0.8">
<gathering wordnetid="107975026" confidence="0.8">
<group wordnetid="100031264" confidence="0.8">
<conference wordnetid="108308497" confidence="0.8">
<link xlink:type="simple" xlink:href="../535/5992535.xml">
AI@50</link></conference>
</group>
</gathering>
</meeting>
</social_group>
 meeting, celebrating 50 years since the original <link xlink:type="simple" xlink:href="../646/1124646.xml">
Dartmouth conference</link>.</p>

</sec>
<sec>
<st>
 Links </st>
<p>

<list>
<entry level="1" type="bullet">

 <weblink xlink:type="simple" xlink:href="http://cadia.ru.is">
Center for Analysis and Design of Intelligent Agents</weblink></entry>
<entry level="1" type="bullet">

 <weblink xlink:type="simple" xlink:href="http://alumni.media.mit.edu/~kris/">
Kristinn R. Thórisson's MIT page</weblink></entry>
<entry level="1" type="bullet">

 <weblink xlink:type="simple" xlink:href="http://www.mindmakers.org">
Mindmakers.org</weblink>, an online community for <link>
A.I.</link> <link xlink:type="simple" xlink:href="../324/7872324.xml">
systems integration</link>.</entry>
</list>
</p>

</sec>
</bdy>
</research_worker>
</article>
