<?xml version="1.0" encoding="UTF-8"?>
<!-- generated by CLiX/Wiki2XML [MPI-Inf, MMCI@UdS] $LastChangedRevision: 92 $ on 16.04.2009 15:25:34[mciao0825] -->
<!DOCTYPE article SYSTEM "../article.dtd">
<article xmlns:xlink="http://www.w3.org/1999/xlink">
<header>
<title>Fatty acid</title>
<id>10975</id>
<revision>
<id>244361580</id>
<timestamp>2008-10-10T12:55:37Z</timestamp>
<contributor>
<username>Edgar181</username>
<id>491706</id>
</contributor>
</revision>
<categories>
<category>Fatty acids</category>
<category>Nutrition</category>
</categories>
</header>
<bdy>

Not to be confused with <link xlink:type="simple" xlink:href="../042/11042.xml">
fat</link>.<p>

<table class="infobox">
<header style="text-align: center; background: #eee;">
 Types of <link xlink:type="simple" xlink:href="../042/11042.xml">
fat</link>s in <link xlink:type="simple" xlink:href="../646/10646.xml">
food</link></header>
<row>
<col>
<list>
<entry level="1" type="bullet">

 <link xlink:type="simple" xlink:href="../748/264748.xml">
Unsaturated fat</link></entry>
<entry level="2" type="bullet">

 <link xlink:type="simple" xlink:href="../404/1051404.xml">
Monounsaturated fat</link></entry>
<entry level="2" type="bullet">

 <link xlink:type="simple" xlink:href="../513/1610513.xml">
Polyunsaturated fat</link></entry>
<entry level="2" type="bullet">

 <link xlink:type="simple" xlink:href="../487/263487.xml">
Trans fat</link></entry>
<entry level="2" type="bullet">

 Omega fatty acids:</entry>
<entry level="3" type="bullet">

 <link xlink:type="simple" xlink:href="../594/22594.xml">
ω−3</link></entry>
<entry level="3" type="bullet">

 <link xlink:type="simple" xlink:href="../218/681218.xml">
ω−6</link></entry>
<entry level="3" type="bullet">

 <link xlink:type="simple" xlink:href="../439/3110439.xml">
ω−9</link></entry>
<entry level="1" type="bullet">

 <link xlink:type="simple" xlink:href="../746/264746.xml">
Saturated fat</link></entry>
<entry level="2" type="bullet">

 <link xlink:type="simple" xlink:href="../034/9057034.xml">
Interesterified fat</link></entry>
</list>
</col>
</row>
<row>
<header style="text-align: center; background: #eee;">
See also</header>
</row>
<row>
<col>
<list>
<entry level="1" type="bullet">

 <link xlink:type="simple" xlink:href="../975/10975.xml">
Fatty acid</link></entry>
<entry level="1" type="bullet">

 <link xlink:type="simple" xlink:href="../948/105948.xml">
Essential fatty acid</link> style="background:#f9f9f9; font-size:85%; line-height:110%; "</entry>
</list>

| <image width="50x28px" src="Bananen.jpg">
</image>

| style="padding:0 0.2em;" | <b><it>
Food&#32;portal</it></b>
|}</col>
</row>
</table>

In <link xlink:type="simple" xlink:href="../180/5180.xml">
chemistry</link>, especially <link xlink:type="simple" xlink:href="../954/3954.xml">
biochemistry</link>, a <b>fatty acid</b> is a <link xlink:type="simple" xlink:href="../099/6099.xml">
carboxylic acid</link> often with a long unbranched <link xlink:type="simple" xlink:href="../ury/22nd_century.xml">
aliphatic</link> tail (<link xlink:type="simple" xlink:href="../153/7717153.xml">
chain</link>), which is either <link xlink:type="simple" xlink:href="../554/664554.xml">
saturated</link> or <link xlink:type="simple" xlink:href="../805/1786805.xml">
unsaturated</link>. Carboxylic acids as short as <link xlink:type="simple" xlink:href="../345/232345.xml">
butyric acid</link> (4 <link xlink:type="simple" xlink:href="../299/5299.xml">
carbon</link> <link xlink:type="simple" xlink:href="../902/902.xml">
atom</link>s) are considered to be fatty acids, whereas fatty acids derived from natural <link xlink:type="simple" xlink:href="../042/11042.xml">
fat</link>s and <link xlink:type="simple" xlink:href="../510/4207510.xml">
oils</link> may be assumed to have at least 8 carbon atoms, e.g., <link xlink:type="simple" xlink:href="../774/3127774.xml">
caprylic acid</link> (octanoic acid).  Most of the natural fatty acids have an even number of carbon atoms, because their <link xlink:type="simple" xlink:href="../902/1123902.xml">
biosynthesis</link> involves <link xlink:type="simple" xlink:href="../273/190273.xml">
acetyl-CoA</link>, a <link xlink:type="simple" xlink:href="../654/81654.xml">
coenzyme</link> carrying a two-carbon-atom group (see <link xlink:type="simple" xlink:href="../579/9568579.xml">
fatty acid synthesis</link>).</p>
<p>

Fatty acids are produced by the <link xlink:type="simple" xlink:href="../385/14385.xml">
hydrolysis</link> of the <link xlink:type="simple" xlink:href="../675/9675.xml">
ester</link> linkages in a <link xlink:type="simple" xlink:href="../042/11042.xml">
fat</link> or biological oil (both of which are <link xlink:type="simple" xlink:href="../525/56525.xml">
triglyceride</link>s), with the removal of <link xlink:type="simple" xlink:href="../732/172732.xml">
glycerol</link>. See <link xlink:type="simple" xlink:href="../102/292102.xml">
oleochemical</link>s.</p>

<p>

Fatty acids are aliphatic monocarboxylic acids, derived from, or contained in esterified form in an animal or vegetable fat, oil or wax. Natural fatty acids commonly have a chain of 4 to 28 carbons (usually unbranched and even numbered), which may be saturated or unsaturated. By extension, the term is sometimes used to embrace all acyclic aliphatic carboxylic acids.<ref xlink:type="simple" xlink:href="#xpointer(//reflist/entry[@id=%221%22])">1</ref> This would include <link xlink:type="simple" xlink:href="../902/42902.xml">
acetic acid</link>, which is not usually considered a fatty acid because it is so short that the <link xlink:type="simple" xlink:href="../525/56525.xml">
triglyceride</link> <link xlink:type="simple" xlink:href="../483/2988483.xml">
triacetin</link> made from it is substantially miscible with water and is thus not a <link xlink:type="simple" xlink:href="../940/17940.xml">
lipid</link>.</p>

<sec>
<st>
Types</st>
<p>
 
<image location="right" width="300px" src="rasyslami.jpg" type="thumb">
<caption>

Three dimensional representations of several fatty acids
</caption>
</image>

Fatty acids can be saturated and unsaturated, depending on <link xlink:type="simple" xlink:href="../246/6246.xml">
double bond</link>s. They differ in length as well.</p>

<ss1>
<st>
Saturated fatty acids</st>
<p>

Saturated fatty acids do not contain any <link xlink:type="simple" xlink:href="../246/6246.xml">
double bond</link>s or other <link xlink:type="simple" xlink:href="../911/10911.xml">
functional group</link>s along the chain. The term "saturated" refers to <link xlink:type="simple" xlink:href="../255/13255.xml">
hydrogen</link>, in that all carbons (apart from the carboxylic acid [-COOH] group) contain as many hydrogens as possible. In other words, the omega (ω) end contains 3 hydrogens (CH3-), and each carbon within the chain contains 2 hydrogen atoms.</p>
<p>

Saturated fatty acids form straight chains and, as a result, can be packed together very tightly, allowing living organisms to store chemical energy very densely.  The fatty tissues of animals contain large amounts of long-chain saturated fatty acids. In <link xlink:type="simple" xlink:href="../503/3141503.xml">
IUPAC nomenclature</link>, fatty acids have an [-''oic'' acid] suffix. In <link xlink:type="simple" xlink:href="../839/290839.xml">
common nomenclature</link>, the suffix is usually -<it>ic</it>. </p>
<p>

The shortest descriptions of fatty acids include only the number of carbon atoms and double bonds in them (e.g., C18:0 or 18:0).  means that the carbon chain of the fatty acid consists of 18 carbon atoms, and there are no (zero) <link xlink:type="simple" xlink:href="../246/6246.xml">
double bonds</link> in it, whereas  describes an 18-carbon chain with one <link xlink:type="simple" xlink:href="../246/6246.xml">
double bond</link> in it. Each double bond can be in either a <link xlink:type="simple" xlink:href="../528/12528.xml">
cis-</link> or <link xlink:type="simple" xlink:href="../528/12528.xml">
trans-</link> conformation, and stands in a different position with respect to the ends of the fatty acid; therefore, not all C18:1s (for example) are identical. If there is one or more double bonds in the fatty acid, it is no longer considered saturated, but rather, mono- or polyunsaturated.</p>
<p>

Most commonly-occurring saturated fatty acids are of the following varieties:</p>
<p>

<table class="wikitable">
<row>
<col>
<b>Common name</b></col>
<col>
<b>IUPAC name</b></col>
<col>
<b>Chemical structure</b></col>
<col>
<b>Abbr.</b></col>
<col>
<b>Melting point</b> (°C)</col>
</row>
<row>
<col>
<link xlink:type="simple" xlink:href="../345/232345.xml">
Butyric</link></col>
<col>
Butanoic acid</col>
<col>
CH3(CH2)2COOH</col>
<col>
C4:0</col>
<col>
-8</col>
</row>
<row>
<col>
<link xlink:type="simple" xlink:href="../897/2933897.xml">
Caproic</link></col>
<col>
Hexanoic acid</col>
<col>
CH3(CH2)4COOH</col>
<col>
C6:0</col>
<col>
-3</col>
</row>
<row>
<col>
<link xlink:type="simple" xlink:href="../774/3127774.xml">
Caprylic</link></col>
<col>
Octanoic acid</col>
<col>
CH3(CH2)6COOH</col>
<col>
C8:0</col>
<col>
16-17</col>
</row>
<row>
<col>
<link xlink:type="simple" xlink:href="../173/2349173.xml">
Capric</link></col>
<col>
Decanoic acid</col>
<col>
CH3(CH2)8COOH</col>
<col>
C10:0</col>
<col>
31</col>
</row>
<row>
<col>
<link xlink:type="simple" xlink:href="../497/1598497.xml">
Lauric</link></col>
<col>
Dodecanoic acid</col>
<col>
CH3(CH2)10COOH</col>
<col>
C12:0</col>
<col>
44-46</col>
</row>
<row>
<col>
<link xlink:type="simple" xlink:href="../038/1718038.xml">
Myristic</link></col>
<col>
Tetradecanoic acid</col>
<col>
CH3(CH2)12COOH</col>
<col>
C14:0</col>
<col>
58.8</col>
</row>
<row>
<col>
<link xlink:type="simple" xlink:href="../488/542488.xml">
Palmitic</link></col>
<col>
Hexadecanoic acid</col>
<col>
CH3(CH2)14COOH</col>
<col>
C16:0</col>
<col>
63-64</col>
</row>
<row>
<col>
<link xlink:type="simple" xlink:href="../511/338511.xml">
Stearic</link></col>
<col>
Octadecanoic acid</col>
<col>
CH3(CH2)16COOH</col>
<col>
C18:0</col>
<col>
69.9</col>
</row>
<row>
<col>
<link xlink:type="simple" xlink:href="../531/542531.xml">
Arachidic</link></col>
<col>
Eicosanoic acid</col>
<col>
CH3(CH2)18COOH</col>
<col>
C20:0</col>
<col>
75.5</col>
</row>
<row>
<col>
<link xlink:type="simple" xlink:href="../741/3306741.xml">
Behenic</link></col>
<col>
Docosanoic acid</col>
<col>
CH3(CH2)20COOH</col>
<col>
C22:0</col>
<col>
74-78</col>
</row>
<row>
<col>
<link xlink:type="simple" xlink:href="../766/3306766.xml">
Lignoceric</link></col>
<col>
Tetracosanoic acid</col>
<col>
CH3(CH2)22COOH</col>
<col>
C24:0</col>

</row>
</table>
</p>

</ss1>
<ss1>
<st>
Unsaturated fatty acids</st>
<p>

<image location="right" width="300px" src="Isomers_of_oleic_acid.png" type="thumb">
<caption>

Comparison of the <it>trans</it> isomer (top) and the <it>cis</it>-isomer of <link xlink:type="simple" xlink:href="../100/661100.xml">
oleic acid</link>.
</caption>
</image>

Unsaturated fatty acids are of similar form, except that one or more <link xlink:type="simple" xlink:href="../761/2761.xml">
alkenyl</link> functional groups exist along the chain, with each alkene substituting a single-<link xlink:type="simple" xlink:href="../993/5993.xml">
bond</link>ed " -CH2-CH2-" part of the chain with a <link xlink:type="simple" xlink:href="../246/6246.xml">
double-bonded</link> "-CH=CH-" portion (that is, a carbon double-bonded to another carbon).</p>
<p>

The two next carbon atoms in the chain that are bound to either side of the double bond can occur in a <it><link xlink:type="simple" xlink:href="../445/9130445.xml">
cis</link></it> or <it><link xlink:type="simple" xlink:href="../534/264534.xml">
trans</link></it> configuration.</p>
<p>

<list>
<entry level="1" type="definition">

 <it>cis</it> : A <it>cis</it> configuration means that adjacent hydrogen atoms are on the same side of the double bond.  The rigidity of the double bond freezes its conformation and, in the case of the <it>cis</it> isomer, causes the chain to bend and restricts the conformational freedom of the fatty acid.  The more double bonds the chain has in the <it>cis</it> configuration, the less flexibility it has.  When a chain has many <it>cis</it> bonds, it becomes quite curved in its most accessible conformations.  For example, <link xlink:type="simple" xlink:href="../100/661100.xml">
oleic acid</link>, with one double bond, has a "kink" in it, whereas <link xlink:type="simple" xlink:href="../497/880497.xml">
linoleic acid</link>, with two double bonds, has a more pronounced bend.  <link xlink:type="simple" xlink:href="../316/153316.xml">
Alpha-linolenic acid</link>, with three double bonds, favors a hooked shape. The effect of this is that, in restricted environments, such as when fatty acids are part of a phospholipid in a lipid bilayer, or triglycerides in lipid droplets, cis bonds limit the ability of fatty acids to be closely packed, and therefore could affect the melting temperature of the membrane or of the fat.</entry>
<entry level="1" type="definition">

 <it>trans</it> : A <it>trans</it> configuration, by contrast, means that the next two hydrogen atoms are bound to <it>opposite</it> sides of the double bond.  As a result, they do not cause the chain to bend much, and their shape is similar to straight saturated fatty acids.</entry>
</list>
</p>
<p>

In most naturally-occurring unsaturated fatty acids, each double bond has 3<it>n</it> carbon atoms after it, for some n, and all are cis bonds.  Most fatty acids in the <it>trans</it> configuration (trans fats) are not found in nature and are the result of human processing (e.g., <link xlink:type="simple" xlink:href="../968/235968.xml">
hydrogenation</link>).</p>
<p>

The differences in geometry between the various types of unsaturated fatty acids, as well as between saturated and unsaturated fatty acids, play an important role in biological processes, and in the construction of biological structures (such as cell membranes).</p>

<ss2>
<st>
Nomenclature</st>
<p>

There are several different systems of nomenclature in use for <link xlink:type="simple" xlink:href="../805/1786805.xml">
unsaturated</link> fatty acids. The following table describes the most common systems.</p>
<p>

<table class="wikitable">
<row>
<header>
System</header>
<header>
Example</header>
<header>
Explanation</header>
</row>
<row>
<header>
Trivial nomenclature</header>
<col>
<link xlink:type="simple" xlink:href="../025/3025025.xml">
Palmitoleic acid</link></col>
<col>
<b><link xlink:type="simple" xlink:href="../940/889940.xml">
Trivial name</link>s</b> (or <b>common names</b>) are non-systematic historical names which are the most frequent naming system used in literature. Most common fatty acids have trivial names in addition to their <it>systematic names</it> (see below). These names do not follow any pattern, but are concise and generally unambiguous.</col>
</row>
<row>
<header>
Systematic nomenclature</header>
<col>
<link xlink:type="simple" xlink:href="../100/661100.xml">
(9Z)-octadec-9-enoic acid</link></col>
<col>
<b><social_group wordnetid="107950920" confidence="0.8">
<meeting wordnetid="108307589" confidence="0.8">
<gathering wordnetid="107975026" confidence="0.8">
<convention wordnetid="108309086" confidence="0.8">
<group wordnetid="100031264" confidence="0.8">
<link xlink:type="simple" xlink:href="../386/218386.xml">
Systematic name</link></group>
</convention>
</gathering>
</meeting>
</social_group>
s</b> (or <b>IUPAC names</b>) derive from the standard <it><message wordnetid="106598915" confidence="0.8">
<information wordnetid="106634376" confidence="0.8">
<electronic_database wordnetid="106588511" confidence="0.8">
<lexical_database wordnetid="106638868" confidence="0.8">
<wordnet wordnetid="106639428" confidence="0.8">
<database wordnetid="106637824" confidence="0.8">
<link xlink:type="simple" xlink:href="../402/514402.xml">
IUPAC Rules for the Nomenclature of Organic Chemistry</link></database>
</wordnet>
</lexical_database>
</electronic_database>
</information>
</message>
</it>, published in 1979,<ref xlink:type="simple" xlink:href="#xpointer(//reflist/entry[@id=%222%22])">2</ref> along with a recommendation published specifically for lipids in 1977.<ref xlink:type="simple" xlink:href="#xpointer(//reflist/entry[@id=%223%22])">3</ref> Counting begins from the <link xlink:type="simple" xlink:href="../099/6099.xml">
carboxylic acid</link> end. <link xlink:type="simple" xlink:href="../246/6246.xml">
Double bond</link>s are labelled with <it><link xlink:type="simple" xlink:href="../528/12528.xml">
cis</link></it>-/<it><link xlink:type="simple" xlink:href="../528/12528.xml">
trans</link></it>- notation or <it><link xlink:type="simple" xlink:href="../959/10791959.xml">
E</link></it>-/<it><link xlink:type="simple" xlink:href="../959/10791959.xml">
Z</link></it>- notation, where appropriate. This notation is generally more verbose than common nomenclature, but has the advantage of being more technically clear and descriptive.</col>
</row>
<row>
<header>
Δ<it>x</it> nomenclature</header>
<col>
<link xlink:type="simple" xlink:href="../497/880497.xml">
<it>cis</it>,<it>cis</it>-Δ9,Δ12</link></col>
<col>
In <b>Δ<it>x</it></b> (or <b>delta-<it>x</it></b>) <b>nomenclature</b>, each double bond is indicated by Δ<it>x</it>, where the double bond is located on the <it>x</it>th carbon–carbon bond, counting from the carboxylic acid end. Each double bond is preceded by a <it><link xlink:type="simple" xlink:href="../528/12528.xml">
cis</link></it>- or <it><link xlink:type="simple" xlink:href="../528/12528.xml">
trans</link></it>- prefix, indicating the conformation of the molecule around the bond. For example, <link xlink:type="simple" xlink:href="../497/880497.xml">
linoleic acid</link>is designated .</col>
</row>
<row>
<header>
<it>n</it>−<it>x</it> nomenclature</header>
<col>
<link xlink:type="simple" xlink:href="../594/22594.xml">
<it>n</it>−3</link></col>
<col>
<b><it>n</it></b><b>−<it>x</it></b> (<b><it>n</it></b><b> minus <it>x</it></b>; also <b>ω−<it>x</it></b> or <b>omega-<it>x</it></b>) <b>nomenclature</b> does not provide names for individual compounds, but is a shorthand way to categorize fatty acids by their physiological properties. A double bond is located on the <it>x</it>th carbon–carbon bond, counting from the terminal <link xlink:type="simple" xlink:href="../839/19839.xml">
methyl</link> carbon (designated as <it>n</it> or ω) toward the <link xlink:type="simple" xlink:href="../788/158788.xml">
carbonyl</link> carbon. For example, <link xlink:type="simple" xlink:href="../316/153316.xml">
α-Linolenic acid</link> is classified as a <link xlink:type="simple" xlink:href="../594/22594.xml">
<it>n</it>−3</link> or <link xlink:type="simple" xlink:href="../594/22594.xml">
omega-3</link> fatty acid, and so it shares properties with other compounds of this type. The ω−<it>x</it> or omega-<it>x</it> notation is common in popular literature, but <link xlink:type="simple" xlink:href="../503/3141503.xml">
IUPAC</link> has deprecated it in favor of <it>n</it>−<it>x</it> notation in technical documents.<ref xlink:type="simple" xlink:href="#xpointer(//reflist/entry[@id=%222%22])">2</ref> The most commonly researched fatty acid types are <link xlink:type="simple" xlink:href="../594/22594.xml">
<it>n</it>−3</link> and <link xlink:type="simple" xlink:href="../218/681218.xml">
<it>n</it>−6</link>, which have unique biological properties.</col>
</row>
<row>
<header>
Lipid numbers</header>
<col>
18:3</col>
<col>
<b>Lipid numbers</b> take the form <it>C</it>:<it>D</it>, where <it>C</it> is the number of carbon atoms in the fatty acid and <it>D</it> is the number of double bonds in the fatty acid. This notation is ambiguous, as different fatty acids can have the same numbers. Consequently, this notation is usually paired with either a Δ<it>x</it> or <it>n</it>−<it>x</it> term.<ref xlink:type="simple" xlink:href="#xpointer(//reflist/entry[@id=%222%22])">2</ref></col>
</row>
</table>
</p>
<p>

Examples of unsaturated fatty acids: 
<table class="wikitable">
<row>
<header>
Common name</header>
<col>
Chemical structure</col>
<col>
Δ<it>x''</it></col>
<col>
<it>C</it>:<it>D''</it></col>
<col>
<it>n</it>−<it>x''</it></col>
</row>
<row>
<col>
<link xlink:type="simple" xlink:href="../154/13292154.xml">
Myristoleic acid</link></col>
<col>
CH3(CH2)3<b>CH=CH</b>(CH2)7COOH</col>
<col>
<it>cis</it>-Δ9</col>
<col>
14:1</col>
<col>
<it>n</it>−5</col>
</row>
<row>
<col>
<link xlink:type="simple" xlink:href="../025/3025025.xml">
Palmitoleic acid</link></col>
<col>
CH3(CH2)5<b>CH=CH</b>(CH2)7COOH</col>
<col>
<it>cis</it>-Δ9</col>
<col>
16:1</col>
<col>
<it>n</it>−7</col>
</row>
<row>
<col>
<link xlink:type="simple" xlink:href="../100/661100.xml">
Oleic acid</link></col>
<col>
CH3(CH2)7<b>CH=CH</b>(CH2)7COOH</col>
<col>
<it>cis</it>-Δ9</col>
<col>
18:1</col>
<col>
 <link xlink:type="simple" xlink:href="../439/3110439.xml">
<it>n</it>−9</link></col>
</row>
<row>
<col>
<link xlink:type="simple" xlink:href="../497/880497.xml">
Linoleic acid</link></col>
<col>
CH3(CH2)4<b>CH=CH</b>CH2<b>CH=CH</b>(CH2)7COOH</col>
<col>
<it>cis</it>,<it>cis</it>-Δ9,Δ12</col>
<col>
18:2</col>
<col>
 <link xlink:type="simple" xlink:href="../218/681218.xml">
<it>n</it>−6</link></col>
</row>
<row>
<col>
<link xlink:type="simple" xlink:href="../316/153316.xml">
α-Linolenic acid</link></col>
<col>
CH3CH2<b>CH=CH</b>CH2<b>CH=CH</b>CH2<b>CH=CH</b>(CH2)7COOH</col>
<col>
<it>cis</it>,<it>cis</it>,<it>cis</it>-Δ9,Δ12,Δ15</col>
<col>
18:3</col>
<col>
 <link xlink:type="simple" xlink:href="../594/22594.xml">
<it>n</it>−3</link></col>
</row>
<row>
<col>
<link xlink:type="simple" xlink:href="../909/267909.xml">
Arachidonic acid</link></col>
<col>
 CH3(CH2)4<b>CH=CH</b>CH2<b>CH=CH</b>CH2<b>CH=CH</b>CH2<b>CH=CH</b>(CH2)3COOH<weblink xlink:type="simple" xlink:href="http://webbook.nist.gov/cgi/cbook.cgi?Name=Arachidonic+Acid&amp;Units=SI">
NIST</weblink></col>
<col>
<it>cis</it>,<it>cis</it>,<it>cis</it>,<it>cis</it>-Δ5Δ8,Δ11,Δ14</col>
<col>
20:4</col>
<col>
 <link xlink:type="simple" xlink:href="../218/681218.xml">
<it>n</it>−6</link></col>
</row>
<row>
<col>
<link xlink:type="simple" xlink:href="../775/1593775.xml">
Eicosapentaenoic acid</link></col>
<col>
CH3CH2<b>CH=CH</b>CH2<b>CH=CH</b>CH2<b>CH=CH</b>CH2<b>CH=CH</b>CH2<b>CH=CH</b>(CH2)3COOH</col>
<col>
<it>cis</it>,<it>cis</it>,<it>cis</it>,<it>cis</it>,<it>cis</it>-Δ5,Δ8,Δ11,Δ14,Δ17</col>
<col>
20:5</col>
<col>
 <link xlink:type="simple" xlink:href="../594/22594.xml">
<it>n</it>−3</link></col>
</row>
<row>
<col>
<link xlink:type="simple" xlink:href="../078/302078.xml">
Erucic acid</link></col>
<col>
CH3(CH2)7<b>CH=CH</b>(CH2)11COOH</col>
<col>
<it>cis</it>-Δ13</col>
<col>
22:1</col>
<col>
 <link xlink:type="simple" xlink:href="../439/3110439.xml">
<it>n</it>−9</link></col>
</row>
<row>
<col>
<link xlink:type="simple" xlink:href="../318/1673318.xml">
Docosahexaenoic acid</link></col>
<col>
CH3CH2<b>CH=CH</b>CH2<b>CH=CH</b>CH2<b>CH=CH</b>CH2<b>CH=CH</b>CH2<b>CH=CH</b>CH2<b>CH=CH</b>(CH2)2COOH</col>
<col>
<it>cis</it>,<it>cis</it>,<it>cis</it>,<it>cis</it>,<it>cis</it>,<it>cis</it>-Δ4,Δ7,Δ10,Δ13,Δ16,Δ19</col>
<col>
22:6</col>
<col>
 <link xlink:type="simple" xlink:href="../594/22594.xml">
<it>n</it>−3</link></col>
</row>
</table>
</p>

</ss2>
<ss2>
<st>
Essential fatty acids</st>

<p>

<indent level="1">

<it>Main article: <link xlink:type="simple" xlink:href="../948/105948.xml">
Essential fatty acid</link></it>
</indent>

The human body can produce all but two of the fatty acids it needs. These two, <link xlink:type="simple" xlink:href="../497/880497.xml">
linoleic acid</link> (LA acid) and <link xlink:type="simple" xlink:href="../316/153316.xml">
alpha-linolenic acid</link> (ALA), are widely distributed in plant oils. In addition, fish oils contain the longer-chain omega-3 fatty acids <link xlink:type="simple" xlink:href="../775/1593775.xml">
eicosapentaenoic acid</link> (EPA) and <link xlink:type="simple" xlink:href="../318/1673318.xml">
docosahexaenoic acid</link> (DHA). Other marine oils, such as from seal, also contain significant amounts of <link xlink:type="simple" xlink:href="../751/6771751.xml">
docosapentaenoic acid</link> (DPA), which is also an omega-3 fatty acid. Although the body to some extent can convert LA and LNA into these longer-chain omega-3 fatty acids, the omega-3 fatty acids found in marine oils help fulfill the requirement of essential fatty acids (and have been shown to have wholesome properties of their own).</p>
<p>

Since they cannot be made in the body from other substrates and must be supplied in food, they are called essential fatty acids.  Mammals lack the ability to introduce double bonds in fatty acids beyond carbons 9 and 10.  Hence linoleic acid and alpha-linolenic acid are essential fatty acids for humans.</p>
<p>

In the body, essential fatty acids are primarily used to produce hormone-like substances that regulate a wide range of functions, including blood pressure, blood clotting, blood lipid levels, the immune response, and the inflammation response to injury infection.</p>
<p>

Essential fatty acids are polyunsaturated fatty acids and are the parent compounds of the omega-6 and omega-3 fatty acid series, respectively. They are essential in the human diet because there is no synthetic mechanism for them. Humans can easily make saturated fatty acids or monounsaturated fatty acids with a double bond at the omega-9 position, but do not have the enzymes necessary to introduce a double bond at the omega-3 position or omega-6 position. </p>
<p>

The essential fatty acids are important in several human body systems, including the immune system and in blood pressure regulation, since they are used to make compounds such as <link xlink:type="simple" xlink:href="../336/92336.xml">
prostaglandin</link>s. The brain has increased amounts of linolenic and alpha-linoleic acid derivatives.  Changes in the levels and balance of these fatty acids due to a typical Western diet rich in omega-6 and poor in omega-3 fatty acids is alleged <ref xlink:type="simple" xlink:href="#xpointer(//reflist/entry[@id=%224%22])">4</ref> to be associated with <link xlink:type="simple" xlink:href="../273/840273.xml">
depression</link> and behavioral change, including violence. The actual connection, if any, is still under investigation. Further, changing to a diet richer in omega-3 fatty acids, or consumption of supplements to compensate for a dietary imbalance, has been associated with reduced violent behavior<ref xlink:type="simple" xlink:href="#xpointer(//reflist/entry[@id=%225%22])">5</ref> and increased attention span, but the mechanisms for the effect are still unclear.  So far, at least three human studies have shown results that support this: two school studies<ref xlink:type="simple" xlink:href="#xpointer(//reflist/entry[@id=%226%22])">6</ref> as well as a double blind study in a prison.<ref xlink:type="simple" xlink:href="#xpointer(//reflist/entry[@id=%225%22])">5</ref><ref xlink:type="simple" xlink:href="#xpointer(//reflist/entry[@id=%227%22])">7</ref><ref xlink:type="simple" xlink:href="#xpointer(//reflist/entry[@id=%228%22])">8</ref></p>
<p>

Fatty acids play an important role in the life and death of cardiac cells because they are essential fuels for mechanical and electrical activities of the heart. <ref xlink:type="simple" xlink:href="#xpointer(//reflist/entry[@id=%229%22])">9</ref> 
<ref xlink:type="simple" xlink:href="#xpointer(//reflist/entry[@id=%2210%22])">10</ref>
<ref xlink:type="simple" xlink:href="#xpointer(//reflist/entry[@id=%2211%22])">11</ref>
<ref xlink:type="simple" xlink:href="#xpointer(//reflist/entry[@id=%2212%22])">12</ref></p>

</ss2>
<ss2>
<st>
Trans fatty acids</st>

<p>

<indent level="1">

<it>Main article: <link xlink:type="simple" xlink:href="../487/263487.xml">
Trans fat</link></it>
</indent>

A <link xlink:type="simple" xlink:href="../487/263487.xml">
trans fatty acid</link> (commonly shortened to trans fat) is an unsaturated fatty acid molecule that contains a <it>trans</it> double bond between <link xlink:type="simple" xlink:href="../299/5299.xml">
carbon</link> atoms, which makes the molecule less 'kinked' in comparison to fatty acids with <it>cis</it> double bonds. These bonds are characteristically produced during industrial hydrogenation of plant oils. Research suggests that amounts of trans fats correlate with circulatory diseases such as <link xlink:type="simple" xlink:href="../385/85385.xml">
atherosclerosis</link> and <link xlink:type="simple" xlink:href="../735/5069735.xml">
coronary heart disease</link> more than the same amount of non-trans fats, for reasons that are not fully understood. It is known, however, that trans fats raise the LDL (bad) cholesterol and lowers the HDL (good) cholestrol. They have also been shown to have other harmful effects such as increasing triglycerides and Lp(a) lipoproteins. It is also thought to cause more inflammation, which is thought to occur through damage to the cells lining of blood vessels.</p>

</ss2>
</ss1>
<ss1>
<st>
Long and short</st>
<p>
 
In addition to saturation, fatty acids are short, medium or long.</p>
<p>

<list>
<entry level="1" type="bullet">

<link xlink:type="simple" xlink:href="../024/11869024.xml">
Short chain fatty acid</link>s (SCFA) are <link xlink:type="simple" xlink:href="../975/10975.xml">
fatty acids</link> with <link xlink:type="simple" xlink:href="../ury/22nd_century.xml">
aliphatic</link> tails of less than eight <link xlink:type="simple" xlink:href="../299/5299.xml">
carbons</link>.</entry>
<entry level="1" type="bullet">

Medium chain fatty acids (MCFA) are <link xlink:type="simple" xlink:href="../975/10975.xml">
fatty acids</link> with <link xlink:type="simple" xlink:href="../ury/22nd_century.xml">
aliphatic</link> tails of 8–14 <ref xlink:type="simple" xlink:href="#xpointer(//reflist/entry[@id=%2213%22])">13</ref> <link xlink:type="simple" xlink:href="../299/5299.xml">
carbons</link>, which can form <link xlink:type="simple" xlink:href="../717/5683717.xml">
medium chain triglycerides</link>.</entry>
<entry level="1" type="bullet">

Long chain fatty acids (LCFA) are <link xlink:type="simple" xlink:href="../975/10975.xml">
fatty acids</link> with <link xlink:type="simple" xlink:href="../ury/22nd_century.xml">
aliphatic</link> tails of 16 <link xlink:type="simple" xlink:href="../299/5299.xml">
carbons</link> or more<ref xlink:type="simple" xlink:href="#xpointer(//reflist/entry[@id=%2213%22])">13</ref>.</entry>
</list>
</p>
<p>

When discussing <link xlink:type="simple" xlink:href="../948/105948.xml">
essential fatty acid</link>s, (EFA) a slightly different terminology applies.  
Short-chain EFA are 18 carbons long; long-chain EFA have 20 or more carbons.<ref xlink:type="simple" xlink:href="#xpointer(//reflist/entry[@id=%2214%22])">14</ref></p>

</ss1>
</sec>
<sec>
<st>
Free fatty acids</st>
<p>

Fatty acids can be bound or attached to other molecules, such as in <link xlink:type="simple" xlink:href="../525/56525.xml">
triglyceride</link>s or <link xlink:type="simple" xlink:href="../505/24505.xml">
phospholipid</link>s.  When they are not attached to other molecules, they are known as "free" fatty acids.</p>
<p>

The <b>uncombined fatty acids</b> or <b>free fatty acids</b> may come from the breakdown of a triglyceride into its components (fatty acids and glycerol). However as fats are insoluble in water they must be bound to appropriate regions in the plasma protein albumin for transport around the body. The levels of "free fatty acid" in the blood are limited by the number of albumin binding sites available.</p>
<p>

Free fatty acids are an important source of fuel for many tissues since they can yield relatively large quantities of <link xlink:type="simple" xlink:href="../800/1800.xml">
ATP</link>.  Many cell types can use either <link xlink:type="simple" xlink:href="../950/12950.xml">
glucose</link> or fatty acids for this purpose.  In particular, heart and skeletal muscle prefer fatty acids.  The brain cannot use fatty acids as a source of fuel; it relies on glucose, or on <link xlink:type="simple" xlink:href="../556/56556.xml">
ketone bodies</link>. Ketone bodies are produced in the liver by <link xlink:type="simple" xlink:href="../371/1437371.xml">
fatty acid metabolism</link> during starvation, or during periods of low carbohydrate intake.</p>

</sec>
<sec>
<st>
 Fatty acids in dietary fats </st>

<p>

The following table gives the fatty acid, vitamin E and cholesterol composition of some common dietary fats.<ref xlink:type="simple" xlink:href="#xpointer(//reflist/entry[@id=%2215%22])">15</ref>
<ref xlink:type="simple" xlink:href="#xpointer(//reflist/entry[@id=%2216%22])">16</ref></p>
<p>

<table class="wikitable">


<header>
Saturated</header>
<header>
Monounsaturated</header>
<header>
Polyunsaturated</header>
<header>
Cholesterol</header>
<header>
Vitamin E</header>
<row>

<col align="center">
g/100g</col>
<col align="center">
g/100g</col>
<col align="center">
g/100g</col>
<col align="center">
mg/100g</col>
<col align="center">
mg/100g</col>
</row>
<row>
<col colspan="6">
<b><it>Animal fats</it></b></col>
</row>
<row>
<col>
 <link xlink:type="simple" xlink:href="../997/18621997.xml">
Lard</link></col>
<col align="right">
40.8</col>
<col align="right">
43.8</col>
<col align="right">
9.6</col>
<col align="right">
93</col>
<col align="right">
0.00</col>
</row>
<row>
<col>
 <link xlink:type="simple" xlink:href="../183/46183.xml">
Butter</link></col>
<col align="right">
54.0</col>
<col align="right">
19.8</col>
<col align="right">
2.6</col>
<col align="right">
230</col>
<col align="right">
2.00</col>
</row>
<row>
<col colspan="6">
<b><it>Vegetable fats</it></b></col>
</row>
<row>
<col>
 <link xlink:type="simple" xlink:href="../915/239915.xml">
Coconut oil</link></col>
<col align="right">
85.2</col>
<col align="right">
6.6</col>
<col align="right">
1.7</col>
<col align="right">
0</col>
<col align="right">
.66</col>
</row>
<row>
<col>
 <link xlink:type="simple" xlink:href="../561/57561.xml">
Palm oil</link></col>
<col align="right">
45.3</col>
<col align="right">
41.6</col>
<col align="right">
8.3</col>
<col align="right">
0</col>
<col align="right">
33.12</col>
</row>
<row>
<col>
 <link xlink:type="simple" xlink:href="../389/613389.xml">
Cottonseed oil</link></col>
<col align="right">
25.5</col>
<col align="right">
21.3</col>
<col align="right">
48.1</col>
<col align="right">
0</col>
<col align="right">
42.77</col>
</row>
<row>
<col>
 <link xlink:type="simple" xlink:href="../464/5982464.xml">
Wheat germ oil</link></col>
<col align="right">
18.8</col>
<col align="right">
15.9</col>
<col align="right">
60.7</col>
<col align="right">
0</col>
<col align="right">
136.65</col>
</row>
<row>
<col>
 <link xlink:type="simple" xlink:href="../784/62784.xml">
Soya oil</link></col>
<col align="right">
14.5</col>
<col align="right">
23.2</col>
<col align="right">
56.5</col>
<col align="right">
0</col>
<col align="right">
16.29</col>
</row>
<row>
<col>
 <link xlink:type="simple" xlink:href="../478/22478.xml">
Olive oil</link></col>
<col align="right">
14.0</col>
<col align="right">
69.7</col>
<col align="right">
11.2</col>
<col align="right">
0</col>
<col align="right">
5.10</col>
</row>
<row>
<col>
 <link xlink:type="simple" xlink:href="../452/2249452.xml">
Corn oil</link></col>
<col align="right">
12.7</col>
<col align="right">
24.7</col>
<col align="right">
57.8</col>
<col align="right">
0</col>
<col align="right">
17.24</col>
</row>
<row>
<col>
 <link xlink:type="simple" xlink:href="../902/2921902.xml">
Sunflower oil</link></col>
<col align="right">
11.9</col>
<col align="right">
20.2</col>
<col align="right">
63.0</col>
<col align="right">
0</col>
<col align="right">
49.0&nbsp;</col>
</row>
<row>
<col>
 <link xlink:type="simple" xlink:href="../441/1208441.xml">
Safflower oil</link></col>
<col align="right">
10.2</col>
<col align="right">
12.6</col>
<col align="right">
72.1</col>
<col align="right">
0</col>
<col align="right">
40.68</col>
</row>
<row>
<col>
 <link xlink:type="simple" xlink:href="../190/86190.xml">
Rapeseed/Canola oil</link></col>
<col align="right">
5.3</col>
<col align="right">
64.3</col>
<col align="right">
24.8</col>
<col align="right">
0</col>
<col align="right">
22.21</col>
</row>
</table>
</p>

</sec>
<sec>
<st>
Acidity</st>
<p>

Short chain carboxylic acids such as <link xlink:type="simple" xlink:href="../284/66284.xml">
formic acid</link> and <link xlink:type="simple" xlink:href="../902/42902.xml">
acetic acid</link> are miscible with water and dissociate to form reasonably strong acids (<link xlink:type="simple" xlink:href="../555/57555.xml">
pKa</link> 3.77 and 4.76, respectively). Longer-chain fatty acids do not show a great change in pKa.  <link xlink:type="simple" xlink:href="../777/4106777.xml">
Nonanoic acid</link>, for example, has a pKa of 4.96.  However, as the chain length increases the solubility of the fatty acids in water decreases very rapidly, so that the longer-chain fatty acids have very little effect on the <link xlink:type="simple" xlink:href="../530/24530.xml">
pH</link> of a solution. The significance of their pKa values therefore has relevance only to the types of reactions in which they can take part.</p>
<p>

Even those fatty acids that are insoluble in water will dissolve in warm <link xlink:type="simple" xlink:href="../de)/10048_(Z$I$P$_code).xml">
ethanol</link>, and can be <link xlink:type="simple" xlink:href="../260/31260.xml">
titrated</link> with <link xlink:type="simple" xlink:href="../877/57877.xml">
sodium hydroxide</link> solution using <link xlink:type="simple" xlink:href="../173/246173.xml">
phenolphthalein</link> as an indicator to a pale-pink endpoint.  This analysis is used to determine the free fatty acid content of fats, i.e., the proportion of the triglycerides that have been hydrolyzed.</p>

</sec>
<sec>
<st>
Reaction of fatty acids</st>

<p>

Fatty acids react just like any other carboxylic acid, which means they can undergo <link xlink:type="simple" xlink:href="../457/268457.xml">
esterification</link> and acid-base reactions. <link xlink:type="simple" xlink:href="../313/66313.xml">
Reduction</link> of fatty acids yields <link xlink:type="simple" xlink:href="../326/1741326.xml">
fatty alcohol</link>s. Unsaturated fatty acids can also undergo addition reactions, most commonly <link xlink:type="simple" xlink:href="../968/235968.xml">
hydrogenation</link>, which is used to convert vegetable oils into margarine. With partial hydrogenation, unsaturated fatty acids can be isomerized from <it>cis</it> to <it>trans</it> configuration. In the <process wordnetid="100029677" confidence="0.8">
<physical_entity wordnetid="100001930" confidence="0.8">
<chemical_process wordnetid="113446390" confidence="0.8">
<natural_process wordnetid="113518963" confidence="0.8">
<chemical_reaction wordnetid="113447361" confidence="0.8">
<link xlink:type="simple" xlink:href="../478/13843478.xml">
Varrentrapp reaction</link></chemical_reaction>
</natural_process>
</chemical_process>
</physical_entity>
</process>
 certain unsaturated fatty acids are cleaved in molten alkali, a reaction at one time of relevance to structure elucidation. </p>

<ss1>
<st>
Auto-oxidation and rancidity</st>

<p>

<indent level="1">

<it>Main article: <link xlink:type="simple" xlink:href="../711/198711.xml">
Rancidification</link></it>
</indent>

Fatty acids at room temperature undergo a chemical change known as <link xlink:type="simple" xlink:href="../738/3189738.xml">
auto-oxidation</link>. The fatty acid breaks down into <link xlink:type="simple" xlink:href="../257/13257.xml">
hydrocarbon</link>s, <link xlink:type="simple" xlink:href="../803/16803.xml">
ketone</link>s, <link xlink:type="simple" xlink:href="../329/37329.xml">
aldehyde</link>s, and smaller amounts of <link xlink:type="simple" xlink:href="../859/355859.xml">
epoxide</link>s and <link xlink:type="simple" xlink:href="../014/1014.xml">
alcohol</link>s. Heavy metals present at low levels in fats and oils promote auto-oxidation. Fats and oils often are treated with <link xlink:type="simple" xlink:href="../641/175641.xml">
chelating agents</link> such as <link xlink:type="simple" xlink:href="../536/54536.xml">
citric acid</link>.</p>

</ss1>
</sec>
<sec>
<st>
Circulation</st>

<ss1>
<st>
Digestion and intake</st>

<p>

<indent level="1">

<it>Main article: <link xlink:type="simple" xlink:href="../423/165423.xml#xpointer(//*[./st=%22Fat+digestion%22])">
Digestion#Fat digestion</link></it>
</indent>
<link xlink:type="simple" xlink:href="../024/11869024.xml">
Short-</link> and <link>
medium chain fatty acids</link> are absorbed directly into the blood via intestine capillaries and travel through the <link xlink:type="simple" xlink:href="../115/6925115.xml">
portal vein</link> just as other absorbed nutrients do. However, <link>
long chain fatty acids</link> are too large to be directly released into the tiny intestine capillaries. Instead they are absorbed into the fatty walls of the intestine <anatomy wordnetid="106057539" confidence="0.9508927676800064">
<link xlink:type="simple" xlink:href="../635/572635.xml">
villi</link></anatomy>
 and reassembled again into <link xlink:type="simple" xlink:href="../525/56525.xml">
triglycerides</link>. The triglycerides are coated with <link xlink:type="simple" xlink:href="../437/6437.xml">
cholesterol</link> and protein (protein coat) into a compound called a <link xlink:type="simple" xlink:href="../652/588652.xml">
chylomicron</link>. </p>
<p>

Within the villi, the chylomicron enters a <link xlink:type="simple" xlink:href="../425/71425.xml">
lymphatic</link> capillary called a <link xlink:type="simple" xlink:href="../012/1160012.xml">
lacteal</link>, which merges into larger lymphatic vessels. It is transported via the lymphatic system and the <link xlink:type="simple" xlink:href="../724/303724.xml">
thoracic duct</link> up to a location near the heart (where the arteries and veins are larger). The thoracic duct empties the chylomicrons into the bloodstream via the left <link xlink:type="simple" xlink:href="../803/2178803.xml">
subclavian vein</link>. At this point the chylomicrons can transport the triglycerides to where they are needed.</p>

</ss1>
<ss1>
<st>
Distribution</st>

<p>

<indent level="1">

<it>Main article: <link>
Blood fatty acids</link></it>
</indent>
Blood fatty acids are in different forms in different stages in the blood circulation. They are taken in through the intestine in <link xlink:type="simple" xlink:href="../652/588652.xml">
chylomicrons</link>, but also exist in <link xlink:type="simple" xlink:href="../410/502410.xml">
very low density lipoprotein</link>s (VLDL) and <link xlink:type="simple" xlink:href="../521/51521.xml">
low density lipoprotein</link>s (LDL) after processing in the liver. In addition, when released from <link xlink:type="simple" xlink:href="../229/625229.xml">
adipocytes</link>, fatty acids exist in the blood as <link>
free fatty acids</link>.</p>

</ss1>
</sec>
<sec>
<st>
References</st>

<p>

<reflist>
<entry id="1">
 <cite style="font-style:normal" class="book">Prayer Book,&#32;(1997). <weblink xlink:type="simple" xlink:href="http://goldbook.iupac.org/F02330.html">
The Gold Book</weblink>, 2nd, IUPAC Compendium of Chemical Terminology,&#32;International Union of Pure and Applied Chemistry. ISBN 052151150X. Retrieved on <link>
2007-10-31</link>.</cite>&nbsp;</entry>
<entry id="2">
 <cite style="font-style:normal" class="book">Rigaudy, J.;&#32;Klesney, S.P.&#32;(1979). Nomenclature of Organic Chemistry.&#32;<village wordnetid="108672738" confidence="0.9508927676800064">
<link xlink:type="simple" xlink:href="../334/23334.xml">
Pergamon</link></village>
. ISBN 0080223699. <commercial_enterprise wordnetid="108065093" confidence="0.8">
<company wordnetid="108058098" confidence="0.8">
<cooperative wordnetid="101100877" confidence="0.8">
<enterprise wordnetid="108056231" confidence="0.8">
<institution wordnetid="108053576" confidence="0.8">
<link xlink:type="simple" xlink:href="../885/883885.xml">
OCLC</link></institution>
</enterprise>
</cooperative>
</company>
</commercial_enterprise>
 <weblink xlink:type="simple" xlink:href="http://worldcat.org/oclc/5008199">
5008199</weblink>.</cite>&nbsp;</entry>
<entry id="3">
 <cite style="font-style:normal">&#32;"<weblink xlink:type="simple" xlink:href="http://www.blackwell-synergy.com/doi/pdf/10.1111/j.1432-1033.1977.tb11778.x">
The Nomenclature of Lipids. Recommendations, 1976</weblink>"&#32;&#32;(1977). <it>European Journal of Biochemistry</it>&#32;<b>79</b>&#32;(1): 11–21. <document wordnetid="106470073" confidence="0.8">
<written_communication wordnetid="106349220" confidence="0.8">
<writing wordnetid="106362953" confidence="0.8">
<link xlink:type="simple" xlink:href="../994/422994.xml">
doi</link></writing>
</written_communication>
</document>
:<weblink xlink:type="simple" xlink:href="http://dx.doi.org/10.1111%2Fj.1432-1033.1977.tb11778.x">
10.1111/j.1432-1033.1977.tb11778.x</weblink>.</cite>&nbsp;</entry>
<entry id="4">
"<weblink xlink:type="simple" xlink:href="http://www.sciencedaily.com/releases/2005/05/050525161319.htm">
Study Links Brain Fatty Acid Levels To Depression</weblink>", <it>ScienceDaily</it>&#32;(Bethesda, MD), American Society For Biochemistry And Molecular Biology&#32;(2005-05-25).&#32;Retrieved on <link>
2008-01-18</link>.&nbsp;</entry>
<entry id="5">
 <cite style="font-style:normal">C. Bernard Gesch, CQSW Sean M. Hammond, PhD Sarah E. Hampson, PhD Anita Eves, PhD Martin J. Crowder, PhD&#32;(2002).&#32;"<weblink xlink:type="simple" xlink:href="http://bjp.rcpsych.org/cgi/content/full/181/1/22">
Influence of supplementary vitamins, minerals and essential fatty acids on the antisocial behavior of young adult prisoners</weblink>". <it>The British Journal of Psychiatry</it>&#32;<b>181</b>: 22–28. <document wordnetid="106470073" confidence="0.8">
<written_communication wordnetid="106349220" confidence="0.8">
<writing wordnetid="106362953" confidence="0.8">
<link xlink:type="simple" xlink:href="../994/422994.xml">
doi</link></writing>
</written_communication>
</document>
:<weblink xlink:type="simple" xlink:href="http://dx.doi.org/10.1192%2Fbjp.181.1.22">
10.1192/bjp.181.1.22</weblink>. PMID 12091259. Retrieved on <link>
2006-06-27</link>.</cite>&nbsp; </entry>
<entry id="6">
 <cite style="font-style:normal">Alexandra J. Richardson and Paul Montgomery&#32;(2005).&#32;"The Oxford-Durham study: a randomized controlled trial of dietary supplementation with fatty acids in children with developmental coordination disorder". <it>Pediatrics</it>&#32;<b>115</b>&#32;(5): 1360–1366. <document wordnetid="106470073" confidence="0.8">
<written_communication wordnetid="106349220" confidence="0.8">
<writing wordnetid="106362953" confidence="0.8">
<link xlink:type="simple" xlink:href="../994/422994.xml">
doi</link></writing>
</written_communication>
</document>
:<weblink xlink:type="simple" xlink:href="http://dx.doi.org/10.1542%2Fpeds.2004-2164">
10.1542/peds.2004-2164</weblink>. PMID 15867048.</cite>&nbsp; </entry>
<entry id="7">
 <cite id="Reference-Lawrence-2004" style="font-style:normal" class="book">Lawrence, Felicity&#32;(2004).&#32;in Kate Barker: Not on the Label.&#32;Penguin,&#32;213. ISBN 0-14-101566-7. <commercial_enterprise wordnetid="108065093" confidence="0.8">
<company wordnetid="108058098" confidence="0.8">
<cooperative wordnetid="101100877" confidence="0.8">
<enterprise wordnetid="108056231" confidence="0.8">
<institution wordnetid="108053576" confidence="0.8">
<link xlink:type="simple" xlink:href="../885/883885.xml">
OCLC</link></institution>
</enterprise>
</cooperative>
</company>
</commercial_enterprise>
 <weblink xlink:type="simple" xlink:href="http://worldcat.org/oclc/224019274+55482837+55588726+57432047">
224019274 55482837 55588726 57432047</weblink>.</cite>&nbsp;</entry>
<entry id="8">
"<weblink xlink:type="simple" xlink:href="http://www.durhamtrial.org/">
Using Fatty Acids for Enhancing Classroom Achievement</weblink>".&#32;Retrieved on January, 2004.</entry>
<entry id="9">
 <cite style="font-style:normal">E Honoré, J Barhanin, B Attali, F Lesage, and M Lazdunski&#32;(1994 March 1).&#32;"<weblink xlink:type="simple" xlink:href="http://www.pubmedcentral.nih.gov/pagerender.fcgi?artid=43279&amp;pageindex=1#page">
External blockade of the major cardiac delayed-rectifier K+ channel (Kv1.5) by polyunsaturated fatty acids</weblink>". <it>Proc Natl Acad Sci USA</it>&#32;<b>91(5)</b>: 1937–1941. PMID 8127910. Retrieved on <link>
2007-01-18</link>.</cite>&nbsp; - see page 1 of this link</entry>
<entry id="10">
 <cite style="font-style:normal">Reiffel JA, McDonald A&#32;(2006).&#32;"Antiarrhythmic effects of omega-3 fatty acids". <it>Am. J. Cardiol.</it>&#32;<b>98</b>&#32;(4A): 50i–60i. <document wordnetid="106470073" confidence="0.8">
<written_communication wordnetid="106349220" confidence="0.8">
<writing wordnetid="106362953" confidence="0.8">
<link xlink:type="simple" xlink:href="../994/422994.xml">
doi</link></writing>
</written_communication>
</document>
:<weblink xlink:type="simple" xlink:href="http://dx.doi.org/10.1016%2Fj.amjcard.2005.12.027">
10.1016/j.amjcard.2005.12.027</weblink>. PMID 16919517.</cite>&nbsp;</entry>
<entry id="11">
 <cite style="font-style:normal">Landmark K, Alm CS&#32;(2006).&#32;"Alpha-linolenic acid, cardiovascular disease and sudden death"&#32;(in Norwegian). <it>Tidsskr. Nor. Laegeforen.</it>&#32;<b>126</b>&#32;(21): 2792–4. PMID 17086218.</cite>&nbsp;</entry>
<entry id="12">
 <cite style="font-style:normal">Herbaut C&#32;(2006).&#32;"Omega-3 and health"&#32;(in French). <it>Rev Med Brux</it>&#32;<b>27</b>&#32;(4): S355–60. PMID 17091903.</cite>&nbsp;</entry>
<entry id="13">
 <weblink xlink:type="simple" xlink:href="http://www.lipidworld.com/content/2/1/10">
Short term effects of dietary medium-chain fatty acids and n-3 long-chain polyunsaturated fatty acids on the fat metabolism of healthy volunteers</weblink> Christopher Beermann1 , J Jelinek1 , T Reinecker2 , A Hauenschild2 , G Boehm1  and H-U Klör2 </entry>
<entry id="14">
"<weblink xlink:type="simple" xlink:href="http://www.fatsoflife.com/fatsoflife/fat-basics.asp">
Health Facts About Good Fats : The Basics : Omega-3s, Mono &amp; Polyunsaturated Fatty Acids</weblink>".&#32;<it>Fats of Life Newsletter</it>.&#32;Retrieved on <link>
2007-12-12</link>.</entry>
<entry id="15">
 <cite style="font-style:normal" class="book">Food Standards Agency&#32;(1991).&#32;"Fats and Oils", McCance &amp; Widdowson's the Composition of Foods.&#32;Royal Society of Chemistry.</cite>&nbsp;</entry>
<entry id="16">
Ted Altar.&#32;"<weblink xlink:type="simple" xlink:href="http://www.efn.org/~sundance/fats_and_oils.html">
More Than You Wanted To Know About Fats/Oils</weblink>".&#32;  Sundance Natural Foods Online.&#32;Retrieved on <link>
2006-08-31</link>.
</entry>
</reflist>
</p>

</sec>
<sec>
<st>
See also</st>


<p>

<list>
<entry level="1" type="bullet">

 <link xlink:type="simple" xlink:href="../445/7377445.xml">
List of saturated fatty acids</link></entry>
<entry level="1" type="bullet">

 <link xlink:type="simple" xlink:href="../948/105948.xml">
Essential fatty acid</link></entry>
<entry level="1" type="bullet">

 <link xlink:type="simple" xlink:href="../746/264746.xml">
Saturated fat</link></entry>
<entry level="1" type="bullet">

 <link xlink:type="simple" xlink:href="../748/264748.xml">
Unsaturated fat</link></entry>
<entry level="1" type="bullet">

 <link xlink:type="simple" xlink:href="../579/9568579.xml">
Fatty acid synthesis</link></entry>
<entry level="1" type="bullet">

 <link xlink:type="simple" xlink:href="../371/1437371.xml">
Fatty acid metabolism</link></entry>
<entry level="1" type="bullet">

 <link xlink:type="simple" xlink:href="../087/8808087.xml">
Fatty acid synthase</link></entry>
<entry level="1" type="bullet">

 <link xlink:type="simple" xlink:href="../331/192331.xml">
Vegetable oils</link></entry>
</list>
</p>

</sec>
<sec>
<st>
External links</st>
<p>

<list>
<entry level="1" type="bullet">

 <weblink xlink:type="simple" xlink:href="http://www.lipidlibrary.co.uk/">
Lipid Library</weblink></entry>
<entry level="1" type="bullet">

<weblink xlink:type="simple" xlink:href="http://intl.elsevierhealth.com/journals/plef/">
<it>Prostaglandins, Leukotrienes &amp; Essential Fatty Acids</it> Journal</weblink></entry>
</list>
</p>

<p>

<table style=";" class="navbox" cellspacing="0">
<row>
<col style="padding:2px;">
<table style="width:100%;background:transparent;color:inherit;;" class="nowraplinks collapsible autocollapse " cellspacing="0">
<row>
<header colspan="2" style=";" class="navbox-title">
<link xlink:type="simple" xlink:href="../940/17940.xml">
Lipid</link>s: <link xlink:type="simple" xlink:href="../975/10975.xml">
fatty acid</link>s</header>
</row>
<row style="height:2px;">

</row>
<row>
<col style=";;" class="navbox-group">
<link xlink:type="simple" xlink:href="../746/264746.xml">
Saturated</link></col>
<col style="text-align:left;border-left:2px solid #fdfdfd;width:100%;padding:0px;;;" class="navbox-list navbox-odd">
<link xlink:type="simple" xlink:href="../345/232345.xml">
Butyric</link> • <link xlink:type="simple" xlink:href="../897/2933897.xml">
Hexanoic</link> • <link xlink:type="simple" xlink:href="../774/3127774.xml">
Caprylic</link> • <link xlink:type="simple" xlink:href="../173/2349173.xml">
Decanoic</link> • <link xlink:type="simple" xlink:href="../497/1598497.xml">
Lauric</link> • <link xlink:type="simple" xlink:href="../038/1718038.xml">
Myristic</link> • <link xlink:type="simple" xlink:href="../488/542488.xml">
Palmitic</link> • <link xlink:type="simple" xlink:href="../511/338511.xml">
Stearic</link> • <link xlink:type="simple" xlink:href="../531/542531.xml">
Arachidic</link> • <link xlink:type="simple" xlink:href="../741/3306741.xml">
Behenic</link> • <link xlink:type="simple" xlink:href="../766/3306766.xml">
Lignoceric</link></col>
</row>
<row style="height:2px">

</row>
<row>
<col style=";;" class="navbox-group">
<link xlink:type="simple" xlink:href="../594/22594.xml">
<it>n</it>−3 Unsaturated</link></col>
<col style="text-align:left;border-left:2px solid #fdfdfd;width:100%;padding:0px;;;" class="navbox-list navbox-even">
<link xlink:type="simple" xlink:href="../316/153316.xml">
α-Linolenic</link> • <link xlink:type="simple" xlink:href="../140/3956140.xml">
Stearidonic</link> • <link xlink:type="simple" xlink:href="../775/1593775.xml">
Eicosapentaenoic</link> • <link xlink:type="simple" xlink:href="../318/1673318.xml">
Docosahexaenoic</link></col>
</row>
<row style="height:2px">

</row>
<row>
<col style=";;" class="navbox-group">
<link xlink:type="simple" xlink:href="../218/681218.xml">
<it>n</it>−6 Unsaturated</link></col>
<col style="text-align:left;border-left:2px solid #fdfdfd;width:100%;padding:0px;;;" class="navbox-list navbox-odd">
<link xlink:type="simple" xlink:href="../497/880497.xml">
Linoleic</link> • <link xlink:type="simple" xlink:href="../075/806075.xml">
γ-Linolenic</link> • <link xlink:type="simple" xlink:href="../770/3950770.xml">
Dihomo-γ-linolenic</link> • <link xlink:type="simple" xlink:href="../909/267909.xml">
Arachidonic</link></col>
</row>
<row style="height:2px">

</row>
<row>
<col style=";;" class="navbox-group">
<link xlink:type="simple" xlink:href="../439/3110439.xml">
<it>n</it>−9 Unsaturated</link></col>
<col style="text-align:left;border-left:2px solid #fdfdfd;width:100%;padding:0px;;;" class="navbox-list navbox-even">
<link xlink:type="simple" xlink:href="../100/661100.xml">
Oleic</link> • <link xlink:type="simple" xlink:href="../078/302078.xml">
Erucic</link> • <link xlink:type="simple" xlink:href="../057/15602057.xml">
Nervonic</link></col>
</row>
</table>
</col>
</row>
</table>
</p>



</sec>
</bdy>
</article>
