<?xml version="1.0" encoding="UTF-8"?>
<!-- generated by CLiX/Wiki2XML [MPI-Inf, MMCI@UdS] $LastChangedRevision: 92 $ on 17.04.2009 00:29:30[mciao0828] -->
<!DOCTYPE article SYSTEM "../article.dtd">
<article xmlns:xlink="http://www.w3.org/1999/xlink">
<computer  confidence="0.8" wordnetid="103082979">
<artifact  confidence="0.8" wordnetid="100021939">
<instrumentality  confidence="0.8" wordnetid="103575240">
<device  confidence="0.8" wordnetid="103183080">
<machine  confidence="0.8" wordnetid="103699975">
<web_site  confidence="0.8" wordnetid="106359193">
<header>
<title>Sploofus</title>
<id>11016253</id>
<revision>
<id>244673014</id>
<timestamp>2008-10-11T23:54:31Z</timestamp>
<contributor>
<username>Closedmouth</username>
<id>372693</id>
</contributor>
</revision>
<categories>
<category>Entertainment websites</category>
</categories>
</header>
<bdy>

<image location="right" width="300px" src="Sploofuslogo.jpg" type="thumb">
<caption>

The logo for the <b>Sploofus</b> web site.
</caption>
</image>
<p>

<b>Sploofus</b> is a web site featuring <link xlink:type="simple" xlink:href="../736/1690736.xml">
trivia</link> quizzes and other <link xlink:type="simple" xlink:href="../944/1050944.xml">
online game</link>s.</p>
<p>

Trivia quizzes are submitted by site members and checked by one of 28 site editors before being live. WordPuzzles (similar to the game <link xlink:type="simple" xlink:href="../462/14462.xml">
hangman</link>) and the Trivia Question of the Day (selected randomly for each user from a large database of questions submitted by the editors) are created by the editorial staff. WordRounds and WordMatches are designed to test vocabulary knowledge and dexterity and were created by an independent third party for the webmaster. </p>
<p>

Contestants can challenge other members directly above them in the total-point ranking to a Showdown. That allows the challenger to win or lose points, while the person challenged will break-even if he loses the showdown, or win points from the challenger if he is victorious in the showdown . </p>
<p>

Additionally, Wagers allow every contestant to bet any number of points up to a pre-determined maximum, based on 25% of each player's total points. Successful wagerers win that number, losers forfeit that number.</p>
<p>

The Sploofus site was created by Justin Morton in 2004 and has grown to a membership of more than 45,000 members. </p>

<sec>
<st>
References</st>
<p>

<list>
<entry level="1" type="bullet">

<weblink xlink:type="simple" xlink:href="http://www.toledoblade.com/apps/pbcs.dll/article?AID=/20060507/NEWS19/605070310/-1/NEWS|">
site attracts global fan base"</weblink> by George J. Tanber, <it><link xlink:type="simple" xlink:href="../719/1458719.xml">
Toledo Blade</link></it>, May 7, 2006</entry>
<entry level="1" type="bullet">

<weblink xlink:type="simple" xlink:href="http://news.google.com/news/url?sa=t&amp;ct=us/0-0&amp;fp=4646822e8320b690&amp;ei=gYJGRvmRJo-soAKC3di-Bw&amp;url=http%3A//www.courierpress.com/news/2007/apr/24/sploofuscom-its-the-answer-for-trivia-fans/&amp;cid=0|">
It's the answer for trivia fans"</weblink> by Rebecca Coudret, <it><newspaper wordnetid="106267145" confidence="0.9508927676800064">
<link xlink:type="simple" xlink:href="../923/3452923.xml">
Evansville Courier &amp; Press</link></newspaper>
</it>, April 24, 2007</entry>
<entry level="1" type="bullet">

<weblink xlink:type="simple" xlink:href="http://www.southbendtribune.com/apps/pbcs.dll/article?AID=/20060214/News01/602140503/-1/NEWS01/CAT=News01|">
trivia knowledge is power"</weblink> by Dave Frownfelder, <it><newspaper wordnetid="106267145" confidence="0.9508927676800064">
<link xlink:type="simple" xlink:href="../222/4791222.xml">
South Bend Tribune</link></newspaper>
</it>, February 14, 2006</entry>
</list>
</p>

</sec>
<sec>
<st>
External links</st>
<p>

<list>
<entry level="1" type="bullet">

<weblink xlink:type="simple" xlink:href="http://www.sploofus.com">
Sploofus Trivia Systems web site</weblink></entry>
</list>
</p>


</sec>
</bdy>
</web_site>
</machine>
</device>
</instrumentality>
</artifact>
</computer>
</article>
