<?xml version="1.0" encoding="UTF-8"?>
<!-- generated by CLiX/Wiki2XML [MPI-Inf, MMCI@UdS] $LastChangedRevision: 92 $ on 17.04.2009 00:36:26[mciao0825] -->
<!DOCTYPE article SYSTEM "../article.dtd">
<article xmlns:xlink="http://www.w3.org/1999/xlink">
<O  confidence="0.9508927676800064" wordnetid="106832680">
<header>
<title>BKUNIX</title>
<id>11021604</id>
<revision>
<id>235076741</id>
<timestamp>2008-08-29T22:24:46Z</timestamp>
<contributor>
<username>Dojarca</username>
<id>3199567</id>
</contributor>
</revision>
<categories>
<category>Free software operating systems</category>
<category>Elektronika BK operating systems</category>
<category>Unix variants</category>
</categories>
</header>
<bdy>
<template>
<name>Infobox OS</name>
<parameters>
<ui>
<link xlink:type="simple" xlink:href="../707/6707.xml">
Command line interface</link></ui>
<screenshot>
<image width="300px" src="bkunix.gif">
</image>
</screenshot>
<supported_platforms>
Elektronika BK (<link xlink:type="simple" xlink:href="../399/24399.xml">
PDP-11</link> architecture)</supported_platforms>
<website>
<weblink xlink:type="simple" xlink:href="http://sourceforge.net/projects/bkunix/">
BKUNIX</weblink></website>
<latest_release_version>
0.1</latest_release_version>
<latest_release_date>
October 11, 2006</latest_release_date>
<kernel_type>
?</kernel_type>
<working_state>
Under development</working_state>
<released>
October 11, 2006</released>
<latest_test_version>
0.2-beta</latest_test_version>
<developer>
Sergey Vakulenko and Leonid Broukhis</developer>
<family>
<link xlink:type="simple" xlink:href="../660/2303660.xml">
UNIX V6</link></family>
<name>
BKUNIX</name>
<source_model>
<link xlink:type="simple" xlink:href="../758/18938758.xml">
Open source</link></source_model>
<language>
<language wordnetid="106282651" confidence="0.8">
<link xlink:type="simple" xlink:href="../916/8569916.xml">
English</link></language>
</language>
<license>
<link xlink:type="simple" xlink:href="../683/18938683.xml">
GNU General Public License</link></license>
</parameters>
</template>


<b>BKUNIX</b> is an <link xlink:type="simple" xlink:href="../194/22194.xml">
operating system</link> for the <system wordnetid="108435388" confidence="0.8">
<economy wordnetid="108366753" confidence="0.8">
<group wordnetid="100031264" confidence="0.8">
<link xlink:type="simple" xlink:href="../779/26779.xml">
Soviet</link></group>
</economy>
</system>
 <computer wordnetid="103082979" confidence="0.9508927676800064">
<link xlink:type="simple" xlink:href="../329/169329.xml">
Elektronika BK</link></computer>
 personal computer. It is based on LSX <link xlink:type="simple" xlink:href="../394/50394.xml">
kernel</link> (a version of <link xlink:type="simple" xlink:href="../660/2303660.xml">
UNIX V6</link>) and licensed under the <link xlink:type="simple" xlink:href="../683/18938683.xml">
GNU General Public License</link>. It is developed by Sergey Vakulenko and Leonid Broukhis. BK-0010 and BK-0011M require different <link xlink:type="simple" xlink:href="../739/5739.xml">
compilations</link> of the kernel, but other parts are the same. The system supports up to three concurrent tasks and allows mounting up to three <link xlink:type="simple" xlink:href="../280/1010280.xml">
file system</link>s.
<sec>
<st>
External links</st>
<p>

<list>
<entry level="1" type="bullet">

 <weblink xlink:type="simple" xlink:href="http://sourceforge.net/projects/bkunix/">
Project page on SourceForge</weblink></entry>
<entry level="1" type="bullet">

 <weblink xlink:type="simple" xlink:href="http://vak.ru/doku.php">
Sergey Vakulenko page (in Russian)</weblink></entry>
<entry level="1" type="bullet">

 <weblink xlink:type="simple" xlink:href="http://www.mailcom.com/main.shtml">
Leonid Broukhis page</weblink></entry>
<entry level="1" type="bullet">

 <weblink xlink:type="simple" xlink:href="http://groups.google.ru/group/bk0010/web/bkunix">
Project forum (in Russian)</weblink></entry>
<entry level="1" type="bullet">

 <weblink xlink:type="simple" xlink:href="http://vak.ru/lib/exe/fetch.php/proj/bk/bkunix-0.2-beta.zip">
BKUNIX disk image with BK emulator</weblink></entry>
</list>
</p>

<p>

<table style=";" class="navbox" cellspacing="0">
<row>
<col style="padding:2px;">
<table style="width:100%;background:transparent;color:inherit;;" class="nowraplinks collapsible autocollapse " cellspacing="0">
<row>
<header colspan="2" style=";" class="navbox-title">
<link xlink:type="simple" xlink:href="../194/22194.xml">
Operating system</link>s for <computer wordnetid="103082979" confidence="0.9508927676800064">
<link xlink:type="simple" xlink:href="../329/169329.xml">
Elektronika BK</link></computer>
</header>
</row>
<row style="height:2px;">

</row>
<row>
<col colspan="2" style="width:100%;padding:0px;;;" class="navbox-list navbox-odd"><p>

<O wordnetid="106832680" confidence="0.9508927676800064">
<link xlink:type="simple" xlink:href="../322/169322.xml">
ANDOS</link></O>
&nbsp;&#124; 
<O wordnetid="106832680" confidence="0.9508927676800064">
<link xlink:type="simple" xlink:href="../363/13547363.xml">
MK-DOS</link></O>
&nbsp;&#124; 
<link>
OS BK-11</link>&nbsp;&#124; 
<link>
AO-DOS</link>&nbsp;&#124; 
<O wordnetid="106832680" confidence="0.9508927676800064">
<link xlink:type="simple" xlink:href="../772/10997772.xml">
CSI-DOS</link></O>
&nbsp;&#124; 
<link>
BASIS</link>&nbsp;&#124; 
<link>
DOSB10</link>&nbsp;&#124; 
<link>
NORD</link>&nbsp;&#124; 
<link>
NORTON-BK</link>&nbsp;&#124; 
<link>
MicroDOS</link>&nbsp;&#124; 
<link>
KMON</link>&nbsp;&#124; 
<link>
PascalDOS</link>&nbsp;&#124; 
<link>
Turbo-DOS</link>&nbsp;&#124; 
<link>
DX-DOS</link>&nbsp;&#124; 
<link>
RAMON</link>&nbsp;&#124; 
<O wordnetid="106832680" confidence="0.9508927676800064">
<link xlink:type="simple" xlink:href="../309/69309.xml">
RT-11</link></O>
&nbsp;&#124; 
<link>
HC-DOS</link>&nbsp;&#124; 
<O wordnetid="106832680" confidence="0.9508927676800064">
<link xlink:type="simple" xlink:href="../604/11021604.xml">
BKUNIX</link></O>
&nbsp;&#124; 
<link>
OS/A WASP</link></p>
</col>
</row>
</table>
</col>
</row>
</table>

</p>
<p>

<table style=";" class="navbox" cellspacing="0">
<row>
<col style="padding:2px;">
<table style="width:100%;background:transparent;color:inherit;;" class="nowraplinks collapsible autocollapse " cellspacing="0">
<row>
<header colspan="2" style=";" class="navbox-title">
<family wordnetid="108078020" confidence="0.8">
<link xlink:type="simple" xlink:href="../642/31642.xml">
Unix</link></family>
 and <family wordnetid="108078020" confidence="0.8">
<link xlink:type="simple" xlink:href="../815/31815.xml">
Unix-like</link></family>
 <link xlink:type="simple" xlink:href="../194/22194.xml">
operating system</link>s</header>
</row>
<row style="height:2px;">

</row>
<row>
<col colspan="2" style="width:100%;padding:0px;;;" class="navbox-list navbox-odd">
<O wordnetid="106832680" confidence="0.9508927676800064">
<link xlink:type="simple" xlink:href="../ury/22nd_century.xml">
AIX</link></O>
&nbsp;·  <O wordnetid="106832680" confidence="0.9508927676800064">
<link xlink:type="simple" xlink:href="../622/18932622.xml">
BSD</link></O>
&nbsp;·  <O wordnetid="106832680" confidence="0.9508927676800064">
<link xlink:type="simple" xlink:href="../229/294229.xml">
DragonFly BSD</link></O>
&nbsp;·  <platform wordnetid="103961939" confidence="0.8">
<artifact wordnetid="100021939" confidence="0.8">
<surface wordnetid="104362025" confidence="0.8">
<horizontal_surface wordnetid="103536348" confidence="0.8">
<link xlink:type="simple" xlink:href="../554/7580554.xml">
FreeBSD</link></horizontal_surface>
</surface>
</artifact>
</platform>
&nbsp;·  <link xlink:type="simple" xlink:href="../875/11875.xml">
GNU</link>&nbsp;·  <O wordnetid="106832680" confidence="0.9508927676800064">
<link xlink:type="simple" xlink:href="../704/36704.xml">
HP-UX</link></O>
&nbsp;·  <link xlink:type="simple" xlink:href="../537/14537.xml">
IRIX</link>&nbsp;·  <O wordnetid="106832680" confidence="0.9508927676800064">
<link xlink:type="simple" xlink:href="../297/6097297.xml">
Linux</link></O>
&nbsp;·  <O wordnetid="106832680" confidence="0.9508927676800064">
<link xlink:type="simple" xlink:href="../980/867980.xml">
LynxOS</link></O>
&nbsp;·  <link xlink:type="simple" xlink:href="../640/20640.xml">
Mac OS X</link>&nbsp;·  <O wordnetid="106832680" confidence="0.9508927676800064">
<link xlink:type="simple" xlink:href="../977/18977.xml">
MINIX</link></O>
&nbsp;·  <link xlink:type="simple" xlink:href="../495/21495.xml">
NetBSD</link>&nbsp;·  <O wordnetid="106832680" confidence="0.9508927676800064">
<link xlink:type="simple" xlink:href="../571/18949571.xml">
OpenBSD</link></O>
&nbsp;·  <O wordnetid="106832680" confidence="0.9508927676800064">
<link xlink:type="simple" xlink:href="../226/24226.xml">
Plan 9</link></O>
&nbsp;·  <O wordnetid="106832680" confidence="0.9508927676800064">
<link xlink:type="simple" xlink:href="../184/65184.xml">
QNX</link></O>
&nbsp;·  <platform wordnetid="103961939" confidence="0.8">
<artifact wordnetid="100021939" confidence="0.8">
<surface wordnetid="104362025" confidence="0.8">
<horizontal_surface wordnetid="103536348" confidence="0.8">
<link xlink:type="simple" xlink:href="../245/2901245.xml">
Research Unix</link></horizontal_surface>
</surface>
</artifact>
</platform>
&nbsp;·  <O wordnetid="106832680" confidence="0.9508927676800064">
<link xlink:type="simple" xlink:href="../906/1579906.xml">
SCO OpenServer</link></O>
&nbsp;·  <message wordnetid="106598915" confidence="0.8">
<information wordnetid="106634376" confidence="0.8">
<electronic_database wordnetid="106588511" confidence="0.8">
<lexical_database wordnetid="106638868" confidence="0.8">
<wordnet wordnetid="106639428" confidence="0.8">
<database wordnetid="106637824" confidence="0.8">
<link xlink:type="simple" xlink:href="../145/46145.xml">
Solaris</link></database>
</wordnet>
</lexical_database>
</electronic_database>
</information>
</message>
&nbsp;·  <link>
System V</link>&nbsp;·  <O wordnetid="106832680" confidence="0.9508927676800064">
<link xlink:type="simple" xlink:href="../275/38275.xml">
Tru64</link></O>
&nbsp;·  <O wordnetid="106832680" confidence="0.9508927676800064">
<link xlink:type="simple" xlink:href="../105/157105.xml">
VxWorks</link></O>
&nbsp;·  <it>
Unix variants|more''</it></col>
</row>
</table>
</col>
</row>
</table>
</p>






</sec>
</bdy>
</O>
</article>
