<?xml version="1.0" encoding="UTF-8"?>
<!-- generated by CLiX/Wiki2XML [MPI-Inf, MMCI@UdS] $LastChangedRevision: 92 $ on 17.04.2009 00:40:31[mciao0827] -->
<!DOCTYPE article SYSTEM "../article.dtd">
<article xmlns:xlink="http://www.w3.org/1999/xlink">
<header>
<title>LandWarNet</title>
<id>11036507</id>
<revision>
<id>235998231</id>
<timestamp>2008-09-03T10:00:48Z</timestamp>
<contributor>
<username>OrphanBot</username>
<id>621721</id>
</contributor>
</revision>
<categories>
<category>Military communications</category>
<category>Distributed computing</category>
</categories>
</header>
<bdy>
<p>

<b>LandWarNet</b> is the <work wordnetid="100575741" confidence="0.8">
<army wordnetid="108191230" confidence="0.8">
<event wordnetid="100029378" confidence="0.8">
<service wordnetid="100577525" confidence="0.8">
<force wordnetid="108208016" confidence="0.8">
<military_service wordnetid="108198137" confidence="0.8">
<act wordnetid="100030358" confidence="0.8">
<psychological_feature wordnetid="100023100" confidence="0.8">
<activity wordnetid="100407535" confidence="0.8">
<link xlink:type="simple" xlink:href="../087/32087.xml">
United States Army</link></activity>
</psychological_feature>
</act>
</military_service>
</force>
</service>
</event>
</army>
</work>
’s contribution to the <link xlink:type="simple" xlink:href="../928/1953928.xml">
Global Information Grid</link> (GIG) that consists of all globally interconnected, end-to-end set of Army information capabilities, associated processes, and personnel for collecting, processing, storing, disseminating, and managing information on demand supporting warfighters, policy makers, and support personnel.  It includes all Army (owned and leased) and leveraged <agency wordnetid="108337324" confidence="0.9508927676800064">
<link xlink:type="simple" xlink:href="../897/7279897.xml">
Department of Defense</link></agency>
 (DOD)/Joint communications and computing systems and services, software (including applications), data security services, and other associated services. LandWarNet exists to enable the war fight through <weblink xlink:type="simple" xlink:href="http://www.globalsecurity.org/military/library/policy/army/fm/7-30/Ch3.htm">
Battle Command.</weblink></p>
<p>

Source: TRADOC LandWarNet White Paper, June 2005.  </p>
<p>

----</p>
<p>

Other U.S. service equivalent efforts to LandWarNet include the Navy's <weblink xlink:type="simple" xlink:href="http://forcenet.navy.mil/">
"FORCEnet"</weblink> and the Air Force's <weblink xlink:type="simple" xlink:href="http://www.globalsecurity.org/military/systems/aircraft/systems/c2-constellation.htm">
"C2 Constellation."</weblink></p>
<p>

----
<image width="150px" src="Defining_LandWarNet13.JPG">
<caption>

Defining LandWarNet13.JPG
</caption>
</image>
</p>
<p>

<image location="left" width="200px" src="CIOG6_Logo.gif" type="thumb">
<caption>

<weblink xlink:type="simple" xlink:href="http://www.army.mil/ciog6/mission.html">
Office of the Army Chief Information Officer/G6</weblink> As the Army lead: provides the knowledge and strategy to shape and develop LandWarNet from top (strategic) to bottom (tactical).
</caption>
</image>
</p>
<p>

A key document shaping the capability development (expectation) for LandWarNet is <weblink xlink:type="simple" xlink:href="http://www.tradoc.army.mil/tpubs/pams/p525-66.pdf">
TRADOC PAM 525-66 (Military Operations  Future Operating Capabilities).</weblink>This pamphlet describes Force Operating Capabilities (FOC) desired for the U.S. Army near, mid and long term, encompassing the full spectrum of military operations, derived from analysis of joint concepts, Army Future Force concepts, and other documents developed in support of the <link xlink:type="simple" xlink:href="../001/1958001.xml">
National Military Strategy</link> (NMS), Strategic Planning Guidance (SPG), Army Strategic Planning Guidance (ASPG), the Army Transformation Road Map (ATR), and the Army Campaign Plan (ACP).</p>
<p>

LandWarNet is essentially the combination of the set of functional applications (for battle command, Intelligence, Logistics, etc.), transmitted over integrated network transport (space, airborne, terrestrial, infrastructure, network terminal), utilizing a common set of network services (voice, data, collaboration, mediation, storage, discovery, messaging, speed of service, quality of service, hosting, IA/Security, NetOps - information assurance, information dissemination management, and network management). LandWarNet also represents the Army’s unified, coherent network capabilities development effort to bring the pieces together. The focus of this effort is providing Soldiers, leaders and units, today and in the future, the means to conduct information-enabled, joint warfighting and supporting operations. 
----
</p>
<ss1>
<st>
Cylinder Slide Depicting LandWarNet</st>

<p>

LandWarNet, underpinned by integrated architectures enables, “one Battle Command System” as part of “one Network” and facilitates a consistent alignment of joint capabilities across all layers of the network (platforms &amp; sensors, applications, services, transport and standards) to design and field an integrated system of systems.  This network provides the link from Soldier to sustaining base, with tailored software applications that are optimized for conducting joint operations.</p>
<p>

<image width="150px" src="cylinder.jpg">
<caption>

cylinder.jpg
</caption>
</image>
</p>
<p>

----</p>

</ss1>
<sec>
<st>
 LandWarNet History </st>
<p>

<image location="left" width="200px" src="begining.jpg" type="thumb">
<caption>

<weblink xlink:type="simple" xlink:href="http://www.military-training-technology.com/article.cfm?DocID=453">
LandWarNet</weblink>  "The Army’s network capabilities will continue to emerge and mature. LandWarNet will capture these emerging capabilities, encompassing the evolving battle command technologies, and link communications, information management and decision support."
</caption>
</image>
</p>
<p>

<weblink xlink:type="simple" xlink:href="http://www.military-training-technology.com/article.cfm?DocID=449">
GEN Byrnes</weblink>(CG TRADOC) back in November 2003 determined the Army needed a single name to represent all tactical networks, both current and future.  His assessment was based on the numerous questions asked of him at the <weblink xlink:type="simple" xlink:href="http://www.jfcom.mil/">
JFCOM</weblink>Component Commanders Conference (senior generals and admirals forum) during a discussion on Army networks.  </p>
<p>

The task of finding the right name was given to the Battle Command and Awareness Division (BCAD) within TRADOC's Futures Center Directorate.  There were numerous suggestions in the staffing process, but the name "LandWarNet" stood out. The name was inspired by the JTF WARNET Program under the Extending the Littoral Battlespace (ELB) Advanced Concept Technology Development (ACTD) at that time.</p>
<p>

From Nov 03 to Jan 04, the name "LandWarNet" initially represented all current and future tactical networks.  </p>
<p>

The name caught on within a relatively short time with the other services and DoD during the Joint Battle Management Command and Control <weblink xlink:type="simple" xlink:href="http://www.jfcom.mil/about/fact_jbmc2.htm">
(JBMC2)</weblink>document review process.  </p>
<p>

In <weblink xlink:type="simple" xlink:href="http://www4.army.mil/ocpa/read.php?story_id_key=5709">
Feb 04</weblink>, the CIO/G6 for the Army incorporated the name to represent all current and future Army networks.  The name had greater appeal and "traction" in military circles and at the Congressional level than the previous name for the Army network i.e. the Army Knowledge Enterprise (AKE).</p>
<p>

----</p>

</sec>
<sec>
<st>
 References </st>
<p>

<image location="right" width="200px" src="conops.jpg" type="thumb">
<caption>

TRADOC Pamphlet 525-5-600, The <weblink xlink:type="simple" xlink:href="http://www.tradoc.army.mil/tpubs/pams/p525-5-600.doc">
LandWarNet Concept of Operations  (CONOPS)</weblink>was signed by the Director, ARCIC on 11 February 2008.
</caption>
</image>
</p>
<p>

<weblink xlink:type="simple" xlink:href="http://www4.army.mil/ocpa/read.php?story_id_key=5709">
Army Public Affairs - LandWarNet is New Name for Army Network, Feb 2004</weblink>
<weblink xlink:type="simple" xlink:href="http://www4.army.mil/ocpa/read.php?story_id_key=5752">
ARNEWS - LandWarNet equips Soldiers with battlefield information Mar 2004</weblink>
<weblink xlink:type="simple" xlink:href="http://www.military-training-technology.com/article.cfm?DocID=449">
MTT Article - 2004 GEN Byrnes addresses Transformation and LandWarNet Mar 2004</weblink> 
<weblink xlink:type="simple" xlink:href="http://www.military-training-technology.com/article.cfm?DocID=453">
MTT Article - LandWarNet: Network of the Future Force Apr 2004</weblink>
<weblink xlink:type="simple" xlink:href="http://www.army.mil/ciog6/docs/FightTheNetworkBrochure.pdf">
CIO/G6 Brouchure - Fight the Network Sep 2004</weblink>
<weblink xlink:type="simple" xlink:href="http://www.military-information-technology.com/article.cfm?DocID=713">
MTT Article - Network for Land War Dec 2004</weblink>
[https://lwn.army.mil/ LandWarNet University May 2007]
<weblink xlink:type="simple" xlink:href="http://www.globalsecurity.org/military/systems/ground/landwarnet.htm">
LandWarNet History Jun 04</weblink>
<weblink xlink:type="simple" xlink:href="http://www.army.mil/ciog6/index.html">
CIO/G6 Home Page</weblink>
<weblink xlink:type="simple" xlink:href="http://www.gordon.army.mil/pao/lwn%20articles/lwn.htm">
SIGCEN PAO LandWarNet Articles</weblink>
<weblink xlink:type="simple" xlink:href="http://www.gordon.army.mil/m-vic/Recent%20Events/LandWarNet/index.htm">
LandWarNet Wargame Feb 2005</weblink>
<weblink xlink:type="simple" xlink:href="http://www.tradoc.army.mil/tpubs/pams/p525-66.pdf">
TRADOC PAM 525-66 (Military Operations Future Operating Capabilities) July 2005</weblink>
<weblink xlink:type="simple" xlink:href="http://www.military-information-technology.com/article.cfm?DocID=1590">
MTT Article - LandWarNet goes to School Aug 2006</weblink>
<weblink xlink:type="simple" xlink:href="http://www.defenselink.mil/cio-nii/">
 DoD CIO Home Page</weblink>
<weblink xlink:type="simple" xlink:href="http://www.afcea.org/signal/articles/templates/SIGNAL_Article_Template.asp?articleid=1211&amp;zoneid=8">
AFCEA LandWarNet Conference Oct 2006</weblink>
<weblink xlink:type="simple" xlink:href="http://www.army.mil/aps/07/addendum/g.html">
LandWarNet in the 2007 Army Posture Statement</weblink>
<weblink xlink:type="simple" xlink:href="http://www.afcea.org/events/landwarnet/landing.asp">
AFCEA LandWarNet Conference Aug 2007</weblink>
<weblink xlink:type="simple" xlink:href="http://www.gcn.com/online/vol1_no1/44904-1.html?topic=&amp;CMP=OTC-RSS">
GCN Article 22 Aug 07 - LandWarNet Gaining Momentum</weblink>
<weblink xlink:type="simple" xlink:href="http://www.military-information-technology.com/print_article.cfm?DocID=2142">
LandWarNet Transformer: Strengthening Operational Responsiveness and Security Aug 2007</weblink>
<weblink xlink:type="simple" xlink:href="http://www.arcic.army.mil/cda_landwarnet.html">
ARCIC LandWarNet Division Mission Statement</weblink>
<weblink xlink:type="simple" xlink:href="http://www.army.mil/CIOG6/references/briefings.html">
CIO/G6 Speeches from 2006 &amp; 2007</weblink>
<weblink xlink:type="simple" xlink:href="http://www.army.mil/ciog6/mission.html">
CIO/G6 Mission Statement</weblink>
<weblink xlink:type="simple" xlink:href="http://www.defenselink.mil/cio-nii/">
 DoD CIO Home Page</weblink>
<link xlink:type="simple" xlink:href="../967/1967967.xml">
DoD Architecture Framework (DODAF)</link>
<weblink xlink:type="simple" xlink:href="http://www.military-information-technology.com/article.cfm?DocID=2183">
LandWarNet Reshapes NETOPS</weblink>
<weblink xlink:type="simple" xlink:href="http://www.netcom.army.mil/about/docs/Quad_fold_2007.pdf">
NETCOM 9th Signal Corps (Army)</weblink>
<weblink xlink:type="simple" xlink:href="http://www.tradoc.army.mil/tpubs/pams/p525-5-600.doc">
LandWarNet CONOPS 11 Feb 2008</weblink> 
<weblink xlink:type="simple" xlink:href="http://www.army.mil/aps/08/information_papers/transform/LANDWARNET_and_the_Global_Information_Grid.html">
2008 Army Posture Statement - Info Paper: LandWarNet and the GIG, 26 Feb 2008</weblink>
[https://akocomm.us.army.mil/2008scg/ 2008 Strategic Communications Guide]
<weblink xlink:type="simple" xlink:href="http://www.afcea.org/signal/articles/templates/Signal_Article_Template.asp?articleid=1552&amp;zoneid=231">
Army Networking Technologies Change on the Fly, Apr 2008</weblink>
<weblink xlink:type="simple" xlink:href="http://www.army.mil/-news/2008/08/20/11790-2008-landwarnet-conference-draws-huge-turnout">
2008 LandWarNet Conference Draws Huge Turnout - 21 Aug 2008</weblink>
[https://www.intelink.gov/wiki/Army_Enterprise_Network 2008 CIO G6 Enterprise Network Campaign Plan]</p>

</sec>
</bdy>
</article>
