<?xml version="1.0" encoding="UTF-8"?>
<!-- generated by CLiX/Wiki2XML [MPI-Inf, MMCI@UdS] $LastChangedRevision: 92 $ on 17.04.2009 00:40:41[mciao0827] -->
<!DOCTYPE article SYSTEM "../article.dtd">
<article xmlns:xlink="http://www.w3.org/1999/xlink">
<consortium  confidence="0.8" wordnetid="108236438">
<association  confidence="0.8" wordnetid="108049401">
<header>
<title>TexShare</title>
<id>11045038</id>
<revision>
<id>140183275</id>
<timestamp>2007-06-23T21:40:19Z</timestamp>
<contributor>
<username>Giraffedata</username>
<id>105732</id>
</contributor>
</revision>
<categories>
<category>Library consortia</category>
</categories>
</header>
<bdy>

The <b>TexShare</b> program is a statewide resource-sharing consortium of hundreds of member libraries in <link>
 Texas</link>, <body wordnetid="107965085" confidence="0.8">
<social_group wordnetid="107950920" confidence="0.8">
<political_orientation wordnetid="106212839" confidence="0.8">
<colony wordnetid="108374049" confidence="0.8">
<state wordnetid="108168978" confidence="0.8">
<political_unit wordnetid="108359949" confidence="0.8">
<group wordnetid="100031264" confidence="0.8">
<democracy wordnetid="106217103" confidence="0.8">
<link xlink:type="simple" xlink:href="../750/3434750.xml">
United States</link></democracy>
</group>
</political_unit>
</state>
</colony>
</political_orientation>
</social_group>
</body>
 administered by the <link>
 Texas State Library and Archives Commission</link> (TSLAC). The TexShare program maximizes the effectiveness of library expenditures by enabling member libraries to share staff expertise, share electronic and print formats, pursue joint purchasing agreements on electronic databases, and encourage the cooperative development of Texas libraries statewide. TexShare is made up of Texas academic libraries, public libraries, and libraries of clinical medicine. TexShare is a member driven consortium that exists with the support and cooperation of Texas member libraries.
<sec>
<st>
History</st>

<p>

The idea of a statewide resource sharing project in Texas was first proposed by Texas academic library directors in 1988. The original group of TexShare members consisted of 53 publicly supported four year academic and medical libraries, with the <link>
 Texas Higher Education Coordinating Board</link> providing funds starting in fiscal year 1994.</p>
<p>

The beginning years of TexShare were devoted to planning and starting cooperative resource sharing initiatives such as funding for Internet connectivity and interlibrary loan workstations, creating protocols, leveraging costs for online resources, fostering a statewide library card program, and offering grants. Administrative duties were contracted out to <link>
 Amigos Library Services</link> and the <link>
 University of Texas at Austin</link>.</p>
<p>

Between 1997 and 1999, legislative statute expanded TexShare membership to include independent academic institutions, community colleges, and public libraries. In 1999 the Texas State Library and Archives Commission assumed full administrative responsibility for TexShare, with Amigos and University of Texas at Austin continuing to provide vital logistical and technical support as Strategic Partners. Legislative statute again expanded TexShare membership in 2001 to include libraries of clinical medicine, and in 2005, another legislative statute granted the Texas State Library and Archives Commission authority to negotiate group purchasing agreements on behalf of Texas K-12 public school libraries.</p>

</sec>
<sec>
<st>
Governance</st>

<p>

The TexShare Advisory Board provides administrative guidance, and is composed of representatives from community colleges, private universities, publicly-funded academic institutions, public libraries, and two representatives of the general public. </p>
<p>

TexShare Working Groups provide member input on the policies and operations of each TexShare program. The working groups are composed of librarians chosen to represent the various constituent groups and geographic diversity within TexShare. </p>
<p>

Strategic partners provide unique and specific resource sharing expertise to TexShare. Current strategic partners are the University of Texas at Austin Libraries, Amigos Library Services, and Education Service Center, Region 20.</p>

</sec>
<sec>
<st>
Programs</st>

<p>

Two of the current programs of TexShare available through Texas libraries are:</p>
<p>

<list>
<entry level="1" type="bullet">

 <b>TexShare Databases</b> - Registered users of Texas libraries have these online research tools available to them both inside the library and 24 hour a day access outside the library in their homes or offices. The TexShare online resources provide full-text articles from journals, newspapers, magazines, and many other sources, on-line books, and topics such as homework help for students, health information, business information, biography and genealogy, as well as literature and archival information. Library users can access these online resources a variety of ways, either through library specific interfaces or through the Library of Texas interface.</entry>
<entry level="1" type="bullet">

 <b>TexShare Card</b> – Eligible registered users of Texas libraries obtain this card to check out materials from the collections of TexShare member libraries across the State of Texas. Each library creates individual lending policies as guidelines for TexShare Card owners. Greater access to collections statewide is a major benefit to the user. </entry>
</list>
</p>
<p>

Other TexShare programs facilitate library resource-sharing initiatives that ultimately benefit the end-user, such as communications, education services, interlibrary loan / courier, K-12 library partnerships, the Library of Texas information retrieval service, and TexTreasures grants.</p>

<p>

TexShare is a member of the <consortium wordnetid="108236438" confidence="0.8">
<association wordnetid="108049401" confidence="0.8">
<link xlink:type="simple" xlink:href="../781/6883781.xml">
International Coalition of Library Consortia</link></association>
</consortium>
.</p>

</sec>
<sec>
<st>
References</st>
<p>

<list>
<entry level="1" type="bullet">

<weblink xlink:type="simple" xlink:href="http://www.texshare.edu">
TexShare official web site</weblink> retrieved <time_off wordnetid="115118453" confidence="0.8">
<fundamental_quantity wordnetid="113575869" confidence="0.8">
<time_period wordnetid="115113229" confidence="0.8">
<vacation wordnetid="115137890" confidence="0.8">
<leisure wordnetid="115137676" confidence="0.8">
<link xlink:type="simple" xlink:href="../350/19350.xml">
May 3</link></leisure>
</vacation>
</time_period>
</fundamental_quantity>
</time_off>
<link xlink:type="simple" xlink:href="../165/36165.xml">
2007</link></entry>
<entry level="1" type="bullet">

<weblink xlink:type="simple" xlink:href="http://www.texshare.edu/generalinfo/about/">
About TexShare</weblink> retrieved <time_off wordnetid="115118453" confidence="0.8">
<fundamental_quantity wordnetid="113575869" confidence="0.8">
<time_period wordnetid="115113229" confidence="0.8">
<vacation wordnetid="115137890" confidence="0.8">
<leisure wordnetid="115137676" confidence="0.8">
<link xlink:type="simple" xlink:href="../350/19350.xml">
May 3</link></leisure>
</vacation>
</time_period>
</fundamental_quantity>
</time_off>
<link xlink:type="simple" xlink:href="../165/36165.xml">
2007</link></entry>
<entry level="1" type="bullet">

<weblink xlink:type="simple" xlink:href="http://www.texshare.edu/programs/academicdb/describedbs.html">
TexShare core database descriptions</weblink> retrieved <link xlink:type="simple" xlink:href="../631/19631.xml">
May 17</link><link xlink:type="simple" xlink:href="../165/36165.xml">
2007</link></entry>
<entry level="1" type="bullet">

<weblink xlink:type="simple" xlink:href="http://www.library.yale.edu/consortia/icolcmembers.html">
International Coalition of Library Consortia member list</weblink> retrieved <time_off wordnetid="115118453" confidence="0.8">
<fundamental_quantity wordnetid="113575869" confidence="0.8">
<time_period wordnetid="115113229" confidence="0.8">
<vacation wordnetid="115137890" confidence="0.8">
<leisure wordnetid="115137676" confidence="0.8">
<link xlink:type="simple" xlink:href="../350/19350.xml">
May 3</link></leisure>
</vacation>
</time_period>
</fundamental_quantity>
</time_off>
<link xlink:type="simple" xlink:href="../165/36165.xml">
2007</link></entry>
</list>
</p>


</sec>
</bdy>
</association>
</consortium>
</article>
