<?xml version="1.0" encoding="UTF-8"?>
<!-- generated by CLiX/Wiki2XML [MPI-Inf, MMCI@UdS] $LastChangedRevision: 92 $ on 17.04.2009 00:41:44[mciao0827] -->
<!DOCTYPE article SYSTEM "../article.dtd">
<article xmlns:xlink="http://www.w3.org/1999/xlink">
<physical_entity  confidence="0.8" wordnetid="100001930">
<person  confidence="0.8" wordnetid="100007846">
<performer  confidence="0.8" wordnetid="110415638">
<causal_agent  confidence="0.8" wordnetid="100007347">
<actor  confidence="0.8" wordnetid="109765278">
<entertainer  confidence="0.8" wordnetid="109616922">
<header>
<title>George Woodbridge (actor)</title>
<id>11078341</id>
<revision>
<id>229979639</id>
<timestamp>2008-08-05T13:26:50Z</timestamp>
<contributor>
<username>Clothchairumbrella</username>
<id>7597354</id>
</contributor>
</revision>
<categories>
<category>English television actors</category>
<category>1973 deaths</category>
<category>1907 births</category>
<category>English film actors</category>
</categories>
</header>
<bdy>

For the American illustrator, see <physical_entity wordnetid="100001930" confidence="0.8">
<person wordnetid="100007846" confidence="0.8">
<illustrator wordnetid="109812068" confidence="0.8">
<causal_agent wordnetid="100007347" confidence="0.8">
<artist wordnetid="109812338" confidence="0.8">
<creator wordnetid="109614315" confidence="0.8">
<link xlink:type="simple" xlink:href="../630/446630.xml">
George Woodbridge</link></creator>
</artist>
</causal_agent>
</illustrator>
</person>
</physical_entity>
.
<b>George Woodbridge</b> (born <link xlink:type="simple" xlink:href="../362/11362.xml">
16 February</link> <link xlink:type="simple" xlink:href="../649/34649.xml">
1907</link> in <county wordnetid="108546183" confidence="0.9508927676800064">
<link xlink:type="simple" xlink:href="../166/8166.xml">
Devon</link></county>
  - died <link xlink:type="simple" xlink:href="../587/20587.xml">
31 March</link> <link xlink:type="simple" xlink:href="../751/34751.xml">
1973</link>) was an <country wordnetid="108544813" confidence="0.9508927676800064">
<link xlink:type="simple" xlink:href="../316/9316.xml">
English</link></country>
 <link xlink:type="simple" xlink:href="../282/383282.xml">
character actor</link> in films and television from the 1930s to the 1970s. Born in <site wordnetid="108651247" confidence="0.9508927676800064">
<link xlink:type="simple" xlink:href="../691/9691.xml">
Exeter</link></site>
, <county wordnetid="108546183" confidence="0.9508927676800064">
<link xlink:type="simple" xlink:href="../166/8166.xml">
Devon</link></county>
, his ruddy-cheeked complexion and Devonshire accent meant he would often be found playing innkeepers, policemen or yokels, most prominently in horror and comedy films.<p>

Making his film debut in 1940 in <it><movie wordnetid="106613686" confidence="0.9508927676800064">
<link xlink:type="simple" xlink:href="../471/10140471.xml">
The Big Blockade</link></movie>
</it>, he went on to appear in films such as <it><movie wordnetid="106613686" confidence="0.9508927676800064">
<link xlink:type="simple" xlink:href="../607/2006607.xml">
Green for Danger</link></movie>
</it> (1946), <it><movie wordnetid="106613686" confidence="0.9508927676800064">
<link xlink:type="simple" xlink:href="../107/2221107.xml">
The Fallen Idol</link></movie>
</it> (1949), <it><movie wordnetid="106613686" confidence="0.9508927676800064">
<link xlink:type="simple" xlink:href="../052/15617052.xml">
The Queen of Spades</link></movie>
</it> (1949), <it><play wordnetid="107007945" confidence="0.9508927676800064">
<link xlink:type="simple" xlink:href="../888/58888.xml">
An Inspector Calls</link></play>
</it> (1954) and <it><movie wordnetid="106613686" confidence="0.9508927676800064">
<link xlink:type="simple" xlink:href="../780/1345780.xml">
Richard III</link></movie>
</it> (1955). </p>
<p>

His horror film appearances include: <it><movie wordnetid="106613686" confidence="0.9508927676800064">
<link xlink:type="simple" xlink:href="../538/651538.xml">
Dracula</link></movie>
</it> (1958), <it><movie wordnetid="106613686" confidence="0.9508927676800064">
<link xlink:type="simple" xlink:href="../450/4823450.xml">
The Revenge of Frankenstein</link></movie>
</it> (1958), <it><representation wordnetid="105926676" confidence="0.8">
<link xlink:type="simple" xlink:href="../256/2428256.xml#xpointer(//*[./st=%22Films%22])">
Jack the Ripper</link></representation>
</it> (1959), <it><link>
Flesh and the Fiends</link></it> (1959), <it><movie wordnetid="106613686" confidence="0.9508927676800064">
<link xlink:type="simple" xlink:href="../581/2093581.xml">
The Curse of the Werewolf</link></movie>
</it> (1960),  (1965), <it><movie wordnetid="106613686" confidence="0.9508927676800064">
<link xlink:type="simple" xlink:href="../529/4823529.xml">
The Reptile</link></movie>
</it> (1966) and <it><series wordnetid="108457976" confidence="0.9508927676800064">
<link xlink:type="simple" xlink:href="../518/858518.xml">
Doomwatch</link></series>
</it> (1972). He also appeared in two <link xlink:type="simple" xlink:href="../773/37773.xml">
M.R. James</link> adaptations on television, in the <it><link>
Mystery and Imagination</link></it> episode "Room 13" and the <it><announcement wordnetid="106746580" confidence="0.8">
<beginning wordnetid="100235435" confidence="0.8">
<change wordnetid="100191142" confidence="0.8">
<ending wordnetid="106308765" confidence="0.8">
<morpheme wordnetid="106306233" confidence="0.8">
<statement wordnetid="106722453" confidence="0.8">
<message wordnetid="106598915" confidence="0.8">
<change_of_state wordnetid="100199130" confidence="0.8">
<program wordnetid="106748466" confidence="0.8">
<event wordnetid="100029378" confidence="0.8">
<action wordnetid="100037396" confidence="0.8">
<act wordnetid="100030358" confidence="0.8">
<part wordnetid="113809207" confidence="0.8">
<psychological_feature wordnetid="100023100" confidence="0.8">
<introduction wordnetid="100238022" confidence="0.8">
<language_unit wordnetid="106284225" confidence="0.8">
<link xlink:type="simple" xlink:href="../593/3684593.xml">
Omnibus</link></language_unit>
</introduction>
</psychological_feature>
</part>
</act>
</action>
</event>
</program>
</change_of_state>
</message>
</statement>
</morpheme>
</ending>
</change>
</beginning>
</announcement>
</it> episode "Whistle and I'll Come".</p>
<p>

His jovial manner lent itself to comedy films as well, including <it><link>
An Alligator Named Daisy</link></it> (1955), <it><link>
Three Men in a Boat</link></it> (1956), <it><link xlink:type="simple" xlink:href="../976/158976.xml">
Two Way Stretch</link></it> (1960), <it><link xlink:type="simple" xlink:href="../161/19081161.xml">
Raising the Wind</link></it> (1961), <it><link>
What a Carve Up!</link></it> (1961), <it><movie wordnetid="106613686" confidence="0.9508927676800064">
<link xlink:type="simple" xlink:href="../722/7301722.xml">
Only Two Can Play</link></movie>
</it> (1962), <it><link>
Nurse on Wheels</link></it> (1963), <it><movie wordnetid="106613686" confidence="0.9508927676800064">
<link xlink:type="simple" xlink:href="../632/2219632.xml">
Heavens Above!</link></movie>
</it> (1963), <it><movie wordnetid="106613686" confidence="0.9508927676800064">
<link xlink:type="simple" xlink:href="../782/3736782.xml">
Carry On Jack</link></movie>
</it> (1963) and <it><link xlink:type="simple" xlink:href="../984/71984.xml#xpointer(//*[./st=%22Films+and+sequels%22])">
Up Pompeii</link></it> (1971).</p>
<p>

He also appeared as the sergeant in the <link>
Stryker of the Yard</link> featurettes during the 1950s.</p>
<p>

He first appeared on television before the <link xlink:type="simple" xlink:href="../927/32927.xml">
Second World War</link>, and went on to feature in popular series such <it><series wordnetid="108457976" confidence="0.9508927676800064">
<link xlink:type="simple" xlink:href="../331/62331.xml">
Adam Adamant Lives!</link></series>
</it>, <it><announcement wordnetid="106746580" confidence="0.8">
<beginning wordnetid="100235435" confidence="0.8">
<change wordnetid="100191142" confidence="0.8">
<display wordnetid="106887726" confidence="0.8">
<production wordnetid="107006951" confidence="0.8">
<ending wordnetid="106308765" confidence="0.8">
<morpheme wordnetid="106306233" confidence="0.8">
<statement wordnetid="106722453" confidence="0.8">
<message wordnetid="106598915" confidence="0.8">
<change_of_state wordnetid="100199130" confidence="0.8">
<presentation wordnetid="106891022" confidence="0.8">
<program wordnetid="106748466" confidence="0.8">
<event wordnetid="100029378" confidence="0.8">
<action wordnetid="100037396" confidence="0.8">
<part wordnetid="113809207" confidence="0.8">
<act wordnetid="100030358" confidence="0.8">
<psychological_feature wordnetid="100023100" confidence="0.8">
<introduction wordnetid="100238022" confidence="0.8">
<language_unit wordnetid="106284225" confidence="0.8">
<link xlink:type="simple" xlink:href="../169/907169.xml">
Armchair Theatre</link></language_unit>
</introduction>
</psychological_feature>
</act>
</part>
</action>
</event>
</program>
</presentation>
</change_of_state>
</message>
</statement>
</morpheme>
</ending>
</production>
</display>
</change>
</beginning>
</announcement>
</it>, <it><person wordnetid="100007846" confidence="0.9508927676800064">
<singer wordnetid="110599806" confidence="0.9173553029164789">
<link xlink:type="simple" xlink:href="../404/151404.xml">
Benny Hill</link></singer>
</person>
</it>, <it><series wordnetid="108457976" confidence="0.9508927676800064">
<link xlink:type="simple" xlink:href="../983/204983.xml">
Dixon of Dock Green</link></series>
</it>, <it><change wordnetid="100191142" confidence="0.8">
<dramatic_composition wordnetid="107007684" confidence="0.8">
<broadcast wordnetid="106619428" confidence="0.8">
<literary_composition wordnetid="106364329" confidence="0.8">
<written_communication wordnetid="106349220" confidence="0.8">
<writing wordnetid="106362953" confidence="0.8">
<music_genre wordnetid="107071942" confidence="0.8">
<show wordnetid="106619065" confidence="0.8">
<classical_music wordnetid="107025900" confidence="0.8">
<change_of_state wordnetid="100199130" confidence="0.8">
<event wordnetid="100029378" confidence="0.8">
<auditory_communication wordnetid="107109019" confidence="0.8">
<action wordnetid="100037396" confidence="0.8">
<fiction wordnetid="106367107" confidence="0.8">
<opera wordnetid="107026352" confidence="0.8">
<psychological_feature wordnetid="100023100" confidence="0.8">
<language_unit wordnetid="106284225" confidence="0.8">
<music wordnetid="107020895" confidence="0.8">
<beginning wordnetid="100235435" confidence="0.8">
<play wordnetid="107007945" confidence="0.8">
<social_event wordnetid="107288639" confidence="0.8">
<ending wordnetid="106308765" confidence="0.8">
<morpheme wordnetid="106306233" confidence="0.8">
<television_program wordnetid="106620579" confidence="0.8">
<act wordnetid="100030358" confidence="0.8">
<part wordnetid="113809207" confidence="0.8">
<expressive_style wordnetid="107066659" confidence="0.8">
<introduction wordnetid="100238022" confidence="0.8">
<novel wordnetid="106367879" confidence="0.8">
<link xlink:type="simple" xlink:href="../215/60215.xml">
The Forsyte Saga</link></novel>
</introduction>
</expressive_style>
</part>
</act>
</television_program>
</morpheme>
</ending>
</social_event>
</play>
</beginning>
</music>
</language_unit>
</psychological_feature>
</opera>
</fiction>
</action>
</auditory_communication>
</event>
</change_of_state>
</classical_music>
</show>
</music_genre>
</writing>
</written_communication>
</literary_composition>
</broadcast>
</dramatic_composition>
</change>
</it>, <it><series wordnetid="108457976" confidence="0.9508927676800064">
<link xlink:type="simple" xlink:href="../547/351547.xml">
The Persuaders!</link></series>
</it> and <it><series wordnetid="108457976" confidence="0.9508927676800064">
<link xlink:type="simple" xlink:href="../009/2113009.xml">
Softly Softly</link></series>
</it>. </p>
<p>

He gained popularity late in his career as the titular puppet-maker in the children's TV show <it><link xlink:type="simple" xlink:href="../752/2019752.xml">
Inigo Pipkin</link></it>. Unfortunately, he died five weeks into the filming of the second series, an occurrence which was dealt with in the programme's storyline. The series continued for another seven years however under the title, <it>Pipkins</it>.</p>

<sec>
<st>
External links</st>
<p>

<list>
<entry level="1" type="bullet">

<weblink xlink:type="simple" xlink:href="http://www.imdb.com/name/nm0940161/">
George Woodbridge</weblink> at the <web_site wordnetid="106359193" confidence="0.9508927676800064">
<link xlink:type="simple" xlink:href="../554/2855554.xml">
Internet Movie Database</link></web_site>
</entry>
</list>
</p>


</sec>
</bdy>
</entertainer>
</actor>
</causal_agent>
</performer>
</person>
</physical_entity>
</article>
