<?xml version="1.0" encoding="UTF-8"?>
<!-- generated by CLiX/Wiki2XML [MPI-Inf, MMCI@UdS] $LastChangedRevision: 92 $ on 16.04.2009 18:08:29[mciao0826] -->
<!DOCTYPE article SYSTEM "../article.dtd">
<article xmlns:xlink="http://www.w3.org/1999/xlink">
<O  confidence="0.9508927676800064" wordnetid="106832680">
<header>
<title>FLEX (operating system)</title>
<id>1108276</id>
<revision>
<id>230943317</id>
<timestamp>2008-08-10T03:33:19Z</timestamp>
<contributor>
<username>DumZiBoT</username>
<id>6085301</id>
</contributor>
</revision>
<categories>
<category>TRS-80 Color Computer</category>
<category>Disk operating systems</category>
</categories>
</header>
<bdy>
<template>
<name>Infobox OS</name>
<parameters>
<ui>
<link xlink:type="simple" xlink:href="../707/6707.xml">
Command line interface</link></ui>
<prog_language>
<link xlink:type="simple" xlink:href="../015/4015.xml">
BASIC</link>, <link xlink:type="simple" xlink:href="../012/11012.xml">
FORTH</link>, <programming_language wordnetid="106898352" confidence="0.9508927676800064">
<link xlink:type="simple" xlink:href="../021/6021.xml">
C</link></programming_language>
, <programming_language wordnetid="106898352" confidence="0.9508927676800064">
<link xlink:type="simple" xlink:href="../168/11168.xml">
FORTRAN</link></programming_language>
, and <programming_language wordnetid="106898352" confidence="0.9508927676800064">
<link xlink:type="simple" xlink:href="../773/23773.xml">
PASCAL</link></programming_language>
</prog_language>
<supported_platforms>
<artifact wordnetid="100021939" confidence="0.8">
<merchandise wordnetid="103748886" confidence="0.8">
<commodity wordnetid="103076708" confidence="0.8">
<link xlink:type="simple" xlink:href="../301/20301.xml">
Motorola 6800</link></commodity>
</merchandise>
</artifact>
, <artifact wordnetid="100021939" confidence="0.8">
<merchandise wordnetid="103748886" confidence="0.8">
<commodity wordnetid="103076708" confidence="0.8">
<link xlink:type="simple" xlink:href="../326/20326.xml">
Motorola 6809</link></commodity>
</merchandise>
</artifact>
</supported_platforms>
<working_state>
Historic</working_state>
<released>
1976</released>
<developer>
<link xlink:type="simple" xlink:href="../053/6486053.xml">
Technical Systems Consultants</link></developer>
<name>
FLEX</name>
<language>
<language wordnetid="106282651" confidence="0.8">
<link xlink:type="simple" xlink:href="../916/8569916.xml">
English</link></language>
</language>
</parameters>
</template>

<p>

The <b>FLEX</b> single-tasking <link xlink:type="simple" xlink:href="../194/22194.xml">
operating system</link> was developed by <link xlink:type="simple" xlink:href="../053/6486053.xml">
Technical Systems Consultants</link> (TSC) of <link xlink:type="simple" xlink:href="../633/112633.xml">
West Lafayette</link>, <region wordnetid="108630985" confidence="0.8">
<administrative_district wordnetid="108491826" confidence="0.8">
<location wordnetid="100027167" confidence="0.8">
<district wordnetid="108552138" confidence="0.8">
<country wordnetid="108544813" confidence="0.8">
<link xlink:type="simple" xlink:href="../853/14853.xml">
Indiana</link></country>
</district>
</location>
</administrative_district>
</region>
, for the <artifact wordnetid="100021939" confidence="0.8">
<merchandise wordnetid="103748886" confidence="0.8">
<commodity wordnetid="103076708" confidence="0.8">
<link xlink:type="simple" xlink:href="../301/20301.xml">
Motorola 6800</link></commodity>
</merchandise>
</artifact>
 in 1976.<ref xlink:type="simple" xlink:href="#xpointer(//reflist/entry[@id=%221%22])">1</ref> The original version was for <artifact wordnetid="100021939" confidence="0.8">
<instrumentality wordnetid="103575240" confidence="0.8">
<medium wordnetid="106254669" confidence="0.8">
<link xlink:type="simple" xlink:href="../759/3795759.xml">
8" floppy disks</link></medium>
</instrumentality>
</artifact>
 and the (smaller) version for 5.25" floppies was called mini-Flex. It was also later ported to the <artifact wordnetid="100021939" confidence="0.8">
<merchandise wordnetid="103748886" confidence="0.8">
<commodity wordnetid="103076708" confidence="0.8">
<link xlink:type="simple" xlink:href="../326/20326.xml">
Motorola 6809</link></commodity>
</merchandise>
</artifact>
; that version was called Flex9.<ref xlink:type="simple" xlink:href="#xpointer(//reflist/entry[@id=%222%22])">2</ref> All versions were text-based and intended for use on display devices ranging from printing terminals like the <link xlink:type="simple" xlink:href="../684/1507684.xml">
ASR-33</link> to smart terminals.  While no graphic displays were supported by TSC software, some hardware manufacturers supported elementary graphics and pointing devices. </p>
<p>

It was a disk-based operating system, using 256-byte sectors on soft-sectored floppies; the disk structure used linkage bytes in each sector to indicate the next sector in a file or free list. The directory structure was much simplified as a result. TSC (and others) provided several programming languages including <link xlink:type="simple" xlink:href="../015/4015.xml">
BASIC</link> in two flavors (standard and extended) and a tokenizing version of extended BASIC called Pre-compiled BASIC, <link xlink:type="simple" xlink:href="../012/11012.xml">
FORTH</link>, <programming_language wordnetid="106898352" confidence="0.9508927676800064">
<link xlink:type="simple" xlink:href="../021/6021.xml">
C</link></programming_language>
, <programming_language wordnetid="106898352" confidence="0.9508927676800064">
<link xlink:type="simple" xlink:href="../168/11168.xml">
FORTRAN</link></programming_language>
, and <programming_language wordnetid="106898352" confidence="0.9508927676800064">
<link xlink:type="simple" xlink:href="../773/23773.xml">
PASCAL</link></programming_language>
. </p>
<p>

TSC also wrote a version of FLEX, <it>Smoke Signal DOS</it>, for the California hardware manufacturer <link>
Smoke Signal Broadcasting</link>; this version used forward and back linkage bytes in each sector which increased disk reliability at the expense of compatibility and speed. </p>
<p>

Later, TSC introduced the <link xlink:type="simple" xlink:href="../126/20126.xml">
multi-tasking</link>, <link xlink:type="simple" xlink:href="../751/39751.xml">
multi-user</link>, <family wordnetid="108078020" confidence="0.8">
<link xlink:type="simple" xlink:href="../815/31815.xml">
Unix-like</link></family>
 <link xlink:type="simple" xlink:href="../641/2360641.xml">
uniFlex</link> operating system, which required DMA disk controllers, 8" disk, and so sold in only small numbers. Several of the TSC computer languages were ported to uniFlex.  </p>
<p>

During the early 1980s, FLEX was offered by <link>
compusense ltd</link> as an operating system for the 6809-based <computer wordnetid="103082979" confidence="0.9508927676800064">
<link xlink:type="simple" xlink:href="../650/8650.xml">
Dragon 64</link></computer>
 <link xlink:type="simple" xlink:href="../950/13950.xml">
home computer</link>.</p>

<sec>
<st>
References</st>

<p>

<reflist>
<entry id="1">
<weblink xlink:type="simple" xlink:href="http://www.flexusergroup.com/flexusergroup/fug3.htm">
FLEX User Group - History</weblink></entry>
<entry id="2">
<weblink xlink:type="simple" xlink:href="http://www.flexusergroup.com/flexusergroup/fug10.htm">
FLEX User Group - FAQs</weblink></entry>
</reflist>
</p>

</sec>
<sec>
<st>
External links</st>
<p>

<list>
<entry level="1" type="bullet">

 <weblink xlink:type="simple" xlink:href="http://www.evenson-consulting.com/flexusergroup/fug1.htm">
FLEX User Group</weblink></entry>
<entry level="1" type="bullet">

 <weblink xlink:type="simple" xlink:href="http://www.rtmx.com/UniFLEX">
The Missing 6809 UniFLEX Archive</weblink></entry>
</list>
</p>




</sec>
</bdy>
</O>
</article>
