<?xml version="1.0" encoding="UTF-8"?>
<!-- generated by CLiX/Wiki2XML [MPI-Inf, MMCI@UdS] $LastChangedRevision: 92 $ on 16.04.2009 18:08:10[mciao0827] -->
<!DOCTYPE article SYSTEM "../article.dtd">
<article xmlns:xlink="http://www.w3.org/1999/xlink">
<graph  confidence="0.8" wordnetid="107000195">
<visual_communication  confidence="0.8" wordnetid="106873252">
<header>
<title>Loop-erased random walk</title>
<id>1109958</id>
<revision>
<id>222720342</id>
<timestamp>2008-06-30T19:56:51Z</timestamp>
<contributor>
<username>OdedSchramm</username>
<id>172175</id>
</contributor>
</revision>
<categories>
<category>Stochastic processes</category>
<category>Random graphs</category>
</categories>
</header>
<bdy>

In <link xlink:type="simple" xlink:href="../831/18831.xml">
mathematics</link>, <b>loop-erased random walk</b> is a model for a <link xlink:type="simple" xlink:href="../523/19196523.xml">
random</link> <link xlink:type="simple" xlink:href="../889/638889.xml">
simple path</link> with important applications in <link xlink:type="simple" xlink:href="../170/5170.xml">
combinatorics</link> and, in <link xlink:type="simple" xlink:href="../939/22939.xml">
physics</link>, <link xlink:type="simple" xlink:href="../267/25267.xml">
quantum field theory</link>. It is intimately connected to the <b>uniform spanning tree</b>, a model for a random <graph wordnetid="107000195" confidence="0.9508927676800064">
<link xlink:type="simple" xlink:href="../560/48560.xml">
tree</link></graph>
.<ref xlink:type="simple" xlink:href="#xpointer(//reflist/entry[@id=%221%22])">1</ref>
<sec>
<st>
Definition</st>
<p>

Assume <it>G</it> is some <link xlink:type="simple" xlink:href="../806/325806.xml">
graph</link> and <math>\gamma</math> is some <link xlink:type="simple" xlink:href="../889/638889.xml">
path</link> of length <it>n</it> on <it>G</it>. In other words, <math>\gamma(1),\dots,\gamma(n)</math> are vertices of <it>G</it> such that <math>\gamma(i)</math> and <math>\gamma(i+1)</math> are neighbors. Then the <b>loop erasure</b> of <math>\gamma</math> is a new simple path created by erasing all the loops of <math>\gamma</math> in chronological order. Formally, we define indices <math>i_j</math> <link xlink:type="simple" xlink:href="../881/18881.xml">
inductively</link> using </p>
<p>

<indent level="1">

<math>i_1 = 1\,</math>
</indent>
:<math>i_{j+1}=\max\{i:\gamma(i)=\gamma(i_j)\}+1\,</math></p>
<p>

where "max" here means up to the length of the path <math>\gamma</math>. The induction stops when for some <math>i_j</math> we have <math>\gamma(i_j)=\gamma(n)</math>. Assume this happens at <it>J</it> i.e. <math>i_J</math> is the last <math>i_j</math>. Then the loop erasure of <math>\gamma</math>, denoted by <math>\mathrm{LE}(\gamma)</math> is a simple path of length <it>J</it> defined by</p>
<p>

<indent level="1">

<math>\mathrm{LE}(\gamma)(j)=\gamma(i_j).\,</math>
</indent>

Now let <it>G</it> be some graph, let <it>v</it> be a vertex of <it>G</it>, and let <it>R</it> be a random walk on <it>G</it> starting from <it>v</it>. Let <it>T</it> be some <link xlink:type="simple" xlink:href="../193/1202193.xml">
stopping time</link> for <it>R</it>. Then the <b>loop-erased random walk</b> until time <it>T</it> is LE(<it>R</it>([1,''T''])). In other words, take <it>R</it> from its beginning until <it>T</it> &mdash; that's a (random) path &mdash; erase all the loops in chronological order as above &mdash; you get a random simple path.</p>
<p>

The stopping time <it>T</it> may be fixed, i.e. one may perform <it>n</it> steps and then loop-erase. However, it is usually more natural to take <it>T</it> to be the <link xlink:type="simple" xlink:href="../985/7059985.xml">
hitting time</link> in some set. For example, let <it>G</it> be the graph <b>Z</b>2 and let <it>R</it> be a random walk starting from the point (0,0). Let <it>T</it> be the time when <it>R</it> first hits the circle of radius 100 (we mean here of course a <it>discretized</it> circle). LE(<it>R</it>) is called the loop-erased random walk starting at (0,0) and stopped at the circle.</p>

</sec>
<sec>
<st>
The uniform spanning tree</st>
<p>

Let <it>G</it> again be a graph. A <link xlink:type="simple" xlink:href="../770/455770.xml">
spanning tree</link> of <it>G</it> is a <link>
subgraph</link> of <it>G</it> containing all vertices and some of the edges, which is a <link xlink:type="simple" xlink:href="../560/48560.xml">
tree</link>, i.e. <work wordnetid="104599396" confidence="0.8">
<product wordnetid="104007894" confidence="0.8">
<creation wordnetid="103129123" confidence="0.8">
<glossary wordnetid="106420781" confidence="0.8">
<artifact wordnetid="100021939" confidence="0.8">
<wordbook wordnetid="106418693" confidence="0.8">
<book wordnetid="106410904" confidence="0.8">
<reference_book wordnetid="106417598" confidence="0.8">
<publication wordnetid="106589574" confidence="0.8">
<link xlink:type="simple" xlink:href="../802/325802.xml#xpointer(//*[./st=%22Connectivity%22])">
connected</link></publication>
</reference_book>
</book>
</wordbook>
</artifact>
</glossary>
</creation>
</product>
</work>
 and with no <work wordnetid="104599396" confidence="0.8">
<product wordnetid="104007894" confidence="0.8">
<creation wordnetid="103129123" confidence="0.8">
<glossary wordnetid="106420781" confidence="0.8">
<artifact wordnetid="100021939" confidence="0.8">
<wordbook wordnetid="106418693" confidence="0.8">
<book wordnetid="106410904" confidence="0.8">
<reference_book wordnetid="106417598" confidence="0.8">
<publication wordnetid="106589574" confidence="0.8">
<link xlink:type="simple" xlink:href="../802/325802.xml#xpointer(//*[./st=%22cycle%22])">
cycles</link></publication>
</reference_book>
</book>
</wordbook>
</artifact>
</glossary>
</creation>
</product>
</work>
. The uniform spanning tree (UST for short) is a <it>random</it> spanning tree chosen among all the possible spanning trees of <it>G</it> with equal probability.</p>
<p>

Let now <it>v</it> and <it>w</it> be two vertices in <it>G</it>. Any spanning tree contains precisely one simple path between <it>v</it> and <it>w</it>. Taking this path in the <it>uniform</it> spanning tree gives a random simple path. It turns out that the distribution of this path is identical to the distribution of the loop-erased random walk starting at <it>v</it> and stopped at <it>w</it>.</p>
<p>

An immediate corollary is that loop-erased random walk is symmetric in its start and end points. More precisely, the distribution of the loop-erased random walk starting at <it>v</it> and stopped at <it>w</it> is identical to the distribution of the reversal of loop-erased random walk starting at <it>w</it> and stopped at <it>v</it>. This is not a trivial fact at all!  Loop-erasing a path and the reverse path do not give the same result. It is only the <it>distributions</it> that are identical</p>
<p>

A-priori <link xlink:type="simple" xlink:href="../361/160361.xml">
sampling</link> a UST seems difficult. Even a relatively modest graph (say a 100x100 grid) has way too many spanning trees to prepare a complete list. Therefore a different approach is needed. There are a number of algorithms for sampling a UST, but we will concentrate on <b>Wilson's algorithm</b>.</p>
<p>

Take any two vertices and perform loop-erased random walk from one to the other. Now take a third vertex (not on the constructed path) and perform loop-erased random walk until hitting the already constructed path. This gives a tree with three leaves. Choose a fourth vertex and do loop-erased random walk until hitting this tree. Continue until the tree spans all the vertices. It turns out that <it>no matter which method you use to choose the starting vertices</it> you always end up with the same distribution on the spanning trees, namely the uniform one. </p>

</sec>
<sec>
<st>
The Laplacian random walk</st>
<p>

Another representation of loop-erased random walk stems from solutions of the <link xlink:type="simple" xlink:href="../492/8492.xml">
discrete</link> <link xlink:type="simple" xlink:href="../941/36941.xml">
Laplace equation</link>. Let again <it>G</it> be a graph and let <it>v</it> and <it>w</it> be two vertices in <it>G</it>. Construct a random path from <it>v</it> to <it>w</it> inductively using the following procedure. Assume we have already defined <math>\gamma(1),...,\gamma(n)</math>. Let <it>f</it> be a function from <it>G</it> to <b>R</b> satisfying</p>
<p>

<indent level="1">

<math>f(\gamma(i))=0</math> for all <math>i\leq n</math> and <math>f(w)=1</math>
</indent>
:<it>f</it> is discretely <link xlink:type="simple" xlink:href="../762/55762.xml">
harmonic</link> everywhere else</p>
<p>

Where a function <it>f</it> on a graph is discretely harmonic at a point <it>x</it> if <it>f</it>(<it>x</it>) equals the average of <it>f</it> on the neighbors of <it>x</it>. </p>
<p>

With <it>f</it> defined choose <math>\gamma(n+1)</math> using <it>f</it> at the neighbors of <math>\gamma(n)</math> as weights. In other words, if <math>x_1,...,x_d</math> are these neighbors, choose <math>x_i</math> with probability </p>
<p>

<indent level="1">

<math>\frac{f(x_i)}{\sum_{j=1}^d f(x_j)}.</math>
</indent>

Continue this process, (notice that at each step you have to calculate <it>f</it> again) and you will end up with a random simple path from <it>v</it> to <it>w</it>. It turns out that the distribution of this path is identical to that of a loop-erased random walk from <it>v</it> to <it>w</it>.</p>
<p>

An alternative view is that the distribution of a loop-erased random walk <link xlink:type="simple" xlink:href="../791/5791.xml">
conditioned</link> to start in some path β is identical to the loop-erasure of a random walk conditioned not to hit β. This property is often referred to as the <b>Markov property</b> of loop-erased random walk (the relation to the usual <link xlink:type="simple" xlink:href="../422/306422.xml">
Markov property</link> is somewhat vague).</p>
<p>

It is important to notice that while the proof of the equivalence is quite easy, normally models which involve dynamically changing harmonic functions or measures are extremely difficult to analyze. Practically nothing is known about the <link>
p-Laplacian walk</link> or <link xlink:type="simple" xlink:href="../408/298408.xml">
diffusion-limited aggregation</link>. Another somewhat related model is the <link>
harmonic explorer</link>.</p>
<p>

Finally there is another link that should be mentioned: <link xlink:type="simple" xlink:href="../389/8932389.xml">
Kirchhoff</link>'s theorem relates the number of spanning trees of a graph <it>G</it> to the <link xlink:type="simple" xlink:href="../429/2161429.xml">
eigenvalue</link>s of the discrete <link xlink:type="simple" xlink:href="../706/174706.xml">
Laplacian</link>. See <link xlink:type="simple" xlink:href="../770/455770.xml">
spanning tree</link> for details.</p>

</sec>
<sec>
<st>
Grids</st>
<p>

Let <it>d</it> be the dimension, which we will assume to be at least 2. Examine <b>Z</b><it>d</it> i.e. all the points <math>(a_1,...,a_d)</math> with integer <math>a_i</math>. This is an infinite graph with degree 2<it>d</it> when you connect each point to its nearest neighbors. From now on we will consider loop-erased random walk on this graph or its subgraphs.</p>

<ss1>
<st>
High dimensions</st>
<p>

The easiest case to analyze is dimension 5 and above. In this case it turns out that there the intersections are only local. A calculation shows that if one takes a random walk of length <it>n</it>, its loop-erasure has length of the same order of magnitude, i.e. <it>n</it>. Scaling accordingly, it turns out that loop-erased random walk converges (in an appropriate sense) to <link xlink:type="simple" xlink:href="../436/4436.xml">
Brownian motion</link> as <it>n</it> goes to infinity. Dimension 4 is more complicated, but the general picture is still true. It turns out that the loop-erasure of a random walk of length <it>n</it> has approximately <math>n/\log^{1/3}n</math> vertices, but again, after scaling (that takes into account the logarithmic factor) the loop-erased walk converges to Brownian motion.</p>

</ss1>
<ss1>
<st>
Two dimensions</st>
<p>

In two dimensions, arguments from <link xlink:type="simple" xlink:href="../774/364774.xml">
conformal field theory</link> and simulation results led to a number of exciting conjectures. Assume <it>D</it> is some <link xlink:type="simple" xlink:href="../879/523879.xml">
simply connected</link> <mathematical_relation wordnetid="113783581" confidence="0.8">
<idea wordnetid="105833840" confidence="0.8">
<concept wordnetid="105835747" confidence="0.8">
<function wordnetid="113783816" confidence="0.8">
<link xlink:type="simple" xlink:href="../263/50263.xml">
domain</link></function>
</concept>
</idea>
</mathematical_relation>
 in the plane and <it>x</it> is a point in <it>D</it>. Take the graph <it>G</it> to be </p>
<p>

<indent level="1">

<math>G:=D\cap \varepsilon \mathbb{Z}^2,</math>
</indent>

that is, a grid of side length ε restricted to <it>D</it>. Let <it>v</it> be the vertex of <it>G</it> closest to <it>x</it>. Examine now a loop-erased random walk starting from <it>v</it> and stopped when hitting the "boundary" of <it>G</it>, i.e. the vertices of <it>G</it> which correspond to the boundary of <it>D</it>. Then the conjectures are
<list>
<entry level="1" type="bullet">

 As ε goes to zero the distribution of the path converges to some distribution on simple paths from <it>x</it> to the boundary of <it>D</it> (different from Brownian motion, of course &mdash; in 2 dimensions paths of Brownian motion are not simple). This distribution (denote it by <math>S_{D,x}</math>) is called the <b>scaling limit</b> of loop-erased random walk.</entry>
<entry level="1" type="bullet">

 These distributions are <process wordnetid="105701363" confidence="0.8">
<reasoning wordnetid="105772356" confidence="0.8">
<thinking wordnetid="105770926" confidence="0.8">
<projection wordnetid="105775293" confidence="0.8">
<prediction wordnetid="105775081" confidence="0.8">
<higher_cognitive_process wordnetid="105770664" confidence="0.8">
<link xlink:type="simple" xlink:href="../627/50627.xml">
conformally invariant</link></higher_cognitive_process>
</prediction>
</projection>
</thinking>
</reasoning>
</process>
. Namely, if φ is a <statement wordnetid="106722453" confidence="0.8">
<message wordnetid="106598915" confidence="0.8">
<theorem wordnetid="106752293" confidence="0.8">
<proposition wordnetid="106750804" confidence="0.8">
<link xlink:type="simple" xlink:href="../215/26215.xml">
Riemann map</link></proposition>
</theorem>
</message>
</statement>
 between <it>D</it> and a second domain <it>E</it> then</entry>
</list>
</p>
<p>

<indent level="1">

<math>\phi(S_{D,x})=S_{E,\phi(x)}.\,</math>
</indent>

<list>
<entry level="1" type="bullet">

The <link xlink:type="simple" xlink:href="../294/14294.xml">
Hausdorff dimension</link> of these paths is 5/4 <link xlink:type="simple" xlink:href="../908/351908.xml">
almost surely</link>.</entry>
</list>
</p>
<p>

The first attack at these conjectures came from the direction of <b>domino tilings</b>. Taking a spanning tree of <it>G</it> and adding to it its <family wordnetid="108078020" confidence="0.8">
<link xlink:type="simple" xlink:href="../314/24314.xml">
planar dual</link></family>
 one gets a <link xlink:type="simple" xlink:href="../262/8262.xml">
domino</link> tiling of a special derived graph (call it <it>H</it>). Each vertex of <it>H</it> corresponds to a vertex, edge or face of <it>G</it>, and the edges of <it>H</it> show which vertex lies on which edge and which edge on which face. It turns out that taking a uniform spanning tree of <it>G</it> leads to a uniformly distributed random domino tiling of <it>H</it>. The number of domino tilings of a graph can be calculated using the determinant of special matrices, which allow to connect it to the discrete <link xlink:type="simple" xlink:href="../808/9786808.xml">
Green function</link> which is approximately conformally invariant. These arguments allowed to show that certain measurables of loop-erased random walk are (in the limit) conformally invariant, and that the <link xlink:type="simple" xlink:href="../653/9653.xml">
expected</link> number of vertices in a loop-erased random walk stopped at a circle of radius <it>r</it> is of the order of <math>r^{5/4}</math>.</p>
<p>

In 2002 these conjectures were resolved (positively) using <link>
Stochastic Löwner Evolution</link>. Very roughly, it is a stochastic conformally invariant <link xlink:type="simple" xlink:href="../564/52564.xml">
partial differential equation</link> which allows to catch the Markov property of loop-erased random walk (and many other probabilistic processes).</p>

</ss1>
<ss1>
<st>
Three dimensions</st>
<p>

A <weblink xlink:type="simple" xlink:href="http://arxiv.org/abs/math.PR/0508344">
paper</weblink> by <link>
Gady Kozma</link> claims
to prove that the scaling limit exists and is invariant under rotations and dilations. If we denote by <math>L(r)</math> the expected number of vertices in the loop-erased random walk until it gets to a distance of <it>r</it>, then it was proved that </p>
<p>

<indent level="1">

<math>cr^{1+\varepsilon}\leq L(r)\leq Cr^{5/3}\,</math>
</indent>

where ε, <it>c</it> and <it>C</it> are some positive numbers (the numbers can, in principle, be calculated from the proofs, but the authors did not do it). This suggests that the scaling limit should have Hausdorff dimension between <math>1+\varepsilon</math> and 5/3 almost surely. Numerical experiments show that it should be <math>1.62\pm 0.01</math>.</p>

</ss1>
</sec>
<sec>
<st>
Notes</st>

<p>

<reflist>
<entry id="1">
See also <it><link xlink:type="simple" xlink:href="../451/235451.xml">
random walk</link></it> for more general treatment of this topic.</entry>
</reflist>
</p>

</sec>
<sec>
<st>
References</st>
<p>

<list>
<entry level="1" type="bullet">

Richard Kenyon, <it>The asymptotic determinant of the discrete Laplacian</it>, Acta Math. <b>185:2</b> (2000), 239-286, <weblink xlink:type="simple" xlink:href="http://arxiv.org/abs/math-ph/0011042">
online version</weblink>. </entry>
<entry level="1" type="bullet">

Richard Kenyon, <it>Conformal invariance of domino tiling</it>, Ann. Probab. <b>28:2</b> (2000), 759-795, <weblink xlink:type="simple" xlink:href="http://arxiv.org/abs/math-ph/9910002">
online version</weblink>.</entry>
<entry level="1" type="bullet">

Richard Kenyon, <it>Long-range properties of spanning trees</it>, Probabilistic techniques in equilibrium and nonequilibrium statistical physics, J. Math. Phys. <b>41:3</b> (2000), 1338-1363, <weblink xlink:type="simple" xlink:href="http://www.math.ubc.ca/~kenyon/papers/long.ps.Z">
online version</weblink>.</entry>
<entry level="1" type="bullet">

Gady Kozma, <it>The scaling limit of loop-erased random walk in three dimensions</it>, <weblink xlink:type="simple" xlink:href="http://arxiv.org/abs/math.PR/0508344">
online version</weblink>.</entry>
<entry level="1" type="bullet">

Gregory F. Lawler, <it>A self avoiding walk</it>, Duke Math. J. <b>47</b> (1980), 655-694. <it>The original definition and a proof of the Markov property</it>.</entry>
<entry level="1" type="bullet">

Gregory F. Lawler, <it>The logarithmic correction for loop-erased random walk in four dimensions</it>, Proceedings of the Conference in Honor of Jean-Pierre kahane (<region wordnetid="108630985" confidence="0.8">
<administrative_district wordnetid="108491826" confidence="0.8">
<location wordnetid="100027167" confidence="0.8">
<commune wordnetid="108541609" confidence="0.8">
<district wordnetid="108552138" confidence="0.8">
<link xlink:type="simple" xlink:href="../493/2296493.xml">
Orsay</link></district>
</commune>
</location>
</administrative_district>
</region>
, 1993). Special issue of J. Fourier Anal. Appl., 347-362.</entry>
<entry level="1" type="bullet">

Gregory F. Lawler, Oded Schramm, Wendelin Werner, <it>Conformal invariance of planar loop-erased random walks and uniform spanning trees</it>, Ann. Probab. <b>32:1B</b> (2004), 939-995, <weblink xlink:type="simple" xlink:href="http://arxiv.org/abs/math.PR/0112234">
online version</weblink>.</entry>
<entry level="1" type="bullet">

Robin Pemantle, <it>Choosing a spanning tree for the integer lattice uniformly</it>, Ann. Probab. <b>19:4</b> (1991), 1559-1574. </entry>
<entry level="1" type="bullet">

 Oded Schramm, <it>Scaling limits of loop-erased random walks and uniform spanning trees</it>, Israel J. Math. <b>118</b> (2000), 221-288.</entry>
<entry level="1" type="bullet">

 David Bruce Wilson, <it>Generating random spanning trees more quickly than the cover time</it>, Proceedings of the Twenty-eighth Annual ACM Symposium on the Theory of Computing (Philadelphia, PA, 1996), 296-303, ACM, New York, 1996.</entry>
</list>
</p>

</sec>
</bdy>
</visual_communication>
</graph>
</article>
