<?xml version="1.0" encoding="UTF-8"?>
<!-- generated by CLiX/Wiki2XML [MPI-Inf, MMCI@UdS] $LastChangedRevision: 92 $ on 17.04.2009 00:39:07[mciao0826] -->
<!DOCTYPE article SYSTEM "../article.dtd">
<article xmlns:xlink="http://www.w3.org/1999/xlink">
<bus  confidence="0.9508927676800064" wordnetid="102924116">
<bus_route  confidence="0.9511911446218017" wordnetid="108517554">
<header>
<title>London Buses route N31</title>
<id>11094541</id>
<revision>
<id>240084973</id>
<timestamp>2008-09-21T21:22:24Z</timestamp>
<contributor>
<username>MapsMan</username>
<id>222151</id>
</contributor>
</revision>
<categories>
<category>Transport in Kensington &amp; Chelsea</category>
<category>Bus articles with sections needing expansion</category>
<category>Transport in Westminster</category>
<category>Transport in Camden</category>
<category>Transport in Wandsworth</category>
<category>Bus routes in London</category>
</categories>
</header>
<bdy>
<template>
<name>Infobox London Bus</name>
<parameters>

<image width="150px" src="">

</image>
<pvr>
4</pvr>
<via>
Chalk FarmSwiss CottageKilburn High RoadKilburn ParkNotting Hill GateKensington</via>
<garage>
<mathematical_relation wordnetid="113783581" confidence="0.8">
<operator wordnetid="113786413" confidence="0.8">
<function wordnetid="113783816" confidence="0.8">
<link xlink:type="simple" xlink:href="../334/2193334.xml#xpointer(//*[./st=%22Westbourne+Park%22])">
Westbourne Park</link></function>
</operator>
</mathematical_relation>
</garage>
<vehicle>
<conveyance wordnetid="103100490" confidence="0.8">
<artifact wordnetid="100021939" confidence="0.8">
<instrumentality wordnetid="103575240" confidence="0.8">
<bus wordnetid="102924116" confidence="0.8">
<public_transport wordnetid="104019101" confidence="0.8">
<link xlink:type="simple" xlink:href="../751/1709751.xml">
Volvo B7TL</link></public_transport>
</bus>
</instrumentality>
</artifact>
</conveyance>
 10m / <conveyance wordnetid="103100490" confidence="0.8">
<artifact wordnetid="100021939" confidence="0.8">
<instrumentality wordnetid="103575240" confidence="0.8">
<bus wordnetid="102924116" confidence="0.8">
<public_transport wordnetid="104019101" confidence="0.8">
<link xlink:type="simple" xlink:href="../887/2444887.xml">
Wright Eclipse Gemini</link></public_transport>
</bus>
</instrumentality>
</artifact>
</conveyance>
</vehicle>
<number>
N31</number>
<frequency>
Weeknights: Every 60 minutesWeekends: Every 30 minutes</frequency>
<operator>
<mathematical_relation wordnetid="113783581" confidence="0.8">
<operator wordnetid="113786413" confidence="0.8">
<function wordnetid="113783816" confidence="0.8">
<link xlink:type="simple" xlink:href="../334/2193334.xml">
First London</link></function>
</operator>
</mathematical_relation>
</operator>
<time>
50 minutes</time>
<level>
Nights</level>
<ibus>
yes</ibus>
<start>
<site wordnetid="108651247" confidence="0.9508927676800064">
<link xlink:type="simple" xlink:href="../813/95813.xml">
Camden Town</link></site>
</start>
<length>
9 miles (15 km)</length>
<night>
0:00am until 6:00am</night>
<day>
<bus wordnetid="102924116" confidence="0.9508927676800064">
<link xlink:type="simple" xlink:href="../358/8579358.xml">
Route 28</link></bus>
<bus wordnetid="102924116" confidence="0.9508927676800064">
<link xlink:type="simple" xlink:href="../720/7185720.xml">
Route 31</link></bus>
<bus wordnetid="102924116" confidence="0.9508927676800064">
<link xlink:type="simple" xlink:href="../564/8586564.xml">
Route 328</link></bus>
</day>
<end>
<link xlink:type="simple" xlink:href="../016/272016.xml">
Clapham Junction</link></end>
</parameters>
</template>

<p>

<b>London Buses route N31</b> is a <company wordnetid="108058098" confidence="0.9508927676800064">
<link xlink:type="simple" xlink:href="../145/31145.xml">
Transport for London</link></company>
 contracted bus route in <village wordnetid="108672738" confidence="0.9508927676800064">
<link xlink:type="simple" xlink:href="../867/17867.xml">
London</link></village>
, <autocracy wordnetid="108361001" confidence="0.8">
<system wordnetid="108435388" confidence="0.8">
<social_group wordnetid="107950920" confidence="0.8">
<political_orientation wordnetid="106212839" confidence="0.8">
<monarchy wordnetid="108363812" confidence="0.8">
<state wordnetid="108168978" confidence="0.8">
<political_unit wordnetid="108359949" confidence="0.8">
<political_system wordnetid="108367880" confidence="0.8">
<economy wordnetid="108366753" confidence="0.8">
<group wordnetid="100031264" confidence="0.8">
<democracy wordnetid="106217103" confidence="0.8">
<link xlink:type="simple" xlink:href="../717/31717.xml">
United Kingdom</link></democracy>
</group>
</economy>
</political_system>
</political_unit>
</state>
</monarchy>
</political_orientation>
</social_group>
</system>
</autocracy>
. The service is currently contracted to <mathematical_relation wordnetid="113783581" confidence="0.8">
<operator wordnetid="113786413" confidence="0.8">
<function wordnetid="113783816" confidence="0.8">
<link xlink:type="simple" xlink:href="../334/2193334.xml">
First London</link></function>
</operator>
</mathematical_relation>
.</p>

<sec>
<st>
History</st>
<p>

Night bus N31 shares the night service with <bus wordnetid="102924116" confidence="0.9508927676800064">
<link xlink:type="simple" xlink:href="../014/10924014.xml">
N28</link></bus>
 for routes <bus wordnetid="102924116" confidence="0.9508927676800064">
<link xlink:type="simple" xlink:href="../358/8579358.xml">
28</link></bus>
, <bus wordnetid="102924116" confidence="0.9508927676800064">
<link xlink:type="simple" xlink:href="../720/7185720.xml">
31</link></bus>
 and <bus wordnetid="102924116" confidence="0.9508927676800064">
<link xlink:type="simple" xlink:href="../564/8586564.xml">
328</link></bus>
.
<it>This section of a <link xlink:type="simple" xlink:href="../146/4146.xml">
bus</link>-related article requires expansion. You can  Wikipedia by <weblink xlink:type="simple" xlink:href="http://localhost:18088/wiki/index.php?title=London_Buses_route_N31&amp;action=edit">
expanding it</weblink></it>.  </p>


</sec>
<sec>
<st>
Current route</st>

<p>

<table style="background:transparent; width:100%;" cellpadding="0" class=" multicol" cellspacing="0">
<row>
<col align="left" width="50%" valign="top">
<ss1>
<st>
Route departing Camden Town</st>
<p>

<list>
<entry level="1" type="bullet">

Bayham Street</entry>
<entry level="1" type="bullet">

<b><process wordnetid="105701363" confidence="0.8">
<artifact wordnetid="100021939" confidence="0.8">
<inquiry wordnetid="105797597" confidence="0.8">
<facility wordnetid="103315023" confidence="0.8">
<thinking wordnetid="105770926" confidence="0.8">
<station wordnetid="104306080" confidence="0.8">
<problem_solving wordnetid="105796750" confidence="0.8">
<higher_cognitive_process wordnetid="105770664" confidence="0.8">
<link xlink:type="simple" xlink:href="../853/251853.xml">
Camden Town Station</link></higher_cognitive_process>
</problem_solving>
</station>
</thinking>
</facility>
</inquiry>
</artifact>
</process>
</b></entry>
<entry level="1" type="bullet">

Pratt Street</entry>
<entry level="1" type="bullet">

Camden High Street</entry>
<entry level="1" type="bullet">

Chalk Farm Road</entry>
<entry level="1" type="bullet">

<b><artifact wordnetid="100021939" confidence="0.8">
<facility wordnetid="103315023" confidence="0.8">
<station wordnetid="104306080" confidence="0.8">
<link xlink:type="simple" xlink:href="../205/1060205.xml">
Chalk Farm Station</link></station>
</facility>
</artifact>
</b></entry>
<entry level="1" type="bullet">

Adelaide Road</entry>
<entry level="1" type="bullet">

<b><artifact wordnetid="100021939" confidence="0.8">
<facility wordnetid="103315023" confidence="0.8">
<station wordnetid="104306080" confidence="0.8">
<link xlink:type="simple" xlink:href="../045/370045.xml">
Swiss Cottage Station</link></station>
</facility>
</artifact>
</b></entry>
<entry level="1" type="bullet">

<artifact wordnetid="100021939" confidence="0.8">
<street wordnetid="104334599" confidence="0.8">
<way wordnetid="104564698" confidence="0.8">
<thoroughfare wordnetid="104426618" confidence="0.8">
<road wordnetid="104096066" confidence="0.8">
<link xlink:type="simple" xlink:href="../281/1347281.xml">
Finchley Road</link></road>
</thoroughfare>
</way>
</street>
</artifact>
</entry>
<entry level="1" type="bullet">

Fairfax Road</entry>
<entry level="1" type="bullet">

Belsize Road</entry>
<entry level="1" type="bullet">

<b><station wordnetid="104306080" confidence="0.9508927676800064">
<link xlink:type="simple" xlink:href="../472/1709472.xml">
Kilburn High Road Station</link></station>
</b></entry>
<entry level="1" type="bullet">

<artifact wordnetid="100021939" confidence="0.8">
<street wordnetid="104334599" confidence="0.8">
<way wordnetid="104564698" confidence="0.8">
<thoroughfare wordnetid="104426618" confidence="0.8">
<road wordnetid="104096066" confidence="0.8">
<link xlink:type="simple" xlink:href="../644/3322644.xml">
Kilburn High Road</link></road>
</thoroughfare>
</way>
</street>
</artifact>
</entry>
<entry level="1" type="bullet">

Cambridge Avenue</entry>
<entry level="1" type="bullet">

<b><artifact wordnetid="100021939" confidence="0.8">
<facility wordnetid="103315023" confidence="0.8">
<station wordnetid="104306080" confidence="0.8">
<link xlink:type="simple" xlink:href="../082/370082.xml">
Kilburn Park Station</link></station>
</facility>
</artifact>
</b></entry>
<entry level="1" type="bullet">

Cambridge Gardens</entry>
<entry level="1" type="bullet">

Kilburn Park Lane</entry>
<entry level="1" type="bullet">

<link xlink:type="simple" xlink:href="../413/417413.xml">
Maida Hill</link> <it>The Chippenhams''</it></entry>
<entry level="1" type="bullet">

Shirland Road</entry>
<entry level="1" type="bullet">

Chippenham Road</entry>
<entry level="1" type="bullet">

Elgin Avenue</entry>
<entry level="1" type="bullet">

Princ Of Wales <it><artifact wordnetid="100021939" confidence="0.8">
<street wordnetid="104334599" confidence="0.8">
<way wordnetid="104564698" confidence="0.8">
<thoroughfare wordnetid="104426618" confidence="0.8">
<road wordnetid="104096066" confidence="0.8">
<link xlink:type="simple" xlink:href="../125/6248125.xml">
Harrow Road</link></road>
</thoroughfare>
</way>
</street>
</artifact>
''</it></entry>
<entry level="1" type="bullet">

Great Western Road</entry>
<entry level="1" type="bullet">

<b><artifact wordnetid="100021939" confidence="0.8">
<facility wordnetid="103315023" confidence="0.8">
<station wordnetid="104306080" confidence="0.8">
<link xlink:type="simple" xlink:href="../439/1083439.xml">
Westbourne Park Station</link></station>
</facility>
</artifact>
</b></entry>
<entry level="1" type="bullet">

Westbourn Park Road</entry>
<entry level="1" type="bullet">

Chepstow Road <it>Westbourne Grove''</it></entry>
<entry level="1" type="bullet">

<b><artifact wordnetid="100021939" confidence="0.8">
<facility wordnetid="103315023" confidence="0.8">
<station wordnetid="104306080" confidence="0.8">
<link xlink:type="simple" xlink:href="../581/181581.xml">
Notting Hill Gate Station</link></station>
</facility>
</artifact>
</b></entry>
<entry level="1" type="bullet">

<artifact wordnetid="100021939" confidence="0.8">
<street wordnetid="104334599" confidence="0.8">
<way wordnetid="104564698" confidence="0.8">
<thoroughfare wordnetid="104426618" confidence="0.8">
<road wordnetid="104096066" confidence="0.8">
<link xlink:type="simple" xlink:href="../325/1150325.xml">
Notting Hill Gate</link></road>
</thoroughfare>
</way>
</street>
</artifact>
</entry>
<entry level="1" type="bullet">

Kensington Church Street</entry>
<entry level="1" type="bullet">

<b><artifact wordnetid="100021939" confidence="0.8">
<facility wordnetid="103315023" confidence="0.8">
<station wordnetid="104306080" confidence="0.8">
<link xlink:type="simple" xlink:href="../510/373510.xml">
High Street Kensington Station</link></station>
</facility>
</artifact>
</b></entry>
<entry level="1" type="bullet">

<artifact wordnetid="100021939" confidence="0.8">
<street wordnetid="104334599" confidence="0.8">
<way wordnetid="104564698" confidence="0.8">
<thoroughfare wordnetid="104426618" confidence="0.8">
<road wordnetid="104096066" confidence="0.8">
<link xlink:type="simple" xlink:href="../889/422889.xml">
Kensington High Street</link></road>
</thoroughfare>
</way>
</street>
</artifact>
</entry>
<entry level="1" type="bullet">

<link xlink:type="simple" xlink:href="../091/355091.xml">
Earls Court Road</link></entry>
<entry level="1" type="bullet">

<b><artifact wordnetid="100021939" confidence="0.8">
<facility wordnetid="103315023" confidence="0.8">
<station wordnetid="104306080" confidence="0.8">
<link xlink:type="simple" xlink:href="../393/370393.xml">
Earl's Court Station</link></station>
</facility>
</artifact>
</b></entry>
<entry level="1" type="bullet">

<link xlink:type="simple" xlink:href="../801/1651801.xml">
King's Road</link></entry>
<entry level="1" type="bullet">

<site wordnetid="108651247" confidence="0.9508927676800064">
<link xlink:type="simple" xlink:href="../113/310113.xml">
Chelsea</link></site>
</entry>
<entry level="1" type="bullet">

<b><bridge wordnetid="102898711" confidence="0.9508927676800064">
<link xlink:type="simple" xlink:href="../759/351759.xml">
Battersea Bridge</link></bridge>
</b> <it>South Side''</it></entry>
<entry level="1" type="bullet">

<link>
Battersea Bridge Road</link></entry>
<entry level="1" type="bullet">

Battersea Park Road</entry>
<entry level="1" type="bullet">

Falcon Road</entry>
<entry level="1" type="bullet">

<b><artifact wordnetid="100021939" confidence="0.8">
<terminal wordnetid="104412901" confidence="0.8">
<facility wordnetid="103315023" confidence="0.8">
<station wordnetid="104306080" confidence="0.8">
<railway_station wordnetid="104049098" confidence="0.8">
<link xlink:type="simple" xlink:href="../016/272016.xml">
Clapham Junction Station</link></railway_station>
</station>
</facility>
</terminal>
</artifact>
</b></entry>
</list>
</p>
</ss1>
</col>
<col align="left" width="" valign="top">
<ss1>
<st>
Route departing Clapham Junction</st>
<p>

<list>
<entry level="1" type="bullet">

<b>Clapham Junction Station</b></entry>
<entry level="1" type="bullet">

Falcon Road</entry>
<entry level="1" type="bullet">

Battersea Park Road</entry>
<entry level="1" type="bullet">

Battersea Bridge Road</entry>
<entry level="1" type="bullet">

<b>Battersea Bridge</b></entry>
<entry level="1" type="bullet">

<b><site wordnetid="108651247" confidence="0.9508927676800064">
<link xlink:type="simple" xlink:href="../113/310113.xml">
Chelsea World's End</link></site>
</b></entry>
<entry level="1" type="bullet">

Finborough Road</entry>
<entry level="1" type="bullet">

Earl's Court Station</entry>
<entry level="1" type="bullet">

Warkwick Road</entry>
<entry level="1" type="bullet">

Pembroke Road</entry>
<entry level="1" type="bullet">

Kensington High Street</entry>
<entry level="1" type="bullet">

<b>High Street Kensington Station</b></entry>
<entry level="1" type="bullet">

<b>Notting Hill Gate</b></entry>
<entry level="1" type="bullet">

Chepstow Road <it>Westbourne Grove''</it></entry>
<entry level="1" type="bullet">

<b>Westbourne Park Station</b></entry>
<entry level="1" type="bullet">

Harrow Road <it>Prince Of Wales''</it></entry>
<entry level="1" type="bullet">

Maida Hill <it>The Chippenhams''</it></entry>
<entry level="1" type="bullet">

<b>Kilburn Park Station</b></entry>
<entry level="1" type="bullet">

Kilburn High Road</entry>
<entry level="1" type="bullet">

<b>Kilburn High Road Station</b></entry>
<entry level="1" type="bullet">

<b><station wordnetid="104306080" confidence="0.9508927676800064">
<link xlink:type="simple" xlink:href="../444/1709444.xml">
South Hampstead Station</link></station>
</b></entry>
<entry level="1" type="bullet">

Belsize Road</entry>
<entry level="1" type="bullet">

Finchley Road</entry>
<entry level="1" type="bullet">

<b>Swiss Cottage Station</b></entry>
<entry level="1" type="bullet">

Avenue Road</entry>
<entry level="1" type="bullet">

Adelaide Road</entry>
<entry level="1" type="bullet">

<b>Chalk Farm Station</b></entry>
<entry level="1" type="bullet">

Chalk Farm Road</entry>
<entry level="1" type="bullet">

Hawley Road</entry>
<entry level="1" type="bullet">

Camden Street</entry>
<entry level="1" type="bullet">

Camden Road</entry>
<entry level="1" type="bullet">

<b>Camden Town Station</b> <it>Bayham Road''</it></entry>
</list>
</p>
</ss1>
</col>
</row>
</table>
</p>

</sec>
<sec>
<st>
See also</st>
<p>

<list>
<entry level="1" type="bullet">

 <link xlink:type="simple" xlink:href="../207/5179207.xml">
List of bus routes in London</link></entry>
<entry level="1" type="bullet">

 <mathematical_relation wordnetid="113783581" confidence="0.8">
<operator wordnetid="113786413" confidence="0.8">
<function wordnetid="113783816" confidence="0.8">
<link xlink:type="simple" xlink:href="../334/2193334.xml">
First London</link></function>
</operator>
</mathematical_relation>
</entry>
<entry level="1" type="bullet">

 <bus wordnetid="102924116" confidence="0.9508927676800064">
<link xlink:type="simple" xlink:href="../358/8579358.xml">
London Buses route 28</link></bus>
</entry>
<entry level="1" type="bullet">

 <bus wordnetid="102924116" confidence="0.9508927676800064">
<link xlink:type="simple" xlink:href="../720/7185720.xml">
London Buses route 31</link></bus>
</entry>
<entry level="1" type="bullet">

 <bus wordnetid="102924116" confidence="0.9508927676800064">
<link xlink:type="simple" xlink:href="../564/8586564.xml">
London Buses route 328</link></bus>
</entry>
</list>
</p>

</sec>
<sec>
<st>
External links</st>
<p>

<list>
<entry level="1" type="bullet">

 <weblink xlink:type="simple" xlink:href="http://www.tfl.gov.uk">
Transport for London</weblink></entry>
<entry level="1" type="bullet">

 <weblink xlink:type="simple" xlink:href="http://www.busesatwork.co.uk">
London Bus Routes</weblink></entry>
<entry level="1" type="bullet">

 <weblink xlink:type="simple" xlink:href="http://www.busmap.org/tt4/N031.pdf">
Full timetable (PDF)</weblink></entry>
</list>
</p>

<p>

<table style="margin: 0 auto; border-collapse: collapse;" cellpadding="3" class="toccolours" border="1" cellspacing="0">
<row>
<header align="center" bgcolor="#efefef">
 <b><link xlink:type="simple" xlink:href="../207/5179207.xml">
List of bus routes in London</link></b></header>
</row>
<row>
<col style="font-size: 90%;" align="center">
<link xlink:type="simple" xlink:href="../207/5179207.xml#xpointer(//*[./st=%221-99%22])">
1-99</link> |
<link xlink:type="simple" xlink:href="../207/5179207.xml#xpointer(//*[./st=%22100-199%22])">
100-199</link> |
<link xlink:type="simple" xlink:href="../207/5179207.xml#xpointer(//*[./st=%22200-299%22])">
200-299</link> |
<link xlink:type="simple" xlink:href="../207/5179207.xml#xpointer(//*[./st=%22300-399%22])">
300-399</link> |
<link xlink:type="simple" xlink:href="../207/5179207.xml#xpointer(//*[./st=%22400-499%22])">
400-499</link> |
<link xlink:type="simple" xlink:href="../207/5179207.xml#xpointer(//*[./st=%22500-599%22])">
500-599</link> |
<link xlink:type="simple" xlink:href="../207/5179207.xml#xpointer(//*[./st=%22600-699%22])">
600-699</link> |
<link xlink:type="simple" xlink:href="../207/5179207.xml#xpointer(//*[./st=%22Letter+prefixed%22])">
Letter prefix</link> |
<link xlink:type="simple" xlink:href="../207/5179207.xml#xpointer(//*[./st=%22Routes+which+only+run+at+night+(N+prefixed)%22])">
Night only</link></col>
</row>
</table>
</p>


</sec>
</bdy>
</bus_route>
</bus>
</article>
