<?xml version="1.0" encoding="UTF-8"?>
<!-- generated by CLiX/Wiki2XML [MPI-Inf, MMCI@UdS] $LastChangedRevision: 92 $ on 17.04.2009 00:39:53[mciao0825] -->
<!DOCTYPE article SYSTEM "../article.dtd">
<article xmlns:xlink="http://www.w3.org/1999/xlink">
<physical_entity  confidence="0.8" wordnetid="100001930">
<person  confidence="0.8" wordnetid="100007846">
<intellectual  confidence="0.8" wordnetid="109621545">
<alumnus  confidence="0.8" wordnetid="109786338">
<causal_agent  confidence="0.8" wordnetid="100007347">
<scholar  confidence="0.8" wordnetid="110557854">
<header>
<title>Kevin P. Ryan</title>
<id>11142940</id>
<revision>
<id>235561680</id>
<timestamp>2008-09-01T10:04:24Z</timestamp>
<contributor>
<username>Rjwilmsi</username>
<id>203434</id>
</contributor>
</revision>
<categories>
<category>DoubleClick</category>
<category>Living people</category>
<category>American businesspeople</category>
<category>Yale University alumni</category>
</categories>
</header>
<bdy>

<b>Kevin P. Ryan</b> is an Internet executive and entrepreneur in New York City's <region wordnetid="108630985" confidence="0.8">
<location wordnetid="100027167" confidence="0.8">
<district wordnetid="108552138" confidence="0.8">
<link xlink:type="simple" xlink:href="../663/970663.xml">
Silicon Alley</link></district>
</location>
</region>
. He is perhaps best known as CEO of <company wordnetid="108058098" confidence="0.9508927676800064">
<link xlink:type="simple" xlink:href="../498/744498.xml">
DoubleClick</link></company>
, which he co-founded in 1996 and over the next nine years built into a multi-billion dollar global industry leader. Under his direction, DoubleClick was awarded the title of "New York Company of the Year" by <it>Silicon Alley Reporter</it> and Ryan himself was named one of the "50 Most Influential Business People" by <it>Crain's New York Business.</it><p>

DoubleClick was sold in 2005 for $1.1 billion to Hellman and Friedman LLC, and Ryan stepped down as CEO shortly thereafter. DoubleClick was acquired by Google for $3.1 billion in March 2008.</p>
<p>

After leaving DoubleClick, Ryan, along with former DoubleClick CTO and co-founder, <link>
Dwight Merriman</link>, founded AlleyCorp <weblink xlink:type="simple" xlink:href="http://www.alleycorp.com">
http://www.alleycorp.com</weblink>, a network of six affiliated Internet companies of which he is Chairman and CEO.</p>

<sec>
<st>
 AlleyCorp </st>

<p>

Headquartered in New York City’s Silicon Alley, AlleyCorp is a network of six affiliated Internet companies founded by Kevin P. Ryan and Dwight Merriman, the former CEO and CTO of DoubleClick, respectively.
http://www.alleycorp.com/</p>
<p>

Current companies in the AlleyCorp network include:</p>
<p>

<link>
Alley Insider</link>: an online business news and analysis site that provides news, commentary and discussion on the technology, media and communications industries.
http://www.alleyinsider.com/</p>
<p>

Gilt Groupe: an invitation-only online community that offers members exclusive access to coveted fashion and luxury lifestyle sample sales, events and brands.
http://www.gilt.com/</p>
<p>

Music Nation:  an online music community that provides bands and musicians resources to better connect and interact with fans, and fans a unique outlet for discovering new music.
http://www.musicnation.com/</p>
<p>

<company wordnetid="108058098" confidence="0.9508927676800064">
<link xlink:type="simple" xlink:href="../437/15994437.xml">
Panther Express</link></company>
: a content delivery network that ensures rapid and reliable content loading performance to Internet site visitors worldwide.
http://www.pantherexpress.net</p>
<p>

<work wordnetid="100575741" confidence="0.8">
<artifact wordnetid="100021939" confidence="0.8">
<instrumentality wordnetid="103575240" confidence="0.8">
<engine wordnetid="103287733" confidence="0.8">
<motor wordnetid="103789946" confidence="0.8">
<event wordnetid="100029378" confidence="0.8">
<service wordnetid="100577525" confidence="0.8">
<device wordnetid="103183080" confidence="0.8">
<machine wordnetid="103699975" confidence="0.8">
<act wordnetid="100030358" confidence="0.8">
<psychological_feature wordnetid="100023100" confidence="0.8">
<activity wordnetid="100407535" confidence="0.8">
<link xlink:type="simple" xlink:href="../613/4108613.xml">
ShopWiki</link></activity>
</psychological_feature>
</act>
</machine>
</device>
</service>
</event>
</motor>
</engine>
</instrumentality>
</artifact>
</work>
: an international shopping search engine that provides advanced Web crawling technology to help shoppers find products and make more informed buying decisions.
http://www.shopwiki.com/</p>
<p>

10gen: a new platform designed to help developers quickly and easily build complex and scalable Web applications.
http://www.10gen.com/</p>

</sec>
<sec>
<st>
 DoubleClick </st>

<p>

Ryan joined <company wordnetid="108058098" confidence="0.9508927676800064">
<link xlink:type="simple" xlink:href="../498/744498.xml">
DoubleClick</link></company>
 in 1996, first as president and later as CEO.  Under Ryan, DoubleClick grew from a startup of 20 people to a worldwide entity with more than 1500 employees.</p>

</sec>
<sec>
<st>
 Other Companies &amp; Investments </st>

<p>

Ryan is an investor in <weblink xlink:type="simple" xlink:href="http://theladders.com">
TheLadders</weblink>.
<ref xlink:type="simple" xlink:href="#xpointer(//reflist/entry[@id=%221%22])">1</ref>.  He was also an early investor and board member of <link xlink:type="simple" xlink:href="../769/2945769.xml">
HotJobs</link> (which was sold to <company wordnetid="108058098" confidence="0.9508927676800064">
<link xlink:type="simple" xlink:href="../213/188213.xml">
Yahoo!</link></company>
 for $450 million in 2002).</p>

</sec>
<sec>
<st>
 Early career</st>

<p>

While working at <company wordnetid="108058098" confidence="0.8">
<institution wordnetid="108053576" confidence="0.8">
<link xlink:type="simple" xlink:href="../246/1918246.xml">
United Media</link></institution>
</company>
, Ryan launched the <comic_strip wordnetid="107003352" confidence="0.9508927676800064">
<link xlink:type="simple" xlink:href="../127/8127.xml">
Dilbert</link></comic_strip>
 Web site, based on the popular comic strip created by Scott Adams.<ref xlink:type="simple" xlink:href="#xpointer(//reflist/entry[@id=%222%22])">2</ref> Serving as Senior VP of Business and Finance, he helped lead a restructuring effort that increased United Media's profits fivefold.<ref xlink:type="simple" xlink:href="#xpointer(//reflist/entry[@id=%223%22])">3</ref></p>
<p>

Additionally, Ryan spent time with Euro Disney in France, and as an investment banker with Prudential Investment Corporation in the US and the UK.<ref xlink:type="simple" xlink:href="#xpointer(//reflist/entry[@id=%224%22])">4</ref> </p>

</sec>
<sec>
<st>
 Other </st>

<p>

Ryan currently serves on the board of directors for Human Rights Watch. He's also a member of the INSEAD International Council, the Yale International Council and the Council on Foreign Relations.</p>
<p>

In the past, he's been on the boards of the Direct Marketing Association, the Ad Council and NYC 2012 and the advisory board of Doctors Without Borders.</p>

</sec>
<sec>
<st>
 Personal </st>

<p>

Ryan received a B.A. from <university wordnetid="108286163" confidence="0.9508927676800064">
<link xlink:type="simple" xlink:href="../273/34273.xml">
Yale University</link></university>
 in 1985 and his M.B.A. from <university wordnetid="108286163" confidence="0.9508927676800064">
<link xlink:type="simple" xlink:href="../363/286363.xml">
INSEAD</link></university>
 (The Business School for the World).</p>
<p>

His middle brother Sean Ryan, is the founder and CEO of <web_site wordnetid="106359193" confidence="0.9508927676800064">
<link xlink:type="simple" xlink:href="../756/5118756.xml">
Meez</link></web_site>
, a social entertainment network built around avatars, casual games and virtual items.  He was previously CEO of Listen.com (Rhapsody music service) which was acquired by RealNetworks in 2003.</p>
<p>

His youngest brother, Conor Kennedy Ryan, is the founder and president of successful NY boutique modeling agency MuseNYC.com</p>

</sec>
<sec>
<st>
 Quotes </st>

<p>

<it>From a <link xlink:type="simple" xlink:href="../165/36165.xml">
2007</link> interview with Venture Voice</it>:
<ref xlink:type="simple" xlink:href="#xpointer(//reflist/entry[@id=%225%22])">5</ref></p>
<p>

“I can remember one week in the beginning of 2000 when the stock price, the value of our company went up by a billion dollars and I thought ‘this has got to be the beginning of the end here.’”</p>
<p>

“I never came close to quitting. I always knew that the fundamentals of the Internet were going to win out."</p>

</sec>
<sec>
<st>
See also</st>
<p>

<list>
<entry level="1" type="bullet">

 <company wordnetid="108058098" confidence="0.9508927676800064">
<link xlink:type="simple" xlink:href="../498/744498.xml">
DoubleClick</link></company>
</entry>
<entry level="1" type="bullet">

 <company wordnetid="108058098" confidence="0.9508927676800064">
<link xlink:type="simple" xlink:href="../437/15994437.xml">
Panther Express</link></company>
</entry>
<entry level="1" type="bullet">

 <work wordnetid="100575741" confidence="0.8">
<artifact wordnetid="100021939" confidence="0.8">
<instrumentality wordnetid="103575240" confidence="0.8">
<engine wordnetid="103287733" confidence="0.8">
<motor wordnetid="103789946" confidence="0.8">
<event wordnetid="100029378" confidence="0.8">
<service wordnetid="100577525" confidence="0.8">
<device wordnetid="103183080" confidence="0.8">
<machine wordnetid="103699975" confidence="0.8">
<act wordnetid="100030358" confidence="0.8">
<psychological_feature wordnetid="100023100" confidence="0.8">
<activity wordnetid="100407535" confidence="0.8">
<link xlink:type="simple" xlink:href="../613/4108613.xml">
ShopWiki</link></activity>
</psychological_feature>
</act>
</machine>
</device>
</service>
</event>
</motor>
</engine>
</instrumentality>
</artifact>
</work>
</entry>
<entry level="1" type="bullet">

 <computer wordnetid="103082979" confidence="0.8">
<artifact wordnetid="100021939" confidence="0.8">
<instrumentality wordnetid="103575240" confidence="0.8">
<event wordnetid="100029378" confidence="0.8">
<device wordnetid="103183080" confidence="0.8">
<social_event wordnetid="107288639" confidence="0.8">
<contest wordnetid="107456188" confidence="0.8">
<machine wordnetid="103699975" confidence="0.8">
<web_site wordnetid="106359193" confidence="0.8">
<psychological_feature wordnetid="100023100" confidence="0.8">
<link xlink:type="simple" xlink:href="../365/8829365.xml">
Music Nation</link></psychological_feature>
</web_site>
</machine>
</contest>
</social_event>
</device>
</event>
</instrumentality>
</artifact>
</computer>
</entry>
<entry level="1" type="bullet">

 <link>
Silicon Alley Insider</link></entry>
<entry level="1" type="bullet">

 <link>
10gen</link></entry>
</list>
</p>

</sec>
<sec>
<st>
 Notes </st>
<p>

<reflist>
<entry id="1">
<weblink xlink:type="simple" xlink:href="http://www.theladders.com/press/abouttheladderspressdetail_042004">
TheLadders.com - TheLadders.com Secures Funding</weblink></entry>
<entry id="2">
<weblink xlink:type="simple" xlink:href="http://www.venturevoice.com/2007/04/kevin_ryan-doubleclick.html">
Venture Voice: VV Show #45 - Kevin Ryan of Panther Express, ShopWiki and Music Nation</weblink></entry>
<entry id="3">
<weblink xlink:type="simple" xlink:href="http://www.newyorkbusiness-risingstars.com/profile.php?pageNum_profile_detail=30&amp;year=6&amp;pid=293">
Kevin P. Ryan - Crain's New York Business | New York Rising Star - 40 under 40</weblink></entry>
<entry id="4">
<weblink xlink:type="simple" xlink:href="http://www.atnewyork.com/news/article.php/423421">
DoubleClick Names Kevin Ryan New CEO</weblink></entry>
<entry id="5">
<weblink xlink:type="simple" xlink:href="http://www.venturevoice.com/2007/04/kevin_ryan-doubleclick.html">
Venture Voice: VV Show #45 - Kevin Ryan of Panther Express, ShopWiki and Music Nation</weblink></entry>
</reflist>

6.    http://www.scribemedia.org/2008/02/07/pga-old-lions/</p>

</sec>
<sec>
<st>
External links</st>
<p>

<list>
<entry level="1" type="bullet">

<weblink xlink:type="simple" xlink:href="http://www.shopwiki.com">
ShopWiki Main Page</weblink></entry>
<entry level="1" type="bullet">

<weblink xlink:type="simple" xlink:href="http://www.pantherexpress.com">
PantherExpress Main Page</weblink></entry>
<entry level="1" type="bullet">

<weblink xlink:type="simple" xlink:href="http://www.musicnation.com">
MusicNation Main Page</weblink></entry>
<entry level="1" type="bullet">

<weblink xlink:type="simple" xlink:href="http://www.alleyinsider.com">
Silicon Alley Insider Main Page</weblink></entry>
<entry level="1" type="bullet">

<weblink xlink:type="simple" xlink:href="http://www.venturevoice.com/2007/04/kevin_ryan-doubleclick.htm">
The Venture Voice: Interview with Kevin Ryan</weblink></entry>
<entry level="1" type="bullet">

<weblink xlink:type="simple" xlink:href="http://www.newyorkbusiness-risingstars.com/profile.php?pageNum_profile_detail=30&amp;year=6&amp;pid=293">
Crain's New York Article on Kevin Ryan</weblink></entry>
<entry level="1" type="bullet">

<weblink xlink:type="simple" xlink:href="http://www.sourcewatch.org/index.php?title=Kevin_Ryan">
Kevin Ryan on SourceWatch</weblink></entry>
</list>
</p>


</sec>
</bdy>
</scholar>
</causal_agent>
</alumnus>
</intellectual>
</person>
</physical_entity>
</article>
