<?xml version="1.0" encoding="UTF-8"?>
<!-- generated by CLiX/Wiki2XML [MPI-Inf, MMCI@UdS] $LastChangedRevision: 92 $ on 17.04.2009 00:40:38[mciao0826] -->
<!DOCTYPE article SYSTEM "../article.dtd">
<article xmlns:xlink="http://www.w3.org/1999/xlink">
<psychologist  confidence="0.9511911446218017" wordnetid="110488865">
<header>
<title>Margaret Lowenfeld</title>
<id>11153892</id>
<revision>
<id>205362264</id>
<timestamp>2008-04-13T17:16:14Z</timestamp>
<contributor>
<username>Elipongo</username>
<id>103044</id>
</contributor>
</revision>
<categories>
<category>Psychologists</category>
<category>Developmental psychologists</category>
<category>Child psychotherapists</category>
<category>Psychiatrists</category>
<category>Child Psychologists</category>
<category>Psychotherapists</category>
</categories>
</header>
<bdy>

<b>Dr Margaret Lowenfeld</b> (1890-1973) was a pioneer of <link xlink:type="simple" xlink:href="../014/9014.xml">
child psychology</link> and <link xlink:type="simple" xlink:href="../931/24931.xml">
psychotherapy</link>. Originally a <link xlink:type="simple" xlink:href="../593/23593.xml">
paediatrician</link>, she was involved in relief-work in her native Poland after  World War One, where she began speculating about what enabled some children to survive and even flourish in spite of traumatic experiences. Dr. Lowenfeld's notably original contributions derived from her recognition that <link xlink:type="simple" xlink:href="../808/18006808.xml">
play</link> is an important component of children's development. Furthermore, she demonstrated that language is frequently an inadequate mode of expression for children to communicate their experiences. From these premises she invented non-verbal techniques that enabled children to express their thoughts and feelings.<p>

The three primary techniques invented and developed by Dr. Lowenfeld are The Lowenfeld <link>
World Technique</link>, <link>
Lowenfeld Mosaics</link> and <link>
Lowenfeld Kaleidoblocs</link>.</p>
<p>

In the late 1920s Dr Lowenfeld established one of the first child guidance clinics in Britain in <site wordnetid="108651247" confidence="0.9508927676800064">
<link xlink:type="simple" xlink:href="../200/94200.xml">
Notting Hill</link></site>
, <village wordnetid="108672738" confidence="0.9508927676800064">
<link xlink:type="simple" xlink:href="../867/17867.xml">
London</link></village>
, which she developed into the <link>
Institute for Child Psychology</link>. The ICP trained child psychotherapists in the use of Dr. Lowenfeld's theories and techniques as well as operating as the local child guidance centre. The ICP was eventually funded by the <link xlink:type="simple" xlink:href="../572/16462572.xml">
National Health Service</link>. These arrangements provided ICP students with unique experiences of child guidance practice during their training.</p>
<p>

Dr. Lowenfeld's inventions are featured in a special cabinet in the History of Medicine section at the <link xlink:type="simple" xlink:href="../951/152951.xml">
Science Museum</link>, London. Dr Lownefeld is also a substantial presence in a major semi-permanent exhibition at the Science Museum, 'Mind Your Head', that celebrates the Centenary of the British Psychological Society. </p>

<sec>
<st>
 Selected publications </st>
<p>
 
<list>
<entry level="1" type="bullet">

 Lowenfeld, Margaret  (1979) The world technique, London; Boston : Allen &amp; Unwin, (ISBN  0041500679)</entry>
<entry level="1" type="bullet">

 Lowenfeld, Margaret (1991) Play in childhood ; with a foreword by John Davis, London: Mac Keith Press; New York : Distributed by Cambridge University Press, (ISBN  0521413311 (USA))  (ISBN  0901260843 (UK)) (Originally published in 1935)</entry>
<entry level="1" type="bullet">

 Unwin, C and Hood-Williams, J (Eds)(1988) Child psychotherapy, war, and the normal child : selected papers of Margaret Lowenfeld, London : Free Association Books, (ISBN  1853430358)</entry>
</list>
</p>

</sec>
<sec>
<st>
 References </st>
<p>

<list>
<entry level="1" type="bullet">

 <weblink xlink:type="simple" xlink:href="http://www.lowenfeld.org/lowenfeld/index.html">
The Dr. Margaret Lowenfeld Trust</weblink></entry>
<entry level="1" type="bullet">

 <weblink xlink:type="simple" xlink:href="http://www.sandplay.org/history.htm">
Sandplay Therapists of America</weblink></entry>
<entry level="1" type="bullet">

 <weblink xlink:type="simple" xlink:href="http://www.sandtray.org/voices.html">
The Sandtray Network</weblink></entry>
<entry level="1" type="bullet">

 <weblink xlink:type="simple" xlink:href="http://www.sussex-academic.co.uk/sa/titles/psychotherapy/LowenfeldSelected.htm">
Selected Papers of Margaret Lowenfeld - brief review on publisher's website</weblink></entry>
</list>
</p>

</sec>
<sec>
<st>
 External links </st>
<p>

<list>
<entry level="1" type="bullet">

 <weblink xlink:type="simple" xlink:href="http://www.lowenfeld.org/">
The Dr. Margaret Lowenfeld Trust</weblink></entry>
<entry level="1" type="bullet">

 <weblink xlink:type="simple" xlink:href="http://www.sandplay.net/">
 Transpersonal Sandplay Therapy Center</weblink></entry>
</list>
</p>


</sec>
</bdy>
</psychologist>
</article>
