<?xml version="1.0" encoding="UTF-8"?>
<!-- generated by CLiX/Wiki2XML [MPI-Inf, MMCI@UdS] $LastChangedRevision: 92 $ on 17.04.2009 00:40:38[mciao0825] -->
<!DOCTYPE article SYSTEM "../article.dtd">
<article xmlns:xlink="http://www.w3.org/1999/xlink">
<header>
<title>Harshness</title>
<id>11178092</id>
<revision>
<id>241202264</id>
<timestamp>2008-09-26T20:39:50Z</timestamp>
<contributor>
<username>Neelix</username>
<id>1169106</id>
</contributor>
</revision>
<categories>
<category>Information retrieval</category>
<category>Music technology</category>
<category>Musicology</category>
</categories>
</header>
<bdy>

For other uses, see <link xlink:type="simple" xlink:href="../308/17305308.xml">
Harsh</link>.
<b>Harshness</b> (also called <b>raucousness</b>), in <link xlink:type="simple" xlink:href="../193/261193.xml">
music information retrieval</link>, is a Non-Contextual Low-Level Audio Descriptors (NLDs) that represents one dimension of the multi-dimensional <link xlink:type="simple" xlink:href="../448/24448.xml">
psychoacoustic</link> feature called as musical <link xlink:type="simple" xlink:href="../892/77892.xml">
timbre</link>.<p>

Classical timbre’ NLDs are <link xlink:type="simple" xlink:href="../140/2260140.xml">
roughness</link>, <link xlink:type="simple" xlink:href="../578/10930578.xml">
spectral centroid</link>, and <link xlink:type="simple" xlink:href="../044/7257044.xml">
spectral flux</link>. While harmonicity and inharmonicity can also be considered NLDs, harshness differs from them, as well as from roughness, once it reckons for a distinguished perceptual audio feature expressed by the summary spectral periodicity. This feature is especially clear in single-<link xlink:type="simple" xlink:href="../933/77933.xml">
pitch</link>, single-<link xlink:type="simple" xlink:href="../026/22026.xml">
note</link>, musical audio, where the timbre of two different musical instruments can greatly differ in levels of harshness (e.g., the difference in harshness between a flute and a saxophone is evident). As it is supposed to be, harshness is independent of all others NLDs.</p>

</bdy>
</article>
