<?xml version="1.0" encoding="UTF-8"?>
<!-- generated by CLiX/Wiki2XML [MPI-Inf, MMCI@UdS] $LastChangedRevision: 92 $ on 17.04.2009 00:44:10[mciao0827] -->
<!DOCTYPE article SYSTEM "../article.dtd">
<article xmlns:xlink="http://www.w3.org/1999/xlink">
<company  confidence="0.9508927676800064" wordnetid="108058098">
<electronics_company  confidence="0.9511911446218017" wordnetid="108003035">
<header>
<title>Pulse~Link</title>
<id>11177402</id>
<revision>
<id>240645143</id>
<timestamp>2008-09-24T09:22:00Z</timestamp>
<contributor>
<username>Cydebot</username>
<id>1215485</id>
</contributor>
</revision>
<categories>
<category>Companies based in San Diego County, California</category>
<category>Fabless semiconductor companies</category>
<category>Companies established in 2000</category>
<category>Electronics companies of the United States</category>
</categories>
</header>
<bdy>
<template>
<name>Infobox Company</name>
<parameters>
<location>
<image width="20px" src="Flag_of_the_United_States.svg">
</image>
 <village wordnetid="108672738" confidence="0.9508927676800064">
<link xlink:type="simple" xlink:href="../030/108030.xml">
Carlsbad, California</link></village>
, <link xlink:type="simple" xlink:href="../750/3434750.xml">
USA</link></location>
<company_logo>
<image width="150px" src="PLK-logo.png">
<caption>

PLK-logo.png
</caption>
</image>
</company_logo>
<company_name>
Pulse~LINK, Inc.</company_name>
<foundation>
2000</foundation>
<industry>
Fabless Semiconductor-Integrated Circuits</industry>
<type>
Privately held</type>
<products>
Integrated Circuits &amp; <link xlink:type="simple" xlink:href="../827/645827.xml">
UWB</link> devices</products>
<num_employees>
~75</num_employees>
<key_people>
Waddah Al-Mousa, Chairman; John Santhoff, CEO &amp; CTO; Bruce Watkins, President</key_people>
</parameters>
</template>

<p>

<b>Pulse~LINK</b> is a privately held <link xlink:type="simple" xlink:href="../685/675685.xml">
fabless</link> <link xlink:type="simple" xlink:href="../150/15150.xml">
integrated circuit</link> semiconductor corporation headquartered in <village wordnetid="108672738" confidence="0.9508927676800064">
<link xlink:type="simple" xlink:href="../030/108030.xml">
Carlsbad, California</link></village>
, located just north of  <link xlink:type="simple" xlink:href="../504/28504.xml">
San Diego</link> <country wordnetid="108544813" confidence="0.9508927676800064">
<link xlink:type="simple" xlink:href="../407/5407.xml">
California</link></country>
, in the <body wordnetid="107965085" confidence="0.8">
<social_group wordnetid="107950920" confidence="0.8">
<political_orientation wordnetid="106212839" confidence="0.8">
<colony wordnetid="108374049" confidence="0.8">
<state wordnetid="108168978" confidence="0.8">
<political_unit wordnetid="108359949" confidence="0.8">
<group wordnetid="100031264" confidence="0.8">
<democracy wordnetid="106217103" confidence="0.8">
<link xlink:type="simple" xlink:href="../750/3434750.xml">
United States</link></democracy>
</group>
</political_unit>
</state>
</colony>
</political_orientation>
</social_group>
</body>
. Pulse~LINK is a pioneer in the commercialization of <link xlink:type="simple" xlink:href="../428/166428.xml">
Ultra-wideband</link> (UWB) technology, and has developed a complete <message wordnetid="106598915" confidence="0.8">
<protocol wordnetid="106665108" confidence="0.8">
<know-how wordnetid="105616786" confidence="0.8">
<direction wordnetid="106786629" confidence="0.8">
<rule wordnetid="106652242" confidence="0.8">
<method wordnetid="105660268" confidence="0.8">
<link xlink:type="simple" xlink:href="../472/207472.xml">
Media Access Control</link></method>
</rule>
</direction>
</know-how>
</protocol>
</message>
 (MAC)/Baseband/RF <link xlink:type="simple" xlink:href="../224/302224.xml">
chipset</link> which exceeds 1 Gbit/s in UWB data communications. Pulse~Link has developed a UWB technology based on Continuous Pulsed UWB (<link xlink:type="simple" xlink:href="../101/11178101.xml">
C-UWB</link>) for whole-home distribution of interactive high data rate multimedia content over a hybrid wired/wireless network. The technology is designed to coexist fully with existing home-<link xlink:type="simple" xlink:href="../587/7587.xml">
CATV</link> signals.</p>
<p>

Pulse~LINK's CWave™ implementation of <link xlink:type="simple" xlink:href="../101/11178101.xml">
C-UWB</link> provides data rates up to a Gigabit per second over coax and wireless networks. This provides consumers with the unprecedented ability to stream and distribute high quality multimedia content throughout their homes. Pulse~LINK's CWave implementations of <link xlink:type="simple" xlink:href="../101/11178101.xml">
C-UWB</link> support the simultaneous operation of <weblink xlink:type="simple" xlink:href="http://www.1394ta.org/index.html">
1394</weblink>, Gigabit <link xlink:type="simple" xlink:href="../499/9499.xml">
Ethernet</link> and <link xlink:type="simple" xlink:href="../442/537442.xml">
HDMI</link>-equivalent connections with unequaled data rate performance and end-to-end Quality of Service (<link xlink:type="simple" xlink:href="../315/25315.xml">
QoS</link>).</p>
<p>

The company is actively involved in organizations leading the next-generation of digital home connectivity, including the <weblink xlink:type="simple" xlink:href="http://www.hanaalliance.org/">
High Definition Audio-Video Network Alliance (HANA)</weblink>, Digital Living Network Alliance (<link xlink:type="simple" xlink:href="../253/1164253.xml">
DLNA</link>), and the 1394 Trade Association. </p>

<sec>
<st>
External links</st>
<p>

<list>
<entry level="1" type="bullet">

<weblink xlink:type="simple" xlink:href="http://pulselink.net/">
Pulse~LINK Corporate Web Site</weblink>.</entry>
<entry level="1" type="bullet">

<weblink xlink:type="simple" xlink:href="http://www.1394ta.org/index.html">
1394 Trade Association</weblink>.</entry>
<entry level="1" type="bullet">

<weblink xlink:type="simple" xlink:href="http://www.hanaalliance.org/">
High Definition Audio-Video Network Alliance (HANA)</weblink>.</entry>
<entry level="1" type="bullet">

<weblink xlink:type="simple" xlink:href="http://www.dlna.org/en/consumer/home">
Digital Living Network Alliance (DLNA)</weblink>.</entry>
</list>
</p>


</sec>
</bdy>
</electronics_company>
</company>
</article>
