<?xml version="1.0" encoding="UTF-8"?>
<!-- generated by CLiX/Wiki2XML [MPI-Inf, MMCI@UdS] $LastChangedRevision: 92 $ on 16.04.2009 18:08:52[mciao0827] -->
<!DOCTYPE article SYSTEM "../article.dtd">
<article xmlns:xlink="http://www.w3.org/1999/xlink">
<header>
<title>CMIS</title>
<id>1117716</id>
<revision>
<id>238212805</id>
<timestamp>2008-09-13T20:32:41Z</timestamp>
<contributor>
<username>GMGershon</username>
<id>7850211</id>
</contributor>
</revision>
<categories>
<category>All disambiguation pages</category>
<category>Disambiguation pages</category>
</categories>
</header>
<bdy>

<b>CMIS</b> may refer to:<p>

<list>
<entry level="1" type="bullet">

 <link xlink:type="simple" xlink:href="../912/40912.xml">
Common management information service</link>, a computer networking standard for a service that may be employed by network elements for network management</entry>
<entry level="1" type="bullet">

 <link xlink:type="simple" xlink:href="../438/19265438.xml">
Content Management Interoperability Services</link>, a domain model and Web services standard for working with <system wordnetid="104377057" confidence="0.8">
<artifact wordnetid="100021939" confidence="0.8">
<instrumentality wordnetid="103575240" confidence="0.8">
<link xlink:type="simple" xlink:href="../982/1644982.xml">
Enterprise content management</link></instrumentality>
</artifact>
</system>
 repositories and systems</entry>
</list>
</p>

<p>

<table style="background:none">
<row>
<col style="vertical-align:middle;">
<image width="30px" src="Disambig_gray.svg">
</image>
</col>
<col style="vertical-align:middle;">
<it>This  page lists articles associated with the same title. If an <weblink xlink:type="simple" xlink:href="http://localhost:18088/wiki/index.php?title=Special:Whatlinkshere/CMIS&amp;namespace=0">
internal link</weblink>led you here, you may wish to change the link to point directly to the intended article.''</it></col>
</row>
</table>

</p>
</bdy>
</article>
