<?xml version="1.0" encoding="UTF-8"?>
<!-- generated by CLiX/Wiki2XML [MPI-Inf, MMCI@UdS] $LastChangedRevision: 92 $ on 17.04.2009 00:41:23[mciao0826] -->
<!DOCTYPE article SYSTEM "../article.dtd">
<article xmlns:xlink="http://www.w3.org/1999/xlink">
<header>
<title>Mean reciprocal rank</title>
<id>11184711</id>
<revision>
<id>233567676</id>
<timestamp>2008-08-22T16:54:25Z</timestamp>
<contributor>
<username>Elif81</username>
<id>7696998</id>
</contributor>
</revision>
<categories>
<category>Information retrieval</category>
<category>Summary statistics</category>
</categories>
</header>
<bdy>

<b>Mean reciprocal rank</b> is a <link xlink:type="simple" xlink:href="../703/26703.xml">
statistic</link> for evaluating any process that produces a list of possible responses to a query, ordered by probability of correctness.  The reciprocal rank of a query response is the multiplicative inverse of the rank of the first correct answer. The mean reciprocal rank is the average of the reciprocal ranks of results for a sample of queries Q:<p>

<indent level="1">

<math> MRR = \frac{1}{|Q|} \sum_{i=1}^{Q} \frac{1}{rank_i} \!</math>
</indent>

</p>
<sec>
<st>
 Example </st>
<p>

For example, suppose we have the following three sample queries for a system that tries to translate English words to their plurals.  In each case, the system makes three guesses, with the first one being the one it thinks is most likely correct:</p>
<p>

<table class="wikitable">
<row>
<header>
Query</header>
<header>
Results</header>
<header>
Correct response</header>
<header>
Rank</header>
<header>
Reciprocal rank</header>
</row>
<row>
<col>
cat</col>
<col>
catten, cati, <b>cats</b></col>
<col>
cats</col>
<col>
3</col>
<col>
1/3</col>
</row>
<row>
<col>
torus</col>
<col>
torii, <b>tori</b>, toruses</col>
<col>
tori</col>
<col>
2</col>
<col>
1/2</col>
</row>
<row>
<col>
virus</col>
<col>
<b>viruses</b>, virii, viri</col>
<col>
viruses</col>
<col>
1</col>
<col>
1</col>
</row>
</table>
</p>
<p>

Given those three samples, we could calculate the mean reciprocal rank as (1/3&nbsp;+&nbsp;1/2&nbsp;+&nbsp;1)/3 = 11/18 or about 0.61.</p>
<p>

This basic definition does not specify what to do if (1) none of the proposed results are correct (use reciprocal rank 0), or if (2) there are multiple correct answers in the list (consider using Mean Average Precision: MAP).</p>
<p>

See also <link xlink:type="simple" xlink:href="../271/15271.xml">
Information retrieval</link> and <software wordnetid="106566077" confidence="0.8">
<application wordnetid="106570110" confidence="0.8">
<program wordnetid="106568978" confidence="0.8">
<written_communication wordnetid="106349220" confidence="0.8">
<writing wordnetid="106359877" confidence="0.8">
<code wordnetid="106355894" confidence="0.8">
<coding_system wordnetid="106353757" confidence="0.8">
<link xlink:type="simple" xlink:href="../030/360030.xml">
Question answering</link></coding_system>
</code>
</writing>
</written_communication>
</program>
</application>
</software>
.</p>

</sec>
<sec>
<st>
References</st>

<p>

Voorhees, E.M. (1999). "The TREC-8 question answering track report". In <it>Proceedings of the 8th Text Retrieval Conference</it>, Gaithersburg, Maryland, USA, pp. 77-82.</p>
<p>

Dragomir R. Radev, Hong Qi, Harris Wu, and Weiguo Fan. 2002. "Evaluating web-based question answering systems". In <it>Proceedings of LREC</it>, Las Palmas, Spain.</p>

</sec>
</bdy>
</article>
