<?xml version="1.0" encoding="UTF-8"?>
<!-- generated by CLiX/Wiki2XML [MPI-Inf, MMCI@UdS] $LastChangedRevision: 92 $ on 17.04.2009 00:44:38[mciao0827] -->
<!DOCTYPE article SYSTEM "../article.dtd">
<article xmlns:xlink="http://www.w3.org/1999/xlink">
<O  confidence="0.9508927676800064" wordnetid="106832680">
<header>
<title>AROS Research Operating System</title>
<id>11193614</id>
<revision>
<id>244553336</id>
<timestamp>2008-10-11T11:45:58Z</timestamp>
<contributor>
<username>Ghettoblaster</username>
<id>6603820</id>
</contributor>
</revision>
<categories>
<category>Commodore Amiga</category>
<category>Free software operating systems</category>
<category>Operating systems</category>
</categories>
</header>
<bdy>
<template>
<name>Infobox OS</name>
<parameters>
<screenshot>
<image width="250px" src="Arosrus.jpeg">
</image>
</screenshot>
<supported_platforms>
<artifact wordnetid="100021939" confidence="0.8">
<merchandise wordnetid="103748886" confidence="0.8">
<commodity wordnetid="103076708" confidence="0.8">
<link xlink:type="simple" xlink:href="../374/244374.xml">
X86-64</link></commodity>
</merchandise>
</artifact>
, <link xlink:type="simple" xlink:href="../198/34198.xml">
x86</link>, <link xlink:type="simple" xlink:href="../281/24281.xml">
PPC</link></supported_platforms>
<website>
http://www.aros.org</website>
<caption>
AROS showing its Cyrillic support</caption>
<latest_release_date>
<link xlink:type="simple" xlink:href="../777/1777.xml">
April 2</link>, <link xlink:type="simple" xlink:href="../165/36165.xml">
2007</link></latest_release_date>
<developer>
The AROS Development Team</developer>
<family>
<link xlink:type="simple" xlink:href="../304/18933304.xml">
Amiga OS</link>-like</family>
<name>
AROS Research Operating System</name>
<source_model>
<link xlink:type="simple" xlink:href="../758/18938758.xml">
Open source</link></source_model>
<license>
<weblink xlink:type="simple" xlink:href="http://aros.sourceforge.net/license.html">
AROS Public License</weblink></license>
</parameters>
</template>


<image location="right" width="150px" src="AmigaOS.svg" type="thumb">
<caption>

AROS family/development tree.
</caption>
</image>

<b>AROS Research Operating System</b> (<b>AROS</b>) is a <link xlink:type="simple" xlink:href="../635/10635.xml">
free software</link>/<link xlink:type="simple" xlink:href="../663/277663.xml">
open source</link> implementation of the <O wordnetid="106832680" confidence="0.9508927676800064">
<link xlink:type="simple" xlink:href="../304/18933304.xml">
AmigaOS 3.1</link></O>
 <link xlink:type="simple" xlink:href="../ury/24th_century.xml">
API</link>s.  Designed to be portable and flexible, <link xlink:type="simple" xlink:href="../804/214804.xml">
port</link>s are currently available for <link xlink:type="simple" xlink:href="../198/34198.xml">
x86</link> and <link xlink:type="simple" xlink:href="../281/24281.xml">
PowerPC</link> based <link xlink:type="simple" xlink:href="../137/18457137.xml">
PC</link>s in <link xlink:type="simple" xlink:href="../638/581638.xml">
native</link> and hosted <it>flavors</it>, with other architectures in development. 
<sec>
<st>
Name</st>
<p>

AROS used to mean Amiga Research Operating System, but to avoid any trademark issues with the <link xlink:type="simple" xlink:href="../980/1980.xml">
Amiga</link> name<ref xlink:type="simple" xlink:href="#xpointer(//reflist/entry[@id=%221%22])">1</ref>, it was changed to the <link xlink:type="simple" xlink:href="../983/36983.xml">
recursive acronym</link> AROS Research Operating System.<ref xlink:type="simple" xlink:href="#xpointer(//reflist/entry[@id=%222%22])">2</ref></p>

</sec>
<sec>
<st>
 Current status </st>
<p>

The project, started in <link xlink:type="simple" xlink:href="../658/34658.xml">
1995</link>, has over the years become an almost "feature complete" implementation of AmigaOS - with currently (as of March 2006) only a few lacking areas of functionality. This was achieved by the efforts of a small team of developers.</p>
<p>

It can currently be installed on most <link xlink:type="simple" xlink:href="../803/49803.xml">
IBM PC compatible</link>s, and features native graphics drivers for video cards such as the <substance wordnetid="100019613" confidence="0.8">
<paper wordnetid="114974264" confidence="0.8">
<card wordnetid="102962545" confidence="0.8">
<part wordnetid="113809207" confidence="0.8">
<material wordnetid="114580897" confidence="0.8">
<link xlink:type="simple" xlink:href="../742/148742.xml">
GeForce</link></material>
</part>
</card>
</paper>
</substance>
 range made by <link xlink:type="simple" xlink:href="../120/39120.xml">
NVIDIA</link>.  As of May 2007 USB keyboards and mice are also supported. AROS is also planned to run on <link xlink:type="simple" xlink:href="../281/24281.xml">
PowerPC</link> boards <link xlink:type="simple" xlink:href="../152/8570152.xml">
Efika</link> and Samantha.</p>
<p>

While the OS is still lacking in applications, a few have been ported, including <link xlink:type="simple" xlink:href="../312/80312.xml">
E-UAE</link>, an emulation program that allows 68k-native AmigaOS applications to run in the same way a majority must be run on AmigaOS 4.0. Some AROS-specific applications have also been written. AROS has <link xlink:type="simple" xlink:href="../476/15476.xml">
TCP/IP</link> networking support, and has available an experimental version of <software wordnetid="106566077" confidence="0.9508927676800064">
<link xlink:type="simple" xlink:href="../707/1179707.xml">
AMosaic</link></software>
 web browser, for test purposes, among other <link xlink:type="simple" xlink:href="../539/14539.xml">
Internet</link>-related applications.</p>
<p>

AROS is designed to be <link xlink:type="simple" xlink:href="../164/335164.xml">
source-compatible</link> with AmigaOS, but not binary compatible. Source code that will compile on AmigaOS should compile on AROS, but binaries already compiled for AmigaOS will not run, even if they are compiled for the same family of CPU. This unfortunately means that, unlike <O wordnetid="106832680" confidence="0.9508927676800064">
<link xlink:type="simple" xlink:href="../521/263521.xml">
MorphOS</link></O>
 or <link>
AmigaOS 4</link>, AROS is not capable of running legacy software directly, only applications compiled for AROS. There are plans to integrate the Amiga emulator <link xlink:type="simple" xlink:href="../312/80312.xml">
E-UAE</link> directly into AROS to run AmigaOS applications, and even a bounty to run MorphOS software on the <link xlink:type="simple" xlink:href="../281/24281.xml">
PowerPC</link> build of AROS, but so far (January 2008) these objectives remain elusive.</p>
<p>

The aim of AROS is to remain aloof of the legal and political spats that have plagued other AmigaOS implementations by being independent both of hardware and of any central control. The de-facto motto of AROS, "No schedule and rocking" both lampoons the infamous claim of <company wordnetid="108058098" confidence="0.9508927676800064">
<link xlink:type="simple" xlink:href="../877/3193877.xml">
Amiga, Inc.</link></company>
 CEO Bill McEwen that <link>
AmigaOS 4</link> was "On schedule and rocking" (despite not existing at this time), and declares a lack of the formal deadlines that are traditionally broken by other AmigaOS clones.</p>

</sec>
<sec>
<st>
 Programs </st>

<p>

<indent level="1">

<it>Main article: <link xlink:type="simple" xlink:href="../057/8785057.xml">
AROS Programs</link></it>
</indent>

</p>
</sec>
<sec>
<st>
 See also </st>
<p>

<list>
<entry level="1" type="bullet">

 <weblink xlink:type="simple" xlink:href="http://en.wikibooks.org/wiki/Aros/User/Docs">
AROS User Documentation</weblink></entry>
<entry level="1" type="bullet">

 <weblink xlink:type="simple" xlink:href="http://en.wikibooks.org/wiki/Aros/Developer/Docs">
AROS Developer Documentation</weblink></entry>
</list>
</p>
<p>

<list>
<entry level="1" type="bullet">

 <link>
Wanderer (AROS)</link> </entry>
<entry level="1" type="bullet">

 <link xlink:type="simple" xlink:href="../708/10968708.xml">
Zune (GUI toolkit)</link></entry>
<entry level="1" type="bullet">

 <link xlink:type="simple" xlink:href="../937/18943937.xml">
Emulator</link></entry>
<entry level="1" type="bullet">

 <link xlink:type="simple" xlink:href="../353/32353.xml">
Virtual machine</link></entry>
<entry level="1" type="bullet">

 <link xlink:type="simple" xlink:href="../804/214804.xml">
Porting</link></entry>
<entry level="1" type="bullet">

 <link xlink:type="simple" xlink:href="../471/60471.xml">
Binary compatibility</link></entry>
<entry level="1" type="bullet">

 <link xlink:type="simple" xlink:href="../663/277663.xml">
Open source software</link></entry>
</list>
</p>

</sec>
<sec>
<st>
References</st>

<p>

<reflist>
<entry id="1">
<weblink xlink:type="simple" xlink:href="http://amigann.com/?id=3309">
AmigaNN :: Amiga News Network</weblink></entry>
<entry id="2">
www.aros.org</entry>
</reflist>
</p>

</sec>
<sec>
<st>
 External links </st>

<p>

<table style="background:#f9f9f9; font-size:85%; line-height:110%; ">
<row>
<col>
 <image width="32x28px" src="Free_Software_Portal_Logo.svg">
</image>
</col>
<col style="padding:0 0.2em;">
 <b><it>
Free software&#32;portal</it></b></col>
</row>
</table>
</p>

<p>

<image location="none" width="50px" src="Wikibooks-logo-en.svg">
<caption>

Wikibooks
</caption>
</image>

Wikibooks'  has more about this subject:
</p>

<p>

<list>
<entry level="1" type="bullet">

 <weblink xlink:type="simple" xlink:href="http://www.aros.org/">
AROS: AROS Research Operating System</weblink></entry>
<entry level="1" type="bullet">

 <weblink xlink:type="simple" xlink:href="http://www.aros-exec.org">
AROS-Exec</weblink> - discussion forum for AROS</entry>
<entry level="1" type="bullet">

 <weblink xlink:type="simple" xlink:href="http://www.aros.bbs.pl">
<b><it>AROS Polish Team</it></b></weblink>- Polish translating for <b>AROS</b></entry>
<entry level="1" type="bullet">

 <weblink xlink:type="simple" xlink:href="http://www.thenostromo.com/teamaros2/">
Bounties</weblink></entry>
<entry level="1" type="bullet">

 <weblink xlink:type="simple" xlink:href="http://www.aros.ppa.pl">
AROS-PL</weblink> - Polish AROS community</entry>
<entry level="1" type="bullet">

 <weblink xlink:type="simple" xlink:href="http://archives.aros-exec.org">
AROS Archives: AROS software repository similar to Aminet</weblink></entry>
<entry level="1" type="bullet">

 <weblink xlink:type="simple" xlink:href="http://aros.aminet.net">
AROS section of Aminet</weblink></entry>
<entry level="1" type="bullet">

 <weblink xlink:type="simple" xlink:href="http://www.arosworld.org">
AROSWorld Community</weblink></entry>
<entry level="1" type="bullet">

 <weblink xlink:type="simple" xlink:href="http://members.shaw.ca/guis/aros.html">
AROS Bootable CD screenshots</weblink></entry>
<entry level="1" type="bullet">

 <weblink xlink:type="simple" xlink:href="http://arosshow.blogspot.com">
The AROS Show</weblink> - News and information about AROS</entry>
</list>
</p>

<p>

<table style=";" class="navbox" cellspacing="0">
<row>
<col style="padding:2px;">
<table style="width:100%;background:transparent;color:inherit;;" class="nowraplinks collapsible autocollapse " cellspacing="0">
<row>
<header colspan="2" style=";" class="navbox-title">
<O wordnetid="106832680" confidence="0.9508927676800064">
<link xlink:type="simple" xlink:href="../304/18933304.xml">
AmigaOS</link></O>
 (
AmigaOS|category)</header>
</row>
<row style="height:2px;">

</row>
<row>
<col style=";;" class="navbox-group">
<link xlink:type="simple" xlink:href="../223/4918223.xml">
Companies</link></col>
<col style="text-align:left;border-left:2px solid #fdfdfd;width:100%;padding:0px;;;" class="navbox-list navbox-odd">
<company wordnetid="108058098" confidence="0.9508927676800064">
<link xlink:type="simple" xlink:href="../580/7580.xml">
Commodore International</link></company>
 &amp;bull; <company wordnetid="108058098" confidence="0.9508927676800064">
<link xlink:type="simple" xlink:href="../072/713072.xml">
Hyperion Entertainment</link></company>
</col>
</row>
<row style="height:2px">

</row>
<row>
<col style=";;" class="navbox-group">
<link xlink:type="simple" xlink:href="../457/7878457.xml">
Computer</link>s</col>
<col style="text-align:left;border-left:2px solid #fdfdfd;width:100%;padding:0px;;;" class="navbox-list navbox-even">
<link xlink:type="simple" xlink:href="../980/1980.xml">
Amiga</link></col>
</row>
<row style="height:2px">

</row>
<row>
<col style=";;" class="navbox-group">
<link xlink:type="simple" xlink:href="../816/29816.xml">
Technology</link></col>
<col style="text-align:left;border-left:2px solid #fdfdfd;width:100%;padding:0px;;;" class="navbox-list navbox-odd">
<link xlink:type="simple" xlink:href="../699/7494699.xml">
Workbench</link> &amp;bull; <link xlink:type="simple" xlink:href="../139/7495139.xml">
Intuition</link> &amp;bull; <link xlink:type="simple" xlink:href="../823/88823.xml">
AmigaDOS</link> &amp;bull; <link xlink:type="simple" xlink:href="../505/1858505.xml">
ARexx</link> &amp;bull; <link xlink:type="simple" xlink:href="../001/1451001.xml">
AmigaBASIC</link> &amp;bull; <message wordnetid="106598915" confidence="0.8">
<information wordnetid="106634376" confidence="0.8">
<format wordnetid="106636806" confidence="0.8">
<link xlink:type="simple" xlink:href="../329/78329.xml">
Amigaguide</link></format>
</information>
</message>
 &amp;bull; <link xlink:type="simple" xlink:href="../877/4334877.xml">
Software</link> &amp;bull; <link xlink:type="simple" xlink:href="../647/66647.xml">
Games</link> &amp;bull; <link xlink:type="simple" xlink:href="../155/42155.xml">
Demos</link></col>
</row>
<row style="height:2px">

</row>
<row>
<col style=";;" class="navbox-group">
<link xlink:type="simple" xlink:href="../194/22194.xml">
Operating system</link>s</col>
<col style="text-align:left;border-left:2px solid #fdfdfd;width:100%;padding:0px;;;" class="navbox-list navbox-even">
<O wordnetid="106832680" confidence="0.9508927676800064">
<link xlink:type="simple" xlink:href="../304/18933304.xml">
AmigaOS</link></O>
 (<link xlink:type="simple" xlink:href="../722/4905722.xml">
versions</link>) &amp;bull; <link xlink:type="simple" xlink:href="../614/11193614.xml">
AROS</link> &amp;bull; <O wordnetid="106832680" confidence="0.9508927676800064">
<link xlink:type="simple" xlink:href="../521/263521.xml">
MorphOS</link></O>
</col>
</row>
</table>
</col>
</row>
</table>
</p>



</sec>
</bdy>
</O>
</article>
