<?xml version="1.0" encoding="UTF-8"?>
<!-- generated by CLiX/Wiki2XML [MPI-Inf, MMCI@UdS] $LastChangedRevision: 92 $ on 16.04.2009 18:09:38[mciao0826] -->
<!DOCTYPE article SYSTEM "../article.dtd">
<article xmlns:xlink="http://www.w3.org/1999/xlink">
<plant  confidence="0.9511911446218017" wordnetid="103956922">
<entity  confidence="0.9511911446218017" wordnetid="100001740">
<vegetable  confidence="0.9511911446218017" wordnetid="107707451">
<header>
<title>Artichoke</title>
<id>1120742</id>
<revision>
<id>243440389</id>
<timestamp>2008-10-06T14:50:42Z</timestamp>
<contributor>
<username>Epbr123</username>
<id>1395162</id>
</contributor>
</revision>
<categories>
<category>Asteraceae</category>
<category>Medicinal plants</category>
<category>Inflorescence vegetables</category>
</categories>
</header>
<bdy>

This article is about the globe artichoke.&#32;&#32;For other uses, see <link xlink:type="simple" xlink:href="../428/185428.xml">
Artichoke (disambiguation)</link>.&#32;&#32;
<p>

<table style="text-align:center; padding:2.5px; width:200px;" class="infobox biota">
<row style="text-align:center;">
<header style="background:#90EE90;">
Artichoke</header>
</row>
<row style="text-align:center;">
<col>
 <image width="250px" src="Artichokes.jpg">
<caption>

Globe Artichoke buds ready for cooking
</caption>
</image>
Globe Artichoke buds ready for cooking</col>
</row>
<row style="background:#90EE90;">
</row>
<row style="text-align:center;">
<header style="background:#90EE90;">
 <link xlink:type="simple" xlink:href="../581/53581.xml">
Scientific classification</link></header>
</row>
<row style="text-align:center;">
<col>
<table style="margin:0 auto; text-align:left; background:transparent;" cellpadding="2">
<row valign="top">
</row>
<row valign="top">
</row>
<row valign="top">
</row>
<row valign="top">
</row>
<row valign="top">
</row>
<row valign="top">
<col>
Kingdom:</col>
<col>
 <link xlink:type="simple" xlink:href="../208/23208.xml">
Plant</link>ae</col>
</row>
<row valign="top">
</row>
<row valign="top">
</row>
<row valign="top">
</row>
<row valign="top">
</row>
<row valign="top">
<col>
Division:</col>
<col>
 <link xlink:type="simple" xlink:href="../967/18967.xml">
Magnoliophyta</link></col>
</row>
<row valign="top">
</row>
<row valign="top">
</row>
<row valign="top">
</row>
<row valign="top">
</row>
<row valign="top">
</row>
<row valign="top">
</row>
<row valign="top">
</row>
<row valign="top">
</row>
<row valign="top">
</row>
<row valign="top">
<col>
Class:</col>
<col>
 <link xlink:type="simple" xlink:href="../111/67111.xml">
Magnoliopsida</link></col>
</row>
<row valign="top">
</row>
<row valign="top">
</row>
<row valign="top">
</row>
<row valign="top">
</row>
<row valign="top">
</row>
<row valign="top">
<col>
Order:</col>
<col>
 <link xlink:type="simple" xlink:href="../789/789.xml">
Asterales</link></col>
</row>
<row valign="top">
</row>
<row valign="top">
</row>
<row valign="top">
</row>
<row valign="top">
</row>
<row valign="top">
</row>
<row valign="top">
</row>
<row valign="top">
</row>
<row valign="top">
</row>
<row valign="top">
<col>
Family:</col>
<col>
 <link xlink:type="simple" xlink:href="../956/956.xml">
Asteraceae</link></col>
</row>
<row valign="top">
</row>
<row valign="top">
</row>
<row valign="top">
</row>
<row valign="top">
</row>
<row valign="top">
</row>
<row valign="top">
</row>
<row valign="top">
<col>
Genus:</col>
<col>
 <it><link xlink:type="simple" xlink:href="../236/197236.xml">
Cynara</link>''</it></col>
</row>
<row valign="top">
</row>
<row valign="top">
</row>
<row valign="top">
</row>
<row valign="top">
</row>
<row valign="top">
</row>
<row valign="top">
</row>
<row valign="top">
</row>
<row valign="top">
</row>
<row valign="top">
<col>
Species:</col>
<col>
<b><it>C. cardunculus</it></b></col>
</row>
<row valign="top">
</row>
</table>
</col>
</row>
<row style="background:#90EE90;">
</row>
<row style="background:#90EE90;">
<header>
 <link xlink:type="simple" xlink:href="../736/39736.xml">
Binomial name</link></header>
</row>
<row style="text-align:center;">
<col>
 <b><it>Cynara cardunculus</it></b><link xlink:type="simple" xlink:href="../233/5233.xml">
L.</link><ref xlink:type="simple" xlink:href="#xpointer(//reflist/entry[@id=%221%22])">1</ref></col>
</row>
<row style="background:#90EE90;">
</row>
<row style="background:#90EE90;">
</row>
<row style="background:#90EE90;">
</row>
<row style="text-align:center;">
</row>
<row style="text-align:center;">
</row>
<row style="text-align:center;">
</row>
<row style="text-align:center;">
</row>
<row style="text-align:center;">
</row>
<row style="text-align:center;">
</row>
<row style="text-align:center;">
</row>
<row style="text-align:center;">
</row>
<row style="text-align:center;">
</row>
<row style="text-align:center;">
</row>
<row style="background:#90EE90;">
</row>
<row style="text-align:center; background:#90EE90;">
<header>
 <link xlink:type="simple" xlink:href="../296/8166296.xml">
Synonyms</link></header>
</row>
<row>
<col style="padding:0 .5em; text-align:left;">
<it>Cynara scolymus</it> L.<ref xlink:type="simple" xlink:href="#xpointer(//reflist/entry[@id=%221%22])">1</ref></col>
</row>
</table>
</p>
<p>

The <b>Globe Artichoke</b> (<it>Cynara cardunculus</it>)<ref xlink:type="simple" xlink:href="#xpointer(//reflist/entry[@id=%221%22])">1</ref> is a <link xlink:type="simple" xlink:href="../199/733199.xml">
perennial</link> <link xlink:type="simple" xlink:href="../890/2193890.xml">
thistle</link> originating in <link xlink:type="simple" xlink:href="../666/410666.xml">
southern Europe</link> around the <link xlink:type="simple" xlink:href="../006/19006.xml">
Mediterranean</link>. It grows to 1.5-2 m tall, with arching, deeply lobed, silvery glaucous-green <link xlink:type="simple" xlink:href="../622/18973622.xml">
leaves</link> 50–80 cm long. The <link xlink:type="simple" xlink:href="../465/4576465.xml">
flower</link>s develop in a large head from an edible <link xlink:type="simple" xlink:href="../604/43604.xml">
bud</link> about 8–15 cm diameter with numerous triangular scales; the individual florets are purple. The edible portion of the buds consists primarily of the fleshy lower portions of the <link xlink:type="simple" xlink:href="../098/612098.xml">
involucral bract</link>s and the base, known as the "heart"; the mass of immature florets in the center of the bud is called the "choke". These are inedible in older larger flowers.</p>

<sec>
<st>
Cultivation</st>
<p>

<image location="left" width="150px" src="2005artichoke.PNG" type="thumb">
<caption>

Artichoke output in 2005
</caption>
</image>

The origin of artichokes is unknown, though they are said to have come from the <it><region wordnetid="108630039" confidence="0.8">
<location wordnetid="100027167" confidence="0.8">
<link xlink:type="simple" xlink:href="../014/346014.xml">
Maghreb</link></location>
</region>
</it> (North Africa), where it is still found in the wild state.  In the Arab world they are known as Ardi-Shoki (ارضي شوكي) which means "ground thorny".  The <link xlink:type="simple" xlink:href="../539/578539.xml">
cardoon</link>, a naturally occurring variant of the same species, is native to the <link xlink:type="simple" xlink:href="../006/19006.xml">
Mediterranean</link>, even though it has not been mentioned in <link xlink:type="simple" xlink:href="../683/52683.xml">
Classic literature</link>. Artichokes were cultivated in Sicily in the Greek period, the Greeks called them <it>kaktos.</it>  In this period the cultivated leaves and flowerheads, which cultivation had already improved from the wild form, were eaten.  The Romans, who  called the vegetable <it>carduus</it> received the plant from the Greeks.  Further improvement in the cultivated form appear to have taken place in the Muslim period in the Maghreb, although the evidence is inferential only.<ref xlink:type="simple" xlink:href="#xpointer(//reflist/entry[@id=%222%22])">2</ref></p>
<p>

<image location="left" width="175px" src="artichokeflower.jpg" type="thumb">
<caption>

An artichoke flower.
</caption>
</image>
</p>
<p>

Globe Artichokes are known to have been cultivated at <site wordnetid="108651247" confidence="0.9508927676800064">
<village wordnetid="108672738" confidence="0.9508927676800064">
<link xlink:type="simple" xlink:href="../880/55880.xml">
Naples</link></village>
</site>
 around the middle of the 9th century, and are said to have been introduced to France by <sovereign wordnetid="110628644" confidence="0.9508927676800064">
<person wordnetid="100007846" confidence="0.9508927676800064">
<link xlink:type="simple" xlink:href="../154/44154.xml">
Catherine de' Medici</link></person>
</sovereign>
.  Pierre de L'Estoile recorded in his journal on June 19, 1576, the fact that at the wedding of two courtiers, Queen Catherine de Medici "ate so much that she thought she would die, and was very ill with diarrhoea.  they said it was from eating too many arthchoke bottoms."</p>
<p>

The <system wordnetid="108435388" confidence="0.8">
<economy wordnetid="108366753" confidence="0.8">
<group wordnetid="100031264" confidence="0.8">
<link xlink:type="simple" xlink:href="../148/21148.xml">
Dutch</link></group>
</economy>
</system>
 introduced artichokes to England, where they were growing in <link xlink:type="simple" xlink:href="../187/14187.xml">
Henry VIII</link>'s garden at <link xlink:type="simple" xlink:href="../233/1333233.xml">
Newhall</link> in 1530. They were introduced to the <body wordnetid="107965085" confidence="0.8">
<social_group wordnetid="107950920" confidence="0.8">
<political_orientation wordnetid="106212839" confidence="0.8">
<colony wordnetid="108374049" confidence="0.8">
<state wordnetid="108168978" confidence="0.8">
<political_unit wordnetid="108359949" confidence="0.8">
<group wordnetid="100031264" confidence="0.8">
<democracy wordnetid="106217103" confidence="0.8">
<link xlink:type="simple" xlink:href="../750/3434750.xml">
United States</link></democracy>
</group>
</political_unit>
</state>
</colony>
</political_orientation>
</social_group>
</body>
 in the 19th century, to <region wordnetid="108630985" confidence="0.8">
<administrative_district wordnetid="108491826" confidence="0.8">
<location wordnetid="100027167" confidence="0.8">
<district wordnetid="108552138" confidence="0.8">
<country wordnetid="108544813" confidence="0.8">
<link xlink:type="simple" xlink:href="../130/18130.xml">
Louisiana</link></country>
</district>
</location>
</administrative_district>
</region>
 by French immigrants and to <country wordnetid="108544813" confidence="0.9508927676800064">
<link xlink:type="simple" xlink:href="../407/5407.xml">
California</link></country>
 by <system wordnetid="108435388" confidence="0.8">
<economy wordnetid="108366753" confidence="0.8">
<group wordnetid="100031264" confidence="0.8">
<link xlink:type="simple" xlink:href="../667/26667.xml">
Spanish</link></group>
</economy>
</system>
 immigrants. The name has originated from the Arabic <it>al-kharshof</it>, through a Northern Italian dialect word, <it>articiocco</it>.<ref xlink:type="simple" xlink:href="#xpointer(//reflist/entry[@id=%223%22])">3</ref></p>
<p>

<table style="margin: 0 0 0.5em 1em; border-collapse:collapse; border: 1px solid black; background: white; color: black;  float:right; clear:right; font-size: 90%;">
<row>
<header align="center">
Artichoke, cooked boiled, salted  Nutritional value per 100&nbsp;g (3.5 oz)</header>
</row>
<row style="background:#e0e0e0; color:black;">
<col align="center">
Energy 50 kcal &nbsp; 220 kJ</col>
</row>
<row>
<col>
<table style="margin:0.3em;" cellpadding="0px" cellspacing="0px">
<row>
<header align="left">
 <link xlink:type="simple" xlink:href="../932/5932.xml">
Carbohydrate</link>s &nbsp; &nbsp;</header>
<col>
11.95 g</col>
</row>
<row>
<col colspan="2">
- Sugars &nbsp;0.99 g</col>
</row>
<row>
<col colspan="2">
 - <link xlink:type="simple" xlink:href="../554/66554.xml">
Dietary fiber</link>&nbsp;8.6 g &nbsp;</col>
</row>
<row>
<header align="left">
 <link xlink:type="simple" xlink:href="../042/11042.xml">
Fat</link></header>
<col>
0.34 g</col>
</row>
<row>
<header align="left">
 <link xlink:type="simple" xlink:href="../634/23634.xml#xpointer(//*[./st=%22Nutrition%22])">
Protein</link></header>
<col>
2.89 g</col>
</row>
<row>
<col>
<link xlink:type="simple" xlink:href="../500/30500.xml">
Thiamin (Vit. B1)</link>&nbsp;0.05 mg &nbsp;</col>
<col>
4%</col>
</row>
<row>
<col>
 <link xlink:type="simple" xlink:href="../229/26229.xml">
Riboflavin (Vit. B2)</link>&nbsp;0.089 mg &nbsp;</col>
<col>
6%</col>
</row>
<row>
<col>
 <link xlink:type="simple" xlink:href="../996/37996.xml">
Niacin (Vit. B3)</link>&nbsp;0.111 mg &nbsp;</col>
<col>
1%</col>
</row>
<row>
<col>
 <link xlink:type="simple" xlink:href="../099/54099.xml">
Pantothenic acid</link>(B5) &nbsp;0.240 mg&nbsp;</col>
<col>
5%</col>
</row>
<row>
<col>
 <link xlink:type="simple" xlink:href="../110/54110.xml">
Vitamin B6</link>&nbsp;0.081 mg</col>
<col>
6%</col>
</row>
<row>
<col>
 <link xlink:type="simple" xlink:href="../117/54117.xml">
Folate</link>(Vit. B9) &nbsp;89 &amp;mu;g&nbsp;</col>
<col>
22%</col>
</row>
<row>
<col>
 <link xlink:type="simple" xlink:href="../509/32509.xml">
Vitamin C</link>&nbsp;7.4 mg</col>
<col>
12%</col>
</row>
<row>
<col>
 <link xlink:type="simple" xlink:href="../668/5668.xml#xpointer(//*[./st=%22Nutrition%22])">
Calcium</link>&nbsp;21 mg</col>
<col>
2%</col>
</row>
<row>
<col>
 <link xlink:type="simple" xlink:href="../734/14734.xml#xpointer(//*[./st=%22Nutrition+and+dietary+sources%22])">
Iron</link>&nbsp;0.61 mg</col>
<col>
5%</col>
</row>
<row>
<col>
 <link xlink:type="simple" xlink:href="../938/378938.xml">
Magnesium</link>&nbsp;42 mg</col>
<col>
11%&nbsp;</col>
</row>
<row>
<col>
 <link xlink:type="simple" xlink:href="../318/23318.xml#xpointer(//*[./st=%22Biological+role%22])">
Phosphorus</link>&nbsp;73 mg</col>
<col>
10%</col>
</row>
<row>
<col>
 <link xlink:type="simple" xlink:href="../055/23055.xml#xpointer(//*[./st=%22Potassium_in_nutrition_and_medicine%22])">
Potassium</link>&nbsp;276 mg &nbsp;</col>
<col>
6%</col>
</row>
<row>
<col>
 <link xlink:type="simple" xlink:href="../420/34420.xml">
Zinc</link>&nbsp;0.4 mg</col>
<col>
4%</col>
</row>
<row>
<header align="left">
 <link xlink:type="simple" xlink:href="../051/19051.xml">
Manganese</link>0.225 mg</header>

</row>
</table>
</col>
</row>
<row style="background:#e0e0e0; color:black;">
<col style="font-size:90%; text-align:center; padding:4pt; line-height:1.25em;">
 Percentages are relative to US 
<link xlink:type="simple" xlink:href="../488/267488.xml">
recommendations</link> for adults. Source: <weblink xlink:type="simple" xlink:href="http://www.nal.usda.gov/fnic/foodcomp/search/">
USDA Nutrient database</weblink></col>
</row>
</table>
</p>

<p>

Today, Globe Artichoke cultivation is concentrated in the countries bordering the Mediterranean basin. The main producers are <system wordnetid="108435388" confidence="0.8">
<economy wordnetid="108366753" confidence="0.8">
<group wordnetid="100031264" confidence="0.8">
<link xlink:type="simple" xlink:href="../532/14532.xml">
Italy</link></group>
</economy>
</system>
, <system wordnetid="108435388" confidence="0.8">
<economy wordnetid="108366753" confidence="0.8">
<group wordnetid="100031264" confidence="0.8">
<link xlink:type="simple" xlink:href="../667/26667.xml">
Spain</link></group>
</economy>
</system>
, and <country wordnetid="108544813" confidence="0.9508927676800064">
<link xlink:type="simple" xlink:href="../419/5843419.xml">
France</link></country>
. In the <body wordnetid="107965085" confidence="0.8">
<social_group wordnetid="107950920" confidence="0.8">
<political_orientation wordnetid="106212839" confidence="0.8">
<colony wordnetid="108374049" confidence="0.8">
<state wordnetid="108168978" confidence="0.8">
<political_unit wordnetid="108359949" confidence="0.8">
<group wordnetid="100031264" confidence="0.8">
<democracy wordnetid="106217103" confidence="0.8">
<link xlink:type="simple" xlink:href="../750/3434750.xml">
United States</link></democracy>
</group>
</political_unit>
</state>
</colony>
</political_orientation>
</social_group>
</body>
, California provides nearly 100% of the U.S. crop, and approximately 80 percent of that is grown in <link xlink:type="simple" xlink:href="../025/82025.xml">
Monterey County</link>; there, <village wordnetid="108672738" confidence="0.9508927676800064">
<link xlink:type="simple" xlink:href="../770/107770.xml">
Castroville</link></village>
 proclaims itself to be "The Artichoke Center of the World", and holds an annual festival at which artichoke ice cream is served. The <link xlink:type="simple" xlink:href="../906/167906.xml">
cultivar</link> 'Green Globe' is virtually the only kind grown commercially in the U.S.<image location="left" width="150px" src="P8220094.JPG" type="thumb">
<caption>

Artichoke field.
</caption>
</image>
</p>
<p>

Artichokes can be produced from <link xlink:type="simple" xlink:href="../694/37694.xml">
seed</link>s or from vegetative means such as <link xlink:type="simple" xlink:href="../112/4084112.xml">
division</link>, <link xlink:type="simple" xlink:href="../371/2368371.xml">
root cutting</link>s or <link xlink:type="simple" xlink:href="../605/1935605.xml">
micropropagation</link>.  Though technically perennials which normally produce the edible flower only during the second and subsequent years; certain varieties from seed can be grown as annuals, producing a limited harvest at the end of the first growing season, even in regions where the plants are not normally winter hardy. This means that home gardeners in northern regions can attempt to produce a crop without the need to overwinter plants with special treatment or protection.  The recently introduced seed cultivar 'Imperial Star' has been bred to produce in the first year without such measures. An even newer cultivar, 'Northern Star', is said to be able to overwinter in more northerly climates, and readily survive sub-zero temperatures. <ref xlink:type="simple" xlink:href="#xpointer(//reflist/entry[@id=%224%22])">4</ref></p>
<p>

Commercial culture is limited to warm areas in USDA <link xlink:type="simple" xlink:href="../511/1720511.xml">
hardiness zone 7</link> and above. It requires good soil, regular watering and feeding plus frost protection in winter. Rooted suckers can be planted each year so that mature specimens can be disposed of after a few years, as each individual plant only lives a few years. The peak season for artichoke harvesting is the spring, but they continue to be harvested throughout the summer, with another peak period in mid autumn.</p>
<p>

When harvesting, they are cut from the plant so as to leave an inch or two of stem. Artichokes possess good keeping qualities, frequently remaining quite fresh for two weeks or longer under average retail conditions.</p>
<p>

Apart from food use, the Globe Artichoke is also an attractive plant for its bright floral display, sometimes grown in herbaceous borders for its bold foliage and large purple flowerheads.</p>

</sec>
<sec>
<st>
 Varieties </st>

<p>

<list>
<entry level="1" type="bullet">

 <b>Traditional cultivars</b> (Vegetative multiplication)</entry>
<entry level="2" type="bullet">

<b>Green color, big size</b>: Camus de Bretagne, Castel (France), Green globe (USA).</entry>
<entry level="2" type="bullet">

<b>Green color, medium size</b>: Blanca de Tudela (Spain), Argentina, Española (Chile), Blanc d'Oran (Algeria), Sakiz, Bayramapsha (Turkey).</entry>
<entry level="2" type="bullet">

<b>Purple color, big size</b>: Romanesco, C3 (Italy).</entry>
<entry level="2" type="bullet">

<b>Purple color, medium size</b>: Violet de Provence (France), Brindisino, Catanese (Italy), Violet d'Algerie (Algeria), Baladi (Egypt).</entry>
<entry level="2" type="bullet">

<b>Spined</b>: Spinoso sardo (Italy), Criolla (Peru).</entry>
</list>
</p>

</sec>
<sec>
<st>
Uses</st>
<p>

<image location="right" width="150px" src="Artichokes_being_cooked.jpg" type="thumb">
<caption>

Globe Artichokes being cooked
</caption>
</image>

</p>
<ss1>
<st>
 Cooking </st>
<p>

In the US, whole Globe Artichokes are most frequently prepared for cooking by removing all but 5–10 mm or so of the stem, and (optionally) cutting away about a quarter of each scale with scissors. This removes the thorns that can interfere with handling the leaves when eating. Then, the artichoke is boiled or steamed until tender. If boiling, salt can be added to the water, if desired. It may be preferable not to cover the pot while the artichokes are boiled, so that the acids will boil out into the air. Covered artichokes can turn brown due to the acids and <link xlink:type="simple" xlink:href="../985/6985.xml">
chlorophyll</link> oxidation. 
Leaves are often removed and eaten one at a time, sometimes dipped in vinegar, butter, mayonnaise, <link xlink:type="simple" xlink:href="../379/60379.xml">
aioli</link>, or other sauces.</p>
<p>

In France artichokes are very popular deep fried. In Italy artichoke hearts in oil are the usual vegetable for spring in the 'Four Seasons' pizza (with olives for summer, mushrooms for autumn and <link xlink:type="simple" xlink:href="../225/746225.xml">
prosciutto</link> for winter).<ref xlink:type="simple" xlink:href="#xpointer(//reflist/entry[@id=%225%22])">5</ref>. In Spain, the more tender younger and smaller artichokes are used. They can be sprinkled with olive oil and left in hot ashes in a barbecue, sauteed in olive oil with garlic, or sauteed and combined with eggs in a tortilla (frittata). More often cited are the Greek artichokes (a la polita), of which probably the finest examples are to be found on the island of Tinos.</p>
<p>

The heart of the artichoke is also eaten.</p>
<p>

Artichoke stems, which are often thrown away, are perfectly edible and taste like the artichoke heart.</p>

</ss1>
<ss1>
<st>
Tea</st>
<p>

<image location="right" width="180px" src="Artichoketea.jpg" type="thumb">
<caption>

A <link xlink:type="simple" xlink:href="../968/214968.xml">
tea bag</link> containing artichoke tea
</caption>
</image>

Artichokes can also be made into an <link xlink:type="simple" xlink:href="../972/29972.xml">
herbal tea</link>; artichoke tea is produced as a commercial product in the <link xlink:type="simple" xlink:href="../394/1994394.xml">
Dalat</link> region of <country wordnetid="108544813" confidence="0.9508927676800064">
<link xlink:type="simple" xlink:href="../354/202354.xml">
Vietnam</link></country>
.<weblink xlink:type="simple" xlink:href="http://sieuthi.seasain.com/uploads/product/2000420.jpg">
photo</weblink><weblink xlink:type="simple" xlink:href="http://www.sidestep.com/travel-info-g3038649-t43142-restaurants_da_lat_viet_nam">
http://www.sidestep.com/travel-info-g3038649-t43142-restaurants_da_lat_viet_nam</weblink></p>

</ss1>
<ss1>
<st>
Liquor</st>
<p>

Artichoke is the primary flavor of the Italian liquor <physical_entity wordnetid="100001930" confidence="0.8">
<agent wordnetid="114778436" confidence="0.8">
<substance wordnetid="100020090" confidence="0.8">
<substance wordnetid="100019613" confidence="0.8">
<liquid wordnetid="114940386" confidence="0.8">
<beverage wordnetid="107881800" confidence="0.8">
<fluid wordnetid="114939900" confidence="0.8">
<drug_of_abuse wordnetid="103248958" confidence="0.8">
<alcohol wordnetid="107884567" confidence="0.8">
<food wordnetid="100021265" confidence="0.8">
<causal_agent wordnetid="100007347" confidence="0.8">
<liqueur wordnetid="107907943" confidence="0.8">
<part wordnetid="113809207" confidence="0.8">
<drug wordnetid="103247620" confidence="0.8">
<link xlink:type="simple" xlink:href="../107/2097107.xml">
Cynar</link></drug>
</part>
</liqueur>
</causal_agent>
</food>
</alcohol>
</drug_of_abuse>
</fluid>
</beverage>
</liquid>
</substance>
</substance>
</agent>
</physical_entity>
.</p>

</ss1>
</sec>
<sec>
<st>
Medical Uses</st>
<p>
 
Dried or fresh leaves and/or stems of <it>Cynara</it> are used to increase <link xlink:type="simple" xlink:href="../092/86092.xml">
bile</link> production. <link>
Cynarin</link>, an active constituent in <it>Cynara</it>, causes an increase in bile flow.<ref xlink:type="simple" xlink:href="#xpointer(//reflist/entry[@id=%226%22])">6</ref></p>

</sec>
<sec>
<st>
References</st>

<p>

<reflist>
<entry id="1">
"<weblink xlink:type="simple" xlink:href="http://www.ars-grin.gov/cgi-bin/npgs/html/taxon.pl?12839">
Cynara cardunculus information from NPGS/GRIN</weblink>".&#32;  www.ars-grin.gov.&#32;Retrieved on <link>
2008-04-13</link>.
</entry>
<entry id="2">
Watson, Andrew. <it>Agricultural innovation in the early Islamic world. <company wordnetid="108058098" confidence="0.9508927676800064">
<link xlink:type="simple" xlink:href="../199/73199.xml">
Cambridge University Press</link></company>
. p.64</it></entry>
<entry id="3">
<weblink xlink:type="simple" xlink:href="http://www.etymonline.com/index.php?term=artichoke">
OED:Artichoke</weblink></entry>
<entry id="4">
<weblink xlink:type="simple" xlink:href="http://www.psrseed.com/gardenseed_northernstarartichoke.html">
http://www.psrseed.com/gardenseed_northernstarartichoke.html</weblink> Peters Seed and Research</entry>
<entry id="5">
<weblink xlink:type="simple" xlink:href="http://www.cooking.com/recipes/static/recipe621.htm">
Four Seasons Pizza Recipes at Cooking.com</weblink></entry>
<entry id="6">
<weblink xlink:type="simple" xlink:href="http://www.cababstractsplus.org/google/abstract.asp?AcNo=20053057411">
CAB Abstracts</weblink></entry>
</reflist>

<list>
<entry level="1" type="bullet">

<it>This article incorporates text from the <link xlink:type="simple" xlink:href="../551/18935551.xml">
public domain</link> 1911 edition of <work wordnetid="104599396" confidence="0.8">
<product wordnetid="104007894" confidence="0.8">
<creation wordnetid="103129123" confidence="0.8">
<artifact wordnetid="100021939" confidence="0.8">
<book wordnetid="106410904" confidence="0.8">
<publication wordnetid="106589574" confidence="0.8">
<link xlink:type="simple" xlink:href="../401/3193401.xml">
The Grocer's Encyclopedia</link></publication>
</book>
</artifact>
</creation>
</product>
</work>
.''</it></entry>
</list>
</p>

</sec>
<sec>
<st>
 External links </st>


<p>

<image location="none" width="50px" src="Wikibooks-logo-en.svg">
<caption>

Wikibooks
</caption>
</image>

<work wordnetid="100575741" confidence="0.8">
<possession wordnetid="100032613" confidence="0.8">
<event wordnetid="100029378" confidence="0.8">
<undertaking wordnetid="100795720" confidence="0.8">
<property wordnetid="113244109" confidence="0.8">
<act wordnetid="100030358" confidence="0.8">
<psychological_feature wordnetid="100023100" confidence="0.8">
<activity wordnetid="100407535" confidence="0.8">
<link xlink:type="simple" xlink:href="../006/329006.xml">
Wikibooks</link></activity>
</psychological_feature>
</act>
</property>
</undertaking>
</event>
</possession>
</work>
  has an article on
</p>




</sec>
</bdy>
</vegetable>
</entity>
</plant>
</article>
