<?xml version="1.0" encoding="UTF-8"?>
<!-- generated by CLiX/Wiki2XML [MPI-Inf, MMCI@UdS] $LastChangedRevision: 92 $ on 17.04.2009 00:45:06[mciao0827] -->
<!DOCTYPE article SYSTEM "../article.dtd">
<article xmlns:xlink="http://www.w3.org/1999/xlink">
<header>
<title>Gaussian network model</title>
<id>11210523</id>
<revision>
<id>238808857</id>
<timestamp>2008-09-16T14:07:51Z</timestamp>
<contributor>
<username>Stag1500</username>
<id>3521241</id>
</contributor>
</revision>
<categories>
<category>Molecular modeling</category>
</categories>
</header>
<bdy>

The <b>Gaussian network model (GNM)</b>, one of many things named after <link xlink:type="simple" xlink:href="../125/6125.xml">
Carl Gauss</link>, is a representation of a biological <link xlink:type="simple" xlink:href="../231/106231.xml">
macromolecule</link> as an elastic mass-and-<link xlink:type="simple" xlink:href="../617/316617.xml">
spring</link> network to study, understand, and characterize mechanical aspects of its long-scale <link xlink:type="simple" xlink:href="../386/8386.xml">
dynamics</link>.  The model has a wide range of applications from small proteins such as enzymes composed of a single <link xlink:type="simple" xlink:href="../725/10130725.xml">
domain</link>, to large macromolecular assemblies such as a <link xlink:type="simple" xlink:href="../766/25766.xml">
ribosome</link> or a viral <link xlink:type="simple" xlink:href="../344/6344.xml">
capsid</link>.<p>

The Gaussian network model is a minimalist, coarse-grained approach to study biological molecules.  In the model, proteins are represented by nodes corresponding to alpha carbons of the amino acid residues.  Similarly, DNA and RNA structures are represented with one to three nodes for each <link xlink:type="simple" xlink:href="../505/21505.xml">
nucleotide</link>.  The model uses the harmonic approximation to model interactions, i.e. the spatial interactions between nodes (amino acids or nucleotides) are modeled with a uniform harmonic spring.  This coarse-grained representation makes the calculations computationally inexpensive.</p>
<p>

At molecular level, many biological phenomena, such as catalytic activity of an <link xlink:type="simple" xlink:href="../257/9257.xml">
enzyme</link>, occur within the range of nano- to millisecond timescales.  All atom simulation techniques, such as <link xlink:type="simple" xlink:href="../608/198608.xml">
molecular dynamics</link>, rarely reach microsecond trajectory length, depending on the size of the system and accessible computational resources.   Normal mode analysis in the context of GNM or elastic network (EN) models in general provides insights on the longer-scale functional behaviors of macromolecules.  Here, the model captures native state functional motions of a biomolecule in the cost of atomic detail. The inference obtained from this model is complementary to atomic detail simulation techniques.
</p>
<sec>
<st>
 Gaussian network model theory </st>
<p>

<image width="400px" src="MassSpringNetwork.jpg" type="thumb">
<caption>

<b>Figure 2:</b> Schematic representation of nodes in elastic network of GNM.  Every node is connected to its spatial neighbors by uniform springs.  Distance vector between two nodes, <b>i</b> and <b>j</b>, is shown by an arrow and labeled <b>R</b>ij.  Equilibrium positions of the <b>i</b>th and <b>j</b>th nodes, <b>R</b>0i and <b>R</b>0j, are shown in xyz coordinate system.  <b>R</b>0ij is the equilibrium distance between nodes <b>i</b> and <b>j</b>. Instantaneous fluctuation vectors, <b>ΔR</b>i and <b>ΔR</b>j, and instantaneous distance vector, <b>R</b>ij, are shown by the dashed arrows.
</caption>
</image>
</p>
<p>

The Gaussian network model was proposed by Bahar, Atilgan, Haliloglu and Erman in 1997 <ref xlink:type="simple" xlink:href="#xpointer(//reflist/entry[@id=%221%22])">1</ref><ref xlink:type="simple" xlink:href="#xpointer(//reflist/entry[@id=%222%22])">2</ref>.  The model was influenced by work of PJ Flory on polymer networks <ref xlink:type="simple" xlink:href="#xpointer(//reflist/entry[@id=%223%22])">3</ref> and other works that utilized normal mode analysis and simplified harmonic potentials to study dynamics of proteins <ref xlink:type="simple" xlink:href="#xpointer(//reflist/entry[@id=%224%22])">4</ref><ref xlink:type="simple" xlink:href="#xpointer(//reflist/entry[@id=%225%22])">5</ref>.</p>

<ss1>
<st>
 The elastic network </st>
<p>

Figure 2 shows a schematic view of elastic network studied in GNM.  Metal beads represent the nodes in this Gaussian network (residues of a protein) and springs represent the connections between the nodes of this network (covalent and non-covalent interactions between residues).  For nodes <b>i</b> and <b>j</b>, equilibrium position vectors, <b>R</b>0i and <b>R</b>0j, equilibrium distance vector, <b>R</b>0ij, instantaneous fluctuation vectors, <b>ΔR</b>i and <b>ΔR</b>j, and instantaneous distance vector, <b>R</b>ij, are shown in Figure 2.  Instantaneous position vectors of these nodes are defined by <b>R</b>i and <b>R</b>j. The difference between equilibrium position vector and instantaneous position vector of residue <b>i</b> gives the instantaneous fluctuation vector, <b>ΔR</b>i = <b>R</b>i - <b>R</b>0i. Hence, the instantaneous fluctuation vector between nodes <b>i</b> and <b>j</b> is expressed as <b>ΔR</b>ij = <b>ΔR</b>j - <b>ΔR</b>i = <b>R</b>ij - <b>R</b>0ij.</p>

</ss1>
<ss1>
<st>
 Potential of the Gaussian network </st>
<p>

Using the harmonic potential approximation, potential energy of the network in terms of <b>ΔR</b>i is</p>
<p>

<indent level="1">

<math>V_{GNM} = \frac{\gamma}{2}\left[ \sum_{i,j}^{N} \Gamma_{ij} (\Delta R_j-\Delta R_i)^2 \right]= \frac{\gamma}{2}\left[ \sum_{i,j}^{N} \Gamma_{ij} &amp;lt; \Delta R_{ij},\Delta R_{ij} &amp;gt; \right]</math>
</indent>

where <b>γ</b> is a force constant uniform for all springs and  <b>Γ</b>ij is the <b>ij</b>th element of the <link xlink:type="simple" xlink:href="../472/1448472.xml">
Kirchhoff</link> (or connectivity) matrix of inter-residue contacts, <b>Γ</b>, defined by </p>
<p>

<indent level="1">

<math>\Gamma_{ij} = \left\{\begin{matrix} 
-1, &amp; \mbox{if } i \ne j &amp; \mbox{and }R_{ij} \le r_c  \\ 
0, &amp; \mbox{if } i \ne j &amp; \mbox{and }R_{ij} &amp;gt; r_c  \\
-\sum_{j,j \ne i}^{N} \Gamma_{ij}, &amp; \mbox{if } i = j \end{matrix}\right.</math>
</indent>

<it>r</it>c is a cutoff distance for spatial interactions and taken to be 7 Å for proteins.</p>
<p>

<it>V</it>GNM can be expressed in terms of <b>ΔX</b>i, <b>ΔY</b>i and <b>ΔZ</b>i components of <b>ΔR</b>i as follows</p>
<p>

<indent level="1">

<math>V_{GNM} = \frac{\gamma}{2}\left[ \sum_{i,j}^{N} \Gamma_{ij} [(\Delta X_i-\Delta X_j)^2 + (\Delta Y_i-\Delta Y_j)^2 + (\Delta Z_i-\Delta Z_j)^2] \right]</math>
</indent>

Expressing the X, Y and Z components of the fluctuation vectors <b>ΔR</b>i as <b>ΔX</b>T = [ΔX1 ΔX2 ..... ΔXN], <b>ΔY</b>T = [ΔY1 ΔY2 ..... ΔYN], and <b>ΔZ</b>T = [ΔZ1 ΔZ2 ..... ΔZN], above equation simplifies to</p>
<p>

<indent level="1">

<math>V_{GNM} = \frac{\gamma}{2} [\Delta X^T\Gamma \Delta X + \Delta Y^T\Gamma \Delta Y + \Delta Z^T\Gamma \Delta Z]</math>
</indent>

</p>
</ss1>
<ss1>
<st>
 Statistical mechanics foundations </st>
<p>

In the GNM, the probability distribution of all fluctuations, <it>P</it>(<b>ΔR</b>) is <it>isotropic</it></p>
<p>

<indent level="1">

<math>P(\Delta R)=P(\Delta X,\Delta Y,\Delta Z)=p(\Delta X)p(\Delta Y)p(\Delta Z)</math>
</indent>

and <it>Gaussian</it></p>
<p>

<indent level="1">

<math>p(\Delta X)\propto exp\left\{ -\frac{\gamma}{2 k_B T} \Delta X^T\Gamma \Delta X  \right\}=exp\left\{ -\frac{1}{2} \left(\Delta X^T\left( \frac{k_B T}{\gamma} \Gamma^{-1} \right)^{-1} \Delta X \right) \right\}</math>
</indent>

where <it>kB</it> is the Boltzmann constant and <it>T</it> is the absolute temperature.  <it>p</it>(<b>ΔY</b>) and <it>p</it>(<b>ΔZ</b>) are expressed similarly.  
N-dimensional Gaussian probability density function with random variable vector <b>x</b>, mean vector <b>μ</b> and covariance matrix <b>Σ</b> is</p>
<p>

<indent level="1">

<math>W(x,\mu ,\Sigma ) = \frac{1}{\sqrt{(2\pi)^N |\Sigma|}} exp\left\{ -\frac{1}{2} (x - \mu)^T \Sigma^{-1} (x - \mu) \right\}</math>
</indent>

<math>\sqrt{(2\pi)^N |\Sigma|}</math> normalizes the distribution and <b>|Σ|</b> is the determinant of the covariance matrix.</p>
<p>

Similar to Gaussian distribution, normalized distribution for <b>ΔX</b>T = [ΔX1 ΔX2 ..... ΔXN] around the equilibrium positions can be expressed as</p>
<p>

<indent level="1">

<math>p(\Delta X ) = \frac{1}{\sqrt{(2\pi)^N \frac{k_B T}{\gamma} |\Gamma^{-1}|}} exp\left\{ -\frac{1}{2} \left(\Delta X^T\left( \frac{k_B T}{\gamma} \Gamma^{-1} \right)^{-1} \Delta X \right) \right\}</math>
</indent>

The normalization constant, also the partition function <it>Z</it>X, is given by</p>
<p>

<indent level="1">

<math>Z_X = \int_0^\infty exp\left\{ -\frac{1}{2} \left(\Delta X^T\left( \frac{k_B T}{\gamma} \Gamma^{-1} \right)^{-1} \Delta X \right) \right\}d\Delta X</math>
</indent>

where <math>\frac{k_B T}{\gamma} \Gamma^{-1}</math> is the covariance matrix in this case.  <it>Z</it>Y and <it>Z</it>Z are expressed similarly.  This formulation requires inversion of the Kirchhoff matrix.  In the GNM, the determinant of the Kirchhoff matrix is zero, hence calculation of its inverse requires <statement wordnetid="106722453" confidence="0.8">
<message wordnetid="106598915" confidence="0.8">
<theorem wordnetid="106752293" confidence="0.8">
<proposition wordnetid="106750804" confidence="0.8">
<link xlink:type="simple" xlink:href="../495/123495.xml">
eigenvalue decomposition</link></proposition>
</theorem>
</message>
</statement>
. <b>Γ</b>-1 is constructed using the N-1 non-zero eigenvalues and associated eigenvectors.  Expressions for <it>p</it>(<b>ΔY</b>) and <it>p</it>(<b>ΔZ</b>) are similar to that of <it>p</it>(<b>ΔX</b>). The probability distribution of all fluctuations in GNM becomes</p>
<p>

<indent level="1">

<math>P(\Delta R) = p(\Delta X) p(\Delta Y) p(\Delta Z)=\frac{1}{\sqrt{(2\pi)^{3N} | \frac{k_B T}{\gamma} \Gamma^{-1}|^3}} exp\left\{ -\frac{3}{2} \left(\Delta X^T\left( \frac{k_B T}{\gamma} \Gamma^{-1} \right)^{-1} \Delta X \right) \right\}</math>
</indent>

For this mass and spring system, the normalization constant in the preceding expression is the overall GNM partition function, <it>Z</it>GNM, </p>
<p>

<indent level="1">

<math>Z_{GNM}=Z_X Z_Y Z_Z = \frac{1}{\sqrt{(2\pi)^{3N} | \frac{k_B T}{\gamma} \Gamma^{-1}|^3}}</math>
</indent>

</p>
</ss1>
<ss1>
<st>
 Expectation values of fluctuations and correlations </st>
<p>

Based on the statistical mechanics foundations of GNM, expectation values of residue fluctuations, <b>ΔR</b>i2&amp;gt; , and correlations, <b>ΔR</b>i ˑ <b>ΔR</b>j&amp;gt; , can be calculated.  Covariance matrix for <b>ΔX</b> is given by</p>
<p>

<indent level="1">

<math>&amp;lt;\Delta X \cdot \Delta X^T &amp;gt; = \int \Delta X \cdot \Delta X^T p(\Delta X)d\Delta X=\frac{k_B T}{\gamma}\Gamma^{-1} </math>
</indent>

Since, </p>
<p>

<indent level="1">

<math>&amp;lt;\Delta X \cdot \Delta X^T &amp;gt; = &amp;lt;\Delta Y \cdot \Delta Y^T &amp;gt; = &amp;lt;\Delta Z \cdot \Delta Z^T &amp;gt; =\frac{1}{3} &amp;lt;\Delta R \cdot \Delta R^T &amp;gt;</math>
</indent>
</p>
<p>

<b>ΔR</b>i2&amp;gt; and <b>ΔR</b>i ˑ <b>ΔR</b>j&amp;gt; follows</p>
<p>

<indent level="1">

<math>&amp;lt;\Delta R_i^2 &amp;gt; = \frac{k_B T}{\gamma}(\Gamma^{-1})_{ii}</math>
</indent>
:<math>&amp;lt;\Delta R_i \cdot \Delta R_j &amp;gt; = \frac{k_B T}{\gamma}(\Gamma^{-1})_{ij}</math></p>

</ss1>
<ss1>
<st>
 Mode decomposition </st>
<p>

The GNM normal modes are found by diagonalization of the Kirchhoff matrix, <b>Γ</b> = <b>UΛU</b><it>T</it>. Here, <b>U</b> is a unitary matrix, <b>U</b><it>T</it> = <b>U</b>-1, of the eigenvectors <b>u</b>i of <b>Γ</b> and <b>Λ</b> is the diagonal matrix of eigenvalues <b>λ</b>i. The frequency and shape of a mode is represented by its eigenvalue and eigenvector, respectively.  Since the Kirchhoff matrix is positive semi-definite, the first eigenvalue, <b>λ</b>1, is zero and the corresponding eigenvector have all its elements equal to 1/√N. This shows that the network model is translation invariant.</p>
<p>

Cross-correlations between residue fluctuations can be written as a sum over the N-1 nonzero modes as</p>
<p>

<indent level="1">

<math>&amp;lt;\Delta R_i \cdot \Delta R_j&amp;gt; = \frac{3 k_B T}{\gamma}[U\Lambda^{-1}U^T]_{ij}=\frac{3 k_B T}{\gamma}\sum_{i,j}^{N} [\lambda_k^{-1} u_k u_k^T]_{ij}</math>
</indent>

It follows that, ['''ΔR'''i ˑ '''ΔR'''j], the contribution of an individual mode is expressed as</p>
<p>

<indent level="1">

<math>[\Delta R_i \cdot \Delta R_j]_k = \frac{3 k_B T}{\gamma}\lambda_k^{-1} [u_k]_i [u_k]_j</math>
</indent>

where ['''u'''k]i is the <b>i</b>th element of <b>u</b>k.</p>

</ss1>
<ss1>
<st>
 Influence of local packing density </st>
<p>

By definition, a diagonal element of the Kirchhoff matrix, <b>Γ</b>ii, is equal to the degree of a node in GNM that represents the corresponding residue’s coordination number.  This number is a measure of the local packing density around a given residue.  The influence of local packing density can be assessed by series expansion of <b>Γ</b>-1 matrix. <b>Γ</b> can be written as a sum of two matrices, <b>Γ</b> = <b>D</b> + <b>O</b>, containing diagonal elements and off-diagonal elements of <b>Γ</b>.</p>
<p>

<indent level="1">

<b>Γ</b> = (<b>D</b> + <b>O</b>)-1 = [ '''D''' ('''I''' + '''D'''-1'''O''') ]-1 = (<b>I</b> + <b>D</b>-1<b>O</b>)-1<b>D</b>-1 = (<b>I</b> - <b>D</b>-1<b>O</b> + ...)-1<b>D</b>-1 = <b>D</b>-1 - <b>D</b>-1<b>O</b> <b>D</b>-1 + ...
</indent>

This expression shows that local packing density makes a significant contribution to expected fluctuations of residues <ref xlink:type="simple" xlink:href="#xpointer(//reflist/entry[@id=%226%22])">6</ref>.  The terms that follow inverse of the diagonal matrix, are contributions of positional correlations to expected fluctuations.</p>

</ss1>
</sec>
<sec>
<st>
 GNM applications </st>
<p>

<image width="400px" src="EQFluct.jpg" type="thumb">
<caption>

<b>Figure 3:</b> Example of theoretical prediction of expected residue fluctuations for the catalytic domain of the protein Cdc25B, a cell division cycle dual-specifity phosphatase.  <b>A.</b> Comparison of β-factors from X-ray structure (yellow) and theoretical calculations (red). <b>B.</b> Structure of catalytic domain of Cdc25B colored according to theoretical motility of regions.  Light blue regions, e.g. topmost alpha-helix next to the catalytic site of this protein, are expected to be more mobile than the rest of the domain.  <b>C.</b> Cross-correlation map i.e. normalized <b>ΔR</b>iˑ<b>ΔR</b>j&amp;gt; values. Red-colored regions correspond to collective residue motions and blue-colored regions correspond to uncorrelated motions.  The results are retrieved iGNM server.  PDB ID of Cdc25B is 1QB0.
</caption>
</image>

</p>
<ss1>
<st>
 Equilibrium fluctuations </st>
<p>

Equilibrium fluctuations of biological molecules can be experimentally measured.  In <technique wordnetid="105665146" confidence="0.8">
<know-how wordnetid="105616786" confidence="0.8">
<method wordnetid="105660268" confidence="0.8">
<link xlink:type="simple" xlink:href="../151/34151.xml">
X-ray crystallography</link></method>
</know-how>
</technique>
 β-factor (or temperature factor) of each atom is a measure of mean-squared fluctuation of the native structure.  In NMR experiments, this measure can be obtained by calculating root-mean-squared differences between different models.
In many applications and publications, including the original articles, it has been shown that expected residue fluctuations obtained from GNM is in good agreement with the experimentally measured native state fluctuations <ref xlink:type="simple" xlink:href="#xpointer(//reflist/entry[@id=%227%22])">7</ref><ref xlink:type="simple" xlink:href="#xpointer(//reflist/entry[@id=%228%22])">8</ref>.  The relation between -factors, for example, and expected residue fluctuations obtained from GNM is as follows</p>
<p>

<indent level="1">

<math>B_i = \frac{8\pi^2}{3}&amp;lt; \Delta R_{i} \cdot \Delta R_{i} &amp;gt; = \frac{8\pi^2 k_B T}{\gamma}(\Gamma^{-1})_{ii}</math>
</indent>

Figure 3 shows an example of GNM calculation for the catalytic domain of the protein Cdc25B, a <link xlink:type="simple" xlink:href="../252/7252.xml">
cell division cycle</link> dual-specifity phosphatase.
<image width="400px" src="SlowestMode.jpg" type="thumb">
<caption>

<b>Figure 4:</b> Slow modes obtained from GNM calculations are depicted on Cdc2B catalytic domain.  <b>A.</b> Plot of the slowest mode. <b>B.</b> Mapping of the amplitude of motion in the slowest mode onto protein structure.  The alpha-helix nearby the catalytic site of this domain is the most mobile region of the protein along the slowest mode.  Expected values of fluctuations were also highest at this region, as shown in Figure 3. The results are retrieved iGNM server.  PDB ID of Cdc25B is 1QB0.
</caption>
</image>
</p>

</ss1>
<ss1>
<st>
 Physical meanings of slow and fast modes </st>
<p>

Diagonalization of the Kirchhoff matrix decomposes the normal modes of collective motions of the Gaussian network model of a biomolecule.  The expected values of fluctuations and cross-correlations are obtained from linear combinations of fluctuations along these normal modes.  The contribution of each mode is scaled with the inverse of that modes frequency. Hence, slow (low frequency) modes contribute most to the expected fluctuations. Along the few slowest modes, motions are shown to be collective and global and potentially relevant to functionality of the biomolecules [9,13,15-18].  Fast (high frequency) modes, on the other hand, describe uncorrelated motions not inducing notable changes in the structure.
</p>
</ss1>
<ss1>
<st>
 Other specific applications </st>
<p>

There are several major areas in which the Gaussian network model and other elastic network models are applied and found to be useful <ref xlink:type="simple" xlink:href="#xpointer(//reflist/entry[@id=%229%22])">9</ref>. These include
<list>
<entry level="1" type="bullet">

 decomposition of flexible/rigid regions and domains of proteins <ref xlink:type="simple" xlink:href="#xpointer(//reflist/entry[@id=%2210%22])">10</ref><ref xlink:type="simple" xlink:href="#xpointer(//reflist/entry[@id=%2211%22])">11</ref></entry>
<entry level="1" type="bullet">

 characterization of functional motions and functionally important sites/residues of proteins, enzymes and large macromolecular assemblies <ref xlink:type="simple" xlink:href="#xpointer(//reflist/entry[@id=%2212%22])">12</ref><ref xlink:type="simple" xlink:href="#xpointer(//reflist/entry[@id=%2213%22])">13</ref><ref xlink:type="simple" xlink:href="#xpointer(//reflist/entry[@id=%2214%22])">14</ref><ref xlink:type="simple" xlink:href="#xpointer(//reflist/entry[@id=%2215%22])">15</ref><ref xlink:type="simple" xlink:href="#xpointer(//reflist/entry[@id=%2216%22])">16</ref><ref xlink:type="simple" xlink:href="#xpointer(//reflist/entry[@id=%2217%22])">17</ref><ref xlink:type="simple" xlink:href="#xpointer(//reflist/entry[@id=%2218%22])">18</ref><ref xlink:type="simple" xlink:href="#xpointer(//reflist/entry[@id=%2219%22])">19</ref><ref xlink:type="simple" xlink:href="#xpointer(//reflist/entry[@id=%2220%22])">20</ref></entry>
<entry level="1" type="bullet">

 refinement and dynamics of low-resolution structural data, e.g. <link xlink:type="simple" xlink:href="../991/2235991.xml">
Cryo-electron microscopy</link> <ref xlink:type="simple" xlink:href="#xpointer(//reflist/entry[@id=%2221%22])">21</ref><ref xlink:type="simple" xlink:href="#xpointer(//reflist/entry[@id=%2222%22])">22</ref><ref xlink:type="simple" xlink:href="#xpointer(//reflist/entry[@id=%2223%22])">23</ref><ref xlink:type="simple" xlink:href="#xpointer(//reflist/entry[@id=%2224%22])">24</ref></entry>
<entry level="1" type="bullet">

 integration with atomistic models and simulations <ref xlink:type="simple" xlink:href="#xpointer(//reflist/entry[@id=%2225%22])">25</ref><ref xlink:type="simple" xlink:href="#xpointer(//reflist/entry[@id=%2226%22])">26</ref></entry>
<entry level="1" type="bullet">

 investigation of folding/unfolding pathways and kinetics <ref xlink:type="simple" xlink:href="#xpointer(//reflist/entry[@id=%2227%22])">27</ref><ref xlink:type="simple" xlink:href="#xpointer(//reflist/entry[@id=%2228%22])">28</ref>.</entry>
</list>
</p>

</ss1>
</sec>
<sec>
<st>
 Web servers </st>

<ss1>
<st>
 GNM servers </st>
<p>

<list>
<entry level="1" type="bullet">

 iGNM: A database of protein functional motions based on GNM http://ignm.ccbb.pitt.edu/Index.htm</entry>
<entry level="1" type="bullet">

 oGNM: Online calculation of structural dynamics using GNM http://ignm.ccbb.pitt.edu/GNM_Online_Calculation.htm</entry>
<entry level="1" type="bullet">

 GNM server http://gor.bb.iastate.edu/gnm/gnm.htm</entry>
</list>

</p>
</ss1>
<ss1>
<st>
 ANM servers </st>
<p>

<list>
<entry level="1" type="bullet">

 Anisotropic Network Model web server http://www.ccbb.pitt.edu/anm <ref xlink:type="simple" xlink:href="#xpointer(//reflist/entry[@id=%2229%22])">29</ref></entry>
<entry level="1" type="bullet">

 ANM server http://gor.bb.iastate.edu/anm/anm.htm</entry>
</list>
</p>

</ss1>
<ss1>
<st>
 ENM servers </st>
<p>

<list>
<entry level="1" type="bullet">

 elNemo: Web-interface to The Elastic Network Model http://www.igs.cnrs-mrs.fr/elnemo/</entry>
<entry level="1" type="bullet">

 AD-ENM: Analysis of Dynamics of Elastic Network Model http://enm.lobos.nih.gov/</entry>
</list>

</p>
</ss1>
<ss1>
<st>
 Other relevant servers </st>
<p>

<list>
<entry level="1" type="bullet">

 ProMode: Database of normal mode analysis of proteins http://cube.socs.waseda.ac.jp/pages/jsp/index.jsp</entry>
<entry level="1" type="bullet">

 HingeProt: An algorithm for protein hinge prediction using elastic network models http://www.prc.boun.edu.tr/appserv/prc/hingeprot/</entry>
</list>

http://bioinfo3d.cs.tau.ac.il/HingeProt/hingeprot.html
<list>
<entry level="1" type="bullet">

 <link>
MolMovDB</link>: A database of macromolecular motions http://www.molmovdb.org/</entry>
<entry level="1" type="bullet">

 <link xlink:type="simple" xlink:href="../505/102505.xml">
Protein Data Bank</link> (PDB) http://www.pdb.org/</entry>
</list>
</p>

</ss1>
</sec>
<sec>
<st>
 See also </st>
<p>

<list>
<entry level="1" type="bullet">

 <link xlink:type="simple" xlink:href="../462/21462.xml">
Gaussian distribution</link></entry>
<entry level="1" type="bullet">

 <statement wordnetid="106722453" confidence="0.8">
<message wordnetid="106598915" confidence="0.8">
<equation wordnetid="106669864" confidence="0.8">
<event wordnetid="100029378" confidence="0.8">
<change wordnetid="100191142" confidence="0.8">
<action wordnetid="100037396" confidence="0.8">
<vibration wordnetid="100345926" confidence="0.8">
<motion wordnetid="100331950" confidence="0.8">
<act wordnetid="100030358" confidence="0.8">
<psychological_feature wordnetid="100023100" confidence="0.8">
<mathematical_statement wordnetid="106732169" confidence="0.8">
<link xlink:type="simple" xlink:href="../899/13899.xml">
Harmonic oscillator</link></mathematical_statement>
</psychological_feature>
</act>
</motion>
</vibration>
</action>
</change>
</event>
</equation>
</message>
</statement>
</entry>
<entry level="1" type="bullet">

 <link xlink:type="simple" xlink:href="../553/229553.xml">
Hooke's law</link></entry>
<entry level="1" type="bullet">

 <link xlink:type="simple" xlink:href="../608/198608.xml">
Molecular dynamics</link></entry>
<entry level="1" type="bullet">

 <statement wordnetid="106722453" confidence="0.8">
<message wordnetid="106598915" confidence="0.8">
<equation wordnetid="106669864" confidence="0.8">
<mathematical_statement wordnetid="106732169" confidence="0.8">
<link xlink:type="simple" xlink:href="../195/478195.xml">
Normal mode</link></mathematical_statement>
</equation>
</message>
</statement>
</entry>
<entry level="1" type="bullet">

 <link xlink:type="simple" xlink:href="../340/76340.xml">
Principal component analysis</link></entry>
<entry level="1" type="bullet">

 <link xlink:type="simple" xlink:href="../862/7623862.xml">
Rubber elasticity</link></entry>
<entry level="1" type="bullet">

 <link xlink:type="simple" xlink:href="../481/28481.xml">
Statistical mechanics</link></entry>
</list>

</p>
</sec>
<sec>
<st>
 References </st>

<ss1>
<st>
 Primary sources </st>

<p>

<list>
<entry level="1" type="bullet">

 Direct evaluation of thermal fluctuations in protein using a single parameter harmonic potential, I. Bahar, A. R. Atilgan, and B. Erman Folding &amp; Design 2, 173-181, 1997.</entry>
<entry level="1" type="bullet">

 Gaussian dynamics of folded proteins, Haliloglu, T. Bahar, I. &amp; Erman, B. Phys. Rev. Lett. 79, 3090-3093, 1997.</entry>
<entry level="1" type="bullet">

 Cui Q, Bahar I, (2006). Normal Mode Analysis: Theory and applications to biological and chemical systems, Chapman &amp; Hall/CRC, London, UK</entry>
</list>
</p>

</ss1>
<ss1>
<st>
 Specific citations </st>

<p>

<reflist>
<entry id="1">
Direct evaluation of thermal fluctuations in protein using a single parameter harmonic potential, I. Bahar, A. R. Atilgan, and B. Erman Folding &amp; Design 2, 173-181, 1997.</entry>
<entry id="2">
Gaussian dynamics of folded proteins, Haliloglu, T. Bahar, I. &amp; Erman, B. Phys. Rev. Lett. 79, 3090-3093, 1997.</entry>
<entry id="3">
Flory, P.J., Statistical thermodynamics of random networks, Proc. Roy. Soc. Lond. A, 351, 351, 1976.</entry>
<entry id="4">
Go, N., Noguti, T. and Nishikawa, T. Dynamics of a small globular protein in terms of low-frequency vibrational modes, Proc. Natl. Acad. Sci. USA, 80, 3696, 1983.</entry>
<entry id="5">
Tirion, M.M. Large amplitude elastic motions in proteins from a single-parameter, atomic analysis, Phys. Rev. Lett., 77, 1905, 1996.</entry>
<entry id="6">
Halle, B. Flexibility and packing in proteins, Proc. Natl. Acad. Sci. USA, 99, 1274, 2002.</entry>
<entry id="7">
Correlation between native state hydrogen exchange and cooperative residue fluctuations from a simple model, I. Bahar, A. Wallqvist, D. G. Covell, &amp; R.L. Jernigan Biochemistry 37, 1067-1075, 1998.</entry>
<entry id="8">
Vibrational dynamics of proteins: Significance of slow and fast modes in relation to function and stability, I. Bahar, A. R. Atilgan, M. C. Demirel, &amp; B. Erman, Phys. Rev. Lett. 80, 2733-2736, 1998.</entry>
<entry id="9">
Chennubhotla C, Rader AJ, Yang LW, Bahar I (2005). Elastic network models for understanding biomolecular machinery: from enzymes to supramolecular assemblies. Phys. Biol. 2:S173-S180 PMID 16280623</entry>
<entry id="10">
Identification of core amino acids stabilizing rhodopsin, Rader, AJ., G. Anderson, B. Isin, H. G. Khorana, I. Bahar, &amp; J. Klein-Seetharaman. Proc. Natl. Acad Sci USA 101: 7246-7251, 2004.</entry>
<entry id="11">
Automatic domain decomposition of proteins by a Gaussian Network Model, Kundu, S., Sorensen, D.C., Phillips, G.N. Jr., Proteins 57(4), 725-733, 2004.</entry>
<entry id="12">
Keskin, O. et al. Relating molecular flexibility to function: a case study of tubulin, Biophys. J., 83, 663, 2002.</entry>
<entry id="13">
Inhibitor binding alters the directions of domain motions in HIV-1 reverse transcriptase, Temiz NA &amp; Bahar I, Proteins: Structure, Function and Genetics 49, 61-70, 2002.</entry>
<entry id="14">
Xu, C., Tobi, D. and Bahar, I. Allosteric changes in protein structure computed by a simple mechanical model: hemoglobin T-&amp;gt; R2 transition, J. Mol. Biol., 333, 153, 2003.</entry>
<entry id="15">
Structural Changes Involved in Protein Binding Correlate with intrinsic Motions of Proteins in the Unbound State, Dror Tobi &amp; Ivet Bahar. Proc Natl Acad Sci (USA) 102, 18908-18913, 2005.</entry>
<entry id="17">
Yang LW, Bahar I (2005). Coupling between Catalytic Site and Collective Dynamics: A requirement for Mechanochemical Activity of Enzymes. Structure 13:893-904 PMID 15939021</entry>
<entry id="16">
Common Mechanism of Pore Opening Shared by Five Different Potassium Channels, Indira H. Shrivastava &amp; Ivet Bahar. Biophys J 90, 3929-3940, 2006.</entry>
<entry id="19">
Global Ribosome Motions Revealed with Elastic Network Model, Wang, Y. Rader, AJ, Bahar, I. &amp; Jernigan, RL. , J. Struct Biol 147: 302-314, 2004.</entry>
<entry id="18">
Markov Methods for Hierarchical Coarse-Graining of Large Protein Dynamics, Chakra Chennubhotla &amp; Ivet Bahar. Lecture Notes in Computer Science 3909, 379-393, 2006.</entry>
<entry id="21">
Ming, D. et al. How to describe protein motion without amino acid sequence and atomic coordinates, Proc. Natl. Acad. Sci. USA, 99, 8620, 2002.</entry>
<entry id="20">
Maturation Dynamics of Bacteriophage HK97 Capsid, AJ Rader, Daniel Vlad &amp; Ivet Bahar. Structure (Camb) 13:413-21, 2005.</entry>
<entry id="23">
Delarue, M. and Dumas, P. On the use of low-frequency normal modes to enforce collective movements in refining macromolecular structural models, Proc. Natl. Acad. Sci. USA, 101, 6957, 2004.</entry>
<entry id="22">
Tama, F., Wriggers, W. and Brooks III, C.L. Exploring global distortions of biological macromolecules and assemblies from low-resolution structural information and elastic network theory, J. Mol. Biol., 321, 297, 2002.</entry>
<entry id="25">
Zhang, Z.Y., Shi, Y.Y. and Liu, H.Y. Molecular dynamics simulations of peptides and proteins with amplified collective motions, Bipohys. J., 84, 3583, 2003.</entry>
<entry id="24">
Micheletti, C., Carloni, P. and Maritan, A. Accurate and efficient description of protein vibrational dynamics: comparing molecular dynamics and gaussian models, Proteins, 55, 635, 2004.</entry>
<entry id="27">
Micheletti, C. et al. Crucial stages of protein folding through a solvable model: predicting target sites for enzyme-inhibiting drugs, Prot. Sci., 11, 1878, 2002.</entry>
<entry id="26">
Micheletti, C., Lattanzi, G. and Maritan, A. Elastic properties of proteins: insight on the folding process and evolutionary selection of native structures, J. Mol. Biol., 321, 909, 2002.</entry>
<entry id="29">
Anisotropy of fluctuation dynamics of proteins with an elastic network model, Atilgan, AR, Durrell, SR, Jernigan, RL, Demirel, MC, Keskin, O. &amp; Bahar, I. Biophys. J. 80, 505-515, 2001.</entry>
<entry id="28">
Portman, J.J., Takada, S. and Wolynes, P.G. Microscopic theory of protein folding rates. I. fine structure of the free energy profile and folding routes from a variational approach, J. Chem. Phys., 114, 5069, 2001.</entry>
</reflist>
</p>

</ss1>
</sec>
</bdy>
</article>
