<?xml version="1.0" encoding="UTF-8"?>
<!-- generated by CLiX/Wiki2XML [MPI-Inf, MMCI@UdS] $LastChangedRevision: 92 $ on 17.04.2009 00:45:19[mciao0827] -->
<!DOCTYPE article SYSTEM "../article.dtd">
<article xmlns:xlink="http://www.w3.org/1999/xlink">
<organization  confidence="0.9511911446218017" wordnetid="108008335">
<header>
<title>Charity badge</title>
<id>11221159</id>
<revision>
<id>230343753</id>
<timestamp>2008-08-07T04:54:47Z</timestamp>
<contributor>
<username>Scapler</username>
<id>6142977</id>
</contributor>
</revision>
<categories>
<category>Non-profit organizations</category>
<category>Philanthropic organizations</category>
<category>Charities</category>
<category>Social economy</category>
<category>Giving</category>
</categories>
</header>
<bdy>

A <b>charity badge</b> is a <link xlink:type="simple" xlink:href="../554/33554.xml">
widget</link> used on <link xlink:type="simple" xlink:href="../898/33898.xml">
website</link>s, <link xlink:type="simple" xlink:href="../645/33645.xml">
blog</link>s, <link xlink:type="simple" xlink:href="../726/325726.xml">
social network</link>s or <link xlink:type="simple" xlink:href="../738/9738.xml">
e-mail</link> for promotion of some humanitarian initiative, mainly gathering donations for <link xlink:type="simple" xlink:href="../362/9728362.xml">
charity</link> projects.  <p>

The idea was initiated by the <company wordnetid="108058098" confidence="0.9508927676800064">
<link xlink:type="simple" xlink:href="../213/188213.xml">
Yahoo!</link></company>
 search engine and the <link xlink:type="simple" xlink:href="../662/8988662.xml">
Network for Good</link> charity <link xlink:type="simple" xlink:href="../677/2351677.xml">
aggregator</link>.</p>
<p>

Some companies allow website owners or <link xlink:type="simple" xlink:href="../645/33645.xml">
blogger</link>s to make a personalized badge for setting up a link to a favourite charity, creating the possibility of wide social involvement for donations. </p>
<p>

Surveys suggest 61% of people give to a charity because a personal connection has asked them to make a contribution.<ref xlink:type="simple" xlink:href="#xpointer(//reflist/entry[@id=%221%22])">1</ref>  </p>
<p>

The charity badge method of giving has gained popularity among communities of online users. Yahoo! promote a contest for gathering the biggest quantity of one-time donations.<ref xlink:type="simple" xlink:href="#xpointer(//reflist/entry[@id=%222%22])">2</ref></p>

<sec>
<st>
See also</st>
<p>

<list>
<entry level="1" type="bullet">

<link xlink:type="simple" xlink:href="../662/8988662.xml">
Network for good</link></entry>
<entry level="1" type="bullet">

<link xlink:type="simple" xlink:href="../845/8988845.xml">
SixDegrees.org</link></entry>
</list>
</p>

</sec>
<sec>
<st>
References</st>

<p>

<reflist>
<entry id="1">
"<weblink xlink:type="simple" xlink:href="http://www.readwriteweb.com/archives/charity_badge.php">
Charity Badge: Using the Power of Social Networking for Good</weblink>".&#32;<it>Read/Write Web</it>&#32;(2006-12-22).</entry>
<entry id="2">
"<weblink xlink:type="simple" xlink:href="http://promotions.yahoo.com/giving/topten.php">
Top 10 Charity Badges</weblink>".&#32;<it>Yahoo! For Good</it>.</entry>
</reflist>
</p>

</sec>
<sec>
<st>
 External links </st>
<p>

<list>
<entry level="1" type="bullet">

 <weblink xlink:type="simple" xlink:href="http://promotions.yahoo.com/giving/topten.php">
Charity Badge: Using the Power of Social Networking for Good</weblink></entry>
<entry level="1" type="bullet">

 <weblink xlink:type="simple" xlink:href="http://www.networkforgood.org/">
Network for Good charity badge aggregator</weblink></entry>
</list>
</p>

<p>

<table style=";" class="navbox" cellspacing="0">
<row>
<col style="padding:2px;">
<table style="width:100%;background:transparent;color:inherit;;" class="nowraplinks collapsible autocollapse " cellspacing="0">
<row>
<header colspan="2" style=";background:#FFFF00;" class="navbox-title">
Topics related to <link xlink:type="simple" xlink:href="../362/9728362.xml">
charity</link></header>
</row>
<row style="height:2px;">

</row>
<row>
<col style=";background:#FFFF00;;" class="navbox-group">
Main topics</col>
<col style="text-align:left;border-left:2px solid #fdfdfd;width:100%;padding:0px;;;" class="navbox-list navbox-odd">
<link xlink:type="simple" xlink:href="../050/220050.xml">
Philanthropy</link> • <link xlink:type="simple" xlink:href="../636/68636.xml">
Alms</link> • <link xlink:type="simple" xlink:href="../952/438952.xml">
Tzedakah</link> • <link xlink:type="simple" xlink:href="../455/34455.xml">
Zakat</link> • <link xlink:type="simple" xlink:href="../336/336.xml">
Altruism</link> • <link xlink:type="simple" xlink:href="../021/50021.xml">
Gift</link> • <link xlink:type="simple" xlink:href="../725/367725.xml">
Donation</link> • <link xlink:type="simple" xlink:href="../181/7902181.xml">
Alternative giving</link> • <link xlink:type="simple" xlink:href="../437/11050437.xml">
Youth philanthropy</link> • <link xlink:type="simple" xlink:href="../705/32705.xml">
Volunteer</link> • <link xlink:type="simple" xlink:href="../649/596649.xml">
Charitable contribution</link> • <link xlink:type="simple" xlink:href="../385/603385.xml">
Noblesse oblige</link></col>
</row>
<row style="height:2px">

</row>
<row>
<col style=";background:#FFFF00;;" class="navbox-group">
Organization types</col>
<col style="text-align:left;border-left:2px solid #fdfdfd;width:100%;padding:0px;;;" class="navbox-list navbox-even">
<idea wordnetid="105833840" confidence="0.8">
<concept wordnetid="105835747" confidence="0.8">
<category wordnetid="105838765" confidence="0.8">
<type wordnetid="105840188" confidence="0.8">
<kind wordnetid="105839024" confidence="0.8">
<link xlink:type="simple" xlink:href="../539/46539.xml">
Non-governmental organization</link></kind>
</type>
</category>
</concept>
</idea>
 • <link xlink:type="simple" xlink:href="../565/148565.xml">
Registered charity, Charitable trust</link> • <link xlink:type="simple" xlink:href="../306/693306.xml">
Foundation</link> • <link xlink:type="simple" xlink:href="../749/11727749.xml">
Private foundation</link> • <idea wordnetid="105833840" confidence="0.8">
<concept wordnetid="105835747" confidence="0.8">
<category wordnetid="105838765" confidence="0.8">
<type wordnetid="105840188" confidence="0.8">
<kind wordnetid="105839024" confidence="0.8">
<link xlink:type="simple" xlink:href="../487/72487.xml">
Non-profit organization</link></kind>
</type>
</category>
</concept>
</idea>
 • <link xlink:type="simple" xlink:href="../487/72487.xml">
Not-for-profit corporation</link> • <idea wordnetid="105833840" confidence="0.8">
<concept wordnetid="105835747" confidence="0.8">
<category wordnetid="105838765" confidence="0.8">
<type wordnetid="105840188" confidence="0.8">
<volition wordnetid="105652593" confidence="0.8">
<kind wordnetid="105839024" confidence="0.8">
<faculty wordnetid="105650329" confidence="0.8">
<link xlink:type="simple" xlink:href="../679/1176679.xml">
Charitable organization</link></faculty>
</kind>
</volition>
</type>
</category>
</concept>
</idea>
</col>
</row>
<row style="height:2px">

</row>
<row>
<col style=";background:#FFFF00;;" class="navbox-group">
Additional topics</col>
<col style="text-align:left;border-left:2px solid #fdfdfd;width:100%;padding:0px;;;" class="navbox-list navbox-odd">
<link xlink:type="simple" xlink:href="../998/3549998.xml">
Charity Navigator</link> • <link xlink:type="simple" xlink:href="../662/8988662.xml">
Network for Good</link> • <link xlink:type="simple" xlink:href="../159/11221159.xml">
Charity badge</link> • <link xlink:type="simple" xlink:href="../306/10803306.xml">
List of charitable foundations</link> • <link xlink:type="simple" xlink:href="../140/70140.xml">
Click-to-donate sites</link> • <link xlink:type="simple" xlink:href="../732/17623732.xml">
Pushka</link> • <link xlink:type="simple" xlink:href="../823/4610823.xml">
Halukka</link> • <link xlink:type="simple" xlink:href="../002/18011002.xml">
Meshulach</link></col>
</row>
</table>
</col>
</row>
</table>
</p>

</sec>
</bdy>
</organization>
</article>
