<?xml version="1.0" encoding="UTF-8"?>
<!-- generated by CLiX/Wiki2XML [MPI-Inf, MMCI@UdS] $LastChangedRevision: 92 $ on 17.04.2009 00:45:31[mciao0827] -->
<!DOCTYPE article SYSTEM "../article.dtd">
<article xmlns:xlink="http://www.w3.org/1999/xlink">
<physical_entity  confidence="0.8" wordnetid="100001930">
<person  confidence="0.8" wordnetid="100007846">
<model  confidence="0.8" wordnetid="110324560">
<assistant  confidence="0.8" wordnetid="109815790">
<worker  confidence="0.8" wordnetid="109632518">
<causal_agent  confidence="0.8" wordnetid="100007347">
<network  confidence="0.9511911446218017" wordnetid="108434259">
<header>
<title>Variable-order Bayesian network</title>
<id>11228012</id>
<revision>
<id>217941956</id>
<timestamp>2008-06-08T12:24:17Z</timestamp>
<contributor>
<username>DOI bot</username>
<id>6652755</id>
</contributor>
</revision>
<categories>
<category>Stochastic processes</category>
<category>Bayesian networks</category>
<category>Statistical models</category>
<category>Machine learning</category>
</categories>
</header>
<bdy>

<b>Variable-order Bayesian network (VOBN)</b> models provide an important extension of both the <physical_entity wordnetid="100001930" confidence="0.8">
<person wordnetid="100007846" confidence="0.8">
<model wordnetid="110324560" confidence="0.8">
<assistant wordnetid="109815790" confidence="0.8">
<worker wordnetid="109632518" confidence="0.8">
<causal_agent wordnetid="100007347" confidence="0.8">
<link xlink:type="simple" xlink:href="../996/203996.xml">
Bayesian network</link></causal_agent>
</worker>
</assistant>
</model>
</person>
</physical_entity>
 models and the <link xlink:type="simple" xlink:href="../999/10770999.xml">
variable-order Markov models</link>. VOBN models are used in <link xlink:type="simple" xlink:href="../488/233488.xml">
machine learning</link> in general and have shown great potential in <link xlink:type="simple" xlink:href="../214/4214.xml">
bioinformatics</link> applications.<ref xlink:type="simple" xlink:href="#xpointer(//reflist/entry[@id=%221%22])">1</ref><ref xlink:type="simple" xlink:href="#xpointer(//reflist/entry[@id=%222%22])">2</ref>
These models extend the widely-used <link xlink:type="simple" xlink:href="../902/3624902.xml">
position weight matrix</link> (PWM) models, <link xlink:type="simple" xlink:href="../876/60876.xml">
Markov model</link>s, and Bayesian network (BN) models.<p>

In contrast to the BN models, where each random variable depends on a fixed subset of random variables, in VOBN models these subsets may vary based on the specific realization of observed variables. The observed realizations are often called the context and, hence, VOBN models are also known as context-specific Bayesian networks.<ref xlink:type="simple" xlink:href="#xpointer(//reflist/entry[@id=%223%22])">3</ref>
The flexibility in the definition of conditioning subsets of variables turns out to be a real advantage in classification and analysis applications, as the statistical dependencies between random variables in a sequence of variables (not necessarily adjacent) may be taken into account efficiently, and in a position-specific and context-specific manner. </p>

<sec>
<st>
See also</st>
<p>

<list>
<entry level="1" type="bullet">

  <physical_entity wordnetid="100001930" confidence="0.8">
<person wordnetid="100007846" confidence="0.8">
<model wordnetid="110324560" confidence="0.8">
<assistant wordnetid="109815790" confidence="0.8">
<worker wordnetid="109632518" confidence="0.8">
<causal_agent wordnetid="100007347" confidence="0.8">
<link xlink:type="simple" xlink:href="../876/60876.xml">
Markov chain</link></causal_agent>
</worker>
</assistant>
</model>
</person>
</physical_entity>
</entry>
<entry level="1" type="bullet">

  <link xlink:type="simple" xlink:href="../196/195196.xml">
Examples of Markov chains</link></entry>
<entry level="1" type="bullet">

  <link xlink:type="simple" xlink:href="../999/10770999.xml">
Variable order Markov models</link></entry>
<entry level="1" type="bullet">

  <link xlink:type="simple" xlink:href="../772/98772.xml">
Markov process</link></entry>
<entry level="1" type="bullet">

  <know-how wordnetid="105616786" confidence="0.8">
<method wordnetid="105660268" confidence="0.8">
<link xlink:type="simple" xlink:href="../801/236801.xml">
Markov chain Monte Carlo</link></method>
</know-how>
</entry>
<entry level="1" type="bullet">

  <link xlink:type="simple" xlink:href="../736/1598736.xml">
Semi-Markov process</link></entry>
<entry level="1" type="bullet">

  <link xlink:type="simple" xlink:href="../164/1164.xml">
Artificial intelligence</link></entry>
</list>
</p>

</sec>
<sec>
<st>
 Free and open source software </st>
<p>

<list>
<entry level="1" type="bullet">

VOMBAT: http://pgrc-16.ipk-gatersleben.de:8443/VOMBAT/faces/pages/choose.jsp</entry>
</list>
</p>

</sec>
<sec>
<st>
References</st>
<p>

<reflist>
<entry id="1">
 <cite style="font-style:normal">Ben-Gal, I.; Shani A., Gohr A., Grau J., Arviv S., Shmilovici A., Posch S. and Grosse I.&#32;(2005).&#32;"<weblink xlink:type="simple" xlink:href="http://bioinformatics.oxfordjournals.org/cgi/reprint/bti410?ijkey=KkxNhRdTSfvtvXY&amp;keytype=ref">
Identification of Transcription Factor Binding Sites with Variable-order Bayesian Networks</weblink>". <it>Bioinformatics</it>&#32;<b>21</b>&#32;(11): 2657–2666. <document wordnetid="106470073" confidence="0.8">
<written_communication wordnetid="106349220" confidence="0.8">
<writing wordnetid="106362953" confidence="0.8">
<link xlink:type="simple" xlink:href="../994/422994.xml">
doi</link></writing>
</written_communication>
</document>
:<weblink xlink:type="simple" xlink:href="http://dx.doi.org/10.1093%2Fbioinformatics%2Fbti410">
10.1093/bioinformatics/bti410</weblink>. PMID 15797905.</cite>&nbsp;</entry>
<entry id="2">
 <cite style="font-style:normal">Grau, J.; Ben-Gal I., Posch S., Grosse I.&#32;(2006).&#32;"<weblink xlink:type="simple" xlink:href="http://www.eng.tau.ac.il/~bengal/VOMBAT.pdf">
VOMBAT: Prediction of Transcription Factor Binding Sites using Variable Order Bayesian Trees</weblink>". <it>Nucleic Acids Research</it>&#32;<b>34</b>: 529–533. <document wordnetid="106470073" confidence="0.8">
<written_communication wordnetid="106349220" confidence="0.8">
<writing wordnetid="106362953" confidence="0.8">
<link xlink:type="simple" xlink:href="../994/422994.xml">
doi</link></writing>
</written_communication>
</document>
:<weblink xlink:type="simple" xlink:href="http://dx.doi.org/10.1093%2Fnar%2Fgkl212">
10.1093/nar/gkl212</weblink>. PMID 16845064.</cite>&nbsp;</entry>
<entry id="3">
 <cite style="font-style:normal">Boutilier, C.; Friedman N., Goldszmidt M., Koller D.&#32;(August 1–4, 1996, Reed College, Portland,
Oregon, USA).&#32;"<weblink xlink:type="simple" xlink:href="http://www.informatik.unitrier.de/~ley/db/conf/uai/uai1996.html">
Context-specific independence in Bayesian networks</weblink>". <it>In Proceedings of the 12th Conference on Uncertainty in Artificial Intelligence</it>: 115–123.</cite>&nbsp;</entry>
</reflist>
</p>

</sec>
</bdy>
</network>
</causal_agent>
</worker>
</assistant>
</model>
</person>
</physical_entity>
</article>
