<article xmlns:ns0="http://www.w3.org/1999/xlink"><entity confidence="0.9511911446218017" wordnetid="100001740"><header><title>gottschalk benson</title><id /><revision><id /><timestamp /><contributor><username>eastlaw</username><id /></contributor></revision><categories><category>unit patent case law</category><category>flag us suprem court articl</category><category>law</category><category>computerrel patent case law</category><category>unit suprem court case</category></categories></header><bdy><table style="width:25em;" class="infobox"><header style="background:#6699FF; font-style:italic;">gottschalk benson</header><row><header><image width="100px" src="Seal_of_the_United_States_Supreme_Court.svg" /><supreme_court wordnetid="108336188" confidence="0.9508927676800064"><link ns0:type="simple" ns0:href="../737/31737.xml">suprem court unit</link></supreme_court></header></row><row><header style="background:#6699FF;">argu octob novemb</header></row><row><col><table style="font-size:80%; margin:auto; width:100%; background:transparent;" class="plainlinks"><row><col valign="top">full case</col><col style="font-style:italic;" valign="top">gottschalk commission patent benson al</col></row><row><col valign="top">citat</col><col valign="top"><weblink ns0:type="simple" ns0:href="http://caselaw.lp.findlaw.com/scripts/getcase.pl?navby=CASE court=US vol=409 page=63">us</weblink><link ns0:type="simple" ns0:href="../550/9675550.xml" />ct us lexi uspq bna</col></row><row><col valign="top">prior histori</col><col valign="top">certiorari unit court custom patent appeal</col></row><row><col valign="top">subsequ histori</col><col valign="top"><link ns0:type="simple" ns0:href="../607/2286607.xml">diamond diehr</link><link ns0:type="simple" ns0:href="../761/1169761.xml">diamond chakrabarti</link></col></row></table></col></row><row><header style="background:#6699FF;">hold</header></row><row><col>respond method convert numer inform binarycod decim number pure binari number program convent generalpurpos digit comput mere seri mathemat calcul mental step doe constitut patent process patent usc</col></row><row><header style="background:#6699FF;">court membership</header></row><row><col>chief justic<person wordnetid="100007846" confidence="0.9508927676800064"><chief_justice wordnetid="109916788" confidence="0.9508927676800064"><link ns0:type="simple" ns0:href="../328/264328.xml">warren burger</link></chief_justice></person>associ justic<judge wordnetid="110225219" confidence="0.9508927676800064"><link ns0:type="simple" ns0:href="../245/365245.xml">william dougla</link></judge><judge wordnetid="110225219" confidence="0.9508927676800064"><link ns0:type="simple" ns0:href="../242/365242.xml">william brennan jr</link></judge><judge wordnetid="110225219" confidence="0.9508927676800064"><link ns0:type="simple" ns0:href="../821/535821.xml">potter stewart</link></judge><judge wordnetid="110225219" confidence="0.9508927676800064"><link ns0:type="simple" ns0:href="../248/49248.xml">byron white</link></judge><judge wordnetid="110225219" confidence="0.9508927676800064"><link ns0:type="simple" ns0:href="../445/57445.xml">thurgood marshal</link></judge><person wordnetid="100007846" confidence="0.9508927676800064"><judge wordnetid="110225219" confidence="0.9508927676800064"><link ns0:type="simple" ns0:href="../138/344138.xml">harri blackmun</link></judge></person><judge wordnetid="110225219" confidence="0.9508927676800064"><link ns0:type="simple" ns0:href="../929/376929.xml">lewi powel jr</link></judge><person wordnetid="100007846" confidence="0.9508927676800064"><chief_justice wordnetid="109916788" confidence="0.9508927676800064"><link ns0:type="simple" ns0:href="../721/18938721.xml">william rehnquist</link></chief_justice></person></col></row><row><header style="background:#6699FF;">case opinion</header></row><row align="left"><col>major douglasjoin burger brennan white marshal rehnquiststewart blackmun powel consider decis case</col></row><row style="text-align:center; background:#6699FF;"><header colspan="2">law appli</header><col><link>patent</link></col></row></table>gottschalk benson<weblink ns0:type="simple" ns0:href="http://caselaw.lp.findlaw.com/scripts/getcase.pl?navby=CASE court=US vol=409 page=63">us</weblink><link ns0:type="simple" ns0:href="../671/34671.xml" />wa<supreme_court wordnetid="108336188" confidence="0.9508927676800064"><link ns0:type="simple" ns0:href="../737/31737.xml">unit suprem court</link></supreme_court>case rule process involv numer<link ns0:type="simple" ns0:href="../775/775.xml">algorithm</link>wa<link ns0:type="simple" ns0:href="../273/23273.xml">patent</link>abl patent wholli preempt mathemat formula practic patent algorithm court ad decis preclud patent ani program servic comput hold case wa argu<link ns0:type="simple" ns0:href="../556/22556.xml">octob</link><link ns0:type="simple" ns0:href="../671/34671.xml" />wa decid<link ns0:type="simple" ns0:href="../575/21575.xml">novemb</link><sec><st>prior histori</st><p>case revolv<link ns0:type="simple" ns0:href="../266/4542266.xml">applic patent</link>method convert binarycod decim bcd numer pure binari numer gener purpos digit comput<link ns0:type="simple" ns0:href="../740/926740.xml">patent examin</link><link ns0:type="simple" ns0:href="../363/218363.xml">unit patent trademark offic</link>reject patent applic direct mathemat express pure mathemat express held unpatent earlier patent law<link>mackay co radio corp</link><weblink ns0:type="simple" ns0:href="http://caselaw.lp.findlaw.com/scripts/getcase.pl?navby=CASE court=US vol=306 page=86">us</weblink>applic appeal<link ns0:type="simple" ns0:href="../356/3040356.xml">board patent appeal interfer</link>board affirm examin reject applic appeal<link ns0:type="simple" ns0:href="../768/4894768.xml">court custom patent appeal</link>court revers board final commission patent trademark file petit<link ns0:type="simple" ns0:href="../489/158489.xml">writ certiorari</link>suprem court</p></sec><sec><st>case</st><p>law applic thi case<link>patent</link><weblink ns0:type="simple" ns0:href="http://localhost:18088/wiki/index.php/Gottschalk_v._Benson#endnote_1">http</weblink>question wa<link ns0:type="simple" ns0:href="../163/848163.xml">claim</link><link ns0:type="simple" ns0:href="../312/44312.xml">invent</link>wa process law court held becaus claim wa limit ani type programm digit comput becaus method carri mental claim preclud method ani current futur invent ani field thu claim wa direct algorithm alon therefor wa patent</p></sec><sec><st>impact</st><p>thi decis wa wide confirm softwar wa directli patent<link ns0:type="simple" ns0:href="../809/743809.xml">patent attorney</link>sagent meantim howev wa patent protect softwar invent claim algorithm combin comput carri algorithm thu technic claim machin thi wa held patent<ref ns0:type="simple" ns0:href="#xpointer(//reflist/entry[@id=%221%22])" /></p><p>boundari comput implement process pure abstract idea thu patent practic process thu patent matter debat patent offic suprem court ha clear subject matter exclud scope becaus repres law natur natur phenomena abstract idea<ref ns0:type="simple" ns0:href="#xpointer(//reflist/entry[@id=%222%22])" /></p></sec><sec><st>note</st><p><list><entry level="1" type="bullet"><cite id="endnote_1" style="font-style: normal;" />invent discov ani process machin manufactur composit matter ani improv patent therefor subject condit requir thi titl definit process term process process art method includ process machin manufactur composit matter materi<weblink ns0:type="simple" ns0:href="http://www4.law.cornell.edu/uscode/html/uscode35/usc_sec_35_00000101----000-.html">http</weblink></entry></list></p></sec><sec><st /><p><list><entry level="1" type="bullet"><link ns0:type="simple" ns0:href="../550/9675550.xml">list unit suprem court case volum</link></entry></list></p></sec><sec><st>refer</st><p><reflist><entry id="1"><weblink ns0:type="simple" ns0:href="http://caselaw.lp.findlaw.com/scripts/printer_friendly.pl?page=us/409/63.html">promot progress art report presid commiss patent system</weblink>cite gottschalk benson</entry><entry id="2"><weblink ns0:type="simple" ns0:href="http://www.uspto.gov/web/offices/pac/mpep/documents/2100_2106_02.htm">mathemat algorithm patent</weblink><work wordnetid="104599396" confidence="0.8"><product wordnetid="104007894" confidence="0.8"><creation wordnetid="103129123" confidence="0.8"><artifact wordnetid="100021939" confidence="0.8"><publication wordnetid="106589574" confidence="0.8"><link ns0:type="simple" ns0:href="../624/3801624.xml">manual patent examin procedur</link></publication></artifact></creation></product></work></entry></reflist></p></sec></bdy></entity></article>