<article xmlns:ns0="http://www.w3.org/1999/xlink"><airport confidence="0.8" wordnetid="102692232"><artifact confidence="0.8" wordnetid="100021939"><facility confidence="0.8" wordnetid="103315023"><airfield confidence="0.8" wordnetid="102687992"><header><title>wipim airport</title><id /><revision><id /><timestamp /><contributor><username /><id /></contributor></revision><categories><category>papua guinea articl geocoordin data</category><category>airport papua guinea</category></categories></header><bdy>wipim airport airport<link>wipim</link><country wordnetid="108544813" confidence="0.9508927676800064"><link ns0:type="simple" ns0:href="../943/22943.xml">papua guinea</link></country><link ns0:type="simple" ns0:href="../179/150179.xml">iata</link>wpm locat wipim papua guinea longitud latitud airport ha flight week fli small aircraft wipim airport airlin oper wipim airport domest flight week wipim airport passeng travel wipim airport everi week<ref ns0:type="simple" ns0:href="#xpointer(//reflist/entry[@id=%221%22])" />runway ft long elev ft area code<ref ns0:type="simple" ns0:href="#xpointer(//reflist/entry[@id=%222%22])" /><p>coordin</p><sec><st>note refer</st><p><reflist><entry id="1"><weblink ns0:type="simple" ns0:href="http://www.farecompare.com/flights/Wipim_Airport-WPM/airport.html">wipim airport fact sheet</weblink>retriev februari</entry><entry id="2"><weblink ns0:type="simple" ns0:href="http://www.world-airport-codes.com/papua-new-guinea/wipim-7671.html">wipim detail</weblink>retriev februari</entry></reflist></p></sec></bdy></airfield></facility></artifact></airport></article>