<article xmlns:ns0="http://www.w3.org/1999/xlink"><header><title>larg scale concept ontolog multimedia</title><id /><revision><id /><timestamp /><contributor><username>gobonobo</username><id /></contributor></revision><categories><category>multimedia</category></categories></header><bdy>largescal concept ontolog multimedia lscom project wa seri workshop held april septemb<ref ns0:type="simple" ns0:href="#xpointer(//reflist/entry[@id=%221%22])" />purpos defin standard formal vocabulari annot retriev video<sec><st>lscom mandat</st><p>sponsor<administrative_unit wordnetid="108077292" confidence="0.8"><agency wordnetid="108337324" confidence="0.8"><link ns0:type="simple" ns0:href="../484/4251484.xml">disrupt technolog offic</link></agency></administrative_unit>dto lscom brought togeth repres varieti commun multimedia learn inform retriev comput linguist librari scienc knowledg represent well user commun intellig agenc broadcast work collabor defin set concept<ref ns0:type="simple" ns0:href="#xpointer(//reflist/entry[@id=%222%22])" />individu concept wa meet follow criteria<ref ns0:type="simple" ns0:href="#xpointer(//reflist/entry[@id=%223%22])" /></p><p><list><entry level="1" type="bullet">util concept support realist video retriev problem</entry><entry level="1" type="bullet">feasibl concept capabl will capabl detect nearterm year project technolog</entry><entry level="1" type="bullet">observ concept occur rel high frequenc actual video data set</entry></list></p><p>jointli concept meet addit criterion provid broad domain independ coverag<ref ns0:type="simple" ns0:href="#xpointer(//reflist/entry[@id=%224%22])" />highlevel target area coverag includ physic object includ anim object peopl mob anim inanim object rang largescal build highway smallscal telephon applic action event locat set graphic effort wa led<university wordnetid="108286163" confidence="0.9508927676800064"><link ns0:type="simple" ns0:href="../093/48093.xml">carnegi mellon univers</link></university><university wordnetid="108286163" confidence="0.9508927676800064"><ranking wordnetid="114429484" confidence="0.9508927676800064"><link ns0:type="simple" ns0:href="../310/6310.xml">columbia univers</link></ranking></university><company wordnetid="108058098" confidence="0.9508927676800064"><link ns0:type="simple" ns0:href="../259/18622259.xml">ibm</link></company><ref ns0:type="simple" ns0:href="#xpointer(//reflist/entry[@id=%225%22])" /></p></sec><sec><st>lscom develop track</st><p>project main track develop deploy keyfram annot tool perform cmu columbia develop lscom concept hierarchi second track wa execut phase consist manual construct concept hierarchi wa perform collabor user commun repres</p><p>second track perform knowledg represent expert<company wordnetid="108058098" confidence="0.8"><institution wordnetid="108053576" confidence="0.8"><link ns0:type="simple" ns0:href="../994/99994.xml">cycorp</link></institution></company>involv map concept<link ns0:type="simple" ns0:href="../874/6874.xml">cyc</link>knowledg base cyc infer engin semiautomat refin correct expand concept hierarchi mappingexpans phase project wa motiv desir increas breadth map move concept well initi goal move lscom onedimension hierarchi concept fullblown ontolog rich semant connect<ref ns0:type="simple" ns0:href="#xpointer(//reflist/entry[@id=%226%22])" /></p></sec><sec><st>project result</st><p>output effort includ<ref ns0:type="simple" ns0:href="#xpointer(//reflist/entry[@id=%227%22])" /></p><p><list><entry level="1" type="number">lite version lscom concept hierarchi consist subset concept</entry><entry level="1" type="number">corpu video keyfram trecvid data set annot lscom lite</entry><entry level="1" type="number">full lscom taxonomi concept built semiautomat map concept manual identifi collabor cyc knowledg base queri cyc infer engin addit</entry><entry level="1" type="number">full lscom ontolog form researchcyc releas lscom map cyc ontolog</entry></list></p></sec><sec><st>lscom larger commun</st><p>sinc releas lscom ha begun success visual recognit apart lscom project particip ha independ concept extract imag<ref ns0:type="simple" ns0:href="#xpointer(//reflist/entry[@id=%228%22])" /><ref ns0:type="simple" ns0:href="#xpointer(//reflist/entry[@id=%229%22])" />ha serv basi video annot tool<ref ns0:type="simple" ns0:href="#xpointer(//reflist/entry[@id=%2210%22])" /></p></sec><sec><st /><p><list><entry level="1" type="bullet"><link ns0:type="simple" ns0:href="../917/11988917.xml">multimedia web ontolog languag</link><link ns0:type="simple" ns0:href="../917/11988917.xml">mowl</link></entry></list></p></sec><sec><st>refer</st><p><reflist><entry id="1">naphad al larg scale concept ontolog multimedia vace workshop report</entry><entry id="2"><weblink ns0:type="simple" ns0:href="http://nrrc.mitre.org/NRRC/LSCOM%20Overview.ppt|">naphad al larg scale concept ontolog multimedia understand ppt publish<link ns0:type="simple" ns0:href="../752/458752.xml">mitr</link></weblink></entry><entry id="3"><weblink ns0:type="simple" ns0:href="http://www.ee.columbia.edu/~lyndon/pubs/mm2006-lscom.pdf|">naphad al largescal concept ontolog multimedia ieee multimedia julyseptemb</weblink></entry><entry id="4"><weblink ns0:type="simple" ns0:href="http://www.ee.columbia.edu/~lyndon/pubs/mm2006-lscom.pdf|">naphad al largescal concept ontolog multimedia ieee multimedia julyseptemb</weblink></entry><entry id="5">naphad al larg scale concept ontolog multimedia vace workshop report</entry><entry id="6"><weblink ns0:type="simple" ns0:href="http://www.ee.columbia.edu/~lyndon/pubs/mm2006-lscom.pdf|">naphad al largescal concept ontolog multimedia ieee multimedia julyseptemb</weblink></entry><entry id="7">naphad al larg scale concept ontolog multimedia vace workshop report</entry><entry id="8"><weblink ns0:type="simple" ns0:href="http://www.google.com/url?sa=t ct=res cd=1 url=http%3A%2F%2Fwww.few.vu.nl%2F~guus%2Fpapers%2FSnoek07a.pdf ei=A373RfziMaOKjAG8nKzBBg usg=__cdCfgrpN4UHWSnybSrfKt_rI-Bk= sig2=UNjhQ4xlxxTju9pIhuGnxA|">snoek al ad semant detector video retriev forthcom ieee transact multimedia</weblink></entry><entry id="9">wor al mediamil largelexicon concept engin forthcom proceed ieee intern confer acoust speech signal process honolulu hawaii usa april</entry><entry id="10"><weblink ns0:type="simple" ns0:href="http://www.eurecom.fr/util/publidownload.en.htm?file=/homesdocs/publications/htdocs/mm/arnaem-061206.pdf|">emili garanaud smeaton koskela evalu video annot tool base lscom ontolog proceed intern confer semant digit media technolog athen greec decemb</weblink></entry></reflist></p></sec></bdy></article>