<article xmlns:ns0="http://www.w3.org/1999/xlink"><event confidence="0.8" wordnetid="100029378"><rule confidence="0.8" wordnetid="105846932"><act confidence="0.8" wordnetid="100030358"><psychological_feature confidence="0.8" wordnetid="100023100"><procedure confidence="0.8" wordnetid="101023820"><activity confidence="0.8" wordnetid="100407535"><algorithm confidence="0.8" wordnetid="105847438"><header><title>search algorithm</title><id /><revision><id /><timestamp /><contributor><username>bhadani</username><id /></contributor></revision><categories><category>search algorithm</category><category>rout algorithm</category><category>combinatori optim</category><category>articl exampl code</category><category>game artifici intellig</category><category>graph algorithm</category></categories></header><bdy><table style="padding: 0px; width: 170px; margin: 0 0 1em 1em;" align="right" class="toccolours"><header style="background: #ccf;"><event wordnetid="100029378" confidence="0.8"><rule wordnetid="105846932" confidence="0.8"><act wordnetid="100030358" confidence="0.8"><psychological_feature wordnetid="100023100" confidence="0.8"><procedure wordnetid="101023820" confidence="0.8"><activity wordnetid="100407535" confidence="0.8"><algorithm wordnetid="105847438" confidence="0.8"><link ns0:type="simple" ns0:href="../731/6263731.xml">graph search algorithm</link></algorithm></activity></procedure></psychological_feature></act></rule></event></header><row><col>search<list><entry level="1" type="bullet"><event wordnetid="100029378" confidence="0.8"><rule wordnetid="105846932" confidence="0.8"><act wordnetid="100030358" confidence="0.8"><psychological_feature wordnetid="100023100" confidence="0.8"><procedure wordnetid="101023820" confidence="0.8"><activity wordnetid="100407535" confidence="0.8"><algorithm wordnetid="105847438" confidence="0.8"><link ns0:type="simple" ns0:href="../558/100558.xml" /></algorithm></activity></procedure></psychological_feature></act></rule></event></entry><entry level="1" type="bullet"><event wordnetid="100029378" confidence="0.8"><rule wordnetid="105846932" confidence="0.8"><act wordnetid="100030358" confidence="0.8"><psychological_feature wordnetid="100023100" confidence="0.8"><procedure wordnetid="101023820" confidence="0.8"><activity wordnetid="100407535" confidence="0.8"><algorithm wordnetid="105847438" confidence="0.8"><link ns0:type="simple" ns0:href="../828/14993828.xml" /></algorithm></activity></procedure></psychological_feature></act></rule></event></entry><entry level="1" type="bullet"><condition wordnetid="113920835" confidence="0.8"><event wordnetid="100029378" confidence="0.8"><rule wordnetid="105846932" confidence="0.8"><state wordnetid="100024720" confidence="0.8"><problem wordnetid="114410605" confidence="0.8"><difficulty wordnetid="114408086" confidence="0.8"><act wordnetid="100030358" confidence="0.8"><psychological_feature wordnetid="100023100" confidence="0.8"><procedure wordnetid="101023820" confidence="0.8"><activity wordnetid="100407535" confidence="0.8"><algorithm wordnetid="105847438" confidence="0.8"><link ns0:type="simple" ns0:href="../244/221244.xml">bellmanford algorithm</link></algorithm></activity></procedure></psychological_feature></act></difficulty></problem></state></rule></event></condition></entry><entry level="1" type="bullet"><event wordnetid="100029378" confidence="0.8"><rule wordnetid="105846932" confidence="0.8"><act wordnetid="100030358" confidence="0.8"><psychological_feature wordnetid="100023100" confidence="0.8"><procedure wordnetid="101023820" confidence="0.8"><activity wordnetid="100407535" confidence="0.8"><algorithm wordnetid="105847438" confidence="0.8"><link ns0:type="simple" ns0:href="../271/148271.xml">bestfirst search</link></algorithm></activity></procedure></psychological_feature></act></rule></event></entry><entry level="1" type="bullet"><event wordnetid="100029378" confidence="0.8"><rule wordnetid="105846932" confidence="0.8"><act wordnetid="100030358" confidence="0.8"><psychological_feature wordnetid="100023100" confidence="0.8"><procedure wordnetid="101023820" confidence="0.8"><activity wordnetid="100407535" confidence="0.8"><algorithm wordnetid="105847438" confidence="0.8"><link ns0:type="simple" ns0:href="../516/3157516.xml">bidirect search</link></algorithm></activity></procedure></psychological_feature></act></rule></event></entry><entry level="1" type="bullet"><algorithm wordnetid="105847438" confidence="0.9508927676800064"><link ns0:type="simple" ns0:href="../026/97026.xml">breadthfirst search</link></algorithm></entry><entry level="1" type="bullet"><event wordnetid="100029378" confidence="0.8"><rule wordnetid="105846932" confidence="0.8"><act wordnetid="100030358" confidence="0.8"><psychological_feature wordnetid="100023100" confidence="0.8"><procedure wordnetid="101023820" confidence="0.8"><activity wordnetid="100407535" confidence="0.8"><algorithm wordnetid="105847438" confidence="0.8"><link ns0:type="simple" ns0:href="../558/17247558.xml" /></algorithm></activity></procedure></psychological_feature></act></rule></event></entry><entry level="1" type="bullet"><algorithm wordnetid="105847438" confidence="0.9508927676800064"><link ns0:type="simple" ns0:href="../034/97034.xml">depthfirst search</link></algorithm></entry><entry level="1" type="bullet"><algorithm wordnetid="105847438" confidence="0.9508927676800064"><link ns0:type="simple" ns0:href="../285/890285.xml">depthlimit search</link></algorithm></entry><entry level="1" type="bullet"><event wordnetid="100029378" confidence="0.8"><rule wordnetid="105846932" confidence="0.8"><act wordnetid="100030358" confidence="0.8"><psychological_feature wordnetid="100023100" confidence="0.8"><procedure wordnetid="101023820" confidence="0.8"><activity wordnetid="100407535" confidence="0.8"><algorithm wordnetid="105847438" confidence="0.8"><link ns0:type="simple" ns0:href="../809/45809.xml">dijkstra algorithm</link></algorithm></activity></procedure></psychological_feature></act></rule></event></entry><entry level="1" type="bullet"><link ns0:type="simple" ns0:href="../401/230401.xml">floydwarshal algorithm</link></entry><entry level="1" type="bullet"><event wordnetid="100029378" confidence="0.8"><rule wordnetid="105846932" confidence="0.8"><act wordnetid="100030358" confidence="0.8"><psychological_feature wordnetid="100023100" confidence="0.8"><procedure wordnetid="101023820" confidence="0.8"><activity wordnetid="100407535" confidence="0.8"><algorithm wordnetid="105847438" confidence="0.8"><link ns0:type="simple" ns0:href="../002/364002.xml">hill climb</link></algorithm></activity></procedure></psychological_feature></act></rule></event></entry><entry level="1" type="bullet"><event wordnetid="100029378" confidence="0.8"><rule wordnetid="105846932" confidence="0.8"><act wordnetid="100030358" confidence="0.8"><psychological_feature wordnetid="100023100" confidence="0.8"><procedure wordnetid="101023820" confidence="0.8"><activity wordnetid="100407535" confidence="0.8"><algorithm wordnetid="105847438" confidence="0.8"><link ns0:type="simple" ns0:href="../326/433326.xml">iter deepen depthfirst search</link></algorithm></activity></procedure></psychological_feature></act></rule></event></entry><entry level="1" type="bullet"><event wordnetid="100029378" confidence="0.8"><rule wordnetid="105846932" confidence="0.8"><act wordnetid="100030358" confidence="0.8"><psychological_feature wordnetid="100023100" confidence="0.8"><procedure wordnetid="101023820" confidence="0.8"><activity wordnetid="100407535" confidence="0.8"><algorithm wordnetid="105847438" confidence="0.8"><link ns0:type="simple" ns0:href="../311/1284311.xml">johnson algorithm</link></algorithm></activity></procedure></psychological_feature></act></rule></event></entry><entry level="1" type="bullet"><event wordnetid="100029378" confidence="0.8"><rule wordnetid="105846932" confidence="0.8"><act wordnetid="100030358" confidence="0.8"><psychological_feature wordnetid="100023100" confidence="0.8"><procedure wordnetid="101023820" confidence="0.8"><activity wordnetid="100407535" confidence="0.8"><algorithm wordnetid="105847438" confidence="0.8"><link ns0:type="simple" ns0:href="../989/2801989.xml">uniformcost search</link></algorithm></activity></procedure></psychological_feature></act></rule></event></entry></list></col></row></table><link ns0:type="simple" ns0:href="../323/5323.xml">comput scienc</link>pronounc star<link ns0:type="simple" ns0:href="../271/148271.xml">bestfirst</link><link ns0:type="simple" ns0:href="../731/6263731.xml">graph search algorithm</link>find leastcost path initi<link ns0:type="simple" ns0:href="../899/638899.xml">node</link><link ns0:type="simple" ns0:href="../687/7639687.xml">goal node</link>possibl goal<p>distancepluscost<link ns0:type="simple" ns0:href="../452/63452.xml">heurist</link>function usual denot<math />determin order search visit node tree distancepluscost heurist sum function pathcost function usual denot<math />heurist<link ns0:type="simple" ns0:href="../826/11338826.xml">admiss</link>heurist estim distanc goal usual denot<math />pathcost function<math />cost start node current node</p><p>sinc<math /><math />function<link ns0:type="simple" ns0:href="../826/11338826.xml">admiss heurist</link>overestim distanc goal thu applic<link ns0:type="simple" ns0:href="../750/25750.xml">rout</link><math />repres straightlin distanc goal sinc physic smallest possibl distanc ani point node matter</p><p>algorithm wa describ<physical_entity wordnetid="100001930" confidence="0.8"><person wordnetid="100007846" confidence="0.8"><intellectual wordnetid="109621545" confidence="0.8"><alumnus wordnetid="109786338" confidence="0.8"><causal_agent wordnetid="100007347" confidence="0.8"><scholar wordnetid="110557854" confidence="0.8"><link ns0:type="simple" ns0:href="../790/11897790.xml">peter hart</link></scholar></causal_agent></alumnus></intellectual></person></physical_entity><physical_entity wordnetid="100001930" confidence="0.8"><peer wordnetid="109626238" confidence="0.8"><person wordnetid="100007846" confidence="0.8"><colleague wordnetid="109935990" confidence="0.8"><causal_agent wordnetid="100007347" confidence="0.8"><scientist wordnetid="110560637" confidence="0.8"><research_worker wordnetid="110523076" confidence="0.8"><associate wordnetid="109816771" confidence="0.8"><link ns0:type="simple" ns0:href="../113/8016113.xml">nil nilsson</link></associate></research_worker></scientist></causal_agent></colleague></person></peer></physical_entity><physical_entity wordnetid="100001930" confidence="0.8"><person wordnetid="100007846" confidence="0.8"><intellectual wordnetid="109621545" confidence="0.8"><alumnus wordnetid="109786338" confidence="0.8"><causal_agent wordnetid="100007347" confidence="0.8"><scientist wordnetid="110560637" confidence="0.8"><scholar wordnetid="110557854" confidence="0.8"><research_worker wordnetid="110523076" confidence="0.8"><link ns0:type="simple" ns0:href="../387/5589387.xml">bertram raphael</link></research_worker></scholar></scientist></causal_agent></alumnus></intellectual></person></physical_entity>paper wa call algorithm sinc thi algorithm yield optim behavior heurist ha call</p><p>thi algorithm ha gener bidirect heurist search algorithm<link ns0:type="simple" ns0:href="../516/3157516.xml">bidirect search</link></p><sec><st>algorithm descript</st><p><image width="150px" src="A+_Pathfinding_Algorithm.png" type="thumb"><caption>singlestep simul</caption></image></p><p>increment search rout lead start point find shortest path goal<link>inform search algorithm</link>search rout appear lead goal set apart<link ns0:type="simple" ns0:href="../247/89247.xml">greedi</link>bestfirst search distanc alreadi travel account<math />heurist cost start simpli local cost previous expand node</p><p>algorithm travers variou path start goal node<math />travers maintain valu<list><entry level="1" type="bullet">actual shortest distanc travel initi node current node</entry><entry level="1" type="bullet">estim heurist distanc current node goal</entry><entry level="1" type="bullet">sum</entry></list></p><p>start initi node maintain<link ns0:type="simple" ns0:href="../485/24485.xml">prioriti queue</link>node travers open set confus<link ns0:type="simple" ns0:href="../358/39358.xml">open set</link><link ns0:type="simple" ns0:href="../954/29954.xml">topolog</link>lower<math />node<math />higher prioriti step algorithm node lowest<math />valu remov queue<math /><math />valu neighbor updat accordingli neighbor ad queue algorithm continu goal node ha lower<math />valu ani node queue queue empti goal node pass multipl time remain node lower<math />valu lead shorter path goal<math />valu goal length shortest path sinc<math />goal admiss heurist actual shortest path desir algorithm updat neighbor immedi predecessor best path thi inform reconstruct path work backward goal node addit heurist monoton close set node alreadi travers search effici</p><p>function start goal closedset empti set set node alreadi evalu openset set initi node set tent node evalu g_score start distanc start optim path openset empti node openset lowest f_score valu goal return reconstruct_path came_from goal remov openset add closedset foreach neighbor_nod closedset continu tentative_g_scor g_score dist_between tentative_is_bett fals openset add openset h_score heuristic_estimate_of_distance_to_goal_from tentative_is_bett true elseif tentative_g_scor g_score tentative_is_bett true tentative_is_bett true came_from g_score tentative_g_scor f_score g_score h_score estim total distanc start goal return failur function reconstruct_path came_from current_nod came_from current_nod set reconstruct_path came_from came_from current_nod return current_nod els return empti path</p><p>close set omit yield tree search algorithm solut guarante exist algorithm adapt node ad open set onli lower<math />valu ani previou iter</p></sec><sec><st>properti</st><p><link ns0:type="simple" ns0:href="../026/97026.xml">breadthfirst search</link>complet sens will alway find solut</p><p>heurist function<math />admiss overestim actual minim cost reach goal admiss optim close set close set<math />monoton consist optim thi ani pair adjac node<math /><math /><math />denot length edg</p><p><indent level="1"><math>le</math></indent>thi ensur ani path<math />initi node<math /></p><p><indent level="1"><math>le</math></indent><math>cdot</math>denot length path<math />path<math />extend includ<math />word imposs decreas total distanc estim remain distanc extend path includ neighbor node thi analog restrict nonneg edg weight<event wordnetid="100029378" confidence="0.8"><rule wordnetid="105846932" confidence="0.8"><act wordnetid="100030358" confidence="0.8"><psychological_feature wordnetid="100023100" confidence="0.8"><procedure wordnetid="101023820" confidence="0.8"><activity wordnetid="100407535" confidence="0.8"><algorithm wordnetid="105847438" confidence="0.8"><link ns0:type="simple" ns0:href="../809/45809.xml">dijkstra algorithm</link></algorithm></activity></procedure></psychological_feature></act></rule></event>monoton impli admiss heurist estim ani goal node sinc<math>ldot v_n</math>shortest path ani node<math />nearest goal<math /></p><p><indent level="1"><math>le le le ldot le</math></indent>optim effici ani heurist<math />algorithm employ heurist will expand fewer node multipl partial solut<math />exactli predict cost optim path thi case graph exist order break tie prioriti queue examin fewest possibl node</p><ss1><st>special case</st><p>gener speak<link ns0:type="simple" ns0:href="../034/97034.xml">depthfirst search</link><link ns0:type="simple" ns0:href="../026/97026.xml">breadthfirst search</link>special case algorithm<event wordnetid="100029378" confidence="0.8"><rule wordnetid="105846932" confidence="0.8"><act wordnetid="100030358" confidence="0.8"><psychological_feature wordnetid="100023100" confidence="0.8"><procedure wordnetid="101023820" confidence="0.8"><activity wordnetid="100407535" confidence="0.8"><algorithm wordnetid="105847438" confidence="0.8"><link ns0:type="simple" ns0:href="../809/45809.xml">dijkstra algorithm</link></algorithm></activity></procedure></psychological_feature></act></rule></event>anoth exampl bestfirst search algorithm special case<math /><math />depthfirst search consid global counter initi veri big valu everi time process node assign newli discov neighbor singl assign decreas counter thu earlier node discov higher<math />valu</p></ss1><ss1><st>implement detail</st><p>number simpl optim implement detail significantli affect perform implement detail note prioriti queue handl tie signific perform situat tie broken queue behav<event wordnetid="100029378" confidence="0.8"><rule wordnetid="105846932" confidence="0.8"><act wordnetid="100030358" confidence="0.8"><psychological_feature wordnetid="100023100" confidence="0.8"><procedure wordnetid="101023820" confidence="0.8"><activity wordnetid="100407535" confidence="0.8"><algorithm wordnetid="105847438" confidence="0.8"><link ns0:type="simple" ns0:href="../937/4690937.xml">lifo</link></algorithm></activity></procedure></psychological_feature></act></rule></event>manner will behav<algorithm wordnetid="105847438" confidence="0.9508927676800064"><link ns0:type="simple" ns0:href="../034/97034.xml">depthfirst search</link></algorithm>equal cost path tie broken queue behav<event wordnetid="100029378" confidence="0.8"><rule wordnetid="105846932" confidence="0.8"><act wordnetid="100030358" confidence="0.8"><psychological_feature wordnetid="100023100" confidence="0.8"><procedure wordnetid="101023820" confidence="0.8"><activity wordnetid="100407535" confidence="0.8"><algorithm wordnetid="105847438" confidence="0.8"><link ns0:type="simple" ns0:href="../347/11347.xml">fifo</link></algorithm></activity></procedure></psychological_feature></act></rule></event>manner will behav<algorithm wordnetid="105847438" confidence="0.9508927676800064"><link ns0:type="simple" ns0:href="../026/97026.xml">breadthfirst search</link></algorithm>equal cost path</p><p>path requir search common node refer node parent search refer recov optim path refer import node doe nt appear prioriti queue onc entri correspond differ path node differ cost standard approach check node ad alreadi appear prioriti queue doe prioriti parent pointer chang correspond lower cost path find node queue perform thi check mani standard implement<link ns0:type="simple" ns0:href="../996/13996.xml">minheap</link>requir<math />time augment heap<event wordnetid="100029378" confidence="0.8"><rule wordnetid="105846932" confidence="0.8"><act wordnetid="100030358" confidence="0.8"><psychological_feature wordnetid="100023100" confidence="0.8"><procedure wordnetid="101023820" confidence="0.8"><activity wordnetid="100407535" confidence="0.8"><algorithm wordnetid="105847438" confidence="0.8"><link ns0:type="simple" ns0:href="../833/13833.xml">hash tabl</link></algorithm></activity></procedure></psychological_feature></act></rule></event>reduc thi constant time</p></ss1></sec><sec><st>whi admiss comput optim</st><p>admiss consid fewer node ani admiss search algorithm heurist becaus work optimist estim cost path everi node consid optimist true cost path node goal will great estim critic optimist estim achiev</p><p>termin search ha definit path actual cost lower estim cost ani path ani open node sinc estim optimist safe ignor node word will overlook possibl lowercost path admiss</p><p>suppos search algorithm termin search path actual cost estim cost path open node algorithm rule possibl base heurist inform ha path node lower cost consid fewer node admiss accordingli consid fewest node ani admiss search algorithm accur heurist estim</p></sec><sec><st>complex</st><p><link ns0:type="simple" ns0:href="../543/7543.xml">time complex</link>depend heurist worst case number node expand<link ns0:type="simple" ns0:href="../581/44581.xml">exponenti</link>length solut shortest path<link ns0:type="simple" ns0:href="../576/44576.xml">polynomi</link>heurist function meet follow condit</p><p><indent level="1"><math>leq log</math></indent><math />optim heurist ie exact cost<math />goal word error grow faster<link ns0:type="simple" ns0:href="../860/17860.xml">logarithm</link>perfect heurist<math />return true distanc goal russel norvig</p><p>problemat time complex memori usag worst case rememb exponenti number node sever variant develop cope thi includ iter deepen ida memorybound ma simplifi memori bound sma recurs bestfirst search rbf</p></sec><sec><st>refer</st><p><list><entry level="1" type="bullet"><cite style="font-style:normal">dechter rina judea pearl<weblink ns0:type="simple" ns0:href="http://portal.acm.org/citation.cfm?id=3830 coll=portal dl=ACM">gener bestfirst search strategi optim</weblink><magazine wordnetid="106595351" confidence="0.9508927676800064"><link ns0:type="simple" ns0:href="../845/2321845.xml">journal acm</link></magazine><document wordnetid="106470073" confidence="0.8"><written_communication wordnetid="106349220" confidence="0.8"><writing wordnetid="106362953" confidence="0.8"><link ns0:type="simple" ns0:href="../994/422994.xml">doi</link></writing></written_communication></document><weblink ns0:type="simple" ns0:href="http://dx.doi.org/10.1145%2F3828.3830" /></cite></entry><entry level="1" type="bullet"><cite style="font-style:normal">hart nilsson raphael formal basi heurist determin minimum cost path<link ns0:type="simple" ns0:href="../938/56938.xml">ieee</link>transact system scienc cybernet</cite></entry><entry level="1" type="bullet"><cite style="font-style:normal">hart nilsson raphael correct formal basi heurist determin minimum cost path<organization wordnetid="108008335" confidence="0.9508927676800064"><link ns0:type="simple" ns0:href="../ury/30th_century.xml">sigart</link></organization>newslett</cite></entry><entry level="1" type="bullet"><cite id="Reference-Nilsson-1980" style="font-style:normal" class="book">nilsson principl artifici intellig palo alto california tioga publish compani isbn</cite></entry><entry level="1" type="bullet"><cite id="Reference-Pearl-1984" style="font-style:normal" class="book">pearl judea heurist intellig search strategi comput problem solv addisonwesley isbn</cite></entry><entry level="1" type="bullet"><cite id="Reference-Russell-2003" style="font-style:normal" class="book">russel norvig isbn</cite></entry></list></p></sec><sec><st>extern link</st><p><list><entry level="1" type="bullet">tarik attar<weblink ns0:type="simple" ns0:href="http://www.tarikattar.com/napier/osmastermap/">implement visualis algorithm</weblink>implement php visualis googl map api</entry><entry level="1" type="bullet">justin heyesjon<weblink ns0:type="simple" ns0:href="http://www.geocities.com/jheyesjones/astar.html">algorithm tutori</weblink></entry><entry level="1" type="bullet">herbert glarner<weblink ns0:type="simple" ns0:href="http://herbert.gandraxa.com/herbert/pfa.asp">interact singl step simul vb</weblink>implement dll includ gui allow simul userdefin grid</entry><entry level="1" type="bullet"><weblink ns0:type="simple" ns0:href="http://www.policyalmanac.org/games/aStarTutorial.htm">anoth pathfind beginn</weblink>note incorrectli alway close set</entry><entry level="1" type="bullet">amit<weblink ns0:type="simple" ns0:href="http://theory.stanford.edu/~amitp/GameProgramming/">thought pathfind</weblink></entry><entry level="1" type="bullet">sven koenig<weblink ns0:type="simple" ns0:href="http://idm-lab.org/applet.html">demonstr lifelong plan</weblink></entry><entry level="1" type="bullet">cuneyt mertayak<weblink ns0:type="simple" ns0:href="http://www.ceng.metu.edu.tr/~cuneyt/astar.tar.gz">gener librari</weblink></entry><entry level="1" type="bullet">toni stentz<weblink ns0:type="simple" ns0:href="http://www.frc.ri.cmu.edu/~axs/">paper dynam pathfind</weblink></entry><entry level="1" type="bullet">remko tronon joost venneken<weblink ns0:type="simple" ns0:href="http://el-tramo.be/software/jsearchdemo/">jsearch demo</weblink>demonstr variou search algorithm includ</entry><entry level="1" type="bullet"><weblink ns0:type="simple" ns0:href="http://lostsouls.org/grimoire_astar">search algorithm modul</weblink><programming_language wordnetid="106898352" confidence="0.9508927676800064"><link ns0:type="simple" ns0:href="../645/904645.xml">lpc</link></programming_language></entry><entry level="1" type="bullet"><weblink ns0:type="simple" ns0:href="http://www.jamespoag.com/AStarPathfinder.html">search algorithm modul</weblink><link ns0:type="simple" ns0:href="../757/22757.xml">objectori</link><programming_language wordnetid="106898352" confidence="0.9508927676800064"><link ns0:type="simple" ns0:href="../038/72038.xml" /></programming_language>demo written<structure wordnetid="104341686" confidence="0.8"><artifact wordnetid="100021939" confidence="0.8"><area wordnetid="102735688" confidence="0.8"><library wordnetid="103660909" confidence="0.8"><room wordnetid="104105893" confidence="0.8"><link ns0:type="simple" ns0:href="../114/7033114.xml">popcap game framework</link></room></library></area></artifact></structure></entry><entry level="1" type="bullet"><weblink ns0:type="simple" ns0:href="http://sourceforge.net/projects/argorha/">open sourc</weblink>polygon soup</entry><entry level="1" type="bullet">variat call<weblink ns0:type="simple" ns0:href="http://www.cs.ualberta.ca/~mmueller/ps/hpastar.pdf">optim hierarch pathfind</weblink>associ<weblink ns0:type="simple" ns0:href="http://www.cs.ualberta.ca/~bulitko/F06/presentations/2006-09-29-ML.pdf" /></entry></list></p></sec></bdy></algorithm></activity></procedure></psychological_feature></act></rule></event></article>