<article xmlns:ns0="http://www.w3.org/1999/xlink"><region confidence="0.8" wordnetid="108630985"><vicinity confidence="0.8" wordnetid="108641113"><area confidence="0.8" wordnetid="108497294"><location confidence="0.8" wordnetid="100027167"><section confidence="0.8" wordnetid="108648322"><header><title>dosti acr</title><id /><revision><id /><timestamp /><contributor><username /><id /></contributor></revision><categories><category>neighbourhood mumbai</category><category>india articl geocoordin data</category></categories></header><bdy>dosti acr larg residenti complex construct dosti group<legal_power wordnetid="105198427" confidence="0.9508927676800064"><link ns0:type="simple" ns0:href="../189/19189.xml">mumbai</link></legal_power>hous famili locat wadala<legal_power wordnetid="105198427" confidence="0.9508927676800064"><link ns0:type="simple" ns0:href="../189/19189.xml">mumbai</link></legal_power>area<link ns0:type="simple" ns0:href="../391/946391.xml">wadala</link>predominantli residenti<sec><st>histori locat</st><p>wadala east wa slum infest area scatter oil tank warehous salt pan burial ground howev start mani real estat develop start purchas land govern transform area lower upper middl class residenti area construct<company wordnetid="108058098" confidence="0.9508927676800064"><link ns0:type="simple" ns0:href="../255/15505255.xml">adlab cinema</link></company><message wordnetid="106598915" confidence="0.8"><invention wordnetid="105633385" confidence="0.8"><information wordnetid="106634376" confidence="0.8"><format wordnetid="106636806" confidence="0.8"><link ns0:type="simple" ns0:href="../787/173787.xml">imax</link></format></information></invention></message>theatr dome complex ha help start trend residenti apart block<link ns0:type="simple" ns0:href="../391/946391.xml">wadala</link>major residenti complex bhakti park dosti estat dosti acr lloyd tower dosti acr locat exactli infam<region wordnetid="108630985" confidence="0.8"><vicinity wordnetid="108641113" confidence="0.8"><area wordnetid="108497294" confidence="0.8"><location wordnetid="100027167" confidence="0.8"><section wordnetid="108648322" confidence="0.8"><link ns0:type="simple" ns0:href="../027/3480027.xml">antop hill</link></section></location></area></vicinity></region>area<region wordnetid="108630985" confidence="0.8"><residential_district wordnetid="108553535" confidence="0.8"><suburb wordnetid="108554440" confidence="0.8"><location wordnetid="100027167" confidence="0.8"><district wordnetid="108552138" confidence="0.8"><link ns0:type="simple" ns0:href="../308/570308.xml">dadar</link></district></location></suburb></residential_district></region><ethnic_group wordnetid="107967382" confidence="0.9508927676800064"><link ns0:type="simple" ns0:href="../712/43712.xml">parsi</link></ethnic_group>coloni garden side pass<company wordnetid="108058098" confidence="0.9508927676800064"><link ns0:type="simple" ns0:href="../634/7971634.xml">indian oil corpor</link></company>tank<link ns0:type="simple" ns0:href="../891/1340891.xml">bombay port trust</link>apart block dosti estat apart block final reach thi complex climb uphil link road gate complex open<link ns0:type="simple" ns0:href="../498/533498.xml">sion</link>area</p></sec><sec><st>access public transport</st><p>complex minut car<region wordnetid="108630985" confidence="0.8"><residential_district wordnetid="108553535" confidence="0.8"><suburb wordnetid="108554440" confidence="0.8"><location wordnetid="100027167" confidence="0.8"><district wordnetid="108552138" confidence="0.8"><link ns0:type="simple" ns0:href="../308/570308.xml">dadar</link></district></location></suburb></residential_district></region><link ns0:type="simple" ns0:href="../498/533498.xml">sion</link>mani buse pli wadala rout<region wordnetid="108630985" confidence="0.8"><vicinity wordnetid="108641113" confidence="0.8"><area wordnetid="108497294" confidence="0.8"><location wordnetid="100027167" confidence="0.8"><section wordnetid="108648322" confidence="0.8"><link ns0:type="simple" ns0:href="../027/3480027.xml">antop hill</link></section></location></area></vicinity></region>major bu harbour pass wadala minut vehicl thi complex</p><p>follow bu rout commut dosti acr</p><p /></sec><sec><st>build</st><p>lili</p><p>carnat</p><p>iri</p><p>aster</p><p>clover</p><p>erica</p><p>oliv</p><p>daisi</p><p>lotu</p><p>tulip</p><p>orchid</p><p>blossom</p></sec><sec><st>facil</st><p>dosti acr ha podium structur club hous centr complex club hous open podium swim landscap garden complet stroll path domin podium residenti tower overlook club hous podium</p><p>jog track insid anoth landscap garden uphil link road entranc</p></sec><sec><st>extern link</st><p><weblink ns0:type="simple" ns0:href="http://www.dostigroup.com">dosti group websit</weblink><weblink ns0:type="simple" ns0:href="http://www.adlabscinemas.com">adlab websit</weblink></p><p>coordin</p></sec></bdy></section></location></area></vicinity></region></article>