<article xmlns:ns0="http://www.w3.org/1999/xlink"><software confidence="0.9508927676800064" wordnetid="106566077"><header><title>mixcraft</title><id /><revision><id /><timestamp /><contributor><username /><id /></contributor></revision><categories><category>music softwar</category><category>window softwar</category></categories></header><bdy><template><name>infobox_softwar</name><parameters><genre><computer wordnetid="103082979" confidence="0.8"><artifact wordnetid="100021939" confidence="0.8"><instrumentality wordnetid="103575240" confidence="0.8"><device wordnetid="103183080" confidence="0.8"><machine wordnetid="103699975" confidence="0.8"><digital_computer wordnetid="103196324" confidence="0.8"><workstation wordnetid="104603399" confidence="0.8"><link ns0:type="simple" ns0:href="../270/431270.xml">digit audio workstat</link></workstation></digital_computer></machine></device></instrumentality></artifact></computer></genre><website>http wwwacousticacommixcraft</website><latest_release_version>build</latest_release_version><developer>acoustica</developer><name>acoustica mixcraft</name><caption>mixcraft</caption><license><link ns0:type="simple" ns0:href="../886/18934886.xml">proprietari</link></license><operating_system><link ns0:type="simple" ns0:href="../890/18890.xml">microsoft window</link></operating_system></parameters></template>mixcraft<link ns0:type="simple" ns0:href="../133/255133.xml">multitrack record</link>applic<link ns0:type="simple" ns0:href="../982/33982.xml">window</link>softwar function digit audio workstat<link ns0:type="simple" ns0:href="../905/431905.xml">daw</link><link ns0:type="simple" ns0:href="../510/127510.xml">midi sequenc</link><link ns0:type="simple" ns0:href="../551/165551.xml">virtual instrument</link>host music loop remix program<p>current version mixcraft version add mani featur previou version notabl support<link ns0:type="simple" ns0:href="../461/1692461.xml">midi</link>sequenc<link ns0:type="simple" ns0:href="../066/399066.xml">vsti</link>virtual instrument mixcraft includ larg extend<message wordnetid="106598915" confidence="0.8"><information wordnetid="106634376" confidence="0.8"><standard wordnetid="107260623" confidence="0.8"><format wordnetid="106636806" confidence="0.8"><system_of_measurement wordnetid="113577171" confidence="0.8"><link ns0:type="simple" ns0:href="../312/202312.xml">gener midi</link></system_of_measurement></format></standard></information></message>instrument librari<link ns0:type="simple" ns0:href="../144/24144.xml">polyphon</link><link ns0:type="simple" ns0:href="../746/10791746.xml">synthes</link>instrument recreat sound classic keyboard instrument instrument model famou<synthesist wordnetid="110687231" confidence="0.9508927676800064"><link ns0:type="simple" ns0:href="../282/173282.xml">minimoog</link></synthesist>analog synthes model<link>hammond</link>simul profession sampl grand piano instrument mixcraft featur guitar amplifi simul spectrum analyz plugin sound sound well support window vista<link>wavert</link>low latenc driver</p><sec><st>major featur</st><p>major featur mixcraft includ</p><p><list><entry level="1" type="bullet"><link ns0:type="simple" ns0:href="../461/1692461.xml">midi</link>record sequenc thi featur allow record midi data play midi control keyboard user enter edit note manual uniqu<link ns0:type="simple" ns0:href="../149/374149.xml">piano roll</link>interfac</entry></list></p><p><list><entry level="1" type="bullet"><link ns0:type="simple" ns0:href="../066/399066.xml">vsti</link>virtual instrument support thi featur allow softwarebas music instrument play sequenc record insid mixcraft virtual instrument gener instrument sound entir softwar</entry></list></p><p><list><entry level="1" type="bullet"><link ns0:type="simple" ns0:href="../133/255133.xml">multitrack record</link>thi featur allow user creat record multipl sound card input simultan<link ns0:type="simple" ns0:href="../461/1692461.xml">midi</link>keyboard connect record microphon keyboard time</entry></list></p><p><list><entry level="1" type="bullet"><company wordnetid="108058098" confidence="0.9508927676800064"><link ns0:type="simple" ns0:href="../989/26989.xml">soni</link></company><software wordnetid="106566077" confidence="0.9508927676800064"><link ns0:type="simple" ns0:href="../198/1108198.xml">acid pro</link></software><link ns0:type="simple" ns0:href="../856/856.xml">appl comput</link><software wordnetid="106566077" confidence="0.9508927676800064"><link ns0:type="simple" ns0:href="../253/424253.xml">garageband</link></software>loop support thi featur allow audio loop popular librari import mixcraft mixcraft will time stretch pitch shift loop match current project tempo key project tempo key chang</entry></list></p><p><list><entry level="1" type="bullet">automat<link ns0:type="simple" ns0:href="../547/156547.xml">remix</link>thi featur will attempt detect tempo key prerecord song chang tempo match project<link ns0:type="simple" ns0:href="../967/30967.xml">tempo</link>thi song vari tempo mix match layer drum beat loop creat custom remix</entry></list></p><p><list><entry level="1" type="bullet"><link ns0:type="simple" ns0:href="../943/46943.xml">time stretch</link><link ns0:type="simple" ns0:href="../398/3404398.xml">pitch shift</link>mixcraft advanc algorithm provid high qualiti time stretch pitch shift minim cpu usag</entry></list></p><p><list><entry level="1" type="bullet"><link ns0:type="simple" ns0:href="../489/730489.xml">vst</link><software wordnetid="106566077" confidence="0.9508927676800064"><link ns0:type="simple" ns0:href="../506/8506.xml">directx</link></software>unlimit eg reverb delay eq ad track unlimit global ad project mixcraft includ plugin delay compens technolog will work properli time stretch directx plugin download<weblink ns0:type="simple" ns0:href="http://www.kvraudio.com">kvr audio</weblink></entry></list></p><p><list><entry level="1" type="bullet">support multipl mixdown format includ<format wordnetid="106636806" confidence="0.9508927676800064"><link ns0:type="simple" ns0:href="../673/19673.xml" /></format><format wordnetid="106636806" confidence="0.9508927676800064"><link ns0:type="simple" ns0:href="../062/34062.xml">wav</link></format><format wordnetid="106636806" confidence="0.9508927676800064"><link ns0:type="simple" ns0:href="../082/34082.xml">wma</link></format><link ns0:type="simple" ns0:href="../489/32489.xml">ogg vorbi</link>file format mixcraft will import audio ani format will import<link ns0:type="simple" ns0:href="../785/66785.xml">aiff</link>file well</entry></list></p><p><list><entry level="1" type="bullet">larg librari virtual instrument loop sound audio includ mixcraft sound loop librari download directli applic minim size initi instal</entry></list></p></sec><sec><st>price</st><p>price mixcraft current electron download price free unlimit trial avail acoustica web site unlik trial featur activ trial expir burn cd output music mix singl audio file</p></sec><sec><st>award</st><p><list><entry level="1" type="bullet">mixcraft wa keyboard magazin top honor key buy award<link>craig anderton</link>issu</entry><entry level="1" type="bullet">mixcraft wa comput music magazin comput music valu award product review score issu</entry></list></p></sec><sec><st>histori</st><p>version mani improv previou version includ graphic user interfac<link ns0:type="simple" ns0:href="../293/12293.xml">gui</link><link ns0:type="simple" ns0:href="../133/255133.xml">multitrack record</link>support<link ns0:type="simple" ns0:href="../775/77775.xml">music loop</link><software wordnetid="106566077" confidence="0.9508927676800064"><link ns0:type="simple" ns0:href="../198/1108198.xml">soni acid pro</link></software><software wordnetid="106566077" confidence="0.9508927676800064"><link ns0:type="simple" ns0:href="../253/424253.xml">appl garageband</link></software></p></sec><sec><st>extern link</st><p><list><entry level="1" type="bullet"><weblink ns0:type="simple" ns0:href="http://www.acoustica.com">acoustica web site</weblink></entry><entry level="1" type="bullet"><weblink ns0:type="simple" ns0:href="http://www.acoustica.com/mixcraft">mixcraft download web</weblink></entry><entry level="1" type="bullet"><weblink ns0:type="simple" ns0:href="http://www.soundonsound.com/sos/may08/articles/mixcraft4.htm">sound sound mixcraft review</weblink></entry><entry level="1" type="bullet"><weblink ns0:type="simple" ns0:href="http://livefrom.musicplayer.com/clip.aspx?key=19423B5C8023C959 ctx=feat">keyboard magazin stephen fortner januari namm video interview mixcraft</weblink></entry><entry level="1" type="bullet"><weblink ns0:type="simple" ns0:href="http://livefrom.musicplayer.com/clip.aspx?key=2951A252B1083C88 ctx=feat">keyboard magazin stephen fortner januari namm video interview mixcraft</weblink></entry><entry level="1" type="bullet"><weblink ns0:type="simple" ns0:href="http://www.gearwire.com/acoustica-mixcraft4.html">gearwirecom januari namm video interview mixcraft</weblink></entry><entry level="1" type="bullet"><weblink ns0:type="simple" ns0:href="http://www.soundonsound.com/sos/nov07/articles/mixcraft.htm">sound sound magazin novemb review mixcraft</weblink></entry><entry level="1" type="bullet"><weblink ns0:type="simple" ns0:href="http://www.jakeludington.com/ask_jake/20070513_garagebandlike_software_for_windows.html">jack ludington mediablab review mixcraft</weblink></entry><entry level="1" type="bullet"><weblink ns0:type="simple" ns0:href="http://www.itp.net/reviews/details.php?id=3170">itp technolog review mixcraft star</weblink></entry><entry level="1" type="bullet"><weblink ns0:type="simple" ns0:href="http://www.technewsworld.com/story/commentary/56130.html">technewsworld review mixcraft</weblink></entry><entry level="1" type="bullet"><weblink ns0:type="simple" ns0:href="http://www.podcastusermagazine.com/files/podusermag-issue4.pdf">podcast user magazin review mixcraft</weblink></entry></list></p></sec></bdy></software></article>