<article xmlns:ns0="http://www.w3.org/1999/xlink"><event confidence="0.8" wordnetid="100029378"><act confidence="0.8" wordnetid="100030358"><psychological_feature confidence="0.8" wordnetid="100023100"><procedure confidence="0.8" wordnetid="101023820"><activity confidence="0.8" wordnetid="100407535"><header><title>baddeley model work memori</title><id /><revision><id /><timestamp /><contributor><username>closedmouth</username><id /></contributor></revision><categories><category>memori process</category></categories></header><bdy><image location="right" width="150px" src="Baddeley.jpg" type="frame"><caption>schemat baddeley model</caption></image><physical_entity wordnetid="100001930" confidence="0.8"><person wordnetid="100007846" confidence="0.8"><causal_agent wordnetid="100007347" confidence="0.8"><scientist wordnetid="110560637" confidence="0.8"><psychologist wordnetid="110488865" confidence="0.8"><link ns0:type="simple" ns0:href="../669/3257669.xml">alan baddeley</link></psychologist></scientist></causal_agent></person></physical_entity><physical_entity wordnetid="100001930" confidence="0.8"><person wordnetid="100007846" confidence="0.8"><causal_agent wordnetid="100007347" confidence="0.8"><academician wordnetid="109759069" confidence="0.8"><adult wordnetid="109605289" confidence="0.8"><professional wordnetid="110480253" confidence="0.8"><educator wordnetid="110045713" confidence="0.8"><link ns0:type="simple" ns0:href="../388/15331388.xml">graham hitch</link></educator></professional></adult></academician></causal_agent></person></physical_entity>propos model work memori attempt describ accur model<link ns0:type="simple" ns0:href="../944/28944.xml">shortterm memori</link><p>baddeley hitch propos tripartit work memori model altern shortterm store<event wordnetid="100029378" confidence="0.8"><act wordnetid="100030358" confidence="0.8"><psychological_feature wordnetid="100023100" confidence="0.8"><procedure wordnetid="101023820" confidence="0.8"><activity wordnetid="100407535" confidence="0.8"><link ns0:type="simple" ns0:href="../209/568209.xml">atkinson shiffrin multistor memori model</link></activity></procedure></psychological_feature></act></event>thi model expand baddeley cowork ha becom domin view field work memori howev altern model develop<link ns0:type="simple" ns0:href="../912/33912.xml">work memori</link>provid differ perspect work memori system</p><p>origin model baddeley hitch wa compos three main compon central<link ns0:type="simple" ns0:href="../475/3704475.xml">execut</link>supervisori system control flow inform slave system phonolog loop visuospati sketchpad slave system shortterm storag system dedic content domain verbal visuospati respect baddeley ad third slave system model episod buffer</p><p>baddeley hitch argument distinct domainspecif slave system older model wa deriv experiment find<link ns0:type="simple" ns0:href="../839/10477839.xml">dualtask paradigm</link>perform simultan task requir separ perceptu domain ie visual verbal task nearli effici perform task individu contrast person tri carri task simultan perceptu domain perform effici perform task individu</p><sec><st>compon</st><ss1><st>central execut</st><p>central execut flexibl system respons control regul cognit process ha follow function<list><entry level="1" type="bullet">bind inform number sourc coher episod</entry><entry level="1" type="bullet">coordin slave system</entry><entry level="1" type="bullet">shift task retriev strategi</entry><entry level="1" type="bullet">select attent inhibit</entry></list>thought supervisori system control cognit process interven astray</p><p>dualtask paradigm baddeley colleagu instanc patient<link ns0:type="simple" ns0:href="../017/18914017.xml">alzheim</link>dementia impair perform multipl task simultan difficulti individu task adapt abil<ref ns0:type="simple" ns0:href="#xpointer(//reflist/entry[@id=%221%22])" /></p><p>execut function central execut central conceiv baddeley hitch model separ execut function vari larg independ individu select impair spare brain damag<ref ns0:type="simple" ns0:href="#xpointer(//reflist/entry[@id=%222%22])" /></p></ss1><ss1><st>phonolog loop</st><p>phonolog loop articulatori loop deal sound phonolog inform consist shortterm phonolog store<link ns0:type="simple" ns0:href="../796/293796.xml">auditori</link>memori trace subject rapid decay articulatori rehears compon reviv memori trace</p><p>ani auditori verbal inform assum enter automat phonolog store visual languag transform phonolog code silent articul therebi encod phonolog store thi transform facilit articulatori control process phonolog store inner ear rememb speech sound tempor order whilst articulatori process inner voic repeat seri word speech element loop prevent decay phonolog loop play key role acquisit vocabulari particularli earli childhood year<ref ns0:type="simple" ns0:href="#xpointer(//reflist/entry[@id=%223%22])" />vital learn second languag</p><p>main find provid evid phonolog loop</p><p><list><entry level="1" type="number"><link ns0:type="simple" ns0:href="../247/23247.xml">phonolog</link>list word sound difficult rememb word sound differ<link ns0:type="simple" ns0:href="../107/29107.xml">semant</link>ha compar littl support assumpt verbal inform code larg phonolog work memori<ref ns0:type="simple" ns0:href="#xpointer(//reflist/entry[@id=%224%22])" /></entry><entry level="1" type="number">articulatori suppress memori verbal materi impair peopl someth irrelev aloud thi assum block articulatori rehears process therebi leav memori trace phonolog loop decay<ref ns0:type="simple" ns0:href="#xpointer(//reflist/entry[@id=%225%22])" /></entry><entry level="1" type="number">transfer inform code visual item adult usual subvoc rehears inform transfer visual auditori code articulatori suppress prevent thi transfer case abov mention phonolog eras visual item<ref ns0:type="simple" ns0:href="#xpointer(//reflist/entry[@id=%226%22])" /></entry><entry level="1" type="number">neuropsycholog evid defect phonolog store explain behavior patient specif deficit phonolog shortterm memori<link ns0:type="simple" ns0:href="../80s/2080s.xml">aphas</link>patient<link ns0:type="simple" ns0:href="../469/572469.xml">dyspraxia</link>unabl set speech motor code necessari<link ns0:type="simple" ns0:href="../749/1065749.xml">articul</link>caus defici articulatori rehears process<ref ns0:type="simple" ns0:href="#xpointer(//reflist/entry[@id=%227%22])" /></entry><entry level="1" type="number">hand patient<link ns0:type="simple" ns0:href="../706/1004706.xml">dysarthria</link>speech problem secondari normal capac rehears thi subvoc rehears crucial<ref ns0:type="simple" ns0:href="#xpointer(//reflist/entry[@id=%228%22])" /></entry></list></p></ss1><ss1><st>visuospati sketchpad</st><p>visuospati sketchpad assum hold inform temporari storag manipul spatial visual inform rememb shape colour locat speed object space involv task involv plan spatial movement plan complex build visuospati sketchpad divid separ visual spatial possibl kinaesthet movement compon princip repres<link ns0:type="simple" ns0:href="../608/406608.xml">hemispher</link>brain<ref ns0:type="simple" ns0:href="#xpointer(//reflist/entry[@id=%229%22])" /></p><ss2><st>logi elabor visuospati sketchpad</st><p>logi ha propos visuospati sketchpad subdivid compon<list><entry level="1" type="number">visual cach store inform form color</entry><entry level="1" type="number">inner scribe deal spatial movement inform rehears inform visual cach transfer inform central execut<ref ns0:type="simple" ns0:href="#xpointer(//reflist/entry[@id=%2210%22])" /></entry></list></p><p>three main find provid evid distinct visual spatial visuospati sketchpad</p><p><list><entry level="1" type="number">interfer visual spatial task visual task spatial task<ref ns0:type="simple" ns0:href="#xpointer(//reflist/entry[@id=%2211%22])" /></entry><entry level="1" type="number">brain damag influenc compon influenc<ref ns0:type="simple" ns0:href="#xpointer(//reflist/entry[@id=%2212%22])" /></entry><entry level="1" type="number">result brainimag work memori task visual object activ mostli area left hemispher wherea task spatial inform activ area hemispher<ref ns0:type="simple" ns0:href="#xpointer(//reflist/entry[@id=%2213%22])" /></entry></list></p></ss2></ss1><ss1><st>episod buffer</st><p>baddeley ad fourth compon model call episod buffer thi compon third slave system dedic link inform domain form integr unit visual spatial verbal inform time sequenc chronolog order memori stori movi scene episod buffer assum link longterm memori semant</p><p>main motiv introduc thi compon wa observ highli intellig patient<link ns0:type="simple" ns0:href="../950/234950.xml">amnesia</link>presum abil encod inform longterm memori good shortterm recal stori recal inform held phonolog loop<ref ns0:type="simple" ns0:href="#xpointer(//reflist/entry[@id=%2214%22])" /></p></ss1></sec><sec><st>valid model</st><p>strength baddeley model abil integr larg amount find work shortterm work memori addit mechan slave system especi phonolog loop ha inspir wealth experiment psycholog neuropsycholog cognit neurosci</p><p>howev critic rais instanc phonologicalloop compon becaus detail find easili explain origin baddeley hitch model<ref ns0:type="simple" ns0:href="#xpointer(//reflist/entry[@id=%2215%22])" /><ref ns0:type="simple" ns0:href="#xpointer(//reflist/entry[@id=%2216%22])" /></p><p>episod buffer help addit model work memori ha investig extens function remain unclear<ref ns0:type="simple" ns0:href="#xpointer(//reflist/entry[@id=%2217%22])" /></p></sec><sec><st>refer</st><ss1><st>note</st><p><reflist><entry id="1">baddeley della sala work memori execut control philosoph transact royal societi london</entry><entry id="2">miyak friedman emerson witzki howert wager uniti divers execut function contribut complex frontal lobe task latent variabl analysi cognit psycholog</entry><entry id="3">baddeley gathercol papagno phonolog loop languag learn devic psycholog review</entry><entry id="4">conrad hull aj inform acoust confus memori span british journal psycholog baddeley ad shortterm memori word sequenc function acoust semant formal quarterli journal experiment psycholog</entry><entry id="5">baddeley ad al word length structur shortterm memori journal verbal learn verbal behavior</entry><entry id="6">murray dj articul acoust confus short term memori journal experiment psycholog</entry><entry id="7">water gf al role highlevel speech plan rehears evid patient apraxia speech journal memori languag</entry><entry id="8">baddeley ad wilson ba phonolog code shortterm memori patient speech journal memori languag</entry><entry id="9">baddeley ad episod buffer compon work memori trend cognit scienc</entry><entry id="10">logi rh visuospati work memori hove uk lawrenc eribaum associ</entry><entry id="11">klauer zhao doubl dissoci visual spatial shortterm memori journal experiment psycholog gener</entry><entry id="12">mention http</entry><entry id="13">smith jonid</entry><entry id="14">baddeley wilson prose recal amnesia implic structur work memori neuropsychologia</entry><entry id="15">jone macken nichol phonolog store work memori phonolog store journal experiment psycholog learn memori cognit</entry><entry id="17"><weblink ns0:type="simple" ns0:href="http://www.psypress.com/ek5/resources/demo_ch06-sc-02.asp">cognit psycholog student handbook edit chapter topic</weblink></entry><entry id="16">nairn rememb shortterm case standard model annual review psycholog</entry></reflist></p></ss1><ss1><st>bibliographi</st><p><list><entry level="1" type="bullet">baddeley ad wilson prose recal amnesia implic structur work memori neuropsychologia</entry><entry level="1" type="bullet">baddeley ad episod buffer compon work memori trend cognit scienc</entry><entry level="1" type="bullet">baddeley ad della sala work memori execut control philosoph transact royal societi london</entry><entry level="1" type="bullet">baddeley ad hitch work memori gh bower psycholog learn motiv advanc theori york academ press</entry></list></p></ss1></sec><sec><st /><p><list><entry level="1" type="bullet"><link ns0:type="simple" ns0:href="../912/33912.xml">work memori</link></entry><entry level="1" type="bullet"><link ns0:type="simple" ns0:href="../977/2855977.xml">attent versu memori prefront cortex</link></entry><entry level="1" type="bullet"><event wordnetid="100029378" confidence="0.8"><act wordnetid="100030358" confidence="0.8"><psychological_feature wordnetid="100023100" confidence="0.8"><procedure wordnetid="101023820" confidence="0.8"><activity wordnetid="100407535" confidence="0.8"><link ns0:type="simple" ns0:href="../587/10269587.xml">echoic memori</link></activity></procedure></psychological_feature></act></event></entry></list></p></sec></bdy></activity></procedure></psychological_feature></act></event></article>