<article xmlns:ns0="http://www.w3.org/1999/xlink"><system confidence="0.8" wordnetid="108435388"><group confidence="0.8" wordnetid="100031264"><network confidence="0.8" wordnetid="108434259"><header><title>organiz network analysi</title><id /><revision><id /><timestamp /><contributor><username>terrillfrantz</username><id /></contributor></revision><categories><category>social network</category><category>system theori</category></categories></header><bdy>organiz network analysi method studi commun<ref ns0:type="simple" ns0:href="#xpointer(//reflist/entry[@id=%221%22])" />sociotechn network formal organ quantit descript techniqu creat statist graphic model peopl task group knowledg resourc organiz system base<link ns0:type="simple" ns0:href="../726/325726.xml">social network theori</link><ref ns0:type="simple" ns0:href="#xpointer(//reflist/entry[@id=%222%22])" />specif<link ns0:type="simple" ns0:href="../898/5162898.xml">dynam network analysi</link><p>mani tool exist assist data captur eg onasurveyscom<weblink ns0:type="simple" ns0:href="http://www.onasurveys.com">http wwwonasurveyscom</weblink>visualis eg netdraw<weblink ns0:type="simple" ns0:href="http://www.analytictech.com/downloadnd.htm">http wwwanalytictechcomdownloadndhtm</weblink></p><sec><st>refer</st><p><reflist><entry id="1"><cite style="font-style:normal">merril jacquelin suzann bakken maxin rockoff kristin gebbi kathleen carley august<weblink ns0:type="simple" ns0:href="http://www.sciencedirect.com/science?_ob=ArticleURL _udi=B6WHD-4M2206P-1 _user=10 _coverDate=08%2F31%2F2007 _rdoc=1 _fmt= _orig=search _sort=d view=c _acct=C000050221 _version=1 _urlVersion=0 _userid=10 md5=5914571e6b45828dc7eee0495ea64564">descript method support public health inform manag organiz network analysi abstract</weblink>journal biomed informat elsevi<document wordnetid="106470073" confidence="0.8"><written_communication wordnetid="106349220" confidence="0.8"><writing wordnetid="106362953" confidence="0.8"><link ns0:type="simple" ns0:href="../994/422994.xml">doi</link></writing></written_communication></document><weblink ns0:type="simple" ns0:href="http://dx.doi.org/10.1016%2Fj.jbi.2006.09.004" />retriev<link /></cite></entry><entry id="2"><cite style="font-style:normal">merril jacquelin suzann bakken michael caldwel kathleen carley maxin rockoff<weblink ns0:type="simple" ns0:href="http://www.pubmedcentral.nih.gov/articlerender.fcgi?artid=1560595">appli organiz network analysi techniqu studi inform public health agenc summari</weblink>amia annual symposium proceed american medic infomat associ retriev<link /></cite></entry></reflist></p></sec></bdy></network></group></system></article>