<article xmlns:ns0="http://www.w3.org/1999/xlink"><physical_entity confidence="0.8" wordnetid="100001930"><person confidence="0.8" wordnetid="100007846"><worker confidence="0.8" wordnetid="109632518"><causal_agent confidence="0.8" wordnetid="100007347"><scientist confidence="0.8" wordnetid="110560637"><employee confidence="0.8" wordnetid="110053808"><header><title>han peter luhn</title><id /><revision><id /><timestamp /><contributor><username>tabotzerem</username><id /></contributor></revision><categories><category>inform scientist</category><category>birth</category><category>ibm employe</category><category>death</category></categories></header><bdy>han peter luhn<link ns0:type="simple" ns0:href="../844/15844.xml">juli</link><link ns0:type="simple" ns0:href="../668/34668.xml" /><link ns0:type="simple" ns0:href="../497/1497.xml">august</link><link ns0:type="simple" ns0:href="../550/34550.xml" />wa<link ns0:type="simple" ns0:href="../323/5323.xml">comput scientist</link><company wordnetid="108058098" confidence="0.9508927676800064"><link ns0:type="simple" ns0:href="../259/18622259.xml">ibm</link></company>creator<event wordnetid="100029378" confidence="0.8"><rule wordnetid="105846932" confidence="0.8"><act wordnetid="100030358" confidence="0.8"><psychological_feature wordnetid="100023100" confidence="0.8"><procedure wordnetid="101023820" confidence="0.8"><activity wordnetid="100407535" confidence="0.8"><algorithm wordnetid="105847438" confidence="0.8"><link ns0:type="simple" ns0:href="../440/582440.xml">luhn algorithm</link></algorithm></activity></procedure></psychological_feature></act></rule></event><link ns0:type="simple" ns0:href="../908/41908.xml">kwic</link>key word context wa award<link ns0:type="simple" ns0:href="../273/23273.xml">patent</link>han peter luhn wa born<link ns0:type="simple" ns0:href="../439/1162439.xml">barmen</link><country wordnetid="108544813" confidence="0.9508927676800064"><link ns0:type="simple" ns0:href="../867/11867.xml">germani</link></country><location wordnetid="100027167" confidence="0.9508927676800064"><link ns0:type="simple" ns0:href="../146/49146.xml">wuppert</link></location><link ns0:type="simple" ns0:href="../844/15844.xml">juli</link><link ns0:type="simple" ns0:href="../668/34668.xml" />complet secondari school luhn move switzerland learn print trade join famili busi career print wa halt servic commun offic german armi dure<conflict wordnetid="100958896" confidence="0.9508927676800064"><link ns0:type="simple" ns0:href="../461/4764461.xml">war</link></conflict>war luhn enter textil field eventu led unit invent threadcount gaug lunomet market http wwwlunometercom<p>late twenti earli forti dure time patent broad rang invent luhn work textil independ engin consult join ibm senior engin becam manag inform retriev divis</p><p>introduct field documentationinform scienc wa work problem brought ibm jame perri malcolm dyson involv search chemic compound record code form solut problem punch card overcom limit avail machin dawn comput age softwar becam surmount limit inher punch card machin</p><p>luhn spent greater greater amount time problem inform retriev storag face librari document center pioneer data process equip resolv problem luhn wa work mani basic techniqu commonplac inform scienc techniqu includ fulltext process<link>hash code</link>key word context<person wordnetid="100007846" confidence="0.9638700866880419"><link ns0:type="simple" ns0:href="../700/12556700.xml">herbert marvin ohlman</link></person>autoindex automat abstract concept select dissemin inform sdi</p><p>luhn greatest achiev idea sdi system kwic method today sdi system owe great deal paper luhn busi intellig system<weblink ns0:type="simple" ns0:href="http://www.research.ibm.com/journal/rd/024/ibmrd0204H.pdf">http</weblink>describ automat method provid current awar servic scientist engin help cope rapid postwar growth scientif technic literatur luhn appar coin term<link ns0:type="simple" ns0:href="../387/168387.xml">busi intellig</link>paper</p><sec><st>extern link</st><p><list><entry level="1" type="bullet">http</entry><entry level="1" type="bullet">http</entry><entry level="1" type="bullet">http wwwasisorgawardsaward_of_merithtml</entry><entry level="1" type="bullet">http</entry><entry level="1" type="bullet">http wwwphilfakuniduesseldorfdefachschafteninforefer</entry><entry level="1" type="bullet"><weblink ns0:type="simple" ns0:href="http://worldcat.org/identities/lccn-n86-104903">work han peter luhn</weblink>librari<link ns0:type="simple" ns0:href="../871/1339871.xml">worldcat</link>catalog</entry></list></p></sec></bdy></employee></scientist></causal_agent></worker></person></physical_entity></article>