<article xmlns:ns0="http://www.w3.org/1999/xlink"><movie confidence="0.9508927676800064" wordnetid="106613686"><header><title>overland mail</title><id /><revision><id /><timestamp /><contributor><username>adambmorgan</username><id /></contributor></revision><categories><category>film direct john rawlin</category><category>englishlanguag film</category><category>black white film</category><category>film</category><category>film direct ford beeb</category><category>american film</category><category>western film</category><category>action film</category><category>univers pictur film serial</category></categories></header><bdy><template><name>infobox film</name><parameters><image width="150px" src="" /><music><physical_entity wordnetid="100001930" confidence="0.8"><composer wordnetid="109947232" confidence="0.8"><person wordnetid="100007846" confidence="0.8"><musician wordnetid="110339966" confidence="0.8"><causal_agent wordnetid="100007347" confidence="0.8"><artist wordnetid="109812338" confidence="0.8"><creator wordnetid="109614315" confidence="0.8"><link ns0:type="simple" ns0:href="../241/4159241.xml">han salter</link></creator></artist></causal_agent></musician></person></composer></physical_entity></music><editing><link>joseph gluck</link><link>patrick kelley</link><link>loui sackin</link><link ns0:type="simple" ns0:href="../367/18630367.xml">alvin todd</link></editing><runtime>chapter min</runtime><amg_id /><director><film_director wordnetid="110088200" confidence="0.9173553029164789"><person wordnetid="100007846" confidence="0.9508927676800064"><actor wordnetid="109765278" confidence="0.9508927676800064"><link ns0:type="simple" ns0:href="../735/4327735.xml">ford beeb</link></actor></person></film_director><link ns0:type="simple" ns0:href="../294/18996294.xml">john rawlin</link></director><country><image width="25px" src="Flag_of_the_United_States.svg" /><body wordnetid="107965085" confidence="0.8"><social_group wordnetid="107950920" confidence="0.8"><political_orientation wordnetid="106212839" confidence="0.8"><colony wordnetid="108374049" confidence="0.8"><state wordnetid="108168978" confidence="0.8"><political_unit wordnetid="108359949" confidence="0.8"><group wordnetid="100031264" confidence="0.8"><democracy wordnetid="106217103" confidence="0.8"><link ns0:type="simple" ns0:href="../750/3434750.xml">unit</link></democracy></group></political_unit></state></colony></political_orientation></social_group></body></country><released><link>septemb</link><fundamental_quantity wordnetid="113575869" confidence="0.8"><time_period wordnetid="115113229" confidence="0.8"><year wordnetid="115203791" confidence="0.8"><link ns0:type="simple" ns0:href="../415/172415.xml" /></year></time_period></fundamental_quantity></released><imdb_id /><name>overland mail</name><producer><physical_entity wordnetid="100001930" confidence="0.8"><person wordnetid="100007846" confidence="0.8"><pioneer wordnetid="110434725" confidence="0.8"><leader wordnetid="109623038" confidence="0.8"><administrator wordnetid="109770949" confidence="0.8"><causal_agent wordnetid="100007347" confidence="0.8"><head wordnetid="110162991" confidence="0.8"><director wordnetid="110014939" confidence="0.8"><originator wordnetid="110383816" confidence="0.8"><creator wordnetid="109614315" confidence="0.8"><link ns0:type="simple" ns0:href="../721/4499721.xml">henri macra</link></creator></originator></director></head></causal_agent></administrator></leader></pioneer></person></physical_entity></producer><cinematography><link>georg robinson</link><link>william sickner</link></cinematography><distributor><link ns0:type="simple" ns0:href="../326/170326.xml">univers pictur</link></distributor><language><language wordnetid="106282651" confidence="0.8"><link ns0:type="simple" ns0:href="../916/8569916.xml">english</link></language></language><writer><physical_entity wordnetid="100001930" confidence="0.8"><communicator wordnetid="109610660" confidence="0.8"><person wordnetid="100007846" confidence="0.8"><causal_agent wordnetid="100007347" confidence="0.8"><writer wordnetid="110794014" confidence="0.8"><link ns0:type="simple" ns0:href="../552/2853552.xml">johnston mcculley</link></writer></causal_agent></person></communicator></physical_entity>stori<link>paul huston</link>screenplay</writer><starring><person wordnetid="100007846" confidence="0.9508927676800064"><actor wordnetid="109765278" confidence="0.9508927676800064"><link ns0:type="simple" ns0:href="../239/142239.xml">lon chaney jr</link></actor></person><person wordnetid="100007846" confidence="0.9508927676800064"><actor wordnetid="109765278" confidence="0.9173553029164789"><link ns0:type="simple" ns0:href="../807/1728807.xml">noah beeri jr</link></actor></person><person wordnetid="100007846" confidence="0.9508927676800064"><actor wordnetid="109765278" confidence="0.9173553029164789"><link ns0:type="simple" ns0:href="../592/1728592.xml">noah beeri sr</link></actor></person></starring></parameters></template>overland mail<fundamental_quantity wordnetid="113575869" confidence="0.8"><time_period wordnetid="115113229" confidence="0.8"><year wordnetid="115203791" confidence="0.8"><link ns0:type="simple" ns0:href="../415/172415.xml" /></year></time_period></fundamental_quantity><link ns0:type="simple" ns0:href="../326/170326.xml">univers</link><event wordnetid="100029378" confidence="0.8"><broadcast wordnetid="106619428" confidence="0.8"><social_event wordnetid="107288639" confidence="0.8"><show wordnetid="106619065" confidence="0.8"><serial wordnetid="106621447" confidence="0.8"><psychological_feature wordnetid="100023100" confidence="0.8"><link ns0:type="simple" ns0:href="../445/9647445.xml">movi serial</link></psychological_feature></serial></show></social_event></broadcast></event><p>wa edit film version call indian raider<fundamental_quantity wordnetid="113575869" confidence="0.8"><time_period wordnetid="115113229" confidence="0.8"><year wordnetid="115203791" confidence="0.8"><link ns0:type="simple" ns0:href="../089/172089.xml" /></year></time_period></fundamental_quantity></p><sec><st>cast</st><p><list><entry level="1" type="bullet"><person wordnetid="100007846" confidence="0.9508927676800064"><actor wordnetid="109765278" confidence="0.9508927676800064"><link ns0:type="simple" ns0:href="../239/142239.xml">lon chaney jr</link></actor></person>jim lane</entry><entry level="1" type="bullet"><physical_entity wordnetid="100001930" confidence="0.8"><person wordnetid="100007846" confidence="0.8"><performer wordnetid="110415638" confidence="0.8"><causal_agent wordnetid="100007347" confidence="0.8"><actor wordnetid="109765278" confidence="0.8"><entertainer wordnetid="109616922" confidence="0.8"><link ns0:type="simple" ns0:href="../191/6828191.xml">helen parrish</link></entertainer></actor></causal_agent></performer></person></physical_entity>barbara gilbert</entry><entry level="1" type="bullet"><person wordnetid="100007846" confidence="0.9508927676800064"><actor wordnetid="109765278" confidence="0.9173553029164789"><link ns0:type="simple" ns0:href="../807/1728807.xml">noah beeri jr</link></actor></person>sierra pete</entry><entry level="1" type="bullet"><link>don terri</link>buckskin billi burk</entry><entry level="1" type="bullet"><link>bob baker</link>bill codi</entry><entry level="1" type="bullet"><person wordnetid="100007846" confidence="0.9508927676800064"><actor wordnetid="109765278" confidence="0.9173553029164789"><link ns0:type="simple" ns0:href="../592/1728592.xml">noah beeri sr</link></actor></person>frank chadwick</entry><entry level="1" type="bullet"><person wordnetid="100007846" confidence="0.9508927676800064"><actor wordnetid="109765278" confidence="0.9508927676800064"><link ns0:type="simple" ns0:href="../917/2701917.xml">tom chatterton</link></actor></person>tom gilbert</entry><entry level="1" type="bullet"><person wordnetid="100007846" confidence="0.9508927676800064"><actor wordnetid="109765278" confidence="0.9173553029164789"><link ns0:type="simple" ns0:href="../408/14892408.xml">charl steven</link></actor></person>puma</entry><entry level="1" type="bullet"><link>robert barron</link>charl darson</entry><entry level="1" type="bullet"><physical_entity wordnetid="100001930" confidence="0.8"><person wordnetid="100007846" confidence="0.8"><performer wordnetid="110415638" confidence="0.8"><causal_agent wordnetid="100007347" confidence="0.8"><actor wordnetid="109765278" confidence="0.8"><entertainer wordnetid="109616922" confidence="0.8"><link ns0:type="simple" ns0:href="../344/16491344.xml">harri cord</link></entertainer></actor></causal_agent></performer></person></physical_entity>sam gregg henchman</entry><entry level="1" type="bullet"><physical_entity wordnetid="100001930" confidence="0.8"><person wordnetid="100007846" confidence="0.8"><performer wordnetid="110415638" confidence="0.8"><causal_agent wordnetid="100007347" confidence="0.8"><actor wordnetid="109765278" confidence="0.8"><entertainer wordnetid="109616922" confidence="0.8"><link ns0:type="simple" ns0:href="../160/4910160.xml">marguerit de la mott</link></entertainer></actor></causal_agent></performer></person></physical_entity>rose waitress</entry><entry level="1" type="bullet"><physical_entity wordnetid="100001930" confidence="0.8"><person wordnetid="100007846" confidence="0.8"><performer wordnetid="110415638" confidence="0.8"><causal_agent wordnetid="100007347" confidence="0.8"><actor wordnetid="109765278" confidence="0.8"><entertainer wordnetid="109616922" confidence="0.8"><link ns0:type="simple" ns0:href="../402/14118402.xml">ben taggart</link></entertainer></actor></causal_agent></performer></person></physical_entity>lamont</entry><entry level="1" type="bullet"><link>jack rockwel</link>slade hire gun</entry><entry level="1" type="bullet"><link>riley hill</link>mack phoney indian</entry><entry level="1" type="bullet"><physical_entity wordnetid="100001930" confidence="0.8"><person wordnetid="100007846" confidence="0.8"><performer wordnetid="110415638" confidence="0.8"><causal_agent wordnetid="100007347" confidence="0.8"><actor wordnetid="109765278" confidence="0.8"><entertainer wordnetid="109616922" confidence="0.8"><link ns0:type="simple" ns0:href="../192/7198192.xml">carleton young</link></entertainer></actor></causal_agent></performer></person></physical_entity>lem phoney indian</entry></list></p></sec><sec><st>chapter titl</st><p><list><entry level="1" type="number">race disast</entry><entry level="1" type="number">flame havoc</entry><entry level="1" type="number">menac hand</entry><entry level="1" type="number">bridg disast</entry><entry level="1" type="number">hurl depth</entry><entry level="1" type="number">death stake</entry><entry level="1" type="number">path peril</entry><entry level="1" type="number">imprison flame</entry><entry level="1" type="number">hidden danger</entry><entry level="1" type="number">blaze wagon</entry><entry level="1" type="number">trail terror</entry><entry level="1" type="number">claw cougar</entry><entry level="1" type="number">frenzi mob</entry><entry level="1" type="number">toll treacheri</entry><entry level="1" type="number">mail goe</entry></list>sourc<ref ns0:type="simple" ns0:href="#xpointer(//reflist/entry[@id=%221%22])" /></p></sec><sec><st /><p><list><entry level="1" type="bullet"><link ns0:type="simple" ns0:href="../248/5848248.xml">list film serial</link></entry><entry level="1" type="bullet"><link ns0:type="simple" ns0:href="../920/10966920.xml">list film serial studio</link></entry></list></p></sec><sec><st>refer</st><p><reflist><entry id="1"><cite style="font-style:normal" class="book">cline william filmographi nick time mcfarland compani inc isbn</cite></entry></reflist></p></sec><sec><st>extern link</st><p><list><entry level="1" type="bullet"><weblink ns0:type="simple" ns0:href="http://www.imdb.com/title/tt0035165/">overland mail</weblink><web_site wordnetid="106359193" confidence="0.9508927676800064"><link ns0:type="simple" ns0:href="../554/2855554.xml">internet movi databas</link></web_site></entry><entry level="1" type="bullet"><weblink ns0:type="simple" ns0:href="http://www.allmovie.com/cg/avg.dll?p=avg sql=1:36945">overland mail</weblink><web_site wordnetid="106359193" confidence="0.9508927676800064"><link ns0:type="simple" ns0:href="../027/1135027.xml">allmovi</link></web_site></entry></list></p><p><table style="margin:0.5em auto; font-size:95%;clear:both;" class="wikitable"><row style="text-align: center;" /><row style="text-align:center;"><col align="center" width="30%" rowspan="1">preced<movie wordnetid="106613686" confidence="0.9508927676800064"><link ns0:type="simple" ns0:href="../595/10100595.xml">junior gmen air</link></movie><link ns0:type="simple" ns0:href="../629/34629.xml" /></col><col style="text-align: center;" width="40%" rowspan="1"><link ns0:type="simple" ns0:href="../326/170326.xml">univers</link><event wordnetid="100029378" confidence="0.8"><broadcast wordnetid="106619428" confidence="0.8"><social_event wordnetid="107288639" confidence="0.8"><show wordnetid="106619065" confidence="0.8"><serial wordnetid="106621447" confidence="0.8"><psychological_feature wordnetid="100023100" confidence="0.8"><link ns0:type="simple" ns0:href="../445/9647445.xml">serial</link></psychological_feature></serial></show></social_event></broadcast></event>overland mail<link ns0:type="simple" ns0:href="../629/34629.xml" /></col><col align="center" width="30%" rowspan="1">succeed<movie wordnetid="106613686" confidence="0.9508927676800064"><link ns0:type="simple" ns0:href="../709/10166709.xml">adventur smilin jack</link></movie><link ns0:type="simple" ns0:href="../630/34630.xml" /></col></row></table></p><p><table style=";" class="navbox" cellspacing="0"><row><col style="padding:2px;"><table style="width:100%;background:transparent;color:inherit;;" class="nowraplinks collapsible collapsed " cellspacing="0"><row><header colspan="2" style=";" class="navbox-title"><company wordnetid="108058098" confidence="0.9508927676800064"><link ns0:type="simple" ns0:href="../326/170326.xml">univers</link></company><event wordnetid="100029378" confidence="0.8"><broadcast wordnetid="106619428" confidence="0.8"><social_event wordnetid="107288639" confidence="0.8"><show wordnetid="106619065" confidence="0.8"><serial wordnetid="106621447" confidence="0.8"><psychological_feature wordnetid="100023100" confidence="0.8"><link ns0:type="simple" ns0:href="../445/9647445.xml">serial</link></psychological_feature></serial></show></social_event></broadcast></event></header></row><row style="height:2px;" /><row><col colspan="2" style="width:100%;padding:0px;;;" class="navbox-list navbox-odd"><table style="width:100%;;;;" class="nowraplinks collapsible collapsed navbox-subgroup" cellspacing="0"><row><header colspan="2" style=";;" class="navbox-title">serial</header></row><row style="height:2px;" /><row><col colspan="2" style="width:100%;padding:0px;;;" class="navbox-list navbox-odd"><table style="width:100%;;;;" class="nowraplinks  navbox-subgroup" cellspacing="0"><row><col style=";padding-left:0em;padding-right:0em;width:13em;;" class="navbox-group">silent serial</col><col style="text-align:left;border-left:2px solid #fdfdfd;width:100%;padding:0px;width:auto;;;" class="navbox-list navbox-odd"><movie wordnetid="106613686" confidence="0.9508927676800064"><link ns0:type="simple" ns0:href="../157/15451157.xml">lucil love girl mysteri</link></movie><movie wordnetid="106613686" confidence="0.9508927676800064"><link ns0:type="simple" ns0:href="../129/15452129.xml">master key</link></movie><movie wordnetid="106613686" confidence="0.9508927676800064"><link ns0:type="simple" ns0:href="../336/15452336.xml">trey heart</link></movie><movie wordnetid="106613686" confidence="0.9508927676800064"><link ns0:type="simple" ns0:href="../363/15468363.xml">black box</link></movie><movie wordnetid="106613686" confidence="0.9508927676800064"><link ns0:type="simple" ns0:href="../016/15485016.xml">broken coin</link></movie><movie wordnetid="106613686" confidence="0.9508927676800064"><link ns0:type="simple" ns0:href="../810/13462810.xml">graft</link></movie><movie wordnetid="106613686" confidence="0.9508927676800064"><link ns0:type="simple" ns0:href="../299/15485299.xml">crescent</link></movie><movie wordnetid="106613686" confidence="0.9508927676800064"><link ns0:type="simple" ns0:href="../976/15485976.xml">adventur peg ring</link></movie><movie wordnetid="106613686" confidence="0.9508927676800064"><link ns0:type="simple" ns0:href="../188/15502188.xml">liberti</link></movie><movie wordnetid="106613686" confidence="0.9508927676800064"><link ns0:type="simple" ns0:href="../906/15502906.xml">mysteri ship</link></movie><movie wordnetid="106613686" confidence="0.9508927676800064"><link ns0:type="simple" ns0:href="../250/15503250.xml">red ace</link></movie><movie wordnetid="106613686" confidence="0.9508927676800064"><link ns0:type="simple" ns0:href="../552/15503552.xml">gray ghost</link></movie><movie wordnetid="106613686" confidence="0.9508927676800064"><link ns0:type="simple" ns0:href="../189/15022189.xml">voic wire</link></movie><movie wordnetid="106613686" confidence="0.9508927676800064"><link ns0:type="simple" ns0:href="../276/15521276.xml">brass bullet</link></movie><movie wordnetid="106613686" confidence="0.9508927676800064"><link ns0:type="simple" ns0:href="../824/15521824.xml">bull eye</link></movie><movie wordnetid="106613686" confidence="0.9508927676800064"><link ns0:type="simple" ns0:href="../257/15539257.xml">lion claw</link></movie><movie wordnetid="106613686" confidence="0.9508927676800064"><link ns0:type="simple" ns0:href="../662/15539662.xml">lure circu</link></movie><movie wordnetid="106613686" confidence="0.9508927676800064"><link ns0:type="simple" ns0:href="../165/15540165.xml">red glove</link></movie><movie wordnetid="106613686" confidence="0.9508927676800064"><link ns0:type="simple" ns0:href="../613/15540613.xml">great radium mysteri</link></movie><movie wordnetid="106613686" confidence="0.9508927676800064"><link ns0:type="simple" ns0:href="../961/15540961.xml">lion man</link></movie><movie wordnetid="106613686" confidence="0.9508927676800064"><link ns0:type="simple" ns0:href="../861/15551861.xml">midnight man</link></movie><movie wordnetid="106613686" confidence="0.9508927676800064"><link ns0:type="simple" ns0:href="../087/15552087.xml">flame disc</link></movie><movie wordnetid="106613686" confidence="0.9508927676800064"><link ns0:type="simple" ns0:href="../271/15552271.xml">moon rider</link></movie><movie wordnetid="106613686" confidence="0.9508927676800064"><link ns0:type="simple" ns0:href="../221/15553221.xml">king circu</link></movie><movie wordnetid="106613686" confidence="0.9508927676800064"><link ns0:type="simple" ns0:href="../326/15553326.xml">vanish dagger</link></movie><movie wordnetid="106613686" confidence="0.9508927676800064"><link ns0:type="simple" ns0:href="../439/15553439.xml">dragon net</link></movie><movie wordnetid="106613686" confidence="0.9508927676800064"><link ns0:type="simple" ns0:href="../557/15553557.xml">diamond queen</link></movie><movie wordnetid="106613686" confidence="0.9508927676800064"><link ns0:type="simple" ns0:href="../691/15553691.xml">die</link></movie><movie wordnetid="106613686" confidence="0.9508927676800064"><link ns0:type="simple" ns0:href="../222/15554222.xml">secret</link></movie><movie wordnetid="106613686" confidence="0.9508927676800064"><link ns0:type="simple" ns0:href="../498/15554498.xml">terror trail</link></movie><movie wordnetid="106613686" confidence="0.9508927676800064"><link ns0:type="simple" ns0:href="../399/15557399.xml">white horseman</link></movie><movie wordnetid="106613686" confidence="0.9508927676800064"><link ns0:type="simple" ns0:href="../536/15557536.xml">winner west</link></movie><movie wordnetid="106613686" confidence="0.9508927676800064"><link ns0:type="simple" ns0:href="../915/15566915.xml">adventur robinson cruso</link></movie><movie wordnetid="106613686" confidence="0.9508927676800064"><link ns0:type="simple" ns0:href="../100/15567100.xml">day buffalo bill</link></movie><movie wordnetid="106613686" confidence="0.9508927676800064"><link ns0:type="simple" ns0:href="../336/15567336.xml">peril yukon</link></movie><movie wordnetid="106613686" confidence="0.9508927676800064"><link ns0:type="simple" ns0:href="../422/15569422.xml">radio king</link></movie><movie wordnetid="106613686" confidence="0.9508927676800064"><link ns0:type="simple" ns0:href="../689/15569689.xml">stanley africa</link></movie><movie wordnetid="106613686" confidence="0.9508927676800064"><link ns0:type="simple" ns0:href="../065/15570065.xml">eighteen day</link></movie><movie wordnetid="106613686" confidence="0.9508927676800064"><link ns0:type="simple" ns0:href="../784/15572784.xml">beast paradis</link></movie><movie wordnetid="106613686" confidence="0.9508927676800064"><link ns0:type="simple" ns0:href="../444/15573444.xml">eagl talon</link></movie><movie wordnetid="106613686" confidence="0.9508927676800064"><link ns0:type="simple" ns0:href="../998/15573998.xml">ghost citi</link></movie><movie wordnetid="106613686" confidence="0.9508927676800064"><link ns0:type="simple" ns0:href="../273/15574273.xml">day daniel boon</link></movie><movie wordnetid="106613686" confidence="0.9508927676800064"><link ns0:type="simple" ns0:href="../861/15574861.xml">oregon trail</link></movie><movie wordnetid="106613686" confidence="0.9508927676800064"><link ns0:type="simple" ns0:href="../495/15591495.xml">phantom fortun</link></movie><movie wordnetid="106613686" confidence="0.9508927676800064"><link ns0:type="simple" ns0:href="../033/15592033.xml">social buccan</link></movie><movie wordnetid="106613686" confidence="0.9508927676800064"><link ns0:type="simple" ns0:href="../492/15592492.xml">steel trail</link></movie><movie wordnetid="106613686" confidence="0.9508927676800064"><link ns0:type="simple" ns0:href="../801/15592801.xml">fast express</link></movie><movie wordnetid="106613686" confidence="0.9508927676800064"><link ns0:type="simple" ns0:href="../228/15593228.xml">fight ranger</link></movie><movie wordnetid="106613686" confidence="0.9508927676800064"><link ns0:type="simple" ns0:href="../575/15610575.xml">iron man</link></movie><movie wordnetid="106613686" confidence="0.9508927676800064"><link ns0:type="simple" ns0:href="../896/15610896.xml">riddl rider</link></movie><movie wordnetid="106613686" confidence="0.9508927676800064"><link ns0:type="simple" ns0:href="../153/15611153.xml">wolv north</link></movie><movie wordnetid="106613686" confidence="0.9508927676800064"><link ns0:type="simple" ns0:href="../010/15627010.xml">ace spade</link></movie><movie wordnetid="106613686" confidence="0.9508927676800064"><link ns0:type="simple" ns0:href="../990/15642990.xml">great circu mysteri</link></movie><movie wordnetid="106613686" confidence="0.9508927676800064"><link ns0:type="simple" ns0:href="../769/15658769.xml">scarlet streak</link></movie><movie wordnetid="106613686" confidence="0.9508927676800064"><link ns0:type="simple" ns0:href="../922/15658922.xml">fight buffalo bill</link></movie><movie wordnetid="106613686" confidence="0.9508927676800064"><link ns0:type="simple" ns0:href="../424/15668424.xml">string steel</link></movie><movie wordnetid="106613686" confidence="0.9508927676800064"><link ns0:type="simple" ns0:href="../492/15668492.xml">wink idol</link></movie><movie wordnetid="106613686" confidence="0.9508927676800064"><link ns0:type="simple" ns0:href="../683/15668683.xml">blake scotland yard</link></movie><movie wordnetid="106613686" confidence="0.9508927676800064"><link ns0:type="simple" ns0:href="../842/15668842.xml">fire fighter</link></movie><movie wordnetid="106613686" confidence="0.9508927676800064"><link ns0:type="simple" ns0:href="../932/15668932.xml">return riddl rider</link></movie><movie wordnetid="106613686" confidence="0.9508927676800064"><link ns0:type="simple" ns0:href="../017/15669017.xml">trail tiger</link></movie><movie wordnetid="106613686" confidence="0.9508927676800064"><link ns0:type="simple" ns0:href="../605/15669605.xml">whisper smith ride</link></movie><movie wordnetid="106613686" confidence="0.9508927676800064"><link ns0:type="simple" ns0:href="../036/15670036.xml">haunt island</link></movie><movie wordnetid="106613686" confidence="0.9508927676800064"><link ns0:type="simple" ns0:href="../271/15670271.xml">tarzan mighti</link></movie><movie wordnetid="106613686" confidence="0.9508927676800064"><link ns0:type="simple" ns0:href="../472/15670472.xml">vanish rider</link></movie><movie wordnetid="106613686" confidence="0.9508927676800064"><link ns0:type="simple" ns0:href="../545/15670545.xml">diamond master</link></movie><movie wordnetid="106613686" confidence="0.9508927676800064"><link ns0:type="simple" ns0:href="../656/15670656.xml">final reckon</link></movie><movie wordnetid="106613686" confidence="0.9508927676800064"><link ns0:type="simple" ns0:href="../804/15670804.xml">pirat panama</link></movie></col></row><row style="height:2px" /><row><col style=";padding-left:0em;padding-right:0em;width:13em;;" class="navbox-group">partsound serial</col><col style="text-align:left;border-left:2px solid #fdfdfd;width:100%;padding:0px;width:auto;;;" class="navbox-list navbox-even"><movie wordnetid="106613686" confidence="0.9508927676800064"><link ns0:type="simple" ns0:href="../369/9595369.xml">ace scotland yard</link></movie><movie wordnetid="106613686" confidence="0.9508927676800064"><link ns0:type="simple" ns0:href="../212/9877212.xml">tarzan tiger</link></movie><movie wordnetid="106613686" confidence="0.9508927676800064"><link ns0:type="simple" ns0:href="../310/9877310.xml">jade box</link></movie><movie wordnetid="106613686" confidence="0.9508927676800064"><link ns0:type="simple" ns0:href="../373/9877373.xml">lightn express</link></movie><movie wordnetid="106613686" confidence="0.9508927676800064"><link ns0:type="simple" ns0:href="../595/9877595.xml">terri time</link></movie><movie wordnetid="106613686" confidence="0.9508927676800064"><link ns0:type="simple" ns0:href="../839/9877839.xml">indian</link></movie></col></row><row style="height:2px" /><row><col style=";padding-left:0em;padding-right:0em;width:13em;;" class="navbox-group">prewar sound serial</col><col style="text-align:left;border-left:2px solid #fdfdfd;width:100%;padding:0px;width:auto;;;" class="navbox-list navbox-odd"><movie wordnetid="106613686" confidence="0.9508927676800064"><link ns0:type="simple" ns0:href="../930/9877930.xml">finger print</link></movie><movie wordnetid="106613686" confidence="0.9508927676800064"><link ns0:type="simple" ns0:href="../064/9878064.xml">hero flame</link></movie><movie wordnetid="106613686" confidence="0.9508927676800064"><link ns0:type="simple" ns0:href="../541/4570541.xml">danger island</link></movie><movie wordnetid="106613686" confidence="0.9508927676800064"><link ns0:type="simple" ns0:href="../550/9916550.xml">battl buffalo bill</link></movie><movie wordnetid="106613686" confidence="0.9508927676800064"><link ns0:type="simple" ns0:href="../623/9916623.xml">spell circu</link></movie><movie wordnetid="106613686" confidence="0.9508927676800064"><link ns0:type="simple" ns0:href="../906/9916906.xml">detect lloyd</link></movie><movie wordnetid="106613686" confidence="0.9508927676800064"><link ns0:type="simple" ns0:href="../995/9916995.xml">airmail mysteri</link></movie><movie wordnetid="106613686" confidence="0.9508927676800064"><link ns0:type="simple" ns0:href="../044/9917044.xml">hero west</link></movie><movie wordnetid="106613686" confidence="0.9508927676800064"><link ns0:type="simple" ns0:href="../194/9917194.xml">jungl mysteri</link></movie><movie wordnetid="106613686" confidence="0.9508927676800064"><link ns0:type="simple" ns0:href="../327/9917327.xml">lost special</link></movie><movie wordnetid="106613686" confidence="0.9508927676800064"><link ns0:type="simple" ns0:href="../462/9917462.xml">clanci mount</link></movie><movie wordnetid="106613686" confidence="0.9508927676800064"><link ns0:type="simple" ns0:href="../264/9936264.xml">phantom air</link></movie><movie wordnetid="106613686" confidence="0.9508927676800064"><link ns0:type="simple" ns0:href="../436/9936436.xml">gordon ghost citi</link></movie><movie wordnetid="106613686" confidence="0.9508927676800064"><link ns0:type="simple" ns0:href="../797/15672797.xml">peril paulin</link></movie><movie wordnetid="106613686" confidence="0.9508927676800064"><link ns0:type="simple" ns0:href="../509/9936509.xml">pirat treasur</link></movie><movie wordnetid="106613686" confidence="0.9508927676800064"><link ns0:type="simple" ns0:href="../760/9952760.xml">vanish shadow</link></movie><movie wordnetid="106613686" confidence="0.9508927676800064"><link ns0:type="simple" ns0:href="../851/9952851.xml">red rider</link></movie><movie wordnetid="106613686" confidence="0.9508927676800064"><link ns0:type="simple" ns0:href="../965/9952965.xml">tailspin tommi</link></movie><movie wordnetid="106613686" confidence="0.9508927676800064"><link ns0:type="simple" ns0:href="../734/9959734.xml">rustler red dog</link></movie><movie wordnetid="106613686" confidence="0.9508927676800064"><link ns0:type="simple" ns0:href="../860/9959860.xml">call savag</link></movie><movie wordnetid="106613686" confidence="0.9508927676800064"><link ns0:type="simple" ns0:href="../947/9959947.xml">roar west</link></movie><movie wordnetid="106613686" confidence="0.9508927676800064"><link ns0:type="simple" ns0:href="../044/9960044.xml">tailspin tommi great air mysteri</link></movie><movie wordnetid="106613686" confidence="0.9508927676800064"><link ns0:type="simple" ns0:href="../186/9960186.xml">adventur frank merriwel</link></movie><movie wordnetid="106613686" confidence="0.9508927676800064"><link ns0:type="simple" ns0:href="../471/73471.xml">flash gordon</link></movie><movie wordnetid="106613686" confidence="0.9508927676800064"><link ns0:type="simple" ns0:href="../009/10017009.xml">phantom rider</link></movie><movie wordnetid="106613686" confidence="0.9508927676800064"><link ns0:type="simple" ns0:href="../182/5627182.xml">ace drummond</link></movie><movie wordnetid="106613686" confidence="0.9508927676800064"><link ns0:type="simple" ns0:href="../712/10056712.xml">jungl jim</link></movie><movie wordnetid="106613686" confidence="0.9508927676800064"><link ns0:type="simple" ns0:href="../858/10056858.xml">secret agent</link></movie><movie wordnetid="106613686" confidence="0.9508927676800064"><link ns0:type="simple" ns0:href="../983/10069983.xml">wild west day</link></movie><movie wordnetid="106613686" confidence="0.9508927676800064"><link ns0:type="simple" ns0:href="../316/10072316.xml">radio patrol</link></movie><movie wordnetid="106613686" confidence="0.9508927676800064"><link ns0:type="simple" ns0:href="../466/10072466.xml">tim tyler luck</link></movie><movie wordnetid="106613686" confidence="0.9508927676800064"><link ns0:type="simple" ns0:href="../087/1029087.xml">flash gordon trip mar</link></movie><movie wordnetid="106613686" confidence="0.9508927676800064"><link ns0:type="simple" ns0:href="../671/10072671.xml">flame frontier</link></movie><movie wordnetid="106613686" confidence="0.9508927676800064"><link ns0:type="simple" ns0:href="../803/10072803.xml">red barri</link></movie><movie wordnetid="106613686" confidence="0.9508927676800064"><link ns0:type="simple" ns0:href="../963/10072963.xml">scout rescu</link></movie><movie wordnetid="106613686" confidence="0.9508927676800064"><link ns0:type="simple" ns0:href="../763/10090763.xml">buck roger</link></movie><movie wordnetid="106613686" confidence="0.9508927676800064"><link ns0:type="simple" ns0:href="../939/10090939.xml">oregon trail</link></movie><movie wordnetid="106613686" confidence="0.9508927676800064"><link ns0:type="simple" ns0:href="../441/6365441.xml">phantom creep</link></movie><movie wordnetid="106613686" confidence="0.9508927676800064"><link ns0:type="simple" ns0:href="../427/10091427.xml">green hornet</link></movie><movie wordnetid="106613686" confidence="0.9508927676800064"><link ns0:type="simple" ns0:href="../242/770242.xml">flash gordon conquer univers</link></movie><movie wordnetid="106613686" confidence="0.9508927676800064"><link ns0:type="simple" ns0:href="../436/10140436.xml">winner west</link></movie><movie wordnetid="106613686" confidence="0.9508927676800064"><link ns0:type="simple" ns0:href="../541/10140541.xml">junior gmen</link></movie><link ns0:type="simple" ns0:href="../793/10140793.xml">green hornet strike</link><movie wordnetid="106613686" confidence="0.9508927676800064"><link ns0:type="simple" ns0:href="../847/10140847.xml">sky raider</link></movie><movie wordnetid="106613686" confidence="0.9508927676800064"><link ns0:type="simple" ns0:href="../543/10160543.xml">rider death valley</link></movie><movie wordnetid="106613686" confidence="0.9508927676800064"><link ns0:type="simple" ns0:href="../615/10160615.xml">sea raider</link></movie></col></row><row style="height:2px" /><row><col style=";padding-left:0em;padding-right:0em;width:13em;;" class="navbox-group">wartim serial</col><col style="text-align:left;border-left:2px solid #fdfdfd;width:100%;padding:0px;width:auto;;;" class="navbox-list navbox-even"><movie wordnetid="106613686" confidence="0.9508927676800064"><link ns0:type="simple" ns0:href="../677/10160677.xml">don winslow navi</link></movie><movie wordnetid="106613686" confidence="0.9508927676800064"><link ns0:type="simple" ns0:href="../220/10166220.xml">gang buster</link></movie><movie wordnetid="106613686" confidence="0.9508927676800064"><link ns0:type="simple" ns0:href="../595/10100595.xml">junior gmen air</link></movie><movie wordnetid="106613686" confidence="0.9508927676800064"><link ns0:type="simple" ns0:href="../432/10166432.xml">overland mail</link></movie><movie wordnetid="106613686" confidence="0.9508927676800064"><link ns0:type="simple" ns0:href="../709/10166709.xml">adventur smilin jack</link></movie><movie wordnetid="106613686" confidence="0.9508927676800064"><link ns0:type="simple" ns0:href="../506/10182506.xml">don winslow coast guard</link></movie><movie wordnetid="106613686" confidence="0.9508927676800064"><link ns0:type="simple" ns0:href="../619/10182619.xml">adventur fli cadet</link></movie><movie wordnetid="106613686" confidence="0.9508927676800064"><link ns0:type="simple" ns0:href="../905/5926905.xml">great alaskan mysteri</link></movie><movie wordnetid="106613686" confidence="0.9508927676800064"><link ns0:type="simple" ns0:href="../553/10198553.xml">raider ghost citi</link></movie><movie wordnetid="106613686" confidence="0.9508927676800064"><link ns0:type="simple" ns0:href="../387/10202387.xml">mysteri river boat</link></movie><movie wordnetid="106613686" confidence="0.9508927676800064"><link ns0:type="simple" ns0:href="../522/10202522.xml">jungl queen</link></movie><movie wordnetid="106613686" confidence="0.9508927676800064"><link ns0:type="simple" ns0:href="../660/10202660.xml">master key</link></movie><movie wordnetid="106613686" confidence="0.9508927676800064"><link ns0:type="simple" ns0:href="../862/10202862.xml">secret agent</link></movie></col></row><row style="height:2px" /><row><col style=";padding-left:0em;padding-right:0em;width:13em;;" class="navbox-group">postwar serial</col><col style="text-align:left;border-left:2px solid #fdfdfd;width:100%;padding:0px;width:auto;;;" class="navbox-list navbox-odd"><movie wordnetid="106613686" confidence="0.9508927676800064"><link ns0:type="simple" ns0:href="../962/10202962.xml">royal mount ride</link></movie><movie wordnetid="106613686" confidence="0.9508927676800064"><link ns0:type="simple" ns0:href="../043/10203043.xml">scarlet horseman</link></movie><movie wordnetid="106613686" confidence="0.9508927676800064"><link ns0:type="simple" ns0:href="../123/10203123.xml">lost citi jungl</link></movie><movie wordnetid="106613686" confidence="0.9508927676800064"><link ns0:type="simple" ns0:href="../219/10203219.xml">mysteri mr</link></movie></col></row></table></col></row></table></col></row><row style="height:2px" /><row><col colspan="2" style="width:100%;padding:0px;;;" class="navbox-list navbox-even"><table style="width:100%;;;;" class="nowraplinks collapsible collapsed navbox-subgroup" cellspacing="0"><row><header colspan="2" style=";;" class="navbox-title">peopl</header></row><row style="height:2px;" /><row><col colspan="2" style="width:100%;padding:0px;;;" class="navbox-list navbox-odd"><table style="width:100%;;;;" class="nowraplinks  navbox-subgroup" cellspacing="0"><row><col style=";padding-left:0em;padding-right:0em;width:13em;;" class="navbox-group">actor actress</col><col style="text-align:left;border-left:2px solid #fdfdfd;width:100%;padding:0px;width:auto;;;" class="navbox-list navbox-odd"><physical_entity wordnetid="100001930" confidence="0.8"><person wordnetid="100007846" confidence="0.8"><contestant wordnetid="109613191" confidence="0.8"><intellectual wordnetid="109621545" confidence="0.8"><winner wordnetid="110782940" confidence="0.8"><actor wordnetid="109765278" confidence="0.8"><swimmer wordnetid="110683349" confidence="0.8"><alumnus wordnetid="109786338" confidence="0.8"><performer wordnetid="110415638" confidence="0.8"><causal_agent wordnetid="100007347" confidence="0.8"><athlete wordnetid="109820263" confidence="0.8"><entertainer wordnetid="109616922" confidence="0.8"><medalist wordnetid="110305062" confidence="0.8"><scholar wordnetid="110557854" confidence="0.8"><link ns0:type="simple" ns0:href="../021/177021.xml">buster crabb</link></scholar></medalist></entertainer></athlete></causal_agent></performer></alumnus></swimmer></actor></winner></intellectual></contestant></person></physical_entity><physical_entity wordnetid="100001930" confidence="0.8"><person wordnetid="100007846" confidence="0.8"><performer wordnetid="110415638" confidence="0.8"><causal_agent wordnetid="100007347" confidence="0.8"><actor wordnetid="109765278" confidence="0.8"><entertainer wordnetid="109616922" confidence="0.8"><link ns0:type="simple" ns0:href="../048/4459048.xml">priscilla lawson</link></entertainer></actor></causal_agent></performer></person></physical_entity><link>bla lugosi</link><physical_entity wordnetid="100001930" confidence="0.8"><person wordnetid="100007846" confidence="0.8"><performer wordnetid="110415638" confidence="0.8"><causal_agent wordnetid="100007347" confidence="0.8"><actor wordnetid="109765278" confidence="0.8"><entertainer wordnetid="109616922" confidence="0.8"><link ns0:type="simple" ns0:href="../141/7453141.xml">frank merril</link></entertainer></actor></causal_agent></performer></person></physical_entity><actor wordnetid="109765278" confidence="0.9508927676800064"><link ns0:type="simple" ns0:href="../146/2634146.xml">charl middleton</link></actor><person wordnetid="100007846" confidence="0.9508927676800064"><actor wordnetid="109765278" confidence="0.9508927676800064"><link ns0:type="simple" ns0:href="../244/2453244.xml">jean roger</link></actor></person><actor wordnetid="109765278" confidence="0.9173553029164789"><link ns0:type="simple" ns0:href="../570/9089570.xml">frank shannon</link></actor></col></row><row style="height:2px" /><row><col style=";padding-left:0em;padding-right:0em;width:13em;;" class="navbox-group">product crew</col><col style="text-align:left;border-left:2px solid #fdfdfd;width:100%;padding:0px;width:auto;;;" class="navbox-list navbox-even"><film_director wordnetid="110088200" confidence="0.9173553029164789"><person wordnetid="100007846" confidence="0.9508927676800064"><actor wordnetid="109765278" confidence="0.9508927676800064"><link ns0:type="simple" ns0:href="../735/4327735.xml">ford beeb</link></actor></person></film_director><physical_entity wordnetid="100001930" confidence="0.8"><person wordnetid="100007846" confidence="0.8"><leader wordnetid="109623038" confidence="0.8"><administrator wordnetid="109770949" confidence="0.8"><causal_agent wordnetid="100007347" confidence="0.8"><head wordnetid="110162991" confidence="0.8"><director wordnetid="110014939" confidence="0.8"><link ns0:type="simple" ns0:href="../132/8692132.xml">lewi collin</link></director></head></causal_agent></administrator></leader></person></physical_entity><person wordnetid="100007846" confidence="0.9508927676800064"><screenwriter wordnetid="110564400" confidence="0.9173553029164789"><actor wordnetid="109765278" confidence="0.9508927676800064"><link ns0:type="simple" ns0:href="../326/8775326.xml">robert hill</link></actor></screenwriter></person><physical_entity wordnetid="100001930" confidence="0.8"><person wordnetid="100007846" confidence="0.8"><leader wordnetid="109623038" confidence="0.8"><administrator wordnetid="109770949" confidence="0.8"><causal_agent wordnetid="100007347" confidence="0.8"><head wordnetid="110162991" confidence="0.8"><director wordnetid="110014939" confidence="0.8"><link ns0:type="simple" ns0:href="../046/3173046.xml">lew lander</link></director></head></causal_agent></administrator></leader></person></physical_entity><physical_entity wordnetid="100001930" confidence="0.8"><person wordnetid="100007846" confidence="0.8"><pioneer wordnetid="110434725" confidence="0.8"><leader wordnetid="109623038" confidence="0.8"><administrator wordnetid="109770949" confidence="0.8"><causal_agent wordnetid="100007347" confidence="0.8"><head wordnetid="110162991" confidence="0.8"><director wordnetid="110014939" confidence="0.8"><originator wordnetid="110383816" confidence="0.8"><creator wordnetid="109614315" confidence="0.8"><link ns0:type="simple" ns0:href="../721/4499721.xml">henri macra</link></creator></originator></director></head></causal_agent></administrator></leader></pioneer></person></physical_entity><physical_entity wordnetid="100001930" confidence="0.8"><person wordnetid="100007846" confidence="0.8"><actor wordnetid="109765278" confidence="0.8"><scriptwriter wordnetid="110564905" confidence="0.8"><director wordnetid="110014939" confidence="0.8"><communicator wordnetid="109610660" confidence="0.8"><administrator wordnetid="109770949" confidence="0.8"><leader wordnetid="109623038" confidence="0.8"><performer wordnetid="110415638" confidence="0.8"><causal_agent wordnetid="100007347" confidence="0.8"><screenwriter wordnetid="110564400" confidence="0.8"><writer wordnetid="110794014" confidence="0.8"><head wordnetid="110162991" confidence="0.8"><entertainer wordnetid="109616922" confidence="0.8"><link ns0:type="simple" ns0:href="../353/2649353.xml">mcgowan</link></entertainer></head></writer></screenwriter></causal_agent></performer></leader></administrator></communicator></director></scriptwriter></actor></person></physical_entity><person wordnetid="100007846" confidence="0.9508927676800064"><screenwriter wordnetid="110564400" confidence="0.9173553029164789"><actor wordnetid="109765278" confidence="0.9508927676800064"><link ns0:type="simple" ns0:href="../160/9092160.xml">georg plympton</link></actor></screenwriter></person><link>clifford smith</link><film_director wordnetid="110088200" confidence="0.9173553029164789"><actor wordnetid="109765278" confidence="0.9508927676800064"><link ns0:type="simple" ns0:href="../471/14246471.xml">ray taylor</link></actor></film_director></col></row></table></col></row></table></col></row><row style="height:2px" /><row><col colspan="2" style="width:100%;padding:0px;;;" class="navbox-list navbox-odd"><table style="width:100%;;;;" class="nowraplinks collapsible collapsed navbox-subgroup" cellspacing="0"><row><header colspan="2" style=";;" class="navbox-title" /></row><row style="height:2px;" /><row><col colspan="2" style="width:100%;padding:0px;;;" class="navbox-list navbox-odd"><event wordnetid="100029378" confidence="0.8"><broadcast wordnetid="106619428" confidence="0.8"><social_event wordnetid="107288639" confidence="0.8"><show wordnetid="106619065" confidence="0.8"><serial wordnetid="106621447" confidence="0.8"><psychological_feature wordnetid="100023100" confidence="0.8"><link ns0:type="simple" ns0:href="../445/9647445.xml">film serial</link></psychological_feature></serial></show></social_event></broadcast></event><link ns0:type="simple" ns0:href="../248/5848248.xml">list film serial</link><link ns0:type="simple" ns0:href="../920/10966920.xml">list film serial studio</link></col></row></table></col></row></table></col></row></table></p><p><table style=";" class="navbox" cellspacing="0"><row><col style="padding:2px;"><table style="width:100%;background:transparent;color:inherit;;" class="nowraplinks collapsible collapsed " cellspacing="0"><row><header colspan="2" style=";" class="navbox-title"><image width="16px" src="United_States_film.png" /><link ns0:type="simple" ns0:href="../199/8312199.xml">american film year</link></header></row><row style="height:2px;" /><row><col colspan="2" style=";" class="navbox-abovebelow">american actorsactor american film directorsdirector american animationanim american cinematographerscinematograph american film score composerscompos american film editorseditor american filmsfilm az american film producersproduc american screenwritersscreenwrit</col></row><row style="height:2px;" /><row><col colspan="2" style="width:100%;padding:0px;;;" class="navbox-list navbox-odd"><link ns0:type="simple" ns0:href="../140/11720140.xml" /><link ns0:type="simple" ns0:href="../114/11858114.xml" /><link ns0:type="simple" ns0:href="../126/11858126.xml" /><link ns0:type="simple" ns0:href="../129/11858129.xml" /><link ns0:type="simple" ns0:href="../319/14527319.xml" /><link ns0:type="simple" ns0:href="../338/14527338.xml" /><link ns0:type="simple" ns0:href="../139/11858139.xml" /><link ns0:type="simple" ns0:href="../143/11858143.xml" /><link ns0:type="simple" ns0:href="../146/11858146.xml" /><link ns0:type="simple" ns0:href="../150/11858150.xml" /><link ns0:type="simple" ns0:href="../153/11858153.xml" /><link ns0:type="simple" ns0:href="../157/11858157.xml" /><link ns0:type="simple" ns0:href="../158/11858158.xml" /><link ns0:type="simple" ns0:href="../160/11858160.xml" /><link ns0:type="simple" ns0:href="../163/11858163.xml" /><link ns0:type="simple" ns0:href="../165/11858165.xml" /><link ns0:type="simple" ns0:href="../171/11858171.xml" /><link ns0:type="simple" ns0:href="../173/11858173.xml" /><link ns0:type="simple" ns0:href="../706/11393706.xml" /><link ns0:type="simple" ns0:href="../674/11393674.xml" /><link ns0:type="simple" ns0:href="../619/11393619.xml" /><link ns0:type="simple" ns0:href="../135/11393135.xml" /><link ns0:type="simple" ns0:href="../160/11393160.xml" /><link ns0:type="simple" ns0:href="../197/11393197.xml" /><link ns0:type="simple" ns0:href="../245/11393245.xml" /><link ns0:type="simple" ns0:href="../279/11393279.xml" /><link ns0:type="simple" ns0:href="../316/11393316.xml" /><link ns0:type="simple" ns0:href="../384/11393384.xml" /><link ns0:type="simple" ns0:href="../422/11393422.xml" /><link ns0:type="simple" ns0:href="../460/11393460.xml" /><link ns0:type="simple" ns0:href="../501/11393501.xml" /><link ns0:type="simple" ns0:href="../323/11359323.xml" /><link ns0:type="simple" ns0:href="../240/11360240.xml" /><link ns0:type="simple" ns0:href="../560/11360560.xml" /><link ns0:type="simple" ns0:href="../651/11360651.xml" /><link ns0:type="simple" ns0:href="../772/11360772.xml" /><link ns0:type="simple" ns0:href="../834/11360834.xml" /><link ns0:type="simple" ns0:href="../277/11363277.xml" /><link ns0:type="simple" ns0:href="../353/11363353.xml" /><link ns0:type="simple" ns0:href="../383/11363383.xml" /><link ns0:type="simple" ns0:href="../439/11363439.xml" /><link ns0:type="simple" ns0:href="../420/11394420.xml" /><link ns0:type="simple" ns0:href="../265/11572265.xml" /><link ns0:type="simple" ns0:href="../739/11572739.xml" /><link ns0:type="simple" ns0:href="../281/11573281.xml" /><link ns0:type="simple" ns0:href="../404/11715404.xml" /><link ns0:type="simple" ns0:href="../056/11716056.xml" /><link ns0:type="simple" ns0:href="../610/11716610.xml" /><link ns0:type="simple" ns0:href="../174/11717174.xml" /><link ns0:type="simple" ns0:href="../433/11717433.xml" /><link ns0:type="simple" ns0:href="../666/11717666.xml" /><link ns0:type="simple" ns0:href="../184/11718184.xml" /><link ns0:type="simple" ns0:href="../471/11718471.xml" /><link ns0:type="simple" ns0:href="../628/11718628.xml" /><link ns0:type="simple" ns0:href="../147/11719147.xml" /><link ns0:type="simple" ns0:href="../423/11719423.xml" /><link ns0:type="simple" ns0:href="../528/11858528.xml" /><link ns0:type="simple" ns0:href="../311/11729311.xml" /><link ns0:type="simple" ns0:href="../985/11727985.xml" /><link ns0:type="simple" ns0:href="../979/11729979.xml" /><link ns0:type="simple" ns0:href="../751/11719751.xml" /><link ns0:type="simple" ns0:href="../177/11728177.xml" /><link ns0:type="simple" ns0:href="../519/11858519.xml" /><link ns0:type="simple" ns0:href="../701/11727701.xml" /><link ns0:type="simple" ns0:href="../520/11858520.xml" /><link ns0:type="simple" ns0:href="../730/11729730.xml" /><link ns0:type="simple" ns0:href="../957/11721957.xml" /><link ns0:type="simple" ns0:href="../380/11728380.xml" /><link ns0:type="simple" ns0:href="../811/11727811.xml" /><link ns0:type="simple" ns0:href="../630/11728630.xml" /><link ns0:type="simple" ns0:href="../316/11721316.xml" /><link ns0:type="simple" ns0:href="../496/11858496.xml" /><link ns0:type="simple" ns0:href="../606/11729606.xml" /><link ns0:type="simple" ns0:href="../333/11727333.xml" /><link ns0:type="simple" ns0:href="../665/11730665.xml" /><link ns0:type="simple" ns0:href="../212/11729212.xml" /><link ns0:type="simple" ns0:href="../101/11728101.xml" /><link ns0:type="simple" ns0:href="../524/11858524.xml" /><link ns0:type="simple" ns0:href="../923/11729923.xml" /><link ns0:type="simple" ns0:href="../527/11858527.xml" /><link ns0:type="simple" ns0:href="../262/11728262.xml" /><link ns0:type="simple" ns0:href="../517/11858517.xml" /><link ns0:type="simple" ns0:href="../513/11858513.xml" /><link ns0:type="simple" ns0:href="../476/11729476.xml" /><link ns0:type="simple" ns0:href="../511/11858511.xml" /><link ns0:type="simple" ns0:href="../508/11858508.xml" /><link ns0:type="simple" ns0:href="../920/11726920.xml" /><link ns0:type="simple" ns0:href="../578/11730578.xml" /><link ns0:type="simple" ns0:href="../858/11727858.xml" /><link ns0:type="simple" ns0:href="../537/11728537.xml" /><link ns0:type="simple" ns0:href="../563/11727563.xml" /><link ns0:type="simple" ns0:href="../182/11858182.xml" /><link ns0:type="simple" ns0:href="../184/11858184.xml" /><link ns0:type="simple" ns0:href="../188/11858188.xml" /><link ns0:type="simple" ns0:href="../194/11858194.xml" /><link ns0:type="simple" ns0:href="../196/11858196.xml" /><link ns0:type="simple" ns0:href="../805/11730805.xml" /><link ns0:type="simple" ns0:href="../505/11858505.xml" /><link ns0:type="simple" ns0:href="../078/11729078.xml" /><link ns0:type="simple" ns0:href="../504/11858504.xml" /><link ns0:type="simple" ns0:href="../501/11858501.xml" /><link ns0:type="simple" ns0:href="../198/11858198.xml" /><link ns0:type="simple" ns0:href="../201/11858201.xml" /><link ns0:type="simple" ns0:href="../204/11858204.xml" /><link ns0:type="simple" ns0:href="../206/11858206.xml" /><link ns0:type="simple" ns0:href="../210/11858210.xml" /><link ns0:type="simple" ns0:href="../212/11858212.xml" /><link ns0:type="simple" ns0:href="../215/11858215.xml" /><link ns0:type="simple" ns0:href="../219/11858219.xml" /><link ns0:type="simple" ns0:href="../230/11858230.xml" /></col></row></table></col></row></table></p></sec></bdy></movie></article>