<article xmlns:ns0="http://www.w3.org/1999/xlink"><message confidence="0.8" wordnetid="106598915"><protocol confidence="0.8" wordnetid="106665108"><direction confidence="0.8" wordnetid="106786629"><rule confidence="0.8" wordnetid="106652242"><header><title>wireless applic protocol</title><id /><revision><id /><timestamp /><contributor><username /><id /></contributor></revision><categories><category>osi protocol</category><category>mobil phone</category><category>internet protocol</category></categories></header><bdy>wap<link ns0:type="simple" ns0:href="../018/227018.xml">open</link><link ns0:type="simple" ns0:href="../402/15402.xml">intern</link><link ns0:type="simple" ns0:href="../904/18934904.xml">standard</link><ref ns0:type="simple" ns0:href="#xpointer(//reflist/entry[@id=%221%22])" /><link ns0:type="simple" ns0:href="../179/172179.xml">applic layer</link>network commun<link ns0:type="simple" ns0:href="../868/185868.xml">wireless commun</link>environ main enabl access<link ns0:type="simple" ns0:href="../539/14539.xml">internet</link>http<link ns0:type="simple" ns0:href="../137/19644137.xml">mobil phone</link><link ns0:type="simple" ns0:href="../304/23304.xml">pda</link><p><software wordnetid="106566077" confidence="0.8"><application wordnetid="106570110" confidence="0.8"><program wordnetid="106568978" confidence="0.8"><browser wordnetid="106571301" confidence="0.8"><written_communication wordnetid="106349220" confidence="0.8"><writing wordnetid="106359877" confidence="0.8"><code wordnetid="106355894" confidence="0.8"><coding_system wordnetid="106353757" confidence="0.8"><link ns0:type="simple" ns0:href="../649/647649.xml">wap browser</link></coding_system></code></writing></written_communication></browser></program></application></software>provid basic servic comput base<link ns0:type="simple" ns0:href="../173/33173.xml">web browser</link>simplifi oper restrict mobil phone smaller view screen wap site<link ns0:type="simple" ns0:href="../898/33898.xml">websit</link>written dynam convert<link ns0:type="simple" ns0:href="../821/57821.xml">wml</link>wireless markup languag access wap browser</p><p>befor introduct wap servic provid extrem limit opportun offer interact data servic interact data applic requir support commonplac activ<list><entry level="1" type="bullet"><link ns0:type="simple" ns0:href="../738/9738.xml">email</link>mobil phone</entry><entry level="1" type="bullet">track stock market price</entry><entry level="1" type="bullet">sport result</entry><entry level="1" type="bullet">news headlin</entry><entry level="1" type="bullet">music download</entry></list></p><p>japanes<link ns0:type="simple" ns0:href="../866/287866.xml">imod</link>system anoth major compet wireless data protocol</p><sec><st>technic specif</st><p><table class="infobox"><header colspan="2" style="background-color:#ccccff;"><message wordnetid="106598915" confidence="0.8"><protocol wordnetid="106665108" confidence="0.8"><standard wordnetid="107260623" confidence="0.8"><direction wordnetid="106786629" confidence="0.8"><rule wordnetid="106652242" confidence="0.8"><proposal wordnetid="107162194" confidence="0.8"><recommendation wordnetid="106671637" confidence="0.8"><advice wordnetid="106671484" confidence="0.8"><system_of_measurement wordnetid="113577171" confidence="0.8"><link ns0:type="simple" ns0:href="../747/22747.xml">osi model</link></system_of_measurement></advice></recommendation></proposal></rule></direction></standard></protocol></message></header><row><col /><col><link ns0:type="simple" ns0:href="../179/172179.xml">applic layer</link></col></row><row><col /><col><link ns0:type="simple" ns0:href="../181/102181.xml">layer</link></col></row><row><col /><col><link ns0:type="simple" ns0:href="../409/142409.xml">session layer</link></col></row><row><col /><col><link ns0:type="simple" ns0:href="../145/146145.xml">transport layer</link></col></row><row><col /><col><link ns0:type="simple" ns0:href="../024/85024.xml">network layer</link></col></row><row><col /><col><link ns0:type="simple" ns0:href="../949/152949.xml">data link layer</link><list><entry level="1" type="bullet"><link ns0:type="simple" ns0:href="../459/145459.xml">llc sublay</link></entry><entry level="1" type="bullet"><message wordnetid="106598915" confidence="0.8"><protocol wordnetid="106665108" confidence="0.8"><know-how wordnetid="105616786" confidence="0.8"><direction wordnetid="106786629" confidence="0.8"><rule wordnetid="106652242" confidence="0.8"><method wordnetid="105660268" confidence="0.8"><link ns0:type="simple" ns0:href="../472/207472.xml">mac sublay</link></method></rule></direction></know-how></protocol></message></entry></list></col></row><row><col /><col><link ns0:type="simple" ns0:href="../300/78300.xml">physic layer</link></col></row></table></p><p><list><entry level="1" type="bullet">wap standard<ref ns0:type="simple" ns0:href="#xpointer(//reflist/entry[@id=%221%22])" />describ<link ns0:type="simple" ns0:href="../882/23882.xml">protocol suit</link>allow interoper wap equip softwar mani differ network technolog rational thi wa build singl platform compet network technolog<standard wordnetid="107260623" confidence="0.8"><system_of_measurement wordnetid="113577171" confidence="0.8"><link ns0:type="simple" ns0:href="../808/12808.xml">gsm</link></system_of_measurement></standard><standard wordnetid="107260623" confidence="0.8"><system_of_measurement wordnetid="113577171" confidence="0.8"><link ns0:type="simple" ns0:href="../952/201952.xml" /></system_of_measurement></standard>cdma network</entry></list></p><p>wireless applic environ wae wireless session protocol wsp wireless transact protocol wtp wap protocol wireless transport layer secur wtl suit wireless datagram protocol wdp ani wireless data network</p><p><list><entry level="1" type="bullet">bottommost protocol suit<message wordnetid="106598915" confidence="0.8"><protocol wordnetid="106665108" confidence="0.8"><direction wordnetid="106786629" confidence="0.8"><rule wordnetid="106652242" confidence="0.8"><link ns0:type="simple" ns0:href="../692/3335692.xml">wap datagram protocol</link></rule></direction></protocol></message>wdp adapt layer everi data network bit<message wordnetid="106598915" confidence="0.8"><protocol wordnetid="106665108" confidence="0.8"><standard wordnetid="107260623" confidence="0.8"><direction wordnetid="106786629" confidence="0.8"><rule wordnetid="106652242" confidence="0.8"><system_of_measurement wordnetid="113577171" confidence="0.8"><link ns0:type="simple" ns0:href="../929/31929.xml">udp</link></system_of_measurement></rule></direction></standard></protocol></message>upper layer provid unreli transport data port number origin destin wdp consid upper layer protocol ha sever technic realiz top data bearer<link ns0:type="simple" ns0:href="../207/28207.xml">sm</link><link ns0:type="simple" ns0:href="../491/864491.xml">ussd</link>nativ ip bearer<link ns0:type="simple" ns0:href="../920/12920.xml">gpr</link><link ns0:type="simple" ns0:href="../237/32237.xml">umt</link>packetradio servic<message wordnetid="106598915" confidence="0.8"><protocol wordnetid="106665108" confidence="0.8"><standard wordnetid="107260623" confidence="0.8"><direction wordnetid="106786629" confidence="0.8"><rule wordnetid="106652242" confidence="0.8"><system_of_measurement wordnetid="113577171" confidence="0.8"><link ns0:type="simple" ns0:href="../511/23511.xml">ppp</link></system_of_measurement></rule></direction></standard></protocol></message>top circuitswitch data connect wdp fact exactli udp</entry></list></p><p><list><entry level="1" type="bullet"><message wordnetid="106598915" confidence="0.8"><protocol wordnetid="106665108" confidence="0.8"><standard wordnetid="107260623" confidence="0.8"><direction wordnetid="106786629" confidence="0.8"><rule wordnetid="106652242" confidence="0.8"><system_of_measurement wordnetid="113577171" confidence="0.8"><link ns0:type="simple" ns0:href="../806/1936806.xml">wtl</link></system_of_measurement></rule></direction></standard></protocol></message>provid<link ns0:type="simple" ns0:href="../222/24222.xml">publickey cryptographi</link>base secur mechan<message wordnetid="106598915" confidence="0.8"><protocol wordnetid="106665108" confidence="0.8"><standard wordnetid="107260623" confidence="0.8"><direction wordnetid="106786629" confidence="0.8"><rule wordnetid="106652242" confidence="0.8"><system_of_measurement wordnetid="113577171" confidence="0.8"><link ns0:type="simple" ns0:href="../813/187813.xml">tl</link></system_of_measurement></rule></direction></standard></protocol></message>option</entry></list></p><p><list><entry level="1" type="bullet"><message wordnetid="106598915" confidence="0.8"><protocol wordnetid="106665108" confidence="0.8"><direction wordnetid="106786629" confidence="0.8"><rule wordnetid="106652242" confidence="0.8"><link ns0:type="simple" ns0:href="../248/233248.xml">wtp</link></rule></direction></protocol></message>provid transact support reliabl requestrespons adapt wireless wtp support<link ns0:type="simple" ns0:href="../538/30538.xml">tcp</link>problem packet loss common wireless technolog radio condit misinterpret tcp network congest</entry></list></p><p><list><entry level="1" type="bullet">final<message wordnetid="106598915" confidence="0.8"><protocol wordnetid="106665108" confidence="0.8"><direction wordnetid="106786629" confidence="0.8"><rule wordnetid="106652242" confidence="0.8"><link ns0:type="simple" ns0:href="../263/13457263.xml">wsp</link></rule></direction></protocol></message>best thought approach compress version<link ns0:type="simple" ns0:href="../104/2701104.xml">http</link></entry></list></p><p>thi protocol suit allow termin emit request<link ns0:type="simple" ns0:href="../104/2701104.xml">http</link><link ns0:type="simple" ns0:href="../586/13586.xml">http</link>equival<link ns0:type="simple" ns0:href="../586/7792586.xml">wap gateway</link>gateway translat request plain http</p><ss1><st>wireless applic environ wae</st><p>thi space applicationspecif markup languag defin</p><p>wap version primari languag wae<link ns0:type="simple" ns0:href="../822/57822.xml">wml</link>ha design scratch handheld devic phonespecif featur wap primari markup languag<link ns0:type="simple" ns0:href="../481/7084481.xml">xhtml mobil profil</link></p></ss1></sec><sec><st>histori</st><p><link ns0:type="simple" ns0:href="../465/1045465.xml">wap forum</link>wa forum main aim wa bring togeth variou wireless technolog standardis protocol<ref ns0:type="simple" ns0:href="#xpointer(//reflist/entry[@id=%222%22])" /></p><p>wap forum wa consolid mani forum industri<link ns0:type="simple" ns0:href="../465/1045465.xml">oma</link>open mobil allianc<ref ns0:type="simple" ns0:href="#xpointer(//reflist/entry[@id=%223%22])" />cover virtual everyth futur develop wireless data servic</p><ss1><st>wap</st><p>wap standard wa releas april describ complet softwar stack mobil internet access<ref ns0:type="simple" ns0:href="#xpointer(//reflist/entry[@id=%224%22])" /></p><p>wap version wa releas<ref ns0:type="simple" ns0:href="#xpointer(//reflist/entry[@id=%225%22])" />wap final updat seri wa releas june<ref ns0:type="simple" ns0:href="#xpointer(//reflist/entry[@id=%226%22])" />import addit version wa wap push<ref ns0:type="simple" ns0:href="#xpointer(//reflist/entry[@id=%227%22])" /></p></ss1><ss1><st>wap push</st><p>wap push ha incorpor specif allow wap content push mobil handset minimum user intervent wap push basic special encod messag includ link wap address wap push specifi top<message wordnetid="106598915" confidence="0.8"><protocol wordnetid="106665108" confidence="0.8"><direction wordnetid="106786629" confidence="0.8"><rule wordnetid="106652242" confidence="0.8"><link ns0:type="simple" ns0:href="../692/3335692.xml">wdp</link></rule></direction></protocol></message>deliv ani wdpsupport bearer gpr sm</p><p>gsm network wide rang modifi processor gpr activ network gener support wap push messag deliv top sm bearer receiv wap push wap enabl handset will automat user option access wap content thi wap push si servic indic</p><p>network entiti process wap push deliv ip sm bearer<link ns0:type="simple" ns0:href="../675/3073675.xml">push proxi gateway</link></p></ss1><ss1><st>wap</st><p>wap<ref ns0:type="simple" ns0:href="#xpointer(//reflist/entry[@id=%221%22])" />releas reengin wap cutdown version<format wordnetid="106636806" confidence="0.9508927676800064"><link ns0:type="simple" ns0:href="../580/18984580.xml">xhtml</link></format>endtoend<link ns0:type="simple" ns0:href="../104/2701104.xml">http</link>ie drop gateway custom protocol suit commun wap gateway conjunct wap howev thi scenario standard proxi server wap gateway role shift translat ad addit inform request thi configur oper includ telephon number locat bill inform handset inform</p><p><link ns0:type="simple" ns0:href="../481/7084481.xml">xhtml mobil profil</link>xhtml mp markup languag defin wap work mobil devic subset<format wordnetid="106636806" confidence="0.9508927676800064"><link ns0:type="simple" ns0:href="../580/18984580.xml">xhtml</link></format>superset<standard wordnetid="107260623" confidence="0.8"><system_of_measurement wordnetid="113577171" confidence="0.8"><link ns0:type="simple" ns0:href="../580/18984580.xml">xhtml basic</link></system_of_measurement></standard>version cascad style sheet<format wordnetid="106636806" confidence="0.9508927676800064"><link ns0:type="simple" ns0:href="../013/164013.xml">css</link></format>call<link>wap css</link>support xhtml mp</p></ss1></sec><sec><st>commerci statu</st><ss1><st>europ</st><p>wap wa<link ns0:type="simple" ns0:href="../433/184433.xml">hype</link>time introduct<ref ns0:type="simple" ns0:href="#xpointer(//reflist/entry[@id=%228%22])" />lead user expect wap perform web<link ns0:type="simple" ns0:href="../162/485162.xml">bt cellnet</link>uk<link ns0:type="simple" ns0:href="../005/47005.xml">telco</link>advertis campaign depict cartoon wap user surf<text wordnetid="106387980" confidence="0.8"><literary_composition wordnetid="106364329" confidence="0.8"><written_communication wordnetid="106349220" confidence="0.8"><writing wordnetid="106362953" confidence="0.8"><fiction wordnetid="106367107" confidence="0.8"><novel wordnetid="106367879" confidence="0.8"><intelligence wordnetid="105617606" confidence="0.8"><link ns0:type="simple" ns0:href="../725/21725.xml">neuromanc</link></intelligence></novel></fiction></writing></written_communication></literary_composition></text>like inform space<ref ns0:type="simple" ns0:href="#xpointer(//reflist/entry[@id=%229%22])" />term speed eas appear interoper realiti fell short expect handset becam avail<ref ns0:type="simple" ns0:href="#xpointer(//reflist/entry[@id=%2210%22])" /><ref ns0:type="simple" ns0:href="#xpointer(//reflist/entry[@id=%2211%22])" />thi led wide usag sardon phrase worthless applic protocol<ref ns0:type="simple" ns0:href="#xpointer(//reflist/entry[@id=%2212%22])" />wait pay<ref ns0:type="simple" ns0:href="#xpointer(//reflist/entry[@id=%2213%22])" /></p><p>critic advanc sever explan earli failur wap possibl realiz wa unit kingdom product compli law european nation exampl requir util<link ns0:type="simple" ns0:href="../836/14836.xml">itu</link>messagetyp specif french languag appropri charact convers deploy wap messag transmit receiv softwar</p><p>wap stronger resurg introduct wireless servic vodafon live tmobil tzone easilyaccess servic oper revenu gener transfer gpr umt data differ busi model tradit web site<link ns0:type="simple" ns0:href="../245/100245.xml">isp</link>accord mobil data associ wap traffic uk doubl<ref ns0:type="simple" ns0:href="#xpointer(//reflist/entry[@id=%2214%22])" /></p><p>peopl start wap earli failur mask real point system access wireless servic applic ha forefront</p></ss1><ss1><st>asia</st><p>unlik europ wap ha huge success japan largest oper<link ns0:type="simple" ns0:href="../039/374039.xml">ntt docomo</link>ha famous disdain wap favor inhous system<link ns0:type="simple" ns0:href="../866/287866.xml">imod</link>rival oper<company wordnetid="108058098" confidence="0.9508927676800064"><link ns0:type="simple" ns0:href="../463/483463.xml">kddi</link></company><link ns0:type="simple" ns0:href="../070/2531070.xml">au</link><link ns0:type="simple" ns0:href="../229/370229.xml">softbank</link>previous<link ns0:type="simple" ns0:href="../572/541572.xml">vodafon japan</link>success wap technolog jphone<link ns0:type="simple" ns0:href="../070/877070.xml">shamail</link>pictur mail java<link ns0:type="simple" ns0:href="../572/541572.xml">jscl</link>servic well<link ns0:type="simple" ns0:href="../070/2531070.xml">au</link><link>chakuuta</link>chakumovi rington songrington movi servic base wap shadow initi success imod smaller japanes oper gain market share docomo sinc spring<link ns0:type="simple" ns0:href="../551/34551.xml" /><ref ns0:type="simple" ns0:href="#xpointer(//reflist/entry[@id=%2215%22])" /></p><p>korea lead provid advanc wap servic wap top<standard wordnetid="107260623" confidence="0.8"><system_of_measurement wordnetid="113577171" confidence="0.8"><link ns0:type="simple" ns0:href="../213/481213.xml" /></system_of_measurement></standard>network ha proven art wireless data infrastructur</p></ss1><ss1><st>usa</st><p>adopt wap<link ns0:type="simple" ns0:href="../750/3434750.xml" />ha limit fact mani cell phone provid requir separ activ addit fee data support becaus telecommun compani sought limit data access onli approv data provid oper licens signal carrier</p><p>recognit problem<agency wordnetid="108337324" confidence="0.9508927676800064"><link ns0:type="simple" ns0:href="../974/55974.xml">feder commun commiss</link></agency>fcc issu order juli mandat license wide upper mhz block spectrum will requir implement wireless platform allow custom devic manufactur thirdparti applic develop ani devic applic choic oper thi licens network band<ref ns0:type="simple" ns0:href="#xpointer(//reflist/entry[@id=%2216%22])" /></p></ss1><ss1><st>spinoff technolog</st><p>spinoff technolog mm<link ns0:type="simple" ns0:href="../406/242406.xml">multimedia messag servic</link>pictur messag combin wap sm driven protocol enhanc appreci devic divers support concomit chang wap content devicespecif aim lowest common denomin ha allow content compel usabl result adopt rate wap technolog upsw</p></ss1></sec><sec><st>critic</st><p>sever aspect wml wap critic technic critic<list><entry level="1" type="bullet"><link ns0:type="simple" ns0:href="../323/2309323.xml">idiosyncrat</link>wml languag cut user true<format wordnetid="106636806" confidence="0.9508927676800064"><link ns0:type="simple" ns0:href="../191/13191.xml">html</link></format>web leav onli nativ wap content webtowap proxifi content avail wap user howev argu technolog stage simpli abl access anyth customdesign content wa sole purpos wap simpl reduc complex interfac citizen mani nation connect web time govern fund control portal wap noncomplex servic</entry><entry level="1" type="bullet">underspecif termin requir earli wap standard mani option featur underspecifi requir meant compliant devic necessarili interoper properli thi result great variabl actual behavior phone princip becaus wap servic implement mobil phone manufactur copi standard correct hardwar standard softwar modul exampl phone model accept kb size downright crash user interfac devic wa underspecifi exampl accesskey eg abil press access directli fourth link list implement depend phone model sometim accesskey number automat display browser link sometim sometim accesskey implement</entry><entry level="1" type="bullet">constrain user interfac capabl termin small black white screen button earli wap termin veri apt lot inform user compound problem extra care design user interfac resourceconstrain devic wa real concept wap</entry><entry level="1" type="bullet">lack good author tool problem abov allevi wml author tool allow content provid easili publish content interoper flawlessli mani model adapt<link ns0:type="simple" ns0:href="../303/487303.xml">userag</link>type howev develop kit exist provid gener capabl develop web wa easi text editor web browser anybodi start forgiv natur desktop browser render engin contrast stringent requir<link ns0:type="simple" ns0:href="../821/57821.xml">wml</link>specif variabl termin demand test variou wireless termin lack wide avail desktop author emul tool consider lengthen time requir complet project howev mani mobil devic support xhtml program adob live dreamweav offer improv web author tool becom easier creat content access mani devic</entry><entry level="1" type="bullet">good user agent profil tool quickli becam nearli imposs web host determin request mobil devic larger capabl devic profil databas devic capabl built specif unauthor noncompli product</entry></list></p><p>critic orient wireless carrier implement wap<list><entry level="1" type="bullet">neglect content provid wireless carrier assum build will strategi provid transport data well termin wait content provid publish servic internet invest wap howev content provid receiv littl help incent complic rout develop notabl japan cf thorough dialogu content provid commun wa replic modern success wap servic<link ns0:type="simple" ns0:href="../866/287866.xml">imod</link>japan<weblink ns0:type="simple" ns0:href="http://www.gallery.fr/">galleri</weblink>servic franc</entry><entry level="1" type="bullet">lack open mani wireless carrier sold wap servic open allow user reach ani servic express wml publish internet howev client access wa wireless portal control veri close carrier turn edit access address bar devic browser facilit user deck address bar<link ns0:type="simple" ns0:href="../674/3422674.xml">form</link>link hard code wa provid easier carrier implement filter deck wml site url disabl address bar futur carrier decid switch user wall garden model difficulti type fulli qualifi<link ns0:type="simple" ns0:href="../277/32277.xml">url</link>phone keyboard user portal<artifact wordnetid="100021939" confidence="0.8"><instrumentality wordnetid="103575240" confidence="0.8"><device wordnetid="103183080" confidence="0.8"><appliance wordnetid="102729965" confidence="0.8"><link ns0:type="simple" ns0:href="../931/249931.xml">wall garden</link></appliance></device></instrumentality></artifact>third parti entri oper wireless portal contend oper cut themselv valuabl opportun hand oper argu custom manag experi constrain devic avoid access mani servic</entry></list></p></sec><sec><st>protocol design lesson wap</st><p>origin wap wa simpl platform access weblik wml servic email mobil phone europ se asian region continu today consider user base version wap primarili unit region wa design differ requir enabl full web xhtml access mobil devic higher specif cost higher degre softwar complex</p><p>ha consider discuss wap protocol design wa appropri bandwidthspar simpl interfac<message wordnetid="106598915" confidence="0.8"><protocol wordnetid="106665108" confidence="0.8"><standard wordnetid="107260623" confidence="0.8"><direction wordnetid="106786629" confidence="0.8"><rule wordnetid="106652242" confidence="0.8"><system_of_measurement wordnetid="113577171" confidence="0.8"><link ns0:type="simple" ns0:href="../794/12794.xml">gopher</link></system_of_measurement></rule></direction></standard></protocol></message>better match mobil phone person digit assist pda<ref ns0:type="simple" ns0:href="#xpointer(//reflist/entry[@id=%2217%22])" /></p><p>initi design wap wa specif aim protocol independ rang differ protocol sm ip<message wordnetid="106598915" confidence="0.8"><protocol wordnetid="106665108" confidence="0.8"><standard wordnetid="107260623" confidence="0.8"><direction wordnetid="106786629" confidence="0.8"><rule wordnetid="106652242" confidence="0.8"><system_of_measurement wordnetid="113577171" confidence="0.8"><link ns0:type="simple" ns0:href="../511/23511.xml">ppp</link></system_of_measurement></rule></direction></standard></protocol></message>circuit switch bearer ip gpr thi ha led protocol consider complex approach directli ip caus</p><p>controversi especi mani ip side wa design wap ip wap transmiss layer protocol wtp retransmiss mechan<message wordnetid="106598915" confidence="0.8"><protocol wordnetid="106665108" confidence="0.8"><standard wordnetid="107260623" confidence="0.8"><direction wordnetid="106786629" confidence="0.8"><rule wordnetid="106652242" confidence="0.8"><system_of_measurement wordnetid="113577171" confidence="0.8"><link ns0:type="simple" ns0:href="../929/31929.xml">udp</link></system_of_measurement></rule></direction></standard></protocol></message>attempt solv problem inadequaci tcp high packet loss network</p></sec><sec><st /><p><list><entry level="1" type="bullet"><sphere wordnetid="114514039" confidence="0.9508927676800064"><link ns0:type="simple" ns0:href="../118/1283118.xml">mobi</link></sphere></entry><entry level="1" type="bullet"><link ns0:type="simple" ns0:href="../866/287866.xml">imod</link></entry><entry level="1" type="bullet"><link ns0:type="simple" ns0:href="../649/647649.xml">microbrows</link></entry><entry level="1" type="bullet"><message wordnetid="106598915" confidence="0.8"><protocol wordnetid="106665108" confidence="0.8"><direction wordnetid="106786629" confidence="0.8"><rule wordnetid="106652242" confidence="0.8"><link ns0:type="simple" ns0:href="../248/233248.xml">wireless transact protocol</link></rule></direction></protocol></message></entry><entry level="1" type="bullet" /><entry level="1" type="bullet"><message wordnetid="106598915" confidence="0.8"><information wordnetid="106634376" confidence="0.8"><electronic_database wordnetid="106588511" confidence="0.8"><lexical_database wordnetid="106638868" confidence="0.8"><language wordnetid="106282651" confidence="0.8"><wordnet wordnetid="106639428" confidence="0.8"><database wordnetid="106637824" confidence="0.8"><link ns0:type="simple" ns0:href="../172/4173172.xml">mobil develop</link></database></wordnet></language></lexical_database></electronic_database></information></message></entry><entry level="1" type="bullet"><link ns0:type="simple" ns0:href="../083/4253083.xml">mobil web</link></entry><entry level="1" type="bullet"><standard wordnetid="107260623" confidence="0.8"><system_of_measurement wordnetid="113577171" confidence="0.8"><link ns0:type="simple" ns0:href="../328/11241328.xml">wap ident modul</link></system_of_measurement></standard></entry></list></p></sec><sec><st>refer</st><p><reflist><entry id="1"><weblink ns0:type="simple" ns0:href="http://www.wapforum.org/what/technical.htm">oma wap conform releas</weblink></entry><entry id="2"><weblink ns0:type="simple" ns0:href="http://inspiredbloggers.blogspot.com/2004/12/brief-history-of-wap_110252445307049372.html">hci blog histori wap</weblink></entry><entry id="3"><weblink ns0:type="simple" ns0:href="http://www.openmobilealliance.org/AboutOMA/FAQ.aspx">oma frequent question</weblink></entry><entry id="4"><weblink ns0:type="simple" ns0:href="http://www.wapforum.org/what/technical_1_0.htm">wap forum wap specif suit</weblink></entry><entry id="5"><weblink ns0:type="simple" ns0:href="http://www.wapforum.org/what/technical_1_1.htm">wap forum wap specif suit</weblink></entry><entry id="6"><weblink ns0:type="simple" ns0:href="http://www.wapforum.org/what/technical_1_2_1.htm">wap forum wap conform releas</weblink></entry><entry id="7"><weblink ns0:type="simple" ns0:href="http://www.thewirelessfaq.com/what_is_the_difference_between_wap_1.1_and_wap_1.2">wireless faq differ wap wap</weblink></entry><entry id="8"><weblink ns0:type="simple" ns0:href="http://www.computing.co.uk/vnunet/analysis/2131787/wap-call-unanswered">will wap call unansw</weblink>vnunetcom june</entry><entry id="9"><weblink ns0:type="simple" ns0:href="http://networks.silicon.com/mobile/0,39024665,11020593,00.htm">siliconcom bt cellnet rap mislead wap ad</weblink>publish novemb retriev septemb</entry><entry id="10">http nokia press releas</entry><entry id="11">http wwwfilibetoorgmobilefirmwarehtml nokia public firmwar revis</entry><entry id="12"><weblink ns0:type="simple" ns0:href="http://www.theglobeandmail.com/servlet/story/RTGAM.20050915.gtsripbutters15/BNStory/Technology/Troubleshooter">globe mail survivor guid wireless wonkeri septemb</weblink></entry><entry id="13"><weblink ns0:type="simple" ns0:href="http://www.itweb.co.za/sections/interviews/sammichel/michel001114.asp">web rivr novemb</weblink></entry><entry id="14"><weblink ns0:type="simple" ns0:href="http://www.builderau.com.au/news/soa/UK-WAP-usage-doubles-in-12-months/0,339028227,339130400,00.htm">builderau uk wap usag doubl month</weblink></entry><entry id="15"><weblink ns0:type="simple" ns0:href="http://www.icmrindia.org/business%20Updates/micro%20casestudies/Business%20Strategy/MCBS0031.htm">imcr ntt docomo inc leadership posit japanes mobil market threat</weblink>retriev septemb</entry><entry id="17"><weblink ns0:type="simple" ns0:href="http://www.wired.com/news/technology/0,1282,62988,00.html">wire news gopher underground technolog</weblink></entry><entry id="16">us feder commun commiss<weblink ns0:type="simple" ns0:href="http://www.fcc.gov/073107/700mhz_news_release_073107.pdf">fcc revis mhz rule advanc interoper public safeti commun promot wireless broadband deploy</weblink><link ns0:type="simple" ns0:href="../439/18679439.xml">juli</link><link ns0:type="simple" ns0:href="../165/36165.xml" />access<link ns0:type="simple" ns0:href="../543/22543.xml">octob</link><link ns0:type="simple" ns0:href="../165/36165.xml" /></entry></reflist></p><p><table style=";" class="navbox" cellspacing="0"><row><col style="padding:2px;"><table style="width:100%;background:transparent;color:inherit;;" class="nowraplinks collapsible autocollapse " cellspacing="0"><row><header colspan="2" style=";" class="navbox-title"><link ns0:type="simple" ns0:href="../137/19644137.xml">mobil phone</link></header></row><row style="height:2px;" /><row><col style=";;" class="navbox-group">gener</col><col style="text-align:left;border-left:2px solid #fdfdfd;width:100%;padding:0px;;;" class="navbox-list navbox-odd"><link ns0:type="simple" ns0:href="../539/1245539.xml">histori</link><message wordnetid="106598915" confidence="0.8"><information wordnetid="106634376" confidence="0.8"><electronic_database wordnetid="106588511" confidence="0.8"><lexical_database wordnetid="106638868" confidence="0.8"><language wordnetid="106282651" confidence="0.8"><wordnet wordnetid="106639428" confidence="0.8"><database wordnetid="106637824" confidence="0.8"><link ns0:type="simple" ns0:href="../172/4173172.xml">develop</link></database></wordnet></language></lexical_database></electronic_database></information></message><idea wordnetid="105833840" confidence="0.8"><concept wordnetid="105835747" confidence="0.8"><property wordnetid="105849040" confidence="0.8"><feature wordnetid="105849789" confidence="0.8"><link ns0:type="simple" ns0:href="../746/2155746.xml">featur</link></feature></property></concept></idea></col></row><row style="height:2px" /><row><col style=";;" class="navbox-group">network</col><col style="text-align:left;border-left:2px solid #fdfdfd;width:100%;padding:0px;;;" class="navbox-list navbox-even"><link ns0:type="simple" ns0:href="../800/151800.xml">network oper</link><link ns0:type="simple" ns0:href="../100/5285100.xml">standard comparison</link><link ns0:type="simple" ns0:href="../962/5476962.xml">frequenc</link><standard wordnetid="107260623" confidence="0.8"><system_of_measurement wordnetid="113577171" confidence="0.8"><link ns0:type="simple" ns0:href="../489/197489.xml">sim</link></system_of_measurement></standard><message wordnetid="106598915" confidence="0.8"><protocol wordnetid="106665108" confidence="0.8"><direction wordnetid="106786629" confidence="0.8"><rule wordnetid="106652242" confidence="0.8"><link ns0:type="simple" ns0:href="../473/10174473.xml">wap</link></rule></direction></protocol></message><link ns0:type="simple" ns0:href="../481/7084481.xml">xhtmlmp</link></col></row><row style="height:2px" /><row><col style=";;" class="navbox-group">cultur</col><col style="text-align:left;border-left:2px solid #fdfdfd;width:100%;padding:0px;;;" class="navbox-list navbox-odd"><link ns0:type="simple" ns0:href="../939/14241939.xml">blog</link><link ns0:type="simple" ns0:href="../476/4932476.xml" /><link ns0:type="simple" ns0:href="../194/3280194.xml">drive safeti</link><link ns0:type="simple" ns0:href="../365/5088365.xml">gambl</link><link ns0:type="simple" ns0:href="../784/1133784.xml">game</link><link ns0:type="simple" ns0:href="../232/1420232.xml">learn</link><word wordnetid="106286395" confidence="0.8"><part wordnetid="113809207" confidence="0.8"><neologism wordnetid="106294441" confidence="0.8"><language_unit wordnetid="106284225" confidence="0.8"><link ns0:type="simple" ns0:href="../664/6585664.xml">ringxieti</link></language_unit></neologism></part></word></col></row><row style="height:2px" /><row><col style=";;" class="navbox-group">form</col><col style="text-align:left;border-left:2px solid #fdfdfd;width:100%;padding:0px;;;" class="navbox-list navbox-even"><link ns0:type="simple" ns0:href="../098/1670098.xml">flip</link><link ns0:type="simple" ns0:href="../904/6926904.xml">bar</link><link ns0:type="simple" ns0:href="../849/17972849.xml">slide</link><link ns0:type="simple" ns0:href="../146/17986146.xml">swivel</link><link ns0:type="simple" ns0:href="../185/17486185.xml">brick</link></col></row><row style="height:2px" /><row><col style=";;" class="navbox-group" /><col style="text-align:left;border-left:2px solid #fdfdfd;width:100%;padding:0px;;;" class="navbox-list navbox-odd"><link ns0:type="simple" ns0:href="../079/167079.xml">smartphon</link><substance wordnetid="100019613" confidence="0.8"><part wordnetid="113809207" confidence="0.8"><material wordnetid="114580897" confidence="0.8"><link ns0:type="simple" ns0:href="../690/3887690.xml">electron wast</link></material></part></substance><link ns0:type="simple" ns0:href="../748/1272748.xml">radiat health</link></col></row></table></col></row></table></p><p>thi articl wa origin base materi<work wordnetid="104599396" confidence="0.8"><product wordnetid="104007894" confidence="0.8"><creation wordnetid="103129123" confidence="0.8"><artifact wordnetid="100021939" confidence="0.8"><wordbook wordnetid="106418693" confidence="0.8"><book wordnetid="106410904" confidence="0.8"><dictionary wordnetid="106418901" confidence="0.8"><reference_book wordnetid="106417598" confidence="0.8"><publication wordnetid="106589574" confidence="0.8"><link ns0:type="simple" ns0:href="../324/11324.xml">free onlin dictionari comput</link></publication></reference_book></dictionary></book></wordbook></artifact></creation></product></work><link ns0:type="simple" ns0:href="../782/18938782.xml">gfdl</link></p></sec></bdy></rule></direction></protocol></message></article>