<article xmlns:ns0="http://www.w3.org/1999/xlink"><event confidence="0.8" wordnetid="100029378"><rule confidence="0.8" wordnetid="105846932"><act confidence="0.8" wordnetid="100030358"><psychological_feature confidence="0.8" wordnetid="100023100"><procedure confidence="0.8" wordnetid="101023820"><activity confidence="0.8" wordnetid="100407535"><algorithm confidence="0.8" wordnetid="105847438"><header><title>exponenti squar</title><id /><revision><id /><timestamp /><contributor><username>salix alba</username><id /></contributor></revision><categories><category>comput arithmet</category><category>arbitrari precis algorithm</category><category>exponenti</category></categories></header><bdy>exponenti squar<link ns0:type="simple" ns0:href="../775/775.xml">algorithm</link>fast comput larg<link ns0:type="simple" ns0:href="../563/14563.xml">integ</link>power<link ns0:type="simple" ns0:href="../690/21690.xml">number</link>squareandmultipli algorithm binari exponenti<link ns0:type="simple" ns0:href="../229/332229.xml">addit group</link>appropri doubleandadd algorithm implicitli<link ns0:type="simple" ns0:href="../686/238686.xml">binari</link>expans expon quit gener exampl<link ns0:type="simple" ns0:href="../087/20087.xml">modular arithmet</link><sec><st>squar algorithm</st><p>follow<link ns0:type="simple" ns0:href="../407/25407.xml">recurs algorithm</link>comput xn<link ns0:type="simple" ns0:href="../616/154616.xml">nonneg</link><link ns0:type="simple" ns0:href="../563/14563.xml">integ</link></p><p><indent level="1"><math>mbox power begin case mbox nmbox xtimesmbox power mbox nmbox odd mbox power mbox nmbox end case</math></indent>compar ordinari method multipli minu time thi algorithm case optim accord<indent level="1"><math>xnx time</math></indent>thi algorithm onli<link ns0:type="simple" ns0:href="../578/44578.xml" />log multipl therefor speed comput xn tremend<link ns0:type="simple" ns0:href="../411/57411.xml">long multipl</link>algorithm speed multipl slower method repeat addit benefit greater equal note measur term size problem data instead valu data thi algorithm<link ns0:type="simple" ns0:href="../258/754258.xml">linear time</link>sinc size integ logarithm</p><p>xn calcul thu integ<list><entry level="1" type="number" /><entry level="1" type="number" /><entry level="1" type="number"><link ns0:type="simple" ns0:href="../135/143135.xml">odd number</link></entry><entry level="1" type="number" /><entry level="1" type="number">throw divis remaind</entry><entry level="1" type="number">step</entry><entry level="1" type="number">result</entry></list>thi method work</p></sec><sec><st>applic</st><p>idea allow fast comput larg<event wordnetid="100029378" confidence="0.8"><rule wordnetid="105846932" confidence="0.8"><act wordnetid="100030358" confidence="0.8"><psychological_feature wordnetid="100023100" confidence="0.8"><procedure wordnetid="101023820" confidence="0.8"><activity wordnetid="100407535" confidence="0.8"><algorithm wordnetid="105847438" confidence="0.8"><link ns0:type="simple" ns0:href="../032/903032.xml">expon modulo</link></algorithm></activity></procedure></psychological_feature></act></rule></event>number especi<link ns0:type="simple" ns0:href="../432/18934432.xml">cryptographi</link>comput power<link ns0:type="simple" ns0:href="../404/48404.xml">ring</link><link ns0:type="simple" ns0:href="../087/20087.xml">integ modulo</link>comput integ power<link ns0:type="simple" ns0:href="../447/19447.xml">group</link>rule</p><p><indent level="1">power power</indent>method work everi<link ns0:type="simple" ns0:href="../799/27799.xml">semigroup</link>comput power<link ns0:type="simple" ns0:href="../728/19008728.xml">matric</link></p><p>exampl evalu</p><p><indent level="1">mod</indent>veri long time lot storag space nav method comput<link ns0:type="simple" ns0:href="../897/502897.xml">remaind</link>divid method will long time squar remaind divid multipli<link ns0:type="simple" ns0:href="../710/1948710.xml">result</link>thi will modular multipl squareandmultipli algorithm base observ comput full comput onli modular multipl thi gain factor sinc problem type appli observ onc approxim halv size</p><p>repeat applic thi algorithm equival decompos expon base convers binari sequenc squar product exampl<indent level="1" /><indent level="1" /><indent level="1" /><indent level="1" /><indent level="1">algorithm onli multipl</indent>exampl<list><entry level="1" type="bullet">becaus algorithm multipl</entry><entry level="1" type="bullet">becaus algorithm multipl</entry><entry level="1" type="bullet">becaus algorithm multipl</entry><entry level="1" type="bullet">becaus algorithm multipl</entry><entry level="1" type="bullet">becaus algorithm multipl</entry></list></p><p><list><entry level="1" type="bullet"><weblink ns0:type="simple" ns0:href="http://www.cs.princeton.edu/courses/archive/spr05/cos126/lectures/22.pdf">work exampl modulo rsa algorithm</weblink></entry></list></p></sec><sec><st>exampl implement</st><ss1><st>comput power</st><p>thi nonrecurs implement abov algorithm<link ns0:type="simple" ns0:href="../768/25768.xml">rubi program languag</link></p><p><link>static type</link>languag replac code assign<link ns0:type="simple" ns0:href="../718/59718.xml">ident matrix</link>size result matrix exponenti algorithm rubi coercion result automat upgrad appropri type thi function work matric well integ float note redund implicitli round lower level languag</p><p>def power result nnonzero nonzero result result return result</p><p>follow<link ns0:type="simple" ns0:href="../021/6021.xml">program languag</link>equival program</p><p>long pow long long long result result return result</p><ss2><st>runtim exampl comput</st><p>paramet paramet result</p><p>iter gt</p><p>iter gt odd gt result result</p><p>iter gt</p><p>iter gt odd gt result result</p><p>return result</p></ss2><ss2><st>runtim exampl comput</st><p>result bin</p><p>iter digit result digit equal</p><p>iter digit result digit equal gt result result</p><p>iter digit result digit equal</p><p>return result</p><p>javascriptdemonstr http homearcordewzwzdewikiebsenhtm</p></ss2></ss1><ss1><st>gener exampl</st><ss2><st>gener</st><p>pair<link ns0:type="simple" ns0:href="../799/27799.xml">semigroup</link>arbitrari<link ns0:type="simple" ns0:href="../691/26691.xml">set</link><link ns0:type="simple" ns0:href="../335/1335.xml">associ</link><link ns0:type="simple" ns0:href="../948/3948.xml">binari oper</link><list><entry level="1" type="bullet">element element</entry><entry level="1" type="bullet">element valid equal</entry></list></p><p>call multipl defin exponenti follow element<list><entry level="1" type="bullet" /><entry level="1" type="bullet"><link ns0:type="simple" ns0:href="../474/21474.xml">natur number</link>gt defin</entry></list></p><p>algorithm exponenti squar fast comput evalu</p></ss2><ss2><st>text applic</st><p>becaus concaten associ oper set finit<link ns0:type="simple" ns0:href="../701/27701.xml">string</link>alphabet empti string<link ns0:type="simple" ns0:href="../962/14962.xml">ident element</link>exponenti squar fast repeat string</p><p>exampl javascript</p><p>function repeat return var var bin ntostr var binlength bincharat return</p><p>call repeat abc return string abcabcabcabcabcabc</p></ss2></ss1><ss1><st>calcul product power</st><p>exponenti squar calcul product power underli group semigroup<link ns0:type="simple" ns0:href="../390/294390.xml">commut</link>possibl reduc number multipl comput product simultan</p><ss2><st>exampl</st><p>formula calcul step<indent level="1">multipl calcul</indent>three multipl calcul<indent level="1">multipl calcul product</indent>multipl total</p><p>faster solut calcul power simultan<indent level="1">ab</indent>onli multipl total note ab calcul result store calcul reduc count multipl</p><p>exampl number<indent level="1" />calcul power simultan calcul separ alway reduc count multipl expon greater</p></ss2><ss2><st>transform</st><p>exampl abov calcul onli multipl express transform befor calcul</p><p>ab ab ab</p><p>ab ab multipl ab ab multipl</p><p>gener transform follow scheme calcul aabb mmnn defin ab ab abc abc calcul transform express aababbc abc mmnabc mnn</p><p>transform befor calcul reduc count multipl case increas count exampl good idea check count multipl befor transform express calcul</p></ss2><ss2><st>exampl</st><p>follow express count multipl calcul power separ calcul simultan transform calcul simultan transform</p><p>exampl separ multipl simultan ab multipl transform ab ab abc abc multipl calcul aababc multipl total</p><p>exampl separ multipl simultan ab multipl transform ab ab abc abc multipl calcul ababc multipl total</p><p>exampl separ multipl simultan ab multipl transform ab ab abc abc multipl calcul aab multipl total</p></ss2><ss2><st>implement</st><p>follow javascript function calcul ba exp ba exp function productofpowers_simplevers ba exp var str temporari string binari represent var maxlen var bin array var explength str exp tostr bin str maxlen strlength maxlen strlength binari length var binlength bin length maxlen bin bin calcul var result binari digit var binlength str bin strcharat result result ba els result result ba remain digit var maxlen digit result result result var binlength factor str bin strcharat result result ba readi return result follow function input ha sort exp gt exp gt function productofpowers_withtransform ba exp base var tempba array tempba ba var baslength tempba ba tempba expon var tempexp array var explength tempexp exp exp tempexp exp compress var bastran array var exptran array var tempexplength tempexp gt bastranspush tempba exptranspush tempexp readi return productofpowers_simplevers bastran exptran test alert productofpowers_simplevers alert productofpowers_withtransform onc alert productofpowers_withtransform alert productofpowers_withtransform alert productofpowers_withtransform alert productofpowers_withtransform</p></ss2></ss1></sec><sec><st>variat</st><p>practic standpoint follow modif</p><p><math>mbox power begin case mbox nmbox xtime left mbox power frac right mbox nmbox odd left mbox power frac right mbox nmbox end case</math></p><p>veri properti aforement approach recurs natur calcul easili translat iter form provid comput advantag eg case small well memori consumpt reduct</p></sec><sec><st>altern gener</st><p><indent level="1">main articl<event wordnetid="100029378" confidence="0.8"><rule wordnetid="105846932" confidence="0.8"><act wordnetid="100030358" confidence="0.8"><psychological_feature wordnetid="100023100" confidence="0.8"><procedure wordnetid="101023820" confidence="0.8"><activity wordnetid="100407535" confidence="0.8"><algorithm wordnetid="105847438" confidence="0.8"><link ns0:type="simple" ns0:href="../356/856356.xml">additionchain exponenti</link></algorithm></activity></procedure></psychological_feature></act></rule></event></indent>exponenti squar view suboptim<link ns0:type="simple" ns0:href="../356/856356.xml">additionchain exponenti</link>algorithm comput expon<link ns0:type="simple" ns0:href="../656/578656.xml">addit chain</link>consist repeat expon doubl squar andor increment expon multipli onli gener allow ani previous comput expon sum multipli power sometim perform exponenti fewer multipl typic memori smallest power thi occur</p><p><indent level="1"><math>time time time</math>squar multipli</indent><math>time</math>optim addit chain multipli reus</p><p>gener find optim addit chain expon hard problem effici algorithm optim chain typic onli small expon eg<link ns0:type="simple" ns0:href="../739/5739.xml">compil</link>chain small power pretabul howev number<link ns0:type="simple" ns0:href="../452/63452.xml">heurist</link>algorithm optim fewer multipl exponenti squar cost addit bookkeep work memori usag number multipl grow slowli<link ns0:type="simple" ns0:href="../578/44578.xml">theta</link>log algorithm onli improv asymptot exponenti squar constant factor best</p></sec></bdy></algorithm></activity></procedure></psychological_feature></act></rule></event></article>