<article xmlns:ns0="http://www.w3.org/1999/xlink"><artifact confidence="0.8" wordnetid="100021939"><instrumentality confidence="0.8" wordnetid="103575240"><engine confidence="0.8" wordnetid="103287733"><motor confidence="0.8" wordnetid="103789946"><device confidence="0.8" wordnetid="103183080"><machine confidence="0.8" wordnetid="103699975"><header><title>yahoo search market</title><id /><revision><id /><timestamp /><contributor><username>rossami</username><id /></contributor></revision><categories><category>yahoo</category><category>pay click search engin</category></categories></header><bdy><template><name>infobox compani</name><parameters><company_logo><image width="150px" src="YahooSearchMarketing_logo.gif"><caption>yahoosearchmarketing_logogif</caption></image></company_logo><company_name>yahoo search market</company_name><company_type><company wordnetid="108058098" confidence="0.9508927676800064"><link ns0:type="simple" ns0:href="../213/188213.xml">yahoo</link></company></company_type><location_country><body wordnetid="107965085" confidence="0.8"><social_group wordnetid="107950920" confidence="0.8"><political_orientation wordnetid="106212839" confidence="0.8"><colony wordnetid="108374049" confidence="0.8"><state wordnetid="108168978" confidence="0.8"><political_unit wordnetid="108359949" confidence="0.8"><group wordnetid="100031264" confidence="0.8"><democracy wordnetid="106217103" confidence="0.8"><link ns0:type="simple" ns0:href="../750/3434750.xml">unit</link></democracy></group></political_unit></state></colony></political_orientation></social_group></body></location_country><homepage><weblink ns0:type="simple" ns0:href="http://searchmarketing.yahoo.com/">searchmarketingyahoocom</weblink><weblink ns0:type="simple" ns0:href="http://www.altavista.com/">wwwaltavistacom</weblink>wa wwwoverturecom</homepage></parameters></template>yahoo search market keywordbas<link ns0:type="simple" ns0:href="../207/1027207.xml">pay click</link><link ns0:type="simple" ns0:href="../074/2111074.xml">sponsor search</link>internet advertis servic provid<company wordnetid="108058098" confidence="0.9508927676800064"><link ns0:type="simple" ns0:href="../213/188213.xml">yahoo</link></company><p>yahoo began offer thi servic acquir overtur servic inc formerli gotocom gotocom wa<company wordnetid="108058098" confidence="0.8"><institution wordnetid="108053576" confidence="0.8"><link ns0:type="simple" ns0:href="../913/1025913.xml">idealab</link></institution></company>spin wa compani success provid payforplac search servic follow previou attempt well receiv<ref ns0:type="simple" ns0:href="#xpointer(//reflist/entry[@id=%221%22])" /><ref ns0:type="simple" ns0:href="#xpointer(//reflist/entry[@id=%222%22])" /><ref ns0:type="simple" ns0:href="#xpointer(//reflist/entry[@id=%223%22])" /></p><sec><st>origin gotocom</st><p>gotocom wa<company wordnetid="108058098" confidence="0.8"><institution wordnetid="108053576" confidence="0.8"><link ns0:type="simple" ns0:href="../913/1025913.xml">idealab</link></institution></company>spin wa compani success provid payforplac search servic<ref ns0:type="simple" ns0:href="#xpointer(//reflist/entry[@id=%221%22])" /><ref ns0:type="simple" ns0:href="#xpointer(//reflist/entry[@id=%222%22])" /><ref ns0:type="simple" ns0:href="#xpointer(//reflist/entry[@id=%223%22])" /></p><p>februari goto offer advertis option bid will pay appear top result respons specif search bid amount wa paid advertis goto everi time searcher click link advertis websit juli advertis pay anyth dollar click</p><p>goto busi model wa base idea paid list relev servic especi gener search web site pay probabl better site servic offer open text thi precipit outcri bad public becaus searcher time search process commerci</p><p>contrast goto payforplac model wa veri success commentor theoris web matur interven year type econom model accept sinc web wa longer place academ place buy product goto founder<link ns0:type="simple" ns0:href="../339/1582339.xml">bill gross</link>specul launch goto succeed becaus rel servic reput taint paid list unlik open text</p><p>octob gotocom inc renam overtur servic<ref ns0:type="simple" ns0:href="#xpointer(//reflist/entry[@id=%224%22])" />goto chief oper offic jayni studenmund felt wa sophist case product expand</p><p>partnership overtur enabl portal<web_site wordnetid="106359193" confidence="0.9508927676800064"><link ns0:type="simple" ns0:href="../041/185041.xml">msn</link></web_site><company wordnetid="108058098" confidence="0.9508927676800064"><link ns0:type="simple" ns0:href="../213/188213.xml">yahoo</link></company>monet hundr web search day site inde partnership prove highli lucr period otherwis mark dotcom failur overtur becam substanti profit driver portal yahoo<ref ns0:type="simple" ns0:href="#xpointer(//reflist/entry[@id=%225%22])" /></p><p>thi success enabl overtur acquir web site<company wordnetid="108058098" confidence="0.9508927676800064"><link ns0:type="simple" ns0:href="../024/366024.xml">altavista</link></company><artifact wordnetid="100021939" confidence="0.8"><instrumentality wordnetid="103575240" confidence="0.8"><engine wordnetid="103287733" confidence="0.8"><motor wordnetid="103789946" confidence="0.8"><device wordnetid="103183080" confidence="0.8"><machine wordnetid="103699975" confidence="0.8"><link ns0:type="simple" ns0:href="../716/613716.xml">alltheweb</link></machine></device></motor></engine></instrumentality></artifact><ref ns0:type="simple" ns0:href="#xpointer(//reflist/entry[@id=%226%22])" /></p></sec><sec><st>acquisit yahoo</st><p><link ns0:type="simple" ns0:href="../163/36163.xml" />overtur wa acquir biggest custom<company wordnetid="108058098" confidence="0.9508927676800064"><link ns0:type="simple" ns0:href="../213/188213.xml">yahoo</link></company>billion<ref ns0:type="simple" ns0:href="#xpointer(//reflist/entry[@id=%226%22])" />brand overtur ha phase yahoo rebrand mani product yahoo thi japan korea local busi continu overtur brand</p></sec><sec><st>detail current servic</st><p>gotocom overtur origin servic provid onli list search result order accord bid amount paid respect advertis yahoo search market latest iter code panama wa releas earli replac formula googl adword rank advertis search result exact formula secret basic bid qualiti score ad rank qualiti score base ad ctr clickthroughr relev ad creativ qualiti land ad send user<ref ns0:type="simple" ns0:href="#xpointer(//reflist/entry[@id=%227%22])" /></p><p>yahoo search market provid featur geotarget ad test campaign budget campaign schedul<ref ns0:type="simple" ns0:href="#xpointer(//reflist/entry[@id=%228%22])" /></p></sec><sec><st>patent litig</st><p>gotocom file patent applic titl system method influenc posit search result list gener comput network search engin patent wa grant<weblink ns0:type="simple" ns0:href="http://v3.espacenet.com/textdoc?DB=EPODOC IDX=US6269361">patent</weblink>juli relat patent ha grant australia patent applic remain pend</p><p>prior acquisit yahoo overtur initi infring proceed thi patent findwhatcom januari<company wordnetid="108058098" confidence="0.9508927676800064"><link ns0:type="simple" ns0:href="../923/1092923.xml">googl</link></company>april<ref ns0:type="simple" ns0:href="#xpointer(//reflist/entry[@id=%229%22])" /></p><p>lawsuit googl relat<work wordnetid="100575741" confidence="0.8"><event wordnetid="100029378" confidence="0.8"><company wordnetid="108058098" confidence="0.8"><service wordnetid="100577525" confidence="0.8"><act wordnetid="100030358" confidence="0.8"><psychological_feature wordnetid="100023100" confidence="0.8"><activity wordnetid="100407535" confidence="0.8"><institution wordnetid="108053576" confidence="0.8"><link ns0:type="simple" ns0:href="../962/879962.xml">adword</link></institution></activity></psychological_feature></act></service></company></event></work>servic februari googl introduc servic call adword select allow market bid higher placement mark tactic overtur searchlist auction</p><p>follow yahoo acquisit overtur lawsuit wa settl googl agre issu share common stock yahoo exchang perpetu licens<ref ns0:type="simple" ns0:href="#xpointer(//reflist/entry[@id=%2210%22])" /></p></sec><sec><st>adwar partnership</st><p>april overtur announc threeyear partnership gator corpor<link ns0:type="simple" ns0:href="../202/353202.xml">claria corpor</link><link ns0:type="simple" ns0:href="../616/2616.xml">adwar</link>compani partnership gator softwar monitor webus activ web site search engin site googl affili overtur grab search keyword keyword submit overtur search engin result advertis paid list overtur product advertis gator search scout softwar noth gator overtur face great deal critic enter thi partnership<ref ns0:type="simple" ns0:href="#xpointer(//reflist/entry[@id=%2211%22])" /></p><p>yahoo acquir overtur claria softwar impair oper yahoo servic exampl user claria applic instal yahoo search receiv standard set yahoo result sponsor list top suppli overtur user receiv fullscreen popund window search scout sinc search scout overtur paid list well claria window ha exact list yahoo search result<ref ns0:type="simple" ns0:href="#xpointer(//reflist/entry[@id=%2212%22])" /></p><p>subsequ yahoo yahoo toolbar allow user remov<link ns0:type="simple" ns0:href="../616/2616.xml">adwar</link><link ns0:type="simple" ns0:href="../951/28951.xml">spywar</link>system toolbar affect oper claria softwar stress relationship compani<ref ns0:type="simple" ns0:href="#xpointer(//reflist/entry[@id=%2213%22])" />claria websit<weblink ns0:type="simple" ns0:href="http://www.claria.com">clariacom</weblink>doe list yahoo partner march press releas exit adwar busi<ref ns0:type="simple" ns0:href="#xpointer(//reflist/entry[@id=%2214%22])" /></p></sec><sec><st /><p><list><entry level="1" type="bullet"><link ns0:type="simple" ns0:href="../962/879962.xml">googl adword</link></entry><entry level="1" type="bullet"><artifact wordnetid="100021939" confidence="0.8"><instrumentality wordnetid="103575240" confidence="0.8"><engine wordnetid="103287733" confidence="0.8"><motor wordnetid="103789946" confidence="0.8"><device wordnetid="103183080" confidence="0.8"><machine wordnetid="103699975" confidence="0.8"><link ns0:type="simple" ns0:href="../207/3708207.xml">microsoft adcent</link></machine></device></motor></engine></instrumentality></artifact></entry></list></p><p><list><entry level="1" type="bullet"><link ns0:type="simple" ns0:href="../870/1083870.xml">ad serv</link></entry><entry level="1" type="bullet"><link ns0:type="simple" ns0:href="../207/1027207.xml">pay click</link></entry><entry level="1" type="bullet"><link ns0:type="simple" ns0:href="../074/2111074.xml">search engin market</link></entry></list></p><p><list><entry level="1" type="bullet"><link ns0:type="simple" ns0:href="../700/429700.xml">list search engin</link></entry></list></p></sec><sec><st>extern link</st><p><list><entry level="1" type="bullet"><weblink ns0:type="simple" ns0:href="http://searchmarketing.yahoo.com/">yahoo search market</weblink></entry></list></p></sec><sec><st>refer</st><p><reflist><entry id="1"><weblink ns0:type="simple" ns0:href="http://searchenginewatch.com/showPage.html?page=2166331">goto strong</weblink>danni sullivan search engin report juli</entry><entry id="2"><weblink ns0:type="simple" ns0:href="http://news.com.com/Pay-for-placement+gets+another+shot/2100-1023_3-208309.html">payforplac anoth shot</weblink>jeff pellin cnet newscom februari</entry><entry id="3">will gotocom ken glaser onlinepresscom feb</entry><entry id="4"><weblink ns0:type="simple" ns0:href="http://searchenginewatch.com/showPage.html?page=2164231">goto overtur</weblink>danni sullivan search engin report octob</entry><entry id="5"><weblink ns0:type="simple" ns0:href="http://news.com.com/Yahoo!+reports+profit+on+higher+revenue/2100-1023_3-961453.html">yahoo report profit higher revenu</weblink>jim hu cnet newscom octob estim overtur contribut yahoo revenu</entry><entry id="6"><weblink ns0:type="simple" ns0:href="http://docs.yahoo.com/docs/pr/release1102.html">yahoo acquir overtur</weblink>yahoo press releas juli</entry><entry id="7"><weblink ns0:type="simple" ns0:href="http://help.yahoo.com/l/us/yahoo/ysm/sps/faqs/adrank/moreclicks/cost_ppc.html">rank determin</weblink></entry><entry id="8"><weblink ns0:type="simple" ns0:href="http://searchmarketing.yahoo.com/srch/features.php">sponsor search product featur</weblink></entry><entry id="9"><weblink ns0:type="simple" ns0:href="http://news.com.com/2100-1023-876861.html">overtur sue googl search patent</weblink>stefani olsen gwendolyn mariano cnet newscom april</entry><entry id="10"><weblink ns0:type="simple" ns0:href="http://netscape.com.com/Google,+Yahoo!+bury+the+legal+hatchet/2100-1024_3-5302421.html">googl yahoo buri legal hatchet</weblink>stefani olsen cnet newscom august</entry><entry id="11"><weblink ns0:type="simple" ns0:href="http://www.pcpitstop.com/gator/Overture.asp">overtur gator</weblink>summari agreement object pcpitstopcom</entry><entry id="12"><weblink ns0:type="simple" ns0:href="http://www.pcpitstop.com/gator/Yahoo.asp">yahoo claria</weblink>analysi pcpitstopcom</entry><entry id="13"><weblink ns0:type="simple" ns0:href="http://news.com.com/Yahoo+clamps+down+on+Claria+adware/2100-1024_3-5300287.html">yahoo clamp claria adwar</weblink>stefani olsen cnet newscom august</entry><entry id="14"><weblink ns0:type="simple" ns0:href="http://www.claria.com/press_room/releases/pr060321.html">claria focu consum publish person technolog</weblink></entry></reflist></p><p><table style=";" class="navbox" cellspacing="0"><row><col style="padding:2px;"><table style="width:100%;background:transparent;color:inherit;;" class="nowraplinks collapsible autocollapse " cellspacing="0"><row><header colspan="2" style=";background:#D1B6EC;" class="navbox-title"><company wordnetid="108058098" confidence="0.9508927676800064"><link ns0:type="simple" ns0:href="../213/188213.xml">yahoo</link></company></header></row><row style="height:2px;" /><row><col colspan="2" style=";background:#DECAF1;" class="navbox-abovebelow"><weblink ns0:type="simple" ns0:href="http://docs.yahoo.com/docs/family/more/">product servic</weblink></col></row><row style="height:2px;" /><row><col style=";background:#D1B6EC; vertical-align:middle;;" class="navbox-group">advertis</col><col style="text-align:left;border-left:2px solid #fdfdfd;width:100%;padding:0px;;;" class="navbox-list navbox-odd"><artifact wordnetid="100021939" confidence="0.8"><instrumentality wordnetid="103575240" confidence="0.8"><engine wordnetid="103287733" confidence="0.8"><motor wordnetid="103789946" confidence="0.8"><device wordnetid="103183080" confidence="0.8"><machine wordnetid="103699975" confidence="0.8"><link ns0:type="simple" ns0:href="../180/11580180.xml">panama</link></machine></device></motor></engine></instrumentality></artifact><artifact wordnetid="100021939" confidence="0.8"><instrumentality wordnetid="103575240" confidence="0.8"><engine wordnetid="103287733" confidence="0.8"><motor wordnetid="103789946" confidence="0.8"><device wordnetid="103183080" confidence="0.8"><machine wordnetid="103699975" confidence="0.8"><link ns0:type="simple" ns0:href="../942/1025942.xml">search market</link></machine></device></motor></engine></instrumentality></artifact><link ns0:type="simple" ns0:href="../744/3182744.xml">yahoo publish network</link></col></row><row style="height:2px" /><row><col style=";background:#D1B6EC; vertical-align:middle;;" class="navbox-group">develop network resourc</col><col style="text-align:left;border-left:2px solid #fdfdfd;width:100%;padding:0px;;;" class="navbox-list navbox-even"><link ns0:type="simple" ns0:href="../484/10610484.xml">yahoo galleri</link><work wordnetid="100575741" confidence="0.8"><social_group wordnetid="107950920" confidence="0.8"><event wordnetid="100029378" confidence="0.8"><service wordnetid="100577525" confidence="0.8"><gathering wordnetid="107975026" confidence="0.8"><community wordnetid="108223802" confidence="0.8"><group wordnetid="100031264" confidence="0.8"><act wordnetid="100030358" confidence="0.8"><psychological_feature wordnetid="100023100" confidence="0.8"><activity wordnetid="100407535" confidence="0.8"><link ns0:type="simple" ns0:href="../552/12114552.xml">yahoo develop network</link></activity></psychological_feature></act></group></community></gathering></service></event></social_group></work></col></row><row style="height:2px" /><row><col style=";background:#D1B6EC; vertical-align:middle;;" class="navbox-group">search</col><col style="text-align:left;border-left:2px solid #fdfdfd;width:100%;padding:0px;;;" class="navbox-list navbox-odd"><link ns0:type="simple" ns0:href="../396/3607396.xml">blog</link><web_site wordnetid="106359193" confidence="0.9508927676800064"><link ns0:type="simple" ns0:href="../563/3359563.xml">directori</link></web_site><web_site wordnetid="106359193" confidence="0.9508927676800064"><link ns0:type="simple" ns0:href="../044/14904044.xml">financ</link></web_site><web_site wordnetid="106359193" confidence="0.9508927676800064"><link ns0:type="simple" ns0:href="../541/330541.xml">group</link></web_site><link ns0:type="simple" ns0:href="../769/2945769.xml">hotjob</link><software wordnetid="106566077" confidence="0.9508927676800064"><link ns0:type="simple" ns0:href="../357/3198357.xml">kelkoo</link></software><software wordnetid="106566077" confidence="0.9508927676800064"><link ns0:type="simple" ns0:href="../031/818031.xml">launchcast</link></software><web_site wordnetid="106359193" confidence="0.9508927676800064"><link ns0:type="simple" ns0:href="../997/1718997.xml">map</link></web_site><web_site wordnetid="106359193" confidence="0.9508927676800064"><link ns0:type="simple" ns0:href="../907/908907.xml">movi</link></web_site><web_site wordnetid="106359193" confidence="0.9508927676800064"><link ns0:type="simple" ns0:href="../033/1988033.xml">music</link></web_site><web_site wordnetid="106359193" confidence="0.9508927676800064"><link ns0:type="simple" ns0:href="../005/1560005.xml">news</link></web_site><link ns0:type="simple" ns0:href="../258/5284258.xml">omg</link><web_site wordnetid="106359193" confidence="0.9508927676800064"><link ns0:type="simple" ns0:href="../791/9180791.xml">sport</link></web_site><web_site wordnetid="106359193" confidence="0.9508927676800064"><link ns0:type="simple" ns0:href="../520/7337520.xml">video</link></web_site><web_site wordnetid="106359193" confidence="0.9508927676800064"><link ns0:type="simple" ns0:href="../022/1620022.xml">web</link></web_site></col></row><row style="height:2px" /><row><col style=";background:#D1B6EC; vertical-align:middle;;" class="navbox-group">commun publish</col><col style="text-align:left;border-left:2px solid #fdfdfd;width:100%;padding:0px;;;" class="navbox-list navbox-even"><web_site wordnetid="106359193" confidence="0.9508927676800064"><link ns0:type="simple" ns0:href="../969/3385969.xml">answer</link></web_site><web_site wordnetid="106359193" confidence="0.9508927676800064"><link ns0:type="simple" ns0:href="../074/16389074.xml">buzz</link></web_site><web_site wordnetid="106359193" confidence="0.9508927676800064"><link ns0:type="simple" ns0:href="../458/1178458.xml">flickr</link></web_site><link ns0:type="simple" ns0:href="../308/950308.xml">delici</link><link ns0:type="simple" ns0:href="../226/18171226.xml">fire eagl</link><event wordnetid="100029378" confidence="0.8"><social_event wordnetid="107288639" confidence="0.8"><contest wordnetid="107456188" confidence="0.8"><game wordnetid="100456199" confidence="0.8"><psychological_feature wordnetid="100023100" confidence="0.8"><link ns0:type="simple" ns0:href="../731/1002731.xml">game</link></psychological_feature></game></contest></social_event></event><social_group wordnetid="107950920" confidence="0.8"><gathering wordnetid="107975026" confidence="0.8"><community wordnetid="108223802" confidence="0.8"><group wordnetid="100031264" confidence="0.8"><link ns0:type="simple" ns0:href="../913/479913.xml">geociti</link></group></community></gathering></social_group><link ns0:type="simple" ns0:href="../892/13411892.xml" /><web_site wordnetid="106359193" confidence="0.9508927676800064"><link ns0:type="simple" ns0:href="../875/8141875.xml">jumpcut</link></web_site><web_site wordnetid="106359193" confidence="0.9508927676800064"><link ns0:type="simple" ns0:href="../868/15717868.xml">live</link></web_site><web_site wordnetid="106359193" confidence="0.9508927676800064"><link ns0:type="simple" ns0:href="../788/646788.xml">mail</link></web_site><software wordnetid="106566077" confidence="0.9508927676800064"><link ns0:type="simple" ns0:href="../351/199351.xml">messeng</link></software><link ns0:type="simple" ns0:href="../392/3441392.xml">mobil</link><company wordnetid="108058098" confidence="0.9508927676800064"><link ns0:type="simple" ns0:href="../825/12079825.xml">mybloglog</link></company><web_site wordnetid="106359193" confidence="0.9508927676800064"><link ns0:type="simple" ns0:href="../492/9391492.xml">pipe</link></web_site><computer wordnetid="103082979" confidence="0.8"><artifact wordnetid="100021939" confidence="0.8"><instrumentality wordnetid="103575240" confidence="0.8"><device wordnetid="103183080" confidence="0.8"><machine wordnetid="103699975" confidence="0.8"><web_site wordnetid="106359193" confidence="0.8"><link ns0:type="simple" ns0:href="../041/1661041.xml">rival</link></web_site></machine></device></instrumentality></artifact></computer><work wordnetid="100575741" confidence="0.8"><event wordnetid="100029378" confidence="0.8"><service wordnetid="100577525" confidence="0.8"><act wordnetid="100030358" confidence="0.8"><psychological_feature wordnetid="100023100" confidence="0.8"><activity wordnetid="100407535" confidence="0.8"><link ns0:type="simple" ns0:href="../804/15873804.xml">web host</link></activity></psychological_feature></act></service></event></work><link ns0:type="simple" ns0:href="../529/2909529.xml">upcom</link><software wordnetid="106566077" confidence="0.9508927676800064"><link ns0:type="simple" ns0:href="../488/10128488.xml">voic</link></software><software wordnetid="106566077" confidence="0.9508927676800064"><link ns0:type="simple" ns0:href="../586/2732586.xml">zimbra</link></software></col></row><row style="height:2px" /><row><col style=";background:#D1B6EC; vertical-align:middle;;" class="navbox-group">comput applic</col><col style="text-align:left;border-left:2px solid #fdfdfd;width:100%;padding:0px;;;" class="navbox-list navbox-odd"><software wordnetid="106566077" confidence="0.9508927676800064"><link ns0:type="simple" ns0:href="../590/414590.xml">widget</link></software><software wordnetid="106566077" confidence="0.9508927676800064"><link ns0:type="simple" ns0:href="../038/1847038.xml">desktop search</link></software><software wordnetid="106566077" confidence="0.9508927676800064"><link ns0:type="simple" ns0:href="../351/199351.xml">messeng</link></software><physical_entity wordnetid="100001930" confidence="0.8"><person wordnetid="100007846" confidence="0.8"><player wordnetid="110439851" confidence="0.8"><contestant wordnetid="109613191" confidence="0.8"><causal_agent wordnetid="100007347" confidence="0.8"><link ns0:type="simple" ns0:href="../684/2605684.xml">music jukebox</link></causal_agent></contestant></player></person></physical_entity><software wordnetid="106566077" confidence="0.8"><application wordnetid="106570110" confidence="0.8"><program wordnetid="106568978" confidence="0.8"><browser wordnetid="106571301" confidence="0.8"><written_communication wordnetid="106349220" confidence="0.8"><writing wordnetid="106359877" confidence="0.8"><code wordnetid="106355894" confidence="0.8"><coding_system wordnetid="106353757" confidence="0.8"><link ns0:type="simple" ns0:href="../235/401235.xml">allse eye</link></coding_system></code></writing></written_communication></browser></program></application></software><component wordnetid="103081021" confidence="0.8"><part wordnetid="103892891" confidence="0.8"><addition wordnetid="102679415" confidence="0.8"><link ns0:type="simple" ns0:href="../747/13577747.xml">toolbar</link></addition></part></component></col></row><row style="height:2px" /><row><col style=";background:#D1B6EC; vertical-align:middle;;" class="navbox-group">product servic</col><col style="text-align:left;border-left:2px solid #fdfdfd;width:100%;padding:0px;;;" class="navbox-list navbox-even"><link /><computer wordnetid="103082979" confidence="0.8"><artifact wordnetid="100021939" confidence="0.8"><instrumentality wordnetid="103575240" confidence="0.8"><device wordnetid="103183080" confidence="0.8"><machine wordnetid="103699975" confidence="0.8"><web_site wordnetid="106359193" confidence="0.8"><link ns0:type="simple" ns0:href="../946/462946.xml">broadcastcom</link></web_site></machine></device></instrumentality></artifact></computer><computer wordnetid="103082979" confidence="0.8"><artifact wordnetid="100021939" confidence="0.8"><social_group wordnetid="107950920" confidence="0.8"><instrumentality wordnetid="103575240" confidence="0.8"><gathering wordnetid="107975026" confidence="0.8"><device wordnetid="103183080" confidence="0.8"><community wordnetid="108223802" confidence="0.8"><machine wordnetid="103699975" confidence="0.8"><group wordnetid="100031264" confidence="0.8"><web_site wordnetid="106359193" confidence="0.8"><link ns0:type="simple" ns0:href="../462/13281462.xml">mash</link></web_site></group></machine></community></device></gathering></instrumentality></social_group></artifact></computer><physical_entity wordnetid="100001930" confidence="0.8"><person wordnetid="100007846" confidence="0.8"><player wordnetid="110439851" confidence="0.8"><client wordnetid="109985075" confidence="0.8"><contestant wordnetid="109613191" confidence="0.8"><causal_agent wordnetid="100007347" confidence="0.8"><case wordnetid="109898892" confidence="0.8"><link ns0:type="simple" ns0:href="../884/533884.xml">musicmatch jukebox</link></case></causal_agent></contestant></client></player></person></physical_entity><service wordnetid="100577525" confidence="0.9508927676800064"><link ns0:type="simple" ns0:href="../842/3422842.xml">music unlimit</link></service><web_site wordnetid="106359193" confidence="0.9508927676800064"><link ns0:type="simple" ns0:href="../642/3811642.xml">photo</link></web_site><web_site wordnetid="106359193" confidence="0.9508927676800064"><link ns0:type="simple" ns0:href="../931/10423931.xml">podcast</link></web_site><computer wordnetid="103082979" confidence="0.8"><artifact wordnetid="100021939" confidence="0.8"><instrumentality wordnetid="103575240" confidence="0.8"><device wordnetid="103183080" confidence="0.8"><machine wordnetid="103699975" confidence="0.8"><web_site wordnetid="106359193" confidence="0.8"><link ns0:type="simple" ns0:href="../036/1553036.xml">rocketmail</link></web_site></machine></device></instrumentality></artifact></computer><link ns0:type="simple" ns0:href="../684/714684.xml">webr</link></col></row><row style="height:2px" /><row><col style=";background:#D1B6EC; vertical-align:middle;;" class="navbox-group" /><col style="text-align:left;border-left:2px solid #fdfdfd;width:100%;padding:0px;;;" class="navbox-list navbox-odd"><link ns0:type="simple" ns0:href="../423/6916423.xml">acquisit</link><link ns0:type="simple" ns0:href="../392/18718392.xml">critic</link><web_site wordnetid="106359193" confidence="0.9508927676800064"><link ns0:type="simple" ns0:href="../112/7806112.xml">time capsul</link></web_site></col></row><row style="height:2px;" /><row><col colspan="2" style=";background:#DECAF1;" class="navbox-abovebelow">annual revenu billion<currency wordnetid="113385913" confidence="0.9508927676800064"><link ns0:type="simple" ns0:href="../338/18717338.xml">usd</link></currency>employe stock symbol<company wordnetid="108058098" confidence="0.8"><institution wordnetid="108053576" confidence="0.8"><link ns0:type="simple" ns0:href="../559/21559.xml">nasdaq</link></institution></company><weblink ns0:type="simple" ns0:href="http://quotes.nasdaq.com/asp/SummaryQuote.asp?symbol=YHOO selected=YHOO">yhoo</weblink>websit<weblink ns0:type="simple" ns0:href="http://www.yahoo.com/">yahoocom</weblink></col></row></table></col></row></table></p></sec></bdy></machine></device></motor></engine></instrumentality></artifact></article>