<article xmlns:ns0="http://www.w3.org/1999/xlink"><header><title>encrypt</title><id /><revision><id /><timestamp /><contributor><username>mrolli</username><id /></contributor></revision><categories><category>cryptographi</category></categories></header><bdy>encrypt redirect film<product wordnetid="104007894" confidence="0.8"><creation wordnetid="103129123" confidence="0.8"><artifact wordnetid="100021939" confidence="0.8"><event wordnetid="100029378" confidence="0.8"><social_event wordnetid="107288639" confidence="0.8"><movie wordnetid="106613686" confidence="0.8"><show wordnetid="106619065" confidence="0.8"><psychological_feature wordnetid="100023100" confidence="0.8"><link ns0:type="simple" ns0:href="../611/1612611.xml">encrypt film</link></psychological_feature></show></movie></social_event></event></artifact></creation></product>thi articl algorithm encrypt decrypt overview cryptograph technolog gener<link ns0:type="simple" ns0:href="../432/18934432.xml">cryptographi</link><p><link ns0:type="simple" ns0:href="../432/18934432.xml">cryptographi</link>encrypt process transform<link ns0:type="simple" ns0:href="../062/18985062.xml">inform</link>refer<link ns0:type="simple" ns0:href="../935/157935.xml">plaintext</link>algorithm call<link ns0:type="simple" ns0:href="../244/5244.xml">cipher</link>unread anyon possess special knowledg usual refer<link ns0:type="simple" ns0:href="../039/53039.xml">key</link>result process encrypt inform cryptographi refer ciphertext mani context word encrypt implicitli refer revers process decrypt eg<link ns0:type="simple" ns0:href="../143/2285143.xml">softwar encrypt</link>typic perform decrypt encrypt inform readabl ie unencrypt</p><p>encrypt ha long militari govern facilit secret commun encrypt protect inform mani kind civilian system<link ns0:type="simple" ns0:href="../457/7878457.xml">comput</link><link ns0:type="simple" ns0:href="../592/4122592.xml">network</link>eg<link ns0:type="simple" ns0:href="../539/14539.xml">internet</link><link ns0:type="simple" ns0:href="../611/9611.xml">ecommerc</link><link ns0:type="simple" ns0:href="../137/19644137.xml">mobil telephon</link><link ns0:type="simple" ns0:href="../451/4578451.xml">wireless microphon</link><link ns0:type="simple" ns0:href="../598/13232598.xml">wireless intercom</link>system<computer wordnetid="103082979" confidence="0.8"><artifact wordnetid="100021939" confidence="0.8"><instrumentality wordnetid="103575240" confidence="0.8"><standard wordnetid="107260623" confidence="0.8"><device wordnetid="103183080" confidence="0.8"><machine wordnetid="103699975" confidence="0.8"><system_of_measurement wordnetid="113577171" confidence="0.8"><link ns0:type="simple" ns0:href="../742/3742.xml">bluetooth</link></system_of_measurement></machine></device></standard></instrumentality></artifact></computer>devic bank<link ns0:type="simple" ns0:href="../628/46628.xml">automat teller machin</link>encrypt<link ns0:type="simple" ns0:href="../226/18938226.xml">digit manag</link>prevent unauthor reproduct copyright materi softwar protect<link ns0:type="simple" ns0:href="../488/18935488.xml">revers engin</link><link ns0:type="simple" ns0:href="../210/219210.xml">copi protect</link></p><p>encrypt protect confidenti messag techniqu protect integr authent messag exampl verif<link ns0:type="simple" ns0:href="../523/567523.xml">messag authent code</link>mac<link ns0:type="simple" ns0:href="../644/59644.xml">digit signatur</link>standard<link ns0:type="simple" ns0:href="../143/2285143.xml">cryptograph softwar</link>hardwar perform encrypt wide avail success encrypt ensur secur challeng problem singl slipup system design execut allow success attack sometim adversari unencrypt inform directli undo encrypt eg<link ns0:type="simple" ns0:href="../015/480015.xml">traffic analysi</link><link ns0:type="simple" ns0:href="../781/184781.xml">tempest</link><link>trojan hors</link></p><sec><st>semant</st><p>thi term misnom veri commonli describ abov correctli term enciph deciph decod cryptograph encod messag ciphertext key decrypt actual decod messag cipher andor key ie codebreak encrypt meaningless strictli speak howev common usag pervas academ literatur distinct gener lost</p><p>term encrypt decrypt discourag intern document sinc tend mistransl inter buri disint</p></sec><sec><st>refer</st><p><list><entry level="1" type="bullet">helen fouch gain cryptanalysi dover isbn</entry><entry level="1" type="bullet"><physical_entity wordnetid="100001930" confidence="0.8"><communicator wordnetid="109610660" confidence="0.8"><person wordnetid="100007846" confidence="0.8"><intellectual wordnetid="109621545" confidence="0.8"><causal_agent wordnetid="100007347" confidence="0.8"><writer wordnetid="110794014" confidence="0.8"><historian wordnetid="110177150" confidence="0.8"><scholar wordnetid="110557854" confidence="0.8"><journalist wordnetid="110224578" confidence="0.8"><link ns0:type="simple" ns0:href="../052/578052.xml">david kahn</link></journalist></scholar></historian></writer></causal_agent></intellectual></person></communicator></physical_entity>codebreak stori secret write isbn</entry><entry level="1" type="bullet"><physical_entity wordnetid="100001930" confidence="0.8"><person wordnetid="100007846" confidence="0.8"><cryptanalyst wordnetid="109981540" confidence="0.8"><intellectual wordnetid="109621545" confidence="0.8"><alumnus wordnetid="109786338" confidence="0.8"><causal_agent wordnetid="100007347" confidence="0.8"><scholar wordnetid="110557854" confidence="0.8"><decoder wordnetid="109995398" confidence="0.8"><link ns0:type="simple" ns0:href="../032/477032.xml">abraham sinkov</link></decoder></scholar></causal_agent></alumnus></intellectual></cryptanalyst></person></physical_entity>elementari cryptanalysi mathemat approach mathemat associ america isbn</entry></list></p></sec><sec><st /><p><table style="background:#f9f9f9; font-size:85%; line-height:110%; "><row><col><image width="32x28px" src="Crypto_key.svg" /></col><col style="padding:0 0.2em;">cryptographi portal</col></row></table></p><p><list><entry level="1" type="bullet"><link ns0:type="simple" ns0:href="../432/18934432.xml">cryptographi</link>term encompass encrypt concept hide inform</entry><entry level="1" type="bullet"><operation wordnetid="100955060" confidence="0.8"><event wordnetid="100029378" confidence="0.8"><attack wordnetid="100972621" confidence="0.8"><act wordnetid="100030358" confidence="0.8"><psychological_feature wordnetid="100023100" confidence="0.8"><activity wordnetid="100407535" confidence="0.8"><link ns0:type="simple" ns0:href="../148/15893148.xml">cold boot attack</link></activity></psychological_feature></act></attack></event></operation></entry><entry level="1" type="bullet"><link ns0:type="simple" ns0:href="../143/2285143.xml">encrypt softwar</link></entry><entry level="1" type="bullet"><link ns0:type="simple" ns0:href="../244/5244.xml">cipher</link>algorithm encrypt</entry><entry level="1" type="bullet"><link ns0:type="simple" ns0:href="../039/53039.xml">key</link>special knowledg success decrypt</entry><entry level="1" type="bullet"><link ns0:type="simple" ns0:href="../791/7066791.xml">full disk encrypt</link></entry><entry level="1" type="bullet"><link ns0:type="simple" ns0:href="../697/18627697.xml">secur network commun</link></entry></list></p></sec><sec><st>extern link</st><p><image location="none" width="50px" src="Wiktionary-logo-en.svg"><caption>wiktionari</caption></image><web_site wordnetid="106359193" confidence="0.9508927676800064"><link ns0:type="simple" ns0:href="../658/156658.xml">wiktionari</link></web_site>free dictionari</p><p><list><entry level="1" type="bullet"><weblink ns0:type="simple" ns0:href="http://www.securitydocs.com/Encryption">securitydoc resourc encrypt whitepap</weblink></entry><entry level="1" type="bullet"><weblink ns0:type="simple" ns0:href="http://www.xml-dev.com/lurker/list/crypto.en.html">accumul archiv variou cryptographi mail list</weblink>includ cryptographi list metzdowd securityfocu crypto list</entry></list></p><p><table style=";" class="navbox" cellspacing="0"><row><col style="padding:2px;"><table style="width:100%;background:transparent;color:inherit;;" class="nowraplinks  " cellspacing="0"><row><col colspan="2" style="width:100%;padding:0px;;;" class="navbox-list navbox-even"><table style="width:100%;;;;" class="nowraplinks  navbox-subgroup" cellspacing="0"><row><header colspan="2" style=";background:#ccf;" class="navbox-title"><link ns0:type="simple" ns0:href="../432/18934432.xml">cryptographi</link></header></row><row style="height:2px;" /><row><col colspan="2" style="width:100%;padding:0px;;;" class="navbox-list navbox-odd"><link ns0:type="simple" ns0:href="../066/520066.xml">histori cryptographi</link><link ns0:type="simple" ns0:href="../715/5715.xml">cryptanalysi</link>cryptographi portal<link ns0:type="simple" ns0:href="../585/449585.xml">topic cryptographi</link></col></row><row style="height:2px" /><row><col colspan="2" style="width:100%;padding:0px;;;" class="navbox-list navbox-even"><event wordnetid="100029378" confidence="0.8"><rule wordnetid="105846932" confidence="0.8"><act wordnetid="100030358" confidence="0.8"><psychological_feature wordnetid="100023100" confidence="0.8"><procedure wordnetid="101023820" confidence="0.8"><activity wordnetid="100407535" confidence="0.8"><algorithm wordnetid="105847438" confidence="0.8"><link ns0:type="simple" ns0:href="../042/53042.xml">symmetrickey algorithm</link></algorithm></activity></procedure></psychological_feature></act></rule></event><link ns0:type="simple" ns0:href="../594/4594.xml">block cipher</link><link ns0:type="simple" ns0:href="../007/49007.xml">stream cipher</link><link ns0:type="simple" ns0:href="../222/24222.xml">publickey cryptographi</link><physical_entity wordnetid="100001930" confidence="0.8"><person wordnetid="100007846" confidence="0.8"><causal_agent wordnetid="100007347" confidence="0.8"><primitive wordnetid="109627462" confidence="0.8"><link ns0:type="simple" ns0:href="../526/439526.xml">cryptograph hash function</link></primitive></causal_agent></person></physical_entity><link ns0:type="simple" ns0:href="../523/567523.xml">messag authent code</link><event wordnetid="100029378" confidence="0.8"><rule wordnetid="105846932" confidence="0.8"><act wordnetid="100030358" confidence="0.8"><psychological_feature wordnetid="100023100" confidence="0.8"><procedure wordnetid="101023820" confidence="0.8"><activity wordnetid="100407535" confidence="0.8"><algorithm wordnetid="105847438" confidence="0.8"><link ns0:type="simple" ns0:href="../249/182249.xml">random number</link></algorithm></activity></procedure></psychological_feature></act></rule></event><link ns0:type="simple" ns0:href="../733/28733.xml">steganographi</link></col></row></table></col></row></table></col></row></table></p></sec></bdy></article>