<article xmlns:ns0="http://www.w3.org/1999/xlink"><header><title>comput experi</title><id /><revision><id /><timestamp /><contributor><username>btyner</username><id /></contributor></revision><categories><category>comput scienc</category></categories></header><bdy>scientif context comput experi typic impli phase model phase experiment phase model phase replac tradit<link>mathemat model</link>experiment phase replac tradit<link ns0:type="simple" ns0:href="../187/15187.xml">vivo</link><link ns0:type="simple" ns0:href="../188/15188.xml">vitro</link>experi ha becom common call experi<link ns0:type="simple" ns0:href="../450/1035450.xml">silico</link><sec><st>comput simul build block comput experi</st><p>comput simul comput model typic replac tradit mathemat model wherea mathemat model tradit solv analyt comput model solv numer thi<link ns0:type="simple" ns0:href="../416/375416.xml">comput simul</link>system typic physic system sometim analyt solut mathemat model howev comput simul find approxim solut typic thi happen<link ns0:type="simple" ns0:href="../309/1424309.xml">differenti equat</link></p><p>comput experi comput model infer underli system idea comput model place experi phrase<link ns0:type="simple" ns0:href="../450/1035450.xml">silico experi</link>moment exampl debat climat chang inform larg evalu climat simul largest comput investig impact substanti increas atmospher concentr greenhous gase carbon dioxid thi case accumul mani simul differ initi condit form experi</p></sec><sec><st>comput experi statist</st><p>comput experi branch<link ns0:type="simple" ns0:href="../059/1059.xml">appli statist</link>becaus user account three sourc uncertainti model paramet valu second model themselv imperfect represent underli system third data collect system calibr model imperfectli measur howev fair practition comput experi themselv statistician</p></sec><sec><st>histori</st><p>comput experi probabl conduct<site wordnetid="108651247" confidence="0.8"><region wordnetid="108630985" confidence="0.8"><position wordnetid="108621598" confidence="0.8"><center wordnetid="108523483" confidence="0.8"><point wordnetid="108620061" confidence="0.8"><landmark wordnetid="108624891" confidence="0.8"><area wordnetid="108497294" confidence="0.8"><location wordnetid="100027167" confidence="0.8"><tract wordnetid="108673395" confidence="0.8"><geographical_area wordnetid="108574314" confidence="0.8"><link ns0:type="simple" ns0:href="../145/38145.xml">lo alamo nation laboratori</link></geographical_area></tract></location></area></landmark></point></center></position></region></site>studi behaviour nuclear weapon sinc comput model ha branch larg physic environment scienc sometim refer process model medicin becaus comput experi develop wide rang applic littl standardis terminolog</p></sec><sec><st>preliminari remark</st><p>gener guid thi articl learn model paramet data system refer model calibr learn system behaviour system predict combin eg model system data predict system refer calibr predict terminolog discuss<link ns0:type="simple" ns0:href="#xpointer(//*[./st=%22The+traditional+approach%22])"><list><entry level="1" type="number">tradit approach</entry></list></link></p><ss1><st>construct simul</st><p>simul comput code actual evalu output simul correspond usual directli measur aspect system import understand process creat simul becaus thi allow judgement simul system thi inform difficult combin inform differ simul becaus extent treat independ sourc inform<link ns0:type="simple" ns0:href="../416/375416.xml">comput simul</link></p><p>applic typic three simul model treatment solver thu write</p><p>simul model treatment solver</p><p>differ three compon rise differ simul</p></ss1><ss1><st>model</st><p>subject model larg<link ns0:type="simple" ns0:href="../795/3224795.xml">model abstract</link>introduct link start point<link ns0:type="simple" ns0:href="../590/20590.xml">mathemat model</link>system interest physic scienc model typic describ variabl plu fundament law equat variabl exist evolv space time</p><p>exampl suppos interest build ocean model proceed follow</p><p><list><entry level="1" type="bullet">variabl veloc three direct pressur temperatur salin densiti</entry></list></p><p><list><entry level="1" type="bullet">fundament law<link ns0:type="simple" ns0:href="../395/48395.xml">navierstok equat</link>conserv momentum<link ns0:type="simple" ns0:href="../793/410793.xml">continu equat</link>conserv mass conserv temperatur salin</entry></list></p><p><list><entry level="1" type="bullet">equat relationship densiti temperatur salin pressur perhap model format seaic</entry></list></p><p>variabl ocean model express continuum space time fundament law<link ns0:type="simple" ns0:href="../564/52564.xml">partial differenti equat</link>thi stage simplif exampl common treat seawat incompress furthermor equat specifi empir relationship base laboratori experi</p><p>lessphys scienc model tend construct respect key process sometim refer compartment model exampl suppli thi happen physic model exampl simpl model ocean atlant divid ocean compart south tropic north deep</p></ss1><ss1><st>treatment</st><p>treatment model applic instanc exampl model ocean applic earth dure period treatment thi case compris boundari condit describ ocean margin topographi initi condit quantifi vector veloc pressur everi locat start forc function describ extern influenc ocean period forc mainli describ event surfac ocean temperatur wind exchang freshwat evapor precipit histor valu forc infer data futur valu today will specifi accord scenario</p><p>note largescal climat model coupl ocean model atmospher model forc margin ocean atmospher doe prescrib infer moment thi type coupl bit black art forc coupl model tend atmospher thing orbit atmospher concentr greenhous gase</p></ss1><ss1><st>solver</st><p>final solver turn model treatment calcul approxim evolut vector thi point usual necessari discretis problem involv replac continuum lattic discret point ocean simul earth surfac divid rectangl ocean number layer thi divis typic simul number cell refer simul resolut time discretis possibl treat stepsiz adjac timepoint quit sophist manner adapt calcul</p><p>discretis allow approxim solut model treatment introduc problem necessit adjust process characterist scale smaller grid cell timestep nt pick simul behav vector constant cell timestep socal subgridscal process thought larg compon model solver includ approxim process impact thi approxim simul resolut becom larg</p></ss1><ss1><st>simul function</st><p>simul implement piec comput code evalu produc collect output normal written file code file read code find number requir befor code will typic compris coeffici underli model possibl initi condit forc function natur simul determinist function map input collect output asid thi notion extend stochast simul input seed random number gener</p><p>basi simul thi common refer collect input simul result output vector quantiti veri larg collect valu space time space time</p><p>worth note simul worthi object infer mani simul embodi formal inform expertis larg relev scientif commun interest object</p><p><math>cdot</math>principl practic thi case mani simul compris ten highlevel comput code access intuit discuss actual code imposs predict exactli output will</p><p>view lend<link ns0:type="simple" ns0:href="../526/38526.xml">bayesian</link>analysi<math>cdot</math>treat random function set simul observ implicitli treat<math>cdot</math>random function infer bayesian paradigm</p></ss1></sec><sec><st>sourc uncertainti</st><p>differ sourc uncertainti comput experi discuss turn</p><ss1><st>uncertainti simul behaviour</st><p>uncertain happen evalu simul input valu actual thi evalu outcom uncertain thi becaus simul usual suffici complic valu simul cheap evalu number compon quit small thi usual problem evalu simul littl cost find input close alreadi evalu thi case uncertainti ani realli issu simul expens evalu lot compon typic uncertain thi uncertainti quit larg</p></ss1><ss1><st>uncertainti correct simul input</st><p>reason whi uncertain correct simul input precis measur thi appli compon analogu system measur input typic includ initi condit sinc start valu vector vector typic quantiti analogu system water temperatur mani forc function measur measur doe nt actual measur error</p><p>second compon correspond ani measur quantiti system tune input typic model paramet place model ha simplifi process complet understood repres flexibl nonphys submodel tune input tend repres quit gener concept highli aggreg</p><p>exampl hydrocarbon reservoir common parameteris fault transmiss natur fault vari microscal level obvious singl number gross simplif reason treatment ha fault valu transmiss thi case exactli problem appli rock permeabl averag region aggreg permeabl exampl simplifi model lead problem definit input compon result uncertainti correct valu correct valu henc correct</p><p>add someth flexibl nonphys submodel exampl coupl</p></ss1><ss1><st>uncertainti simul output system</st><p /></ss1><ss1><st>uncertainti measur system</st></ss1></sec><sec><st>tradit approach</st></sec><sec><st>probabilist bayesian approach</st></sec><sec><st>challeng larg comput experi</st></sec><sec><st>read</st><p><cite id="Reference-Santner-2003" style="font-style:normal" class="book">santner thoma design analysi comput experi berlin springer isbn</cite></p></sec></bdy></article>