<article xmlns:ns0="http://www.w3.org/1999/xlink"><header><title>wam</title><id /><revision><id /><timestamp /><contributor><username>nbarth</username><id /></contributor></revision><categories><category>disambigu</category><category>disambigu</category></categories></header><bdy>wam refer<p><list><entry level="1" type="bullet"><link ns0:type="simple" ns0:href="../402/1912402.xml">wam</link>cabl televis channel children</entry><entry level="1" type="bullet"><link>wakalat anba alemarat</link>wam offici news agenc unit arab emir establish</entry><entry level="1" type="bullet"><person wordnetid="100007846" confidence="0.9638700866880419"><link ns0:type="simple" ns0:href="../446/14390446.xml">wam kat</link></person>dutch polit activist author live germani</entry><entry level="1" type="bullet">wam altern<natural_elevation wordnetid="109366317" confidence="0.8"><mountain wordnetid="109359803" confidence="0.8"><location wordnetid="100027167" confidence="0.8"><geological_formation wordnetid="109287968" confidence="0.8"><link ns0:type="simple" ns0:href="../137/427137.xml">spine</link></geological_formation></location></mountain></natural_elevation>mountain rang fiction<link>faern</link></entry><entry level="1" type="bullet"><link ns0:type="simple" ns0:href="../318/171318.xml">warren abstract machin</link></entry><entry level="1" type="bullet"><link>wave analysi model</link></entry><entry level="1" type="bullet"><link>web acceler market</link></entry><entry level="1" type="bullet"><link ns0:type="simple" ns0:href="../936/16765936.xml">web access manag</link></entry><entry level="1" type="bullet"><link>weight averag matur</link></entry><entry level="1" type="bullet"><link ns0:type="simple" ns0:href="../584/602584.xml">wet messi fetish</link></entry><entry level="1" type="bullet"><link>arm manipul</link>wam barrett technolog</entry><entry level="1" type="bullet"><person wordnetid="100007846" confidence="0.9508927676800064"><link ns0:type="simple" ns0:href="../163/33163.xml">wolfgang amadeu mozart</link></person></entry><entry level="1" type="bullet"><link>work asset manag</link>softwar tool</entry></list></p><p><link ns0:type="simple" ns0:href="../748/2998748.xml">wham disambigu</link></p><p><table style="background:none"><row><col style="vertical-align:middle;"><image width="30px" src="Disambig_gray.svg" /></col><col style="vertical-align:middle;">thi list articl associ titl<weblink ns0:type="simple" ns0:href="http://localhost:18088/wiki/index.php?title=Special:Whatlinkshere/WAM namespace=0">intern link</weblink>led chang link point directli intend articl</col></row></table></p></bdy></article>