<article xmlns:ns0="http://www.w3.org/1999/xlink"><header><title>tachypsychia</title><id /><revision><id /><timestamp /><contributor><username>rjfjr</username><id /></contributor></revision><categories><category>psycholog</category></categories></header><bdy>tachypsychia neurolog condit distort<link ns0:type="simple" ns0:href="../639/296639.xml">percept time</link>usual induc<link ns0:type="simple" ns0:href="../037/189037.xml">physic exert</link><link ns0:type="simple" ns0:href="../887/87887.xml">drug</link><link ns0:type="simple" ns0:href="../091/788091.xml">traumat event</link>sometim refer<link ns0:type="simple" ns0:href="../501/19501.xml">martial art</link>instructor defens expert tachi psych someon affect tachypsychia time perceiv individu lengthen event appear slow contract object appear move speed blur believ tachypsychia induc combin high level<link ns0:type="simple" ns0:href="../548/48548.xml">dopamin</link><link ns0:type="simple" ns0:href="../342/9903342.xml">norepinephrin</link>usual dure period great physic stress andor violent confront<sec><st>physic respons</st><p>call fight flight respons bodi event mind consid life threaten tachypsychia believ includ numer physic chang</p><ss1><st>adrenalin respons</st><p>stimul fear anger<link ns0:type="simple" ns0:href="../415/471415.xml">adren medulla</link>automat produc hormon epinephrin aka<link ns0:type="simple" ns0:href="../640/15548640.xml">adrenalin</link>directli blood stream thi variou variou bodili system includ</p><p><list><entry level="1" type="bullet">increas heart rate blood pressur averag person puls rais beat minut<link ns0:type="simple" ns0:href="../083/99083.xml">bpm</link>increas<link ns0:type="simple" ns0:href="../942/304942.xml">heart rate</link>abov bpm caus<link ns0:type="simple" ns0:href="../319/168319.xml">faint</link>ing bodi constrict fetal posit prepar<link ns0:type="simple" ns0:href="../721/5721.xml">coma</link></entry><entry level="1" type="bullet">dilat<link ns0:type="simple" ns0:href="../449/308449.xml">bronchial passag</link>permit higher absorpt oxygen</entry><entry level="1" type="bullet">dilat pupil allow light enter visual exclus tunnel vision occur allow greater focu result loss peripher vision</entry><entry level="1" type="bullet">releas glucos bloodstream gener extra energi rais<link>blood sugar level</link></entry></list></p><p>common individu experi auditori exclus enhanc common individu experi increas pain toler loss color vision short term memori loss decreas fine motor skill decreas commun skill decreas coordin</p></ss1><ss1><st>psycholog respons</st><p>common experi dure tachypsychia feel time ha increas slow brought increas brain activ caus epinephrin sever decreas brain activ caus catecholamin washout occur event</p><p>common individu experienc tachypsychia seriou misinterpret surround dure event combin alter percept time well transient partial color blind tunnel vision irregularli high level adrenalin consum dure sympathet nervou system activ individu display sign symptom<link ns0:type="simple" ns0:href="../974/82974.xml">posttraumat stress disord</link>common person display extrem emot labil fatigu actual physic exert</p><p>possibl manag adrenalin dump occur event common soldier martial artist tachypsychia order increas perform dure stress situat abil presag success exploit natur phenomena distinguish characterist master skill amateur inher stress profess</p></ss1></sec><sec><st>refer</st><p /></sec></bdy></article>