<article xmlns:ns0="http://www.w3.org/1999/xlink"><idea confidence="0.8" wordnetid="105833840"><plan confidence="0.8" wordnetid="105898568"><header><title>pharmaceut polici</title><id /><revision><id /><timestamp /><contributor><username>edward</username><id /></contributor></revision><categories><category>pharmaci</category><category>pharmaceut polici</category><category>healthcar</category><category>pharmacolog</category><category>polici</category><category>social program</category><category>health</category></categories></header><bdy>pharmaceut polici branch<link ns0:type="simple" ns0:href="../156/3303156.xml">health polici</link>deal develop provis medic health care system embrac drug brand gener biolog product deriv live sourc oppos chemic composit vaccin natur health product pharmaceut polici includ<sec><st>fund life scienc</st><p>mani countri agenc nation govern us nih uk mrc fund univers studi caus diseas case lead develop discoveri transfer pharmaceut compani biotechnolog compani basi drug develop set budget prioriti decis fund signific impact rate drug develop diseas area drug develop exampl major invest nih hiv certainli view import foundat mani antivir drug subsequ develop</p></sec><sec><st>patent law</st><p>patent law written appli invent mechan pharmaceut electron interpret patent law govern patent grant agenc unit patent trademark offic exampl court veri subjectmatt specif signific impact incent drug develop avail lowerpr gener drug exampl decis unit court appeal feder circuit pfizer apotex held invalid patent pharmaceut salt formul previous patent activ ingredi decis overturn unit suprem court gener version drug controversi norvasc amlodipin besyl will avail earlier reason feder circuit case appli gener patent pharmaceut formul signific impact speed gener drug avail convers neg impact incent fund develop drug</p></sec><sec><st>licens</st><p>thi involv approv product sale jurisdict typic nation agenc<link ns0:type="simple" ns0:href="../632/11632.xml">food drug administr</link>specif<link ns0:type="simple" ns0:href="../259/8338259.xml">center drug evalu</link>cder uk<link ns0:type="simple" ns0:href="../200/1442200.xml">medicin healthcar product regulatori agenc</link><department wordnetid="108114861" confidence="0.9508927676800064"><link ns0:type="simple" ns0:href="../516/216516.xml">health canada</link></department>ukrainian drug registr agenc<weblink ns0:type="simple" ns0:href="http://www.drugmed.gov.ua/">http wwwdrugmedgovua</weblink>respons review product approv sale regulatori process typic focus safeti efficaci approv sale product demonstr gener safe ha favour riskbenefit profil rel condit intend treat doe manufactur claim intern staff expert advisori committe review product onc approv product approv letter issu notic complianc indic sold jurisdict case approv condit attach requir exampl addit postmarket trial clarifi issu efficaci patient popul interact product criteria limit product</p></sec><sec><st>price</st><p>mani jurisdict drug price regul exampl uk<link>pharmaceut price regul scheme</link>intend ensur nation health servic abl purchas drug reason prices canada<link ns0:type="simple" ns0:href="../047/17830047.xml">patent medicin price review board</link>examin drug price compar propos canadian price countri determin price excess circumst drug manufactur submit propos price appropri regulatori agenc</p></sec><sec><st>reimburs</st><p>onc regulatori agenc ha determin clinic benefit safeti product price ha confirm necessari drug manufactur will typic submit evalu payer sort payer privat insur plan govern provis benefit plan insur popul special entiti<division wordnetid="108220714" confidence="0.8"><administrative_unit wordnetid="108077292" confidence="0.8"><department wordnetid="108114861" confidence="0.8"><link ns0:type="simple" ns0:href="../122/16664122.xml">cancer care ontario</link></department></administrative_unit></division>fund inhospit oncolog drug health care organ hospit thi point critic issu costeffect thi disciplin<link ns0:type="simple" ns0:href="../424/6989424.xml">pharmacoeconom</link>appli thi special field health econom costbenefit product term qualiti life altern treatment drug nondrug cost reduct avoid health care system exampl drug reduc surgic intervent therebi save money structur uk<link>nation institut health clinic excel</link>canada<link>common drug review</link>evalu product thi jurisdict howev evalu product costeffect instanc individu drug benefit plan administr evalu product addit hospit review committe call pharmaci therapeut committe decis drug fund hospit budget</p><p>drug plan administr appli price rule outsid set nation price agenc exampl british columbia price model call<link>referencebas price</link>set price drug class mani<link>pharmaci benefit manag</link>pbm strategi tier formulari prefer list encourag competit downward price pressur result lower price benefit plan competit procur thi sort common larg purchas<link>veteran health administr</link></p><p>typic manufactur will provid estim project drug well expect fiscal impact drug plan budget necessari drug plan negoti riskshar agreement mitig potenti unexpectedli larg budget impact incorrect assumpt project</p><p>becaus clinic trial gener inform support drug licens limit scope durat drug plan request ongo postmarket trial call phase iv pragmat clinic trial demonstr product real safeti effectiveness form patient registri data collect analysi</p><p>onc product deem costeffect price negoti appli case price model ani riskshar agreement negoti drug place drug list formulari prescrib choos drug list patient subject ani condit patient criteria</p></sec><sec><st>formulari manag</st><p>core reimburs regim drug list formulari manag thi list involv mani differ approach neg list product reimburs ani circumst jurisdict cf germani dynam formulari graduat list ontario condit list model mention formulari drive choic lower cost drug structur slide scale copay favour cheaper product preferenti agreement manufactur thi principl underli prefer drug list mani medicaid program jurisdict plan itali categor drug accord essenti determin level reimburs plan will provid portion patient expect pay</p><p>formulari segment drug categori prior author thi usual limit high cost drug ha potenti inappropri sometim call offlabel involv product treat condit licens wa grant thi circumst health care provid seek permiss prescrib product pharmacist permiss prior dispens</p></sec><sec><st>elig</st><p>depend structur health care system drug purchas patient themselv health care organ behalf patient insur plan public privat hospit typic limit eligilib inpati privat plan employersponsor<link ns0:type="simple" ns0:href="../395/3462395.xml">blue cross</link>mandat legisl quebec consist outsourc arrang public plan<link ns0:type="simple" ns0:href="../773/2870773.xml">medicar</link>scheme public plan structur varieti includ</p><p>univers australia<link ns0:type="simple" ns0:href="../990/772990.xml">pharmaceut benefit scheme</link>restrict age ontario drug benefit plan senior segment diseas group manitoba cystic fibrosi drug plan gear incom<link ns0:type="simple" ns0:href="../794/55794.xml">medicaid</link>program mani</p><p>addit plan structur respond catastroph impact drug expens incur seriou diseas high drug spend rel incom patient popul call medic needi drug cost cover plan resort typic governmentsponsor plan ontario trillium drug program</p><p>pharmaceut polici respond health crise exampl argentina launch<link>remediar</link>dure financi crisi governmentsponsor program provid specifi list essenti drug primari care clinic lowincom neighbourhood similarli brazil provid drug hivaid free citizen deliber public health polici choic</p><p>elig polici focus costshar plan beneficiari insur person copay drive prescrib choic exampl favour gener brand drug prefer nonpref product deduct gear incom plan</p></sec><sec><st>prescrib</st><p>pharmaceut polici attempt shape inform prescrib prescrib limit physician includ class health care provid nurs practition pharmacist limit place class provid thi form prescrib criteria drug limit prescrib type specialist physician exampl hivaid drug physician advanc train thi area involv special drug list specif type health care provid nurs practition prescrib</p><p>plan seek influenc prescrib provid inform prescrib thi practic call<link ns0:type="simple" ns0:href="../806/5613806.xml">academ detail</link>differenti detail provis drug inform pharmaceut compani organ australia<link ns0:type="simple" ns0:href="../644/1612644.xml">nation prescrib servic</link>typifi thi techniqu provid independ inform includ headtohead comparison costeffect inform prescrib influenc choic</p><p>addit effort promot appropri medic involv provid pharmacist provid clinic consult servic set hospit longterm care pharmacist collabor close physician ensur optim prescrib choic jurisdict australia pharmacist compens provid medic review patient outsid acut longterm care set pharmacist collabor famili physician order improv prescrib fund</p></sec><sec><st>pharmaci servic</st><p>pharmaceut polici encompass drug provid beneficiari thi includ mechan drug distribut dispens well fund servic exampl hmo central fill approach prescript packag ship central locat commun pharmaci jurisdict retail pharmaci compens dispens drug elig beneficiari stateoper approach sweden<company wordnetid="108058098" confidence="0.9508927676800064"><link ns0:type="simple" ns0:href="../188/360188.xml">apoteket</link></company>ha monopoli retail pharmaci notforprofit pharmaceut polici subsid smaller margin pharmaci rational health care provid uk<link>essenti small pharmaci scheme</link>work thi</p></sec><sec><st /><p><list><entry level="1" type="bullet"><link ns0:type="simple" ns0:href="../138/1616138.xml">ich</link></entry><entry level="1" type="bullet"><link ns0:type="simple" ns0:href="../631/3260631.xml">nation pharmaceut polici</link></entry></list></p></sec></bdy></plan></idea></article>