<article xmlns:ns0="http://www.w3.org/1999/xlink"><physical_entity confidence="0.8" wordnetid="100001930"><skilled_worker confidence="0.8" wordnetid="110605985"><person confidence="0.8" wordnetid="100007846"><intellectual confidence="0.8" wordnetid="109621545"><adult confidence="0.8" wordnetid="109605289"><serviceman confidence="0.8" wordnetid="110582746"><professional confidence="0.8" wordnetid="110480253"><educator confidence="0.8" wordnetid="110045713"><military_officer confidence="0.8" wordnetid="110317007"><worker confidence="0.8" wordnetid="109632518"><alumnus confidence="0.8" wordnetid="109786338"><academician confidence="0.8" wordnetid="109759069"><causal_agent confidence="0.8" wordnetid="100007347"><scholar confidence="0.8" wordnetid="110557854"><header><title>alan gilbert</title><id /><revision><id /><timestamp /><contributor><username>gaiu corneliu</username><id /></contributor></revision><categories><category>articl dead extern link</category><category>cleanup</category><category>factual verif</category><category>birth</category><category>live peopl</category><category>australian nation univers alumni</category><category>wikipedia articl factual verif sinc juli</category><category>univers tasmania faculti</category><category>offic order australia</category><category>alumni nuffield colleg oxford</category><category>articl invalid paramet templat</category><category>academ univers manchest</category><category>univers melbourn vicechancellor</category><category>articl dead extern link sinc juli</category></categories></header><bdy>conductor<physical_entity wordnetid="100001930" confidence="0.8"><person wordnetid="100007846" confidence="0.8"><conductor wordnetid="109952539" confidence="0.8"><performer wordnetid="110415638" confidence="0.8"><musician wordnetid="110340312" confidence="0.8"><musician wordnetid="110339966" confidence="0.8"><causal_agent wordnetid="100007347" confidence="0.8"><artist wordnetid="109812338" confidence="0.8"><entertainer wordnetid="109616922" confidence="0.8"><creator wordnetid="109614315" confidence="0.8"><link ns0:type="simple" ns0:href="../846/4760846.xml">alan gilbert conductor</link></creator></entertainer></artist></causal_agent></musician></musician></performer></conductor></person></physical_entity>professor alan david gilbert<order wordnetid="107168623" confidence="0.8"><event wordnetid="100029378" confidence="0.8"><command wordnetid="107168131" confidence="0.8"><act wordnetid="100030358" confidence="0.8"><psychological_feature wordnetid="100023100" confidence="0.8"><speech_act wordnetid="107160883" confidence="0.8"><link ns0:type="simple" ns0:href="../398/153398.xml">ao</link></speech_act></psychological_feature></act></command></event></order>born<site wordnetid="108651247" confidence="0.9508927676800064"><link ns0:type="simple" ns0:href="../093/192093.xml">brisban</link></site>septemb onc historian presid<link ns0:type="simple" ns0:href="../129/480129.xml">vice chancellor</link><university wordnetid="108286163" confidence="0.9508927676800064"><link ns0:type="simple" ns0:href="../266/83266.xml">univers manchest</link></university><p>dure tenur vicechancellor<university wordnetid="108286163" confidence="0.9508927676800064"><link ns0:type="simple" ns0:href="../594/363594.xml">univers melbourn</link></university>push establish<body wordnetid="107965085" confidence="0.8"><university wordnetid="108286163" confidence="0.8"><social_group wordnetid="107950920" confidence="0.8"><group wordnetid="100031264" confidence="0.8"><link ns0:type="simple" ns0:href="../014/1867014.xml">melbourn univers privat</link></group></social_group></university></body>privat univers offshoot ultim fail thi well controversi view privat fund univers led richard davi dub doyen econom rationalist vicechancellor<ref ns0:type="simple" ns0:href="#xpointer(//reflist/entry[@id=%221%22])" /></p><sec><st>earli academ career</st><p>gilbert graduat class ba<university wordnetid="108286163" confidence="0.9508927676800064"><link ns0:type="simple" ns0:href="../106/285106.xml">australian nation univers</link></university>ma histori post lectur<university wordnetid="108286163" confidence="0.9508927676800064"><link ns0:type="simple" ns0:href="../507/2036507.xml">univers papua guinea</link></university>gain scholarship<body wordnetid="107965085" confidence="0.8"><social_group wordnetid="107950920" confidence="0.8"><college wordnetid="108278169" confidence="0.8"><educational_institution wordnetid="108276342" confidence="0.8"><group wordnetid="100031264" confidence="0.8"><institution wordnetid="108053576" confidence="0.8"><link ns0:type="simple" ns0:href="../357/128357.xml">nuffield colleg oxford</link></institution></group></educational_institution></college></social_group></body>wa award dphil</p><p>return australia lectur<university wordnetid="108286163" confidence="0.9508927676800064"><link ns0:type="simple" ns0:href="../078/146078.xml">univers south wale</link></university>establish academ reput<link ns0:type="simple" ns0:href="../350/10772350.xml">historian</link>work social socioeconom religi histori modern britain australia</p><p>wa appoint professor histori faculti militari studi wa elect fellow<link ns0:type="simple" ns0:href="../941/4463941.xml">academi social scienc australia</link><ref ns0:type="simple" ns0:href="#xpointer(//reflist/entry[@id=%222%22])" />develop aptitud inclin academ manag becam chair faculti militari studi provic chancellor univers south wale becam vicechancellor princip<university wordnetid="108286163" confidence="0.9508927676800064"><link ns0:type="simple" ns0:href="../288/601288.xml">univers tasmania</link></university>time merger univers<link>launceston cae</link></p></sec><sec><st>univers melbourn</st><p>gilbert wa appoint vicechancellor<university wordnetid="108286163" confidence="0.9508927676800064"><link ns0:type="simple" ns0:href="../594/363594.xml">univers melbourn</link></university>play key role establish subsequ develop<body wordnetid="107965085" confidence="0.8"><university wordnetid="108286163" confidence="0.8"><social_group wordnetid="107950920" confidence="0.8"><group wordnetid="100031264" confidence="0.8"><link ns0:type="simple" ns0:href="../014/1867014.xml">melbourn univers privat</link></group></social_group></university></body>limit mup privat univers establish work alongsid univers melbourn circumv regul strictli limit moneymak educ ventur australian univers ventur wa financi disast wa wide criticis academ politician media rescu mup univers council borrow nation australia bank agre provid addit money invest reserv univers melbourn vc glyn davi announc closur mup cite ventur market ventur permit public univers sector plan integr mup public univers gilbert declin comment action successor iron build origin intend mup public univers ha alan gilbert build</p><p>cours tenur gilbert attract ire student staff exampl staff strike place octob lack clariti pay condit administr offic occupi student protest introduct feepay place april arrest<ref ns0:type="simple" ns0:href="#xpointer(//reflist/entry[@id=%223%22])" /></p><p>cours public place market place melbourn univers claim professor gilbert left univers quasiprivatis institut corpor mould<ref ns0:type="simple" ns0:href="#xpointer(//reflist/entry[@id=%224%22])" /></p></sec><sec><st>univers manchest</st><p>gilbert left univers melbourn appoint presid vice chancellor<university wordnetid="108286163" confidence="0.9508927676800064"><link ns0:type="simple" ns0:href="../266/83266.xml">univers manchest</link></university><country wordnetid="108544813" confidence="0.9508927676800064"><link ns0:type="simple" ns0:href="../316/9316.xml">england</link></country>institut establish merger<body wordnetid="107965085" confidence="0.8"><university wordnetid="108286163" confidence="0.8"><social_group wordnetid="107950920" confidence="0.8"><educational_institution wordnetid="108276342" confidence="0.8"><group wordnetid="100031264" confidence="0.8"><institution wordnetid="108053576" confidence="0.8"><link ns0:type="simple" ns0:href="../250/83250.xml">victoria univers manchest</link></institution></group></educational_institution></social_group></university></body><link ns0:type="simple" ns0:href="../121/32121.xml">umist</link><ref ns0:type="simple" ns0:href="#xpointer(//reflist/entry[@id=%225%22])" />quot ha plan privat univers manchest<ref ns0:type="simple" ns0:href="#xpointer(//reflist/entry[@id=%226%22])" />advoc performancerel pay posit conflict main univers lectur union ucu<ref ns0:type="simple" ns0:href="#xpointer(//reflist/entry[@id=%226%22])" /></p><p>gilbert plan univers ambiti</p><p>aim univers manchest top researchl univers will educ powerhous england northwest commit region well nation intern agenda seek emul social cachet<link ns0:type="simple" ns0:href="../490/22490.xml">oxbridg</link>america<conference wordnetid="108308497" confidence="0.9508927676800064"><link ns0:type="simple" ns0:href="../975/14975.xml">ivi leagu</link></conference>will place confid alongsid virtuoso institut capabl perform qualiti student staff attract reput scholarli excel secur</p><p>accord univers strateg plan<ref ns0:type="simple" ns0:href="#xpointer(//reflist/entry[@id=%227%22])" />akin earlier melbourn agenda<ref ns0:type="simple" ns0:href="#xpointer(//reflist/entry[@id=%228%22])" />univers aim<award wordnetid="106696483" confidence="0.9508927676800064"><link ns0:type="simple" ns0:href="../201/21201.xml">nobel laureat</link></award>staff will fulltim appoint three intend secur univers melbourn ha nobel winner work parttim campu</p><p>gilbert continu invest heavili class peopl offer stateoftheart facil aim univers manchest destin prefer mani best student teacher scholar anyth els success manchest agenda will driven impact intern preemin cluster scholarli cultur univers gener</p><p>central project uniti plan merg wa idea extend golden triangl<university wordnetid="108286163" confidence="0.9508927676800064"><link ns0:type="simple" ns0:href="../797/31797.xml">oxford</link></university><university wordnetid="108286163" confidence="0.9508927676800064"><link ns0:type="simple" ns0:href="../796/31796.xml">cambridg</link></university>london univers<university wordnetid="108286163" confidence="0.9508927676800064"><link ns0:type="simple" ns0:href="../029/52029.xml">ucl</link></university><university wordnetid="108286163" confidence="0.9508927676800064"><link ns0:type="simple" ns0:href="../116/61116.xml">imperi</link></university>golden quadrilater</p><p>gilbert address univers dure inaugur ceremoni whitworth hall octob veri clear believ plan wa achiev list key element transit<book wordnetid="106410904" confidence="0.9508927676800064"><link ns0:type="simple" ns0:href="../396/1553396.xml">good great</link></book>quot book titl jim collin</p><p>intent gilbert agenda wa improv manchest posit intern leagu tabl univers rank shanghai jiao tong<link ns0:type="simple" ns0:href="../184/959184.xml">academ rank univers</link>thi ha improv steadili thi rank measur indic nobel prize winner<link ns0:type="simple" ns0:href="../251/12688251.xml">highli cite author</link>list isi highlycitedcom manchest<ref ns0:type="simple" ns0:href="#xpointer(//reflist/entry[@id=%229%22])" />ha improv partli result appoint peopl glbert ha quot interview<ref ns0:type="simple" ns0:href="#xpointer(//reflist/entry[@id=%2210%22])" />onli rank matter rank global univers produc shanghai jiao tong univers</p><p>spent build<ref ns0:type="simple" ns0:href="#xpointer(//reflist/entry[@id=%2211%22])" /><ref ns0:type="simple" ns0:href="#xpointer(//reflist/entry[@id=%2212%22])" />fund govern grant sale asset howev gilbert announc increas salari cost energi bill lower expect revenu univers wa annual turnov deficit gilbert announc plan redund<ref ns0:type="simple" ns0:href="#xpointer(//reflist/entry[@id=%2213%22])" />univers manag wa criticis<link ns0:type="simple" ns0:href="../408/3304408.xml">univers colleg union</link><ref ns0:type="simple" ns0:href="#xpointer(//reflist/entry[@id=%2214%22])" />howev gilbert ha honour pledg achiev staff reduct compulsori redund octob announc univers budget brought modest surplu result mainli voluntari redund scheme<ref ns0:type="simple" ns0:href="#xpointer(//reflist/entry[@id=%2215%22])" /><ref ns0:type="simple" ns0:href="#xpointer(//reflist/entry[@id=%2216%22])" /><ref ns0:type="simple" ns0:href="#xpointer(//reflist/entry[@id=%2217%22])" /><ref ns0:type="simple" ns0:href="#xpointer(//reflist/entry[@id=%2218%22])" /></p><p>gilbert announc rootandbranch review manchest teach qualiti univers strategi join elit univers will worthless staff reinv interact student<ref ns0:type="simple" ns0:href="#xpointer(//reflist/entry[@id=%2219%22])" /></p></sec><sec><st>refer</st><p><reflist><entry id="1"><cite id="CITEREFBiggsDavis2002" style="font-style:normal">bigg john davi richard<weblink ns0:type="simple" ns0:href="http://www.uow.edu.au/arts/sts/bmartin/dissent/documents/sau/">subvers australian univers</weblink>wollongong fund intellectu dissent</cite></entry><entry id="2"><cite id="CITEREF" style="font-style:normal"><weblink ns0:type="simple" ns0:href="http://www.assa.edu.au/directory/listsearch.asp?SN=gilbert Disc= Panel= KW= Op=AND Sort=S Order=A submit=Search">professor alan gilbert</weblink>directori fellow academi social scienc australia</cite></entry><entry id="3">australian prime minist web site<weblink ns0:type="simple" ns0:href="http://www.pm.gov.au/news/interviews/2001/interview915.htm">http</weblink></entry><entry id="4"><cite id="CITEREF" style="font-style:normal"><weblink ns0:type="simple" ns0:href="http://education.guardian.co.uk/higher/news/story/0,,1149456,00.html">book target manchest corpor vicechancellor</weblink>guardian onlin<link /></cite></entry><entry id="5"><cite id="CITEREF" style="font-style:normal"><weblink ns0:type="simple" ns0:href="http://education.independent.co.uk/higher/article80278.ece">intern rescu</weblink>independ<link /></cite></entry><entry id="6"><weblink ns0:type="simple" ns0:href="http://www.student-direct.co.uk/modules.php?op=modload name=News file=article sid=889">student direct</weblink></entry><entry id="7"><cite id="CITEREF" style="font-style:normal"><weblink ns0:type="simple" ns0:href="http://www.manchester.ac.uk/aboutus/facts/vision/2015goals/">goal</weblink>univers manchest</cite></entry><entry id="8"><cite id="CITEREF" style="font-style:normal"><weblink ns0:type="simple" ns0:href="http://www.unimelb.edu.au/publications/docs/agenda2002.pdf">melbourn agenda</weblink>univers melbourn</cite></entry><entry id="9"><cite id="CITEREF" style="font-style:normal"><weblink ns0:type="simple" ns0:href="http://hcr3.isiknowledge.com/browse_author.pl?link1=Browse link2=Results value=University+of+Manchester submit=INSTITUTION page=0">isi web knowledg</weblink>retriev august</cite></entry><entry id="10"><cite id="CITEREFBoone" style="font-style:normal">boon jonathan<link /><weblink ns0:type="simple" ns0:href="http://us.ft.com/ftgateway/superpage.ft?news_id=fto042920072239244066">interview manchest univers presid alan gilbert</weblink>financi time</cite></entry><entry id="11"><cite id="CITEREFThame" style="font-style:normal">thame david<link /><weblink ns0:type="simple" ns0:href="http://www.manchestereveningnews.co.uk/news/business/s/1012/1012479_cashstrapped_uni_sells_assets.html">cashstrap uni sell asset</weblink>manchest news</cite></entry><entry id="12"><cite id="CITEREF" style="font-style:normal"><weblink ns0:type="simple" ns0:href="http://news.bbc.co.uk/1/hi/england/manchester/6459359.stm">univers staff cut criticis</weblink>bbc news</cite></entry><entry id="13"><cite id="CITEREFQureshi" style="font-style:normal">qureshi yakub<link /><weblink ns0:type="simple" ns0:href="http://www.manchestereveningnews.co.uk/news/education/s/1001/1001469_400_university_jobs_could_go.html">univers job</weblink>manchest news</cite></entry><entry id="14"><cite id="CITEREFCarrothers" style="font-style:normal">carroth richi<link /><weblink ns0:type="simple" ns0:href="http://www.ucu.org.uk/index.cfm?articleid=2407">union slam manchest univers job cut</weblink>univers colleg union</cite></entry><entry id="15">messag presid octob circul univers staff listserv</entry><entry id="17"><cite id="CITEREF" style="font-style:normal"><weblink ns0:type="simple" ns0:href="http://www.theaustralian.news.com.au/story/0,25197,22402668-14981,00.html">vc blog</weblink>australian<link /></cite></entry><entry id="16"><cite id="CITEREFLipsett" style="font-style:normal">lipsett anthea<link /><weblink ns0:type="simple" ns0:href="http://education.guardian.co.uk/universityfunding/story/0,,2162913,00.html">manchest break debt crisi</weblink>guardian</cite></entry><entry id="19"><cite id="CITEREF2008" style="font-style:normal"><weblink ns0:type="simple" ns0:href="http://www.timeshighereducation.co.uk/story.asp?storycode=400520">elit teach better vc</weblink>time higher educ</cite></entry><entry id="18"><cite id="CITEREFQureshi" style="font-style:normal">qureshi yakub<link /><weblink ns0:type="simple" ns0:href="http://www.manchestereveningnews.co.uk/news/education/s/1021992_job_cuts_may_hit_world_class_bid">job cut may hit class bid</weblink>manchest news alan gilbert manag balanc book</cite></entry></reflist></p><p><list><entry level="1" type="bullet"><cite id="CITEREFCainHewitt2004" style="font-style:normal">cain john hewitt john cours public place marketplac melbourn univers scribe public isbn</cite></entry><entry level="1" type="bullet"><cite id="CITEREFCollins" style="font-style:normal">collin jim<book wordnetid="106410904" confidence="0.9508927676800064"><link ns0:type="simple" ns0:href="../396/1553396.xml">good great</link></book>random hous busi book isbn</cite></entry></list></p></sec></bdy></scholar></causal_agent></academician></alumnus></worker></military_officer></educator></professional></serviceman></adult></intellectual></person></skilled_worker></physical_entity></article>