<article xmlns:ns0="http://www.w3.org/1999/xlink"><engine confidence="0.9511911446218017" wordnetid="103287733"><web_site confidence="0.9508927676800064" wordnetid="106359193"><header><title>wikia search</title><id /><revision><id /><timestamp /><contributor><username>anther</username><id /></contributor></revision><categories><category>articl dead extern link</category><category>internet search engin</category><category>articl dead extern link sinc octob</category><category>articl invalid paramet templat</category><category>wikipedia articl updat</category><category>wikia</category></categories></header><bdy><template><name>infobox websit</name><parameters><logo><image width="200px" src="Wikia_Search.png" /></logo><screenshot><image width="200px" src="Wikia_Search_Homepage.png" type="border"><caption>wikia search homepag</caption></image></screenshot><caption>wikia search homepag<link ns0:type="simple" ns0:href="../892/210892.xml">firefox</link></caption><type><link ns0:type="simple" ns0:href="../023/4059023.xml">search engin</link></type><registration>option</registration><current_status>activ</current_status><url><weblink ns0:type="simple" ns0:href="http://search.wikia.com">searchwikiacom</weblink></url><launch_date><link ns0:type="simple" ns0:href="../987/15987.xml">januari</link><link ns0:type="simple" ns0:href="../825/35825.xml" /></launch_date><author><person wordnetid="100007846" confidence="0.9508927676800064"><link ns0:type="simple" ns0:href="../446/3703446.xml">jimmi wale</link></person></author><name>wikia search</name><owner><link ns0:type="simple" ns0:href="../422/19725422.xml">wikia</link></owner><language><language wordnetid="106282651" confidence="0.8"><link ns0:type="simple" ns0:href="../916/8569916.xml">english</link></language>multipl translat</language><commercial>ye</commercial></parameters></template>relat wikia wikimedia foundat oper wikipedia<p>wikia search<link ns0:type="simple" ns0:href="../259/16920259.xml">free</link><link ns0:type="simple" ns0:href="../758/18938758.xml">opensourc</link><artifact wordnetid="100021939" confidence="0.8"><instrumentality wordnetid="103575240" confidence="0.8"><engine wordnetid="103287733" confidence="0.8"><motor wordnetid="103789946" confidence="0.8"><device wordnetid="103183080" confidence="0.8"><machine wordnetid="103699975" confidence="0.8"><link ns0:type="simple" ns0:href="../023/4059023.xml">web search engin</link></machine></device></motor></engine></instrumentality></artifact><company wordnetid="108058098" confidence="0.9508927676800064"><link ns0:type="simple" ns0:href="../422/19725422.xml">wikia</link></company>origin wikic oper wikia inc forprofit compani late<link ns0:type="simple" ns0:href="../524/35524.xml" /><person wordnetid="100007846" confidence="0.9508927676800064"><link ns0:type="simple" ns0:href="../446/3703446.xml">jimmi wale</link></person><person wordnetid="100007846" confidence="0.9508927676800064"><link ns0:type="simple" ns0:href="../238/14629238.xml">angela beesley</link></person><ref ns0:type="simple" ns0:href="#xpointer(//reflist/entry[@id=%221%22])" />public alpha wa launch<link ns0:type="simple" ns0:href="../987/15987.xml">januari</link><link ns0:type="simple" ns0:href="../825/35825.xml" /><ref ns0:type="simple" ns0:href="#xpointer(//reflist/entry[@id=%222%22])" />thi rollout version search interfac wa wide critic review mainstream media<ref ns0:type="simple" ns0:href="#xpointer(//reflist/entry[@id=%223%22])" /><ref ns0:type="simple" ns0:href="#xpointer(//reflist/entry[@id=%224%22])" /></p><p>june upgrad version wikia search wa releas addit featur improv screen display facil user rate edit enhanc search result offer user possibl ad pertin<link ns0:type="simple" ns0:href="../277/32277.xml">url</link>result display delet ani mislead result immedi<ref ns0:type="simple" ns0:href="#xpointer(//reflist/entry[@id=%225%22])" />improv wide welcom number critic<ref ns0:type="simple" ns0:href="#xpointer(//reflist/entry[@id=%226%22])" /></p><p>august wikia search held share search market us compar<company wordnetid="108058098" confidence="0.9508927676800064"><link ns0:type="simple" ns0:href="../923/1092923.xml">googl</link></company><ref ns0:type="simple" ns0:href="#xpointer(//reflist/entry[@id=%227%22])" />googl conduct experi rank base user feedback jimmi wale respond googl random test close algorithm differ open communityori call<link ns0:type="simple" ns0:href="../585/5292585.xml">crowdsourc</link>attempt wikia search<ref ns0:type="simple" ns0:href="#xpointer(//reflist/entry[@id=%228%22])" /></p><sec><st>search engin</st><ss1><st>featur</st><p>search engin result current provid access three major compon</p><p><list><entry level="1" type="bullet"><link ns0:type="simple" ns0:href="../023/4059023.xml">web search engin</link></entry><entry level="1" type="bullet"><link ns0:type="simple" ns0:href="../117/2041117.xml">social network servic</link></entry><entry level="1" type="bullet"><link ns0:type="simple" ns0:href="../851/32851.xml">wiki</link>host socal miniarticl</entry></list></p><ss2><st>miniarticl</st><p>promin featur search engin humanwritten mini articl mini articl short articl topic titl current host wikia wiki</p><p>whenev search queri issu result wiki mini articl match search queri match articl display box abov search result match articl exist search user opportun write</p></ss2><ss2><st>social network</st><p>user interfac tie social network applic call<weblink ns0:type="simple" ns0:href="http://svn.swlabs.org/foowi/">foowi</weblink>user creat account applic fill profil system current link wiki login social network login</p><p>profil function includ statu basic profil white board album friend person work</p></ss2><ss2><st>web search engin</st><p>web search engin consist follow compon</p><p><list><entry level="1" type="bullet"><link ns0:type="simple" ns0:href="../120/33120.xml">crawler</link><physical_entity wordnetid="100001930" confidence="0.8"><sycophant wordnetid="110684827" confidence="0.8"><person wordnetid="100007846" confidence="0.8"><artifact wordnetid="100021939" confidence="0.8"><instrumentality wordnetid="103575240" confidence="0.8"><follower wordnetid="110099375" confidence="0.8"><engine wordnetid="103287733" confidence="0.8"><motor wordnetid="103789946" confidence="0.8"><device wordnetid="103183080" confidence="0.8"><flatterer wordnetid="110095869" confidence="0.8"><causal_agent wordnetid="100007347" confidence="0.8"><machine wordnetid="103699975" confidence="0.8"><link ns0:type="simple" ns0:href="../895/216895.xml">grub</link></machine></causal_agent></flatterer></device></motor></engine></follower></instrumentality></artifact></person></sycophant></physical_entity></entry><entry level="1" type="bullet"><event wordnetid="100029378" confidence="0.8"><rule wordnetid="105846932" confidence="0.8"><act wordnetid="100030358" confidence="0.8"><psychological_feature wordnetid="100023100" confidence="0.8"><procedure wordnetid="101023820" confidence="0.8"><activity wordnetid="100407535" confidence="0.8"><algorithm wordnetid="105847438" confidence="0.8"><link ns0:type="simple" ns0:href="../386/7602386.xml">indic</link></algorithm></activity></procedure></psychological_feature></act></rule></event>search engin proper three select indic default<structure wordnetid="104341686" confidence="0.8"><artifact wordnetid="100021939" confidence="0.8"><instrumentality wordnetid="103575240" confidence="0.8"><area wordnetid="102735688" confidence="0.8"><engine wordnetid="103287733" confidence="0.8"><motor wordnetid="103789946" confidence="0.8"><library wordnetid="103660909" confidence="0.8"><device wordnetid="103183080" confidence="0.8"><machine wordnetid="103699975" confidence="0.8"><room wordnetid="104105893" confidence="0.8"><link ns0:type="simple" ns0:href="../847/398847.xml">nutch</link></room></machine></device></library></motor></engine></area></instrumentality></artifact></structure></entry><entry level="1" type="bullet">browser base result written<link ns0:type="simple" ns0:href="../845/9845.xml">javascript</link></entry></list></p><p>result xmlformat request queri xml format call<weblink ns0:type="simple" ns0:href="http://search.wikia.com/wiki/Tech/Open_Index">open</weblink>queri indic<link ns0:type="simple" ns0:href="../814/1313814.xml">internet system consortium isc</link>result includ option select differ three</p></ss2></ss1><ss1><st>organ</st><p>server implement<weblink ns0:type="simple" ns0:href="http://not-quite-ready-yet.index.swlabs.org/">web search engin default</weblink>oper isc<ref ns0:type="simple" ns0:href="#xpointer(//reflist/entry[@id=%229%22])" />server donat isc server domain remain wikia search softwar lab<weblink ns0:type="simple" ns0:href="http://swlabs.org/">swlabsorg</weblink><ref ns0:type="simple" ns0:href="#xpointer(//reflist/entry[@id=%2210%22])" />search engin<weblink ns0:type="simple" ns0:href="http://alpha.search.wikia.com/">main</weblink><weblink ns0:type="simple" ns0:href="http://re.search.wikia.com/search#foobar">result</weblink>themselv serv wikia note result content retriev server swlabsorg wikiacom</p><p>social network result host wikia<weblink ns0:type="simple" ns0:href="http://search1.wikia.nocookie.net/">http</weblink></p><p><weblink ns0:type="simple" ns0:href="http://search.wikia.com/wiki/Search_Wikia">search wikia</weblink>wiki current host mini articl host<company wordnetid="108058098" confidence="0.9508927676800064"><link ns0:type="simple" ns0:href="../422/19725422.xml">wikia</link></company>wiki content licens<link ns0:type="simple" ns0:href="../782/18938782.xml">gnu free document licens gfdl</link><ref ns0:type="simple" ns0:href="#xpointer(//reflist/entry[@id=%2211%22])" />formal wikia wikia manag wiki user commun govern wiki<ref ns0:type="simple" ns0:href="#xpointer(//reflist/entry[@id=%2212%22])" />custom wikia wiki gener</p></ss1></sec><sec><st>histori</st><p><table class="metadata plainlinks ambox "><row><col>amboxcont style</col></row><row><col class="mbox-image"><p><image width="44px" src="Ambox_outdated_serious.svg" /></p></col><col style="" class="mbox-text">thi articl updat pleas updat articl reflect event newli avail inform remov thi templat finish</col></row></table><link ns0:type="simple" ns0:href="../344/14750344.xml">decemb</link><link ns0:type="simple" ns0:href="../164/36164.xml" />wale pass comment regard possibl wikibas internet search<ref ns0:type="simple" ns0:href="#xpointer(//reflist/entry[@id=%2213%22])" />result wa extens media coverag multipl languag outlet<newspaper wordnetid="106267145" confidence="0.9508927676800064"><link ns0:type="simple" ns0:href="../515/19344515.xml">guardian</link></newspaper><link ns0:type="simple" ns0:href="../082/259082.xml">sydney morn herald</link>onlin edit<work wordnetid="104599396" confidence="0.8"><product wordnetid="104007894" confidence="0.8"><magazine wordnetid="106595351" confidence="0.8"><print_media wordnetid="106263609" confidence="0.8"><creation wordnetid="103129123" confidence="0.8"><press wordnetid="106263369" confidence="0.8"><artifact wordnetid="100021939" confidence="0.8"><instrumentality wordnetid="103575240" confidence="0.8"><medium wordnetid="106254669" confidence="0.8"><publication wordnetid="106589574" confidence="0.8"><link ns0:type="simple" ns0:href="../894/294894.xml">forb</link></publication></medium></instrumentality></artifact></press></creation></print_media></magazine></product></work><link ns0:type="simple" ns0:href="../157/945157.xml">busi week</link>publish statement announc forc compani rebrand relaunch previou search engin propos temporari search wikia<ref ns0:type="simple" ns0:href="#xpointer(//reflist/entry[@id=%2214%22])" /></p><p>interview wale attempt clarifi sever issu fund receiv<computer wordnetid="103082979" confidence="0.8"><shop wordnetid="104202417" confidence="0.8"><structure wordnetid="104341686" confidence="0.8"><mercantile_establishment wordnetid="103748162" confidence="0.8"><artifact wordnetid="100021939" confidence="0.8"><instrumentality wordnetid="103575240" confidence="0.8"><bookshop wordnetid="102871525" confidence="0.8"><place_of_business wordnetid="103953020" confidence="0.8"><establishment wordnetid="103297735" confidence="0.8"><device wordnetid="103183080" confidence="0.8"><machine wordnetid="103699975" confidence="0.8"><web_site wordnetid="106359193" confidence="0.8"><link ns0:type="simple" ns0:href="../451/90451.xml">amazoncom</link></web_site></machine></device></establishment></place_of_business></bookshop></instrumentality></artifact></mercantile_establishment></structure></shop></computer>wa specif search project restat wikia wikipedia separ manag share three key stakehold project wa formal announc wa partli plan partli respons news coverag<ref ns0:type="simple" ns0:href="#xpointer(//reflist/entry[@id=%2215%22])" /></p><p><link ns0:type="simple" ns0:href="../793/15793.xml">januari</link><link ns0:type="simple" ns0:href="../165/36165.xml" />talk<university wordnetid="108286163" confidence="0.9508927676800064"><link ns0:type="simple" ns0:href="../455/7954455.xml">york univers</link></university>wale announc wikia plan build search engin rival<company wordnetid="108058098" confidence="0.9508927676800064"><link ns0:type="simple" ns0:href="../923/1092923.xml">googl</link></company><link ns0:type="simple" ns0:href="../213/188213.xml">yahoo</link>base kind collabor cooper ha success develop<web_site wordnetid="106359193" confidence="0.9508927676800064"><link ns0:type="simple" ns0:href="../734/5043734.xml">wikipedia</link></web_site>argu search open transpar participatori democrat<ref ns0:type="simple" ns0:href="#xpointer(//reflist/entry[@id=%2216%22])" />thi approach account percent search market<ref ns0:type="simple" ns0:href="#xpointer(//reflist/entry[@id=%2217%22])" /></p><p><link ns0:type="simple" ns0:href="../196/20196.xml">march</link><link ns0:type="simple" ns0:href="../165/36165.xml" /><link ns0:type="simple" ns0:href="../116/8410116.xml">gil penchina</link>chief execut offic wikia interview goal project percent search market releas servic wa schedul re realli tri build movement search free open transpar penchina server peopl hack free opensourc approach util programm user differ major search provid googl yahoo code secret provid search engin user edit fine tune result<ref ns0:type="simple" ns0:href="#xpointer(//reflist/entry[@id=%2218%22])" /></p><p><link ns0:type="simple" ns0:href="../359/8359.xml">decemb</link><link ns0:type="simple" ns0:href="../165/36165.xml" />wale announc wikia search enter privat prealpha<ref ns0:type="simple" ns0:href="#xpointer(//reflist/entry[@id=%2219%22])" /><ref ns0:type="simple" ns0:href="#xpointer(//reflist/entry[@id=%2220%22])" /></p></sec><sec><st>refer</st><p><reflist><entry id="1"><weblink ns0:type="simple" ns0:href="http://www.wired.com/wired/archive/13.03/wiki.html?pg=4">book</weblink><web_site wordnetid="106359193" confidence="0.9508927676800064"><link ns0:type="simple" ns0:href="../324/407324.xml">wire news</link></web_site><link ns0:type="simple" ns0:href="../984/35984.xml" /><link />retriev<link /></entry><entry id="2"><weblink ns0:type="simple" ns0:href="http://alpha.search.wikia.com/">public alpha wikia search project</weblink></entry><entry id="3"><weblink ns0:type="simple" ns0:href="http://machinist.salon.com/blog/2008/01/07/search_wikia/">wikipedia founder search engin bad review</weblink>retriev<link /></entry><entry id="4"><weblink ns0:type="simple" ns0:href="http://www.businessweek.com/technology/content/jan2008/tc2008017_308710.htm">critic wallop wikia</weblink><link ns0:type="simple" ns0:href="../157/945157.xml">busi week</link>retriev<link /></entry><entry id="5"><weblink ns0:type="simple" ns0:href="http://www.heise.de/english/newsticker/news/109092">wikia search open door heis onlin</weblink>june</entry><entry id="6"><weblink ns0:type="simple" ns0:href="http://www.computerworld.com/action/article.do?command=viewArticleBasic articleId=9093278">second wikia search version critic comput june</weblink></entry><entry id="7"><weblink ns0:type="simple" ns0:href="http://www.networkworld.com/news/2008/081908-wikia-search-cuil-trailing-google.html">wikia search cuil trail googl long shot</weblink>network<link /></entry><entry id="8">boulton clint<weblink ns0:type="simple" ns0:href="http://www.eweek.com/c/a/Search-Engines/Google-Search-Ranking-Feature-Threatens-Wikia-Search/">googl search rank featur threaten wikia search</weblink><link ns0:type="simple" ns0:href="../765/2081765.xml">eweek</link>ziff davi media retriev<link /></entry><entry id="9">jona trevor<link ns0:type="simple" ns0:href="../987/15987.xml">januari</link><link ns0:type="simple" ns0:href="../825/35825.xml" /><weblink ns0:type="simple" ns0:href="http://www.businesswire.com/news/google/20080107005632/en">wikia jimmi wale unveil public alpha open sourc search project</weblink>businesswirecom retriev<link /></entry><entry id="10">javascript<weblink ns0:type="simple" ns0:href="http://re.search.wikia.com/search-a3.js">code fetch search result server</weblink>directli refer<weblink ns0:type="simple" ns0:href="http://not-quite-ready-yet.index.swlabs.org/">current server</weblink></entry><entry id="11"><weblink ns0:type="simple" ns0:href="http://search.wikia.com/wiki/search:Copyrights">copyright search wikia</weblink></entry><entry id="12"><person wordnetid="100007846" confidence="0.9508927676800064"><link ns0:type="simple" ns0:href="../238/14629238.xml">beesley angela</link></person><link /><weblink ns0:type="simple" ns0:href="http://lists.wikia.com/pipermail/searchwiki/2008-February/000101.html">mandat</weblink>searchwiki mail list retriev<link /></entry><entry id="13">doran jame<link ns0:type="simple" ns0:href="../344/14750344.xml">decemb</link><link ns0:type="simple" ns0:href="../164/36164.xml" /><weblink ns0:type="simple" ns0:href="http://business.timesonline.co.uk/article/0,,9075-2517026,00.html">founder wikipedia plan search engin rival googl</weblink>time retriev<link /></entry><entry id="14"><weblink ns0:type="simple" ns0:href="http://search.wikia.com/wiki/search:About">search</weblink></entry><entry id="15"><weblink ns0:type="simple" ns0:href="http://searchengineland.com/061229-193718.php">jimmi wale search wikia</weblink><link ns0:type="simple" ns0:href="../607/6240607.xml">search engin land</link><link />retriev<link /></entry><entry id="17"><weblink ns0:type="simple" ns0:href="http://www.reuters.com/article/internetNews/idUST34811320070308">wikipedia founder challeng googl yahoo</weblink>reuter<link ns0:type="simple" ns0:href="../053/20053.xml">march</link><link ns0:type="simple" ns0:href="../165/36165.xml" />retriev<link ns0:type="simple" ns0:href="../054/20054.xml">march</link><link ns0:type="simple" ns0:href="../165/36165.xml" /></entry><entry id="16"><weblink ns0:type="simple" ns0:href="http://www.informationweek.com/news/showArticle.jhtml?articleID=197003494">wale search wikia will succeed googl</weblink>informationweek<link ns0:type="simple" ns0:href="../119/11119.xml">februari</link><link ns0:type="simple" ns0:href="../165/36165.xml" />retriev<link ns0:type="simple" ns0:href="../922/15922.xml">juli</link><link ns0:type="simple" ns0:href="../165/36165.xml" /></entry><entry id="19">wale jimmi<weblink ns0:type="simple" ns0:href="http://lists.wikia.com/pipermail/search-l/2007-December/000845.html">privat prealpha invit avail</weblink>retriev<link /></entry><entry id="18">jonathan thaw<weblink ns0:type="simple" ns0:href="http://www.insidebayarea.com/business/ci_5406665">wikia plan edit web search engin</weblink>bloomberg news<link ns0:type="simple" ns0:href="../196/20196.xml">march</link><link ns0:type="simple" ns0:href="../165/36165.xml" /></entry><entry id="20"><weblink ns0:type="simple" ns0:href="http://www.washingtonpost.com/wp-dyn/content/article/2007/12/24/AR2007122401567.html">wikia search project launch jan wale</weblink>washington post retriev<link /></entry></reflist></p><p><list><entry level="1" type="definition">news report</entry><entry level="1" type="bullet"><weblink ns0:type="simple" ns0:href="http://www.nytimes.com/2007/01/01/technology/01wales.html">someth wiki web search market</weblink><newspaper wordnetid="106267145" confidence="0.9508927676800064"><link ns0:type="simple" ns0:href="../680/30680.xml">york timescom</link></newspaper><link ns0:type="simple" ns0:href="../787/15787.xml">januari</link><link ns0:type="simple" ns0:href="../165/36165.xml" />wikiasari upcom search engin</entry><entry level="1" type="bullet">leap faith wikia search engin reli human touch outsmart googl doe stand chanc martin miller<link ns0:type="simple" ns0:href="../319/273319.xml">lo angel time magazin</link>march</entry><entry level="1" type="bullet">evan<weblink ns0:type="simple" ns0:href="http://newsbreaks.infotoday.com/nbReader.asp?ArticleId=40606">find wikia social search engin</weblink>inform today inc januari</entry></list></p></sec></bdy></web_site></engine></article>