<article xmlns:ns0="http://www.w3.org/1999/xlink"><process confidence="0.8" wordnetid="105701363"><inquiry confidence="0.8" wordnetid="105797597"><thinking confidence="0.8" wordnetid="105770926"><problem_solving confidence="0.8" wordnetid="105796750"><experiment confidence="0.8" wordnetid="105798043"><trial confidence="0.8" wordnetid="105799212"><higher_cognitive_process confidence="0.8" wordnetid="105770664"><header><title>gun fog</title><id /><revision><id /><timestamp /><contributor><username>sjschen</username><id /></contributor></revision><categories><category>readabl test</category></categories></header><bdy><link ns0:type="simple" ns0:href="../526/17526.xml">linguist</link>gun fog test design measur<link ns0:type="simple" ns0:href="../291/355291.xml">readabl</link>sampl<language wordnetid="106282651" confidence="0.8"><link ns0:type="simple" ns0:href="../916/8569916.xml">english</link></language><link ns0:type="simple" ns0:href="../977/32977.xml">write</link>result number indic number year formal educ person requir order easili understand text read passag ha fog ha read level<body wordnetid="107965085" confidence="0.8"><social_group wordnetid="107950920" confidence="0.8"><political_orientation wordnetid="106212839" confidence="0.8"><colony wordnetid="108374049" confidence="0.8"><state wordnetid="108168978" confidence="0.8"><political_unit wordnetid="108359949" confidence="0.8"><group wordnetid="100031264" confidence="0.8"><democracy wordnetid="106217103" confidence="0.8"><link ns0:type="simple" ns0:href="../750/3434750.xml" /></democracy></group></political_unit></state></colony></political_orientation></social_group></body><link ns0:type="simple" ns0:href="../556/42556.xml">high school</link>senior test wa develop<link ns0:type="simple" ns0:href="../971/1269971.xml">robert gun</link><body wordnetid="107965085" confidence="0.8"><social_group wordnetid="107950920" confidence="0.8"><political_orientation wordnetid="106212839" confidence="0.8"><colony wordnetid="108374049" confidence="0.8"><state wordnetid="108168978" confidence="0.8"><political_unit wordnetid="108359949" confidence="0.8"><group wordnetid="100031264" confidence="0.8"><democracy wordnetid="106217103" confidence="0.8"><link ns0:type="simple" ns0:href="../750/3434750.xml">american</link></democracy></group></political_unit></state></colony></political_orientation></social_group></body>businessman<ref ns0:type="simple" ns0:href="#xpointer(//reflist/entry[@id=%221%22])" /><p>fog gener peopl write read easili larg segment popul text design wide audienc gener requir fog</p><ss1><st>typic gun fog indic select magazin</st><p><list><entry level="1" type="bullet"><link ns0:type="simple" ns0:href="../743/149743.xml">atlant monthli</link></entry><entry level="1" type="bullet"><link ns0:type="simple" ns0:href="../600/31600.xml">time</link><link ns0:type="simple" ns0:href="../078/297078.xml">harper</link></entry><entry level="1" type="bullet"><magazine wordnetid="106595351" confidence="0.9508927676800064"><link ns0:type="simple" ns0:href="../169/214169.xml">newsweek</link></magazine></entry><entry level="1" type="bullet"><work wordnetid="104599396" confidence="0.8"><product wordnetid="104007894" confidence="0.8"><magazine wordnetid="106595351" confidence="0.8"><print_media wordnetid="106263609" confidence="0.8"><creation wordnetid="103129123" confidence="0.8"><press wordnetid="106263369" confidence="0.8"><artifact wordnetid="100021939" confidence="0.8"><instrumentality wordnetid="103575240" confidence="0.8"><medium wordnetid="106254669" confidence="0.8"><publication wordnetid="106589574" confidence="0.8"><link ns0:type="simple" ns0:href="../434/465434.xml">reader digest</link></publication></medium></instrumentality></artifact></press></creation></print_media></magazine></product></work></entry><entry level="1" type="bullet"><work wordnetid="104599396" confidence="0.8"><product wordnetid="104007894" confidence="0.8"><magazine wordnetid="106595351" confidence="0.8"><print_media wordnetid="106263609" confidence="0.8"><creation wordnetid="103129123" confidence="0.8"><press wordnetid="106263369" confidence="0.8"><artifact wordnetid="100021939" confidence="0.8"><instrumentality wordnetid="103575240" confidence="0.8"><medium wordnetid="106254669" confidence="0.8"><publication wordnetid="106589574" confidence="0.8"><link ns0:type="simple" ns0:href="../058/392058.xml">ladi journal</link></publication></medium></instrumentality></artifact></press></creation></print_media></magazine></product></work></entry><entry level="1" type="bullet"><work wordnetid="104599396" confidence="0.8"><product wordnetid="104007894" confidence="0.8"><magazine wordnetid="106595351" confidence="0.8"><print_media wordnetid="106263609" confidence="0.8"><creation wordnetid="103129123" confidence="0.8"><press wordnetid="106263369" confidence="0.8"><artifact wordnetid="100021939" confidence="0.8"><instrumentality wordnetid="103575240" confidence="0.8"><medium wordnetid="106254669" confidence="0.8"><publication wordnetid="106589574" confidence="0.8"><link ns0:type="simple" ns0:href="../367/3863367.xml">true confess</link></publication></medium></instrumentality></artifact></press></creation></print_media></magazine></product></work></entry><entry level="1" type="bullet"><link ns0:type="simple" ns0:href="../231/6231.xml">comic book</link></entry></list></p></ss1><ss1><st>calcul gun fog</st><p>gun fog calcul follow<link ns0:type="simple" ns0:href="../775/775.xml">algorithm</link></p><p><list><entry level="1" type="number">full passag word omit ani sentenc</entry><entry level="1" type="number">find averag sentenc length divid number word number sentenc</entry><entry level="1" type="number">count word three syllabl complex word includ proper noun exampl djibouti compound word common suffix ed ing syllabl familiar jargon</entry><entry level="1" type="number">add averag sentenc length percentag complex word ex simpli</entry><entry level="1" type="number">multipli result</entry></list></p><p>complet formula follow</p><p><indent level="1"><math>left left frac mbox word mbox sentenc right frac mbox complex word mbox word right right</math></indent>good indic read difficulti ha limit multisyllab word difficult exampl word asparagu gener consid difficult word ha syllabl</p><p>late thi wa calcul differ techniqu clear write gun mcgrawhil intern book york ny origin formula demand independ claus count separ sentenc logic wa reader perceiv independ claus distinct idea cognit synonym sentenc thu measur clariti ideat sentenc element score obvious thi chang sentenc count writer wa decid thi grammat distinct wa abil comput wa littl valu</p><p>write rise fall roman empir gibbon exampl differ score modern algorithm abov handdon score origin formula vari greatli</p><p>gun fog wa chang computerfriendli count independ claus follow origin gunningfog formula remain option</p></ss1><ss1><st>exampl</st><p>follow paragraph wikipedia articl<link ns0:type="simple" ns0:href="../595/217595.xml">logorrhea</link>ha gunningfog</p><p><indent level="1">word logorrhoea pejor describ prose highli abstract littl concret languag sinc abstract write hard visual sens word excess writer academ field concern themselv mostli abstract philosophi especi postmodern fail includ extens concret exampl idea superfici examin work lead believ nonsens</indent></p></ss1><sec><st>refer</st><p><reflist><entry id="1">plain languag work newslett<link ns0:type="simple" ns0:href="../210/20210.xml">march</link><link ns0:type="simple" ns0:href="../524/35524.xml" />http</entry></reflist></p></sec><sec><st>extern link</st><p><list><entry level="1" type="bullet"><weblink ns0:type="simple" ns0:href="http://simbon.madpage.com/Fog/">fog calcul</weblink>simpl web cutandpast text calcul fog</entry><entry level="1" type="bullet"><weblink ns0:type="simple" ns0:href="http://www.online-utility.org/english/readability_test_and_improve.jsp">onlin fog calcul</weblink>improv readabl differ measur</entry><entry level="1" type="bullet"><weblink ns0:type="simple" ns0:href="http://www.sigmalist.com/SigmaMathTool/FogIndex.aspx">readabl calcul</weblink>clear easi</entry><entry level="1" type="bullet"><weblink ns0:type="simple" ns0:href="http://www.editcentral.com">readabl calcul</weblink>readabl statist</entry><entry level="1" type="bullet"><weblink ns0:type="simple" ns0:href="http://www.nlpmax.com/Tests/FogIndex.aspx">fog calcul</weblink>result recommend</entry></list></p></sec></bdy></higher_cognitive_process></trial></experiment></problem_solving></thinking></inquiry></process></article>