<article xmlns:ns0="http://www.w3.org/1999/xlink"><musician confidence="0.9173553029164789" wordnetid="110340312"><actress confidence="0.9173553029164789" wordnetid="109767700"><actor confidence="0.9508927676800064" wordnetid="109765278"><header><title>andrew schofield</title><id /><revision><id /><timestamp /><contributor><username>cydebot</username><id /></contributor></revision><categories><category>english televis actor</category><category>english stage actor</category><category>peopl liverpool</category><category>peopl kirkbi</category><category>english film actor</category><category>english actor</category></categories></header><bdy><template><name>infobox actor</name><parameters><image width="150px" src="Jessica_Schofield_in_2007.jpg‎"><caption>jessica schofield august</caption></image><occupation>actress</occupation><parents>andrew angela</parents><othername>jess schofield</othername><birthplace><site wordnetid="108651247" confidence="0.9508927676800064"><link ns0:type="simple" ns0:href="../799/300799.xml">kirkbi</link></site><village wordnetid="108672738" confidence="0.9508927676800064"><link ns0:type="simple" ns0:href="../081/18081.xml">liverpool</link></village><county wordnetid="108546183" confidence="0.9508927676800064"><link ns0:type="simple" ns0:href="../325/151325.xml">merseysid</link></county><country wordnetid="108544813" confidence="0.9508927676800064"><link ns0:type="simple" ns0:href="../316/9316.xml">england</link></country><link ns0:type="simple" ns0:href="../927/1048927.xml">uk</link></birthplace><name>jessica schofield</name><birthdate>march</birthdate><birthname>jessica schofield</birthname><yearsactive /></parameters></template><template><name>infobox actor</name><parameters><image width="150px" src="Andrew_Schofield_in_August_2007.jpg"><caption>andrew schofield august</caption></image><occupation>actor musician</occupation><parents>joseph josephin</parents><website>http wwwdrewschofieldcom</website><children>jessica laura bob drew</children><othername>drew schofield</othername><birthplace><site wordnetid="108651247" confidence="0.9508927676800064"><link ns0:type="simple" ns0:href="../799/300799.xml">kirkbi</link></site><village wordnetid="108672738" confidence="0.9508927676800064"><link ns0:type="simple" ns0:href="../081/18081.xml">liverpool</link></village><country wordnetid="108544813" confidence="0.9508927676800064"><link ns0:type="simple" ns0:href="../316/9316.xml">england</link></country></birthplace><awards>scouseolog award theatr</awards><imdb_id /><spouse>angela schofield</spouse><name>andrew schofield</name><birthdate /><birthname>andrew schofield</birthname><yearsactive /></parameters></template>andrew schofield born<site wordnetid="108651247" confidence="0.9508927676800064"><link ns0:type="simple" ns0:href="../799/300799.xml">kirkbi</link></site><village wordnetid="108672738" confidence="0.9508927676800064"><link ns0:type="simple" ns0:href="../081/18081.xml">liverpool</link></village><autocracy wordnetid="108361001" confidence="0.8"><system wordnetid="108435388" confidence="0.8"><social_group wordnetid="107950920" confidence="0.8"><political_orientation wordnetid="106212839" confidence="0.8"><monarchy wordnetid="108363812" confidence="0.8"><state wordnetid="108168978" confidence="0.8"><political_unit wordnetid="108359949" confidence="0.8"><political_system wordnetid="108367880" confidence="0.8"><economy wordnetid="108366753" confidence="0.8"><group wordnetid="100031264" confidence="0.8"><democracy wordnetid="106217103" confidence="0.8"><link ns0:type="simple" ns0:href="../717/31717.xml">british</link></democracy></group></economy></political_system></political_unit></state></monarchy></political_orientation></social_group></system></autocracy><link ns0:type="simple" ns0:href="../753/753.xml">actor</link><sec><st>earli life</st><p>andrew attend st kevin rc comprehens school dave kirbi nicki allt wa cast<physical_entity wordnetid="100001930" confidence="0.8"><composer wordnetid="109947232" confidence="0.8"><communicator wordnetid="109610660" confidence="0.8"><person wordnetid="100007846" confidence="0.8"><musician wordnetid="110339966" confidence="0.8"><causal_agent wordnetid="100007347" confidence="0.8"><artist wordnetid="109812338" confidence="0.8"><writer wordnetid="110794014" confidence="0.8"><dramatist wordnetid="110030277" confidence="0.8"><creator wordnetid="109614315" confidence="0.8"><link ns0:type="simple" ns0:href="../657/244657.xml">willi russel</link></creator></dramatist></writer></artist></causal_agent></musician></person></communicator></composer></physical_entity><dramatic_composition wordnetid="107007684" confidence="0.8"><play wordnetid="107007945" confidence="0.8"><written_communication wordnetid="106349220" confidence="0.8"><writing wordnetid="106362953" confidence="0.8"><link ns0:type="simple" ns0:href="../622/904622.xml">play today</link></writing></written_communication></play></dramatic_composition>death young young man</p></sec><sec><st>stage</st><p>stage credit includ star narrat willi russel origin product<link ns0:type="simple" ns0:href="../683/1216683.xml">blood brother</link><building wordnetid="102913152" confidence="0.9508927676800064"><link ns0:type="simple" ns0:href="../205/1172205.xml">liverpool playhous</link></building>subsequ transfer<theater wordnetid="104417809" confidence="0.9508927676800064"><link ns0:type="simple" ns0:href="../976/5530976.xml">lyric theatr</link></theater>london west appear georg<link ns0:type="simple" ns0:href="../120/62120.xml">mice men</link><theater wordnetid="104417809" confidence="0.9508927676800064"><link ns0:type="simple" ns0:href="../824/589824.xml">vic</link></theater>london</p><p>andrew ha appear three<link>brick mersey tunnel</link>play role dicki lewi smigger<link ns0:type="simple" ns0:href="../131/1567131.xml">lost soul</link>brian good golli molli moey<physical_entity wordnetid="100001930" confidence="0.8"><communicator wordnetid="109610660" confidence="0.8"><person wordnetid="100007846" confidence="0.8"><causal_agent wordnetid="100007347" confidence="0.8"><writer wordnetid="110794014" confidence="0.8"><link ns0:type="simple" ns0:href="../000/838000.xml">alan bleasdal</link></writer></causal_agent></person></communicator></physical_entity>comedi ledg paul sheldon miseri travel mile high<theater wordnetid="104417809" confidence="0.9508927676800064"><link ns0:type="simple" ns0:href="../842/1691842.xml">royal court theatr</link></theater><village wordnetid="108672738" confidence="0.9508927676800064"><link ns0:type="simple" ns0:href="../081/18081.xml">liverpool</link></village></p><p>won scouseolog award theatr april versatil contribut liverpool theatr<ref ns0:type="simple" ns0:href="#xpointer(//reflist/entry[@id=%221%22])" /></p></sec><sec><st>film</st><p>andrew best film role<link ns0:type="simple" ns0:href="../933/177933.xml">johnni rotten</link>alex cox film<link ns0:type="simple" ns0:href="../975/265975.xml">sid nanci</link>appear le terenc davi<movie wordnetid="106613686" confidence="0.9508927676800064"><link ns0:type="simple" ns0:href="../049/1430049.xml">distant voic live</link></movie>small cameo hotel receptionist<product wordnetid="104007894" confidence="0.8"><creation wordnetid="103129123" confidence="0.8"><artifact wordnetid="100021939" confidence="0.8"><event wordnetid="100029378" confidence="0.8"><social_event wordnetid="107288639" confidence="0.8"><movie wordnetid="106613686" confidence="0.8"><show wordnetid="106619065" confidence="0.8"><psychological_feature wordnetid="100023100" confidence="0.8"><link ns0:type="simple" ns0:href="../825/779825.xml">three businessmen</link></psychological_feature></show></movie></social_event></event></artifact></creation></product>play carlo<movie wordnetid="106613686" confidence="0.9508927676800064"><link ns0:type="simple" ns0:href="../837/250837.xml">reveng tragedi</link></movie></p></sec><sec><st>tv</st><p>andrew biggest tv role wa franci franni sculli<physical_entity wordnetid="100001930" confidence="0.8"><communicator wordnetid="109610660" confidence="0.8"><person wordnetid="100007846" confidence="0.8"><causal_agent wordnetid="100007347" confidence="0.8"><writer wordnetid="110794014" confidence="0.8"><link ns0:type="simple" ns0:href="../000/838000.xml">alan bleasdal</link></writer></causal_agent></person></communicator></physical_entity>granada seri sculli ha appear three bleasdal seri peter grenvil gbh jake progress charlton ffoulk melissa tv credit includ maisi rain paulin quirk murphi law jame nesbitt thief taker andrew play policeman boy blackstuff episod yosser stori bernard hill unfortun yosser wa order schofield nt yosser promptli nose</p><p>play shepherd liverpool nativ bbc three sang<person wordnetid="100007846" confidence="0.9508927676800064"><artist wordnetid="109812338" confidence="0.9508927676800064"><link ns0:type="simple" ns0:href="../852/15852.xml">john lennon</link></artist></person>song<link ns0:type="simple" ns0:href="../320/149320.xml">imagin</link></p></sec><sec><st>record</st><p>andrew heard origin cast record blood brother featur vocalist<artist wordnetid="109812338" confidence="0.9508927676800064"><link ns0:type="simple" ns0:href="../115/606115.xml">barbara dickson</link></artist>album age woman</p></sec><sec><st>privat life</st><p>andrew live kirkbi parent joseph josi marri angela angi children jessica laura bob drew</p></sec><sec><st>futur plan</st><p>will appear dave kirbi play council depot blue royal court theatr liverpool novemb</p></sec><sec><st>misc inform</st><p>credit tv stage film drew schofield</p><p>andrew talent musician play electr acoust guitar banjo ukulel</p><p>featur caricatur john minnion book pool life</p><p>andrew paint anthoni brown head exhibit</p><p>andrew wa onc jazz dj merseysid pirat radio station call kgw</p></sec><sec><st>bob schofield</st><p>bob schofield attend saint cathol high school bob schofield grusom slaughter pupil engin kirkbi colleg tool hack pound hammer screw driver beowulf victim includ matthew byrn daniel curley dyllon jone stephen mcinerney franci newal dean kelli bradley hilditch patrick murphi bob cannib stephen mcinerney patrick murphi scalp matthew byrn full face acn wa disturb kirkbi colleg massacar bob schofield burnt colleg day attend</p></sec><sec><st>jessica schofield</st><p>drew eldest daughter jessica actress appear lost soul appear premier uniti theatr liverpool wa born march liverpool train liverpool theatr colleg</p><p>jessica current appear natali lost soul royal court liverpool</p></sec><sec><st>extern link</st><p><list><entry level="1" type="bullet">http wwwdrewschofieldcom</entry><entry level="1" type="bullet"><weblink ns0:type="simple" ns0:href="http://www.imdb.com/name/nm0774508/">andrew schofield</weblink><web_site wordnetid="106359193" confidence="0.9508927676800064"><link ns0:type="simple" ns0:href="../554/2855554.xml">internet movi databas</link></web_site></entry><entry level="1" type="bullet">http andrewschofieldorguk</entry><entry level="1" type="bullet">http wwwcheckmatebookscomschofieldhtm</entry><entry level="1" type="bullet">http</entry><entry level="1" type="bullet"><weblink ns0:type="simple" ns0:href="http://www.youtube.com/watch?v=oXBMd_brohI">extract miseri interview drew schofield youtub</weblink></entry><entry level="1" type="bullet"><weblink ns0:type="simple" ns0:href="http://www.whatsonstage.com/blogs/liverpool/?p=155">read interview drew schofield stage liverpool blog</weblink></entry></list></p></sec><sec><st>refer</st><p><reflist><entry id="1"><weblink ns0:type="simple" ns0:href="http://andrewschofield.org.uk/misc/scouseologyawards08.htm"><indent level="2">andrew schofield</indent></weblink></entry></reflist></p></sec></bdy></actor></actress></musician></article>