<article xmlns:ns0="http://www.w3.org/1999/xlink"><header><title>algorithm design</title><id /><revision><id /><timestamp /><contributor><username>amirobot</username><id /></contributor></revision><categories><category>algorithm</category><category>oper</category></categories></header><bdy>algorithm design specif method creat mathemat process solv problem appli algorithm design<link ns0:type="simple" ns0:href="../499/10140499.xml">algorithm engin</link><p>algorithm design identifi incorpor mani solut theori<link ns0:type="simple" ns0:href="../476/43476.xml">oper</link><link ns0:type="simple" ns0:href="../297/125297.xml">dynam program</link><link ns0:type="simple" ns0:href="../154/201154.xml">divideandconqu</link>techniqu design implement algorithm design algorithm design pattern<ref ns0:type="simple" ns0:href="#xpointer(//reflist/entry[@id=%221%22])" />templat method pattern decor pattern data structur sort list current day algorithm design internet retriev process web crawl packet rout cach</p><p>mainfram program languag<programming_language wordnetid="106898352" confidence="0.9508927676800064"><link ns0:type="simple" ns0:href="../453/1453.xml">algol</link></programming_language>algorithm languag<link ns0:type="simple" ns0:href="../168/11168.xml">fortran</link><link ns0:type="simple" ns0:href="../799/6799.xml">cobol</link>pli<link ns0:type="simple" ns0:href="../328/310328.xml">sail</link>snobol comput tool implement algorithm design algorithm design ad languag ad hand written process set equat seri mechan process hand analog piec equip digit process andor processor</p><sec><st>read</st><p><list><entry level="1" type="bullet"><weblink ns0:type="simple" ns0:href="http://www.csc.liv.ac.uk/~ped/teachadmin/algor/algor.html">algorithm design paradigm</weblink>overview paul dunn univers liverpool</entry><entry level="1" type="bullet"><weblink ns0:type="simple" ns0:href="http://www.cs.sunysb.edu/~algorith/">stoni brook algorithm repositori</weblink><link>steven skiena</link>depart comput scienc univers york</entry></list></p></sec><sec><st>refer</st><p><reflist><entry id="1"><weblink ns0:type="simple" ns0:href="http://ww3.algorithmdesign.net/ch00-front.html">algorithm designfound analysi internet exampl goodrich michael tamassia roberto john wiley son inc isbn</weblink></entry></reflist></p></sec></bdy></article>