<article xmlns:ns0="http://www.w3.org/1999/xlink"><magazine confidence="0.9508927676800064" wordnetid="106595351"><publication confidence="0.9511911446218017" wordnetid="106589574"><header><title>pc zone</title><id /><revision><id /><timestamp /><contributor><username>rjwilmsi</username><id /></contributor></revision><categories><category>public establish</category><category>video game magazin</category><category>british comput magazin</category></categories></header><bdy><template><name>infobox_magazin</name><parameters><issn /><website><weblink ns0:type="simple" ns0:href="http://www.pczone.co.uk/">offici site</weblink></website><image_caption>issu</image_caption><frequency>year</frequency><country><autocracy wordnetid="108361001" confidence="0.8"><system wordnetid="108435388" confidence="0.8"><social_group wordnetid="107950920" confidence="0.8"><political_orientation wordnetid="106212839" confidence="0.8"><monarchy wordnetid="108363812" confidence="0.8"><state wordnetid="108168978" confidence="0.8"><political_unit wordnetid="108359949" confidence="0.8"><political_system wordnetid="108367880" confidence="0.8"><economy wordnetid="108366753" confidence="0.8"><group wordnetid="100031264" confidence="0.8"><democracy wordnetid="106217103" confidence="0.8"><link ns0:type="simple" ns0:href="../717/31717.xml">unit kingdom</link></democracy></group></economy></political_system></political_unit></state></monarchy></political_orientation></social_group></system></autocracy></country><title>pc zone</title><editor>will porter</editor><category><link ns0:type="simple" ns0:href="../126/3212126.xml">video game magazin</link></category><firstdate>april</firstdate><image_size /><circulation>jan dec<weblink ns0:type="simple" ns0:href="http://www.future-advertising.co.uk/ads/audiencefigures/figures.jsp?ref3 brand29">http wwwfutureadvertisingcoukadsaudiencefiguresfiguresjsp</weblink></circulation><company><link ns0:type="simple" ns0:href="../949/866949.xml">futur publish</link></company><image_file /><language><language wordnetid="106282651" confidence="0.8"><link ns0:type="simple" ns0:href="../916/8569916.xml">english</link></language></language></parameters></template><p>pc zone wa<link ns0:type="simple" ns0:href="../001/21001.xml">magazin</link>dedic<link ns0:type="simple" ns0:href="../363/5363.xml">game</link>ibmcompat person comput publish<autocracy wordnetid="108361001" confidence="0.8"><system wordnetid="108435388" confidence="0.8"><social_group wordnetid="107950920" confidence="0.8"><political_orientation wordnetid="106212839" confidence="0.8"><monarchy wordnetid="108363812" confidence="0.8"><state wordnetid="108168978" confidence="0.8"><political_unit wordnetid="108359949" confidence="0.8"><political_system wordnetid="108367880" confidence="0.8"><economy wordnetid="108366753" confidence="0.8"><group wordnetid="100031264" confidence="0.8"><democracy wordnetid="106217103" confidence="0.8"><link ns0:type="simple" ns0:href="../717/31717.xml">unit kingdom</link></democracy></group></economy></political_system></political_unit></state></monarchy></political_orientation></social_group></system></autocracy>earlier pc magazin<link>pc leisur</link><magazine wordnetid="106595351" confidence="0.9508927676800064"><link ns0:type="simple" ns0:href="../961/1146961.xml">pc format</link></magazine><magazine wordnetid="106595351" confidence="0.9508927676800064"><link ns0:type="simple" ns0:href="../998/2970998.xml">pc plu</link></magazine>cover game onli wider remit pc zone wa<link ns0:type="simple" ns0:href="../598/34598.xml" /></p><p>magazin wa publish<link ns0:type="simple" ns0:href="../070/1972070.xml">denni publish</link><link ns0:type="simple" ns0:href="../524/35524.xml" />wa acquir<link ns0:type="simple" ns0:href="../949/866949.xml">futur publish</link><link ns0:type="simple" ns0:href="../333/1337333.xml">comput video game</link></p><p>precursor pc zone awardwin multiformat titl<link ns0:type="simple" ns0:href="../890/14257890.xml" /></p><sec><st>issu</st><p>pc zone wa publish<link ns0:type="simple" ns0:href="../598/34598.xml">april</link>cost bill uk magazin dedic exclus pc game wa sold accompani<link ns0:type="simple" ns0:href="../891/10891.xml">floppi disk</link>carri game demonstr editor wa paul lakin</p><p>magazin wa split review blueprint featur regular titl review<link ns0:type="simple" ns0:href="../721/2239721.xml">dune</link><link ns0:type="simple" ns0:href="../640/1491640.xml">lem</link><event wordnetid="100029378" confidence="0.8"><social_event wordnetid="107288639" confidence="0.8"><contest wordnetid="107456188" confidence="0.8"><game wordnetid="100456199" confidence="0.8"><psychological_feature wordnetid="100023100" confidence="0.8"><link ns0:type="simple" ns0:href="../458/611458.xml">stunt island</link></psychological_feature></game></contest></social_event></event>blueprint involv preview game featur compris articl written specif area game interest game audio</p><p>regular includ news bulletin competit buyer guid featur recommend game</p></sec><sec><st>evolut</st><p>origin incarn pc zone recognis audienc consist larg male late twenti older adopt tone suit audienc thi wa contrast contemporari multiformat consol magazin aim children teenag dure thi period pc wa wide recognis game platform uk attitud pc zone arguabl help chang champion success notabl game<event wordnetid="100029378" confidence="0.8"><social_event wordnetid="107288639" confidence="0.8"><contest wordnetid="107456188" confidence="0.8"><game wordnetid="100456199" confidence="0.8"><psychological_feature wordnetid="100023100" confidence="0.8"><link ns0:type="simple" ns0:href="../997/198997.xml">star control ii</link></psychological_feature></game></contest></social_event></event><link ns0:type="simple" ns0:href="../628/1091628.xml">ultima underworld</link><event wordnetid="100029378" confidence="0.8"><social_event wordnetid="107288639" confidence="0.8"><contest wordnetid="107456188" confidence="0.8"><game wordnetid="100456199" confidence="0.8"><psychological_feature wordnetid="100023100" confidence="0.8"><link ns0:type="simple" ns0:href="../521/8521.xml">doom</link></psychological_feature></game></contest></social_event></event></p><p>editorship john davison magazin adopt tone heavili referenc<link ns0:type="simple" ns0:href="../378/1840378.xml">lad cultur</link>fashion magazin<magazine wordnetid="106595351" confidence="0.9508927676800064"><link ns0:type="simple" ns0:href="../052/263052.xml">fhm</link></magazine>denni publish stablem<magazine wordnetid="106595351" confidence="0.9508927676800064"><link ns0:type="simple" ns0:href="../988/241988.xml">maxim</link></magazine>thi period wa mark sever moder controversi episod includ accident inclus pornograph<event wordnetid="100029378" confidence="0.8"><social_event wordnetid="107288639" confidence="0.8"><contest wordnetid="107456188" confidence="0.8"><game wordnetid="100456199" confidence="0.8"><psychological_feature wordnetid="100023100" confidence="0.8"><link ns0:type="simple" ns0:href="../521/8521.xml">doom</link></psychological_feature></game></contest></social_event></event>modif covermount cdrom articl infam bugridden illustr larg photograph piec excrement wrap bow joystick group test featur model dress nun test joystick phallus onepag comic regular contributor<person wordnetid="100007846" confidence="0.9508927676800064"><presenter wordnetid="110466387" confidence="0.9173553029164789"><link ns0:type="simple" ns0:href="../080/1170080.xml">charli brooker</link></presenter></person>graphic depict anim cruelti origin intend comment violenc anim frequent portray<event wordnetid="100029378" confidence="0.8"><social_event wordnetid="107288639" confidence="0.8"><contest wordnetid="107456188" confidence="0.8"><game wordnetid="100456199" confidence="0.8"><psychological_feature wordnetid="100023100" confidence="0.8"><link ns0:type="simple" ns0:href="../606/3926606.xml">tomb raider</link></psychological_feature></game></contest></social_event></event>game result offend issu withdrawn<company wordnetid="108058098" confidence="0.9508927676800064"><link ns0:type="simple" ns0:href="../246/153246.xml">smith</link></company>newsag</p><p>decad dure editorship chri anderson magazin underw anoth redesign stricter score methodolog wa introduc twelv month period wa rare game score abov thi wa relax result controversi higher score<link ns0:type="simple" ns0:href="../506/402506.xml">black white</link><link ns0:type="simple" ns0:href="../016/563016.xml">unreal ii</link>wa thi time magazin retir longrun<link>cursor</link>column seri humor quasiautobiograph anecdot written thinlydisguis<link>duncan macdonald</link>origin intend counterpoint jargonheavi natur rest editori</p><p>anderson wa succeed dave wood regular recur featur current version magazin introduc dure thi period wood final contribut wa redesign mark handov titl futur publish editorship jami sefton</p></sec><sec><st>current format</st><p>current format pc zone wa introduc<link ns0:type="simple" ns0:href="../454/2811454.xml">octob</link>issu magazin cost includ sever regular featur includ supertest review discuss game best genr audio onli steve hill neverquest follow unsuccess attempt hill ventur<genre wordnetid="105845332" confidence="0.8"><idea wordnetid="105833840" confidence="0.8"><concept wordnetid="105835747" confidence="0.8"><category wordnetid="105838765" confidence="0.8"><kind wordnetid="105839024" confidence="0.8"><link ns0:type="simple" ns0:href="../844/20844.xml">mmorpg</link></kind></category></concept></idea></genre>develop commentari develop releas titl retro zone focu differ retro platform emul pc month guid releas game buyer guid top game list divid genr buyer guid develop list everi game review public close comment longev magazin thi complet impract wa pare best genr becom refin redesign</p><p>issu leader genr</p><p><list><entry level="1" type="bullet">shooter<result wordnetid="107292694" confidence="0.8"><happening wordnetid="107283608" confidence="0.8"><event wordnetid="100029378" confidence="0.8"><social_event wordnetid="107288639" confidence="0.8"><contest wordnetid="107456188" confidence="0.8"><sequel wordnetid="107295507" confidence="0.8"><game wordnetid="100456199" confidence="0.8"><psychological_feature wordnetid="100023100" confidence="0.8"><ending wordnetid="107291312" confidence="0.8"><link ns0:type="simple" ns0:href="../509/575509.xml">halflif</link></ending></psychological_feature></game></sequel></contest></social_event></event></happening></result>inc episod</entry><entry level="1" type="bullet">strategi<event wordnetid="100029378" confidence="0.8"><social_event wordnetid="107288639" confidence="0.8"><contest wordnetid="107456188" confidence="0.8"><game wordnetid="100456199" confidence="0.8"><psychological_feature wordnetid="100023100" confidence="0.8"><link ns0:type="simple" ns0:href="../935/2545935.xml">compani hero</link></psychological_feature></game></contest></social_event></event></entry><entry level="1" type="bullet">actionadventur<event wordnetid="100029378" confidence="0.8"><social_event wordnetid="107288639" confidence="0.8"><contest wordnetid="107456188" confidence="0.8"><game wordnetid="100456199" confidence="0.8"><psychological_feature wordnetid="100023100" confidence="0.8"><link ns0:type="simple" ns0:href="../689/1880689.xml">gear war</link></psychological_feature></game></contest></social_event></event></entry><entry level="1" type="bullet"><genre wordnetid="105845332" confidence="0.8"><idea wordnetid="105833840" confidence="0.8"><concept wordnetid="105835747" confidence="0.8"><category wordnetid="105838765" confidence="0.8"><kind wordnetid="105839024" confidence="0.8"><link ns0:type="simple" ns0:href="../056/529056.xml">mmo</link></kind></category></concept></idea></genre><event wordnetid="100029378" confidence="0.8"><social_event wordnetid="107288639" confidence="0.8"><contest wordnetid="107456188" confidence="0.8"><game wordnetid="100456199" confidence="0.8"><psychological_feature wordnetid="100023100" confidence="0.8"><link ns0:type="simple" ns0:href="../591/379591.xml">warcraft</link></psychological_feature></game></contest></social_event></event></entry><entry level="1" type="bullet">sport<event wordnetid="100029378" confidence="0.8"><social_event wordnetid="107288639" confidence="0.8"><contest wordnetid="107456188" confidence="0.8"><game wordnetid="100456199" confidence="0.8"><psychological_feature wordnetid="100023100" confidence="0.8"><link ns0:type="simple" ns0:href="../150/13023150.xml">footbal manag</link></psychological_feature></game></contest></social_event></event></entry><entry level="1" type="bullet">simul</entry><entry level="1" type="bullet"><link ns0:type="simple" ns0:href="../475/25475.xml">rpg</link></entry><entry level="1" type="bullet">drivingrac<link ns0:type="simple" ns0:href="../047/6877047.xml">gtr</link></entry><entry level="1" type="bullet">oddbal<event wordnetid="100029378" confidence="0.8"><social_event wordnetid="107288639" confidence="0.8"><contest wordnetid="107456188" confidence="0.8"><game wordnetid="100456199" confidence="0.8"><psychological_feature wordnetid="100023100" confidence="0.8"><link ns0:type="simple" ns0:href="../143/5956143.xml">portal</link></psychological_feature></game></contest></social_event></event></entry></list></p><p>oldest game buyer guid<event wordnetid="100029378" confidence="0.8"><social_event wordnetid="107288639" confidence="0.8"><contest wordnetid="107456188" confidence="0.8"><game wordnetid="100456199" confidence="0.8"><psychological_feature wordnetid="100023100" confidence="0.8"><link ns0:type="simple" ns0:href="../484/8484.xml">deu</link></psychological_feature></game></contest></social_event></event>review issu</p></sec><sec><st>review system</st><p>pc zone pride review score system base idea averag grade result mani publish accus magazin harsh game score recommend award game score classic award veri game perhap onli ten year receiv distinct game score pc zone dump award previous pc zone pant</p><p>combin result honest score system age pc zone manag acquir mani uk print exclus term<link ns0:type="simple" ns0:href="../041/22041.xml">news</link><link ns0:type="simple" ns0:href="../223/23223.xml">preview</link><link ns0:type="simple" ns0:href="../779/538779.xml">review</link>pc zone exclus preview<result wordnetid="107292694" confidence="0.8"><happening wordnetid="107283608" confidence="0.8"><event wordnetid="100029378" confidence="0.8"><social_event wordnetid="107288639" confidence="0.8"><contest wordnetid="107456188" confidence="0.8"><sequel wordnetid="107295507" confidence="0.8"><game wordnetid="100456199" confidence="0.8"><psychological_feature wordnetid="100023100" confidence="0.8"><ending wordnetid="107291312" confidence="0.8"><link ns0:type="simple" ns0:href="../509/575509.xml">halflif</link></ending></psychological_feature></game></sequel></contest></social_event></event></happening></result><result wordnetid="107292694" confidence="0.8"><happening wordnetid="107283608" confidence="0.8"><event wordnetid="100029378" confidence="0.8"><social_event wordnetid="107288639" confidence="0.8"><contest wordnetid="107456188" confidence="0.8"><sequel wordnetid="107295507" confidence="0.8"><game wordnetid="100456199" confidence="0.8"><psychological_feature wordnetid="100023100" confidence="0.8"><ending wordnetid="107291312" confidence="0.8"><link ns0:type="simple" ns0:href="../738/304738.xml">doom</link></ending></psychological_feature></game></sequel></contest></social_event></event></happening></result>achiev almostunpreced record score rank share three game<result wordnetid="107292694" confidence="0.8"><happening wordnetid="107283608" confidence="0.8"><event wordnetid="100029378" confidence="0.8"><social_event wordnetid="107288639" confidence="0.8"><contest wordnetid="107456188" confidence="0.8"><sequel wordnetid="107295507" confidence="0.8"><game wordnetid="100456199" confidence="0.8"><psychological_feature wordnetid="100023100" confidence="0.8"><ending wordnetid="107291312" confidence="0.8"><link ns0:type="simple" ns0:href="../216/25216.xml">quak ii</link></ending></psychological_feature></game></sequel></contest></social_event></event></happening></result><result wordnetid="107292694" confidence="0.8"><happening wordnetid="107283608" confidence="0.8"><event wordnetid="100029378" confidence="0.8"><social_event wordnetid="107288639" confidence="0.8"><contest wordnetid="107456188" confidence="0.8"><sequel wordnetid="107295507" confidence="0.8"><game wordnetid="100456199" confidence="0.8"><psychological_feature wordnetid="100023100" confidence="0.8"><ending wordnetid="107291312" confidence="0.8"><link ns0:type="simple" ns0:href="../733/1312733.xml">alon dark</link></ending></psychological_feature></game></sequel></contest></social_event></event></happening></result>rel unknown flight simul<link ns0:type="simple" ns0:href="../852/8066852.xml" />hand game receiv lowest score multimedia packag newsweek globocop wa bite summari expens beer mat review thi packag comment everyon involv project boil aliv lobster</p></sec><sec><st>staff</st><p>current editor will porter replac jami sefton time issu march turn wa replac dave wood magazin redesign sefton ha remain magazin occasion freelanc writer editor steve hogarti manag magazin news preview jon log blyth charg review zitron organis freeplay public featur<physical_entity wordnetid="100001930" confidence="0.8"><person wordnetid="100007846" confidence="0.8"><adolescent wordnetid="109772029" confidence="0.8"><mod wordnetid="110324357" confidence="0.8"><causal_agent wordnetid="100007347" confidence="0.8"><juvenile wordnetid="109622049" confidence="0.8"><link ns0:type="simple" ns0:href="../326/407326.xml">mod</link></juvenile></causal_agent></mod></adolescent></person></physical_entity><link ns0:type="simple" ns0:href="../592/11592.xml">freewar</link></p><p><physical_entity wordnetid="100001930" confidence="0.8"><communicator wordnetid="109610660" confidence="0.8"><person wordnetid="100007846" confidence="0.8"><causal_agent wordnetid="100007347" confidence="0.8"><writer wordnetid="110794014" confidence="0.8"><journalist wordnetid="110224578" confidence="0.8"><link ns0:type="simple" ns0:href="../019/6033019.xml">philip wand</link></journalist></writer></causal_agent></person></communicator></physical_entity>head hardwar dear wandi monthli featur technic question reader start dear wazza warren christma discuss forum offici pc zone websit well philip wand dear wandi site member request technic assist discuss game gener</p><p>dan marshal contribut regular column titl game detail develop game<event wordnetid="100029378" confidence="0.8"><social_event wordnetid="107288639" confidence="0.8"><contest wordnetid="107456188" confidence="0.8"><game wordnetid="100456199" confidence="0.8"><psychological_feature wordnetid="100023100" confidence="0.8"><link ns0:type="simple" ns0:href="../880/11024880.xml">gibbag</link></psychological_feature></game></contest></social_event></event>gibbag receiv indiezon game month award wa review marshal write freelanc review magazin</p><p>regular freelanc writer includ steve hill martin korda<writer wordnetid="110794014" confidence="0.9173553029164789"><link ns0:type="simple" ns0:href="../039/1275039.xml">rhianna pratchett</link></writer>richi shoemak paul presley pavel barter</p></sec><sec><st>extern link</st><p><list><entry level="1" type="bullet"><weblink ns0:type="simple" ns0:href="http://www.pczone.co.uk">pc zone websit</weblink></entry><entry level="1" type="bullet"><weblink ns0:type="simple" ns0:href="http://www.dearwandy.com">dear wandi websit</weblink></entry></list></p></sec></bdy></publication></magazine></article>