<article xmlns:ns0="http://www.w3.org/1999/xlink"><entity confidence="0.9511911446218017" wordnetid="100001740"><header><title>medic literatur retriev</title><id /><revision><id /><timestamp /><contributor><username>eleassar</username><id /></contributor></revision><categories><category>orphan articl</category><category>articl expand sinc</category><category>articl invalid paramet templat</category><category>medic</category><category>articl expand</category><category>medic informat</category><category>bioinformat</category><category>orphan articl</category></categories></header><bdy><p><table class="metadata plainlinks ambox "><row><col>amboxstyl style</col></row><row><col class="mbox-image"><p><image width="44px" src="Wiki_letter_w.svg" /></p></col><col style="" class="mbox-text">thi articl articl<weblink ns0:type="simple" ns0:href="http://localhost:18088/wiki/index.php?title=Special:Whatlinkshere target=Medical_literature_retrieval namespace=0">link</weblink>pleas help articl<weblink ns0:type="simple" ns0:href="http://www.google.com/search?hl=en as_qdr=all q=+site%3Aen.wikipedia.org+%22Medical+literature+retrieval%22">relat topic</weblink></col></row></table></p><p><table class="metadata plainlinks ambox "><row><col>amboxnotic style</col></row><row><col class="mbox-image"><p><image width="44px" src="Wiki_letter_w.svg" /></p></col><col style="" class="mbox-text">pleas help<weblink ns0:type="simple" ns0:href="http://localhost:18088/wiki/index.php?title=Medical_literature_retrieval action=edit">improv thi articl</weblink>expand inform</col></row></table>medic literatur retriev medic document retriev activ profession method medic paper retriev report data improv medicin practic</p><sec><st /><p><list><entry level="1" type="bullet"><link ns0:type="simple" ns0:href="../581/351581.xml">health informat</link></entry><entry level="1" type="bullet"><link ns0:type="simple" ns0:href="../794/1076794.xml">medic subject head</link></entry><entry level="1" type="bullet"><link ns0:type="simple" ns0:href="../013/10013.xml">evidencebas medicin</link></entry><entry level="1" type="bullet"><body wordnetid="107965085" confidence="0.8"><social_group wordnetid="107950920" confidence="0.8"><group wordnetid="100031264" confidence="0.8"><administration wordnetid="108164585" confidence="0.8"><link ns0:type="simple" ns0:href="../766/1124766.xml">intern medic informat associ</link></administration></group></social_group></body></entry><entry level="1" type="bullet"><body wordnetid="107965085" confidence="0.8"><social_group wordnetid="107950920" confidence="0.8"><group wordnetid="100031264" confidence="0.8"><administration wordnetid="108164585" confidence="0.8"><link ns0:type="simple" ns0:href="../689/8424689.xml">european feder medic informat</link></administration></group></social_group></body></entry></list></p></sec><sec><st>extern link</st><p><list><entry level="1" type="bullet"><weblink ns0:type="simple" ns0:href="http://www.pubmed.gov/">medlinepubm</weblink></entry><entry level="1" type="bullet">william hersh<weblink ns0:type="simple" ns0:href="http://medir.ohsu.edu/~hersh/irbook/">inform retriev health biomed perspect</weblink>springerverlag isbn</entry><entry level="1" type="bullet"><weblink ns0:type="simple" ns0:href="http://websearch.about.com/od/enginesanddirectories/tp/medical.htm?terms=Medical+search%20engine">top medic search engin web</weblink><web_site wordnetid="106359193" confidence="0.9508927676800064"><link ns0:type="simple" ns0:href="../553/38553.xml">aboutcom</link></web_site>wendi boswel</entry></list></p></sec></bdy></entity></article>