<article xmlns:ns0="http://www.w3.org/1999/xlink"><computer confidence="0.8" wordnetid="103082979"><artifact confidence="0.8" wordnetid="100021939"><instrumentality confidence="0.8" wordnetid="103575240"><device confidence="0.8" wordnetid="103183080"><machine confidence="0.8" wordnetid="103699975"><web_site confidence="0.8" wordnetid="106359193"><header><title>willakuy</title><id /><revision><id /><timestamp /><contributor><username>greerj</username><id /></contributor></revision><categories><category>articl invalid paramet templat</category><category>articl lack sourc</category><category>news websit</category><category>articl lack reliabl refer juli</category></categories></header><bdy><table summary="Template:Infobox Website" style="align: right; font-size: 90%; text-align: left; width: 24em;" class="infobox borderless"><caption style="font-size: 125%; vertical-align: middle;">willakuy</caption><row><header>url</header><col><weblink ns0:type="simple" ns0:href="http://www.willakuy.com/">wwwwillakuycom</weblink></col></row><row><header>type site</header><col>news aggreg websit</col></row><row><header>commerci</header><col /></row><row><header>registr</header><col>free</col></row><row style="vertical-align: top;"><header>owner</header><col><weblink ns0:type="simple" ns0:href="http://com.miami.edu">univers miami school commun</weblink></col></row><row><header>creat</header><col><weblink ns0:type="simple" ns0:href="http://com.miami.edu/Faculty-Staff/Grinfeder.htm">kim grinfed</weblink></col></row><row><header>launch</header><col>march</col></row></table><p>willakuy communitybas<link ns0:type="simple" ns0:href="../677/2351677.xml">news aggreg</link>web site display content spanishlanguag newspap america spain willakuy stand news<language wordnetid="106282651" confidence="0.9508927676800064"><link ns0:type="simple" ns0:href="../286/25286.xml">quechua</link></language>languag web site link togeth virtual commun user interest<environment wordnetid="113934596" confidence="0.8"><grouping wordnetid="101012360" confidence="0.8"><event wordnetid="100029378" confidence="0.8"><state wordnetid="100024720" confidence="0.8"><sphere wordnetid="114514039" confidence="0.8"><act wordnetid="100030358" confidence="0.8"><situation wordnetid="113927383" confidence="0.8"><psychological_feature wordnetid="100023100" confidence="0.8"><activity wordnetid="100407535" confidence="0.8"><categorization wordnetid="101012712" confidence="0.8"><link ns0:type="simple" ns0:href="../524/18524.xml">latin america</link></categorization></activity></psychological_feature></situation></act></sphere></state></event></grouping></environment><link ns0:type="simple" ns0:href="../522/18522.xml">latino</link>studi</p><p>willakuy user submit news headlin link articl origin web site user vote news item post comment search news keyword countri usernam userbas rank system determin news item publish</p><sec><st>function</st><p>willakuy model<web_site wordnetid="106359193" confidence="0.9508927676800064"><link ns0:type="simple" ns0:href="../618/11041618.xml">digg</link></web_site>creat social commun news reader interest news spanishspeak</p><p>user post link news find interest vote noticia pendient file articl vote rise rank post homepag</p><p>user post comment articl messag user search post news<link ns0:type="simple" ns0:href="../138/17138.xml">keyword</link>countri usernam item categor countri list intern news</p><p>registr login quick instruct fairli intuit larg major post<language wordnetid="106282651" confidence="0.9508927676800064"><link ns0:type="simple" ns0:href="../825/26825.xml">spanish</link></language></p></sec><sec><st>histori</st><p>web site project<university wordnetid="108286163" confidence="0.9508927676800064"><link ns0:type="simple" ns0:href="../011/87011.xml">univers miami</link></university>school commun knight center intern media maestria de periodismo en espanol school leadership dean sam grogg lead program commun practic offer undergradu graduat degre journal print electron visual advertis public relat motion pictur commun studi</p></sec><sec><st>extern link</st><p><list><entry level="1" type="bullet"><weblink ns0:type="simple" ns0:href="http://www.willakuy.com">wwwwillakuycom offici site</weblink></entry><entry level="1" type="bullet"><weblink ns0:type="simple" ns0:href="http://com.miami.edu/">um school commun</weblink><weblink ns0:type="simple" ns0:href="http://knight.miami.edu/">knight center intern media</weblink></entry></list></p><p><table class="metadata plainlinks ambox "><row><col>amboxcont style</col></row><row><col class="mbox-image"><p><image width="50px" src="Question_book-new.svg" /></p></col><col style="" class="mbox-text">thi articl appear reliabl thirdparti public sourc affili subject articl gener suffici wikipedia articl pleas includ appropri discuss issu talk juli</col></row></table></p></sec></bdy></web_site></machine></device></instrumentality></artifact></computer></article>