<article xmlns:ns0="http://www.w3.org/1999/xlink"><header><title>pancomputation</title><id /><revision><id /><timestamp /><contributor><username>snowfir</username><id /></contributor></revision><categories><category>theoret comput scienc</category><category>theoret physic</category><category>comput</category></categories></header><bdy>pancomputation pancomputation naturalist computation view<link ns0:type="simple" ns0:href="../880/31880.xml">univers</link>huge comput machin network comput process follow fundament physic law comput dynam develop current<p>thi approach stuff univers<list><entry level="1" type="bullet">essenti inform</entry><entry level="1" type="bullet">essenti digit</entry><entry level="1" type="bullet"><link ns0:type="simple" ns0:href="../276/8276.xml">digit</link><artifact wordnetid="100021939" confidence="0.8"><instrumentality wordnetid="103575240" confidence="0.8"><electrical_device wordnetid="103269401" confidence="0.8"><device wordnetid="103183080" confidence="0.8"><circuit wordnetid="103033362" confidence="0.8"><link ns0:type="simple" ns0:href="../993/993.xml">analog</link></circuit></device></electrical_device></instrumentality></artifact>depend level abstract</entry></list></p><sec><st>histori</st><p>everi epoch cultur ha differ concept univers entireti live organ thale miletu spinoza kafato nadeau ptolemi descart newton univers wa best conceiv mechanist vast machin current understand term inform comput ha led concept univers explicitli comput</p><p><person wordnetid="100007846" confidence="0.9508927676800064"><scientist wordnetid="110560637" confidence="0.9508927676800064"><link ns0:type="simple" ns0:href="../945/11945.xml">galileo</link></scientist></person>book assay il saggiator claim languag natur book mathemat understand natur mathemat pancomputation gener mathemat comput galileo great book natur comput</p><p><person wordnetid="100007846" confidence="0.9508927676800064"><scientist wordnetid="110560637" confidence="0.9508927676800064"><link ns0:type="simple" ns0:href="../810/16810.xml">konrad zuse</link></scientist></person>wa physic behavior entir univers comput basic level possibl cellular automata univers refer rechnend raum comput spacecosmo</p></sec><sec><st>pancomputationalist</st><p><list><entry level="1" type="bullet"><person wordnetid="100007846" confidence="0.9508927676800064"><scientist wordnetid="110560637" confidence="0.9508927676800064"><link ns0:type="simple" ns0:href="../810/16810.xml">konrad zuse</link></scientist></person><link ns0:type="simple" ns0:href="../779/842779.xml">rechnend raum</link>translat mit english<work wordnetid="104599396" confidence="0.8"><product wordnetid="104007894" confidence="0.8"><creation wordnetid="103129123" confidence="0.8"><artifact wordnetid="100021939" confidence="0.8"><book wordnetid="106410904" confidence="0.8"><publication wordnetid="106589574" confidence="0.8"><link ns0:type="simple" ns0:href="../779/842779.xml">calcul space</link></publication></book></artifact></creation></product></work></entry><entry level="1" type="bullet"><person wordnetid="100007846" confidence="0.9508927676800064"><scientist wordnetid="110560637" confidence="0.9508927676800064"><link ns0:type="simple" ns0:href="../185/63185.xml">norbert wiener</link></scientist></person></entry><entry level="1" type="bullet"><person wordnetid="100007846" confidence="0.9508927676800064"><link ns0:type="simple" ns0:href="../515/405515.xml">edward fredkin</link></person><ref ns0:type="simple" ns0:href="#xpointer(//reflist/entry[@id=%221%22])" /></entry><entry level="1" type="bullet"><person wordnetid="100007846" confidence="0.9508927676800064"><scientist wordnetid="110560637" confidence="0.9508927676800064"><link ns0:type="simple" ns0:href="../469/52469.xml">stephen wolfram</link></scientist></person><ref ns0:type="simple" ns0:href="#xpointer(//reflist/entry[@id=%222%22])" /></entry><entry level="1" type="bullet"><person wordnetid="100007846" confidence="0.9508927676800064"><link ns0:type="simple" ns0:href="../308/12308.xml">gregori chaitin</link></person><ref ns0:type="simple" ns0:href="#xpointer(//reflist/entry[@id=%223%22])" /></entry><entry level="1" type="bullet"><scientist wordnetid="110560637" confidence="0.9508927676800064"><link ns0:type="simple" ns0:href="../702/1451702.xml">seth lloyd</link></scientist><ref ns0:type="simple" ns0:href="#xpointer(//reflist/entry[@id=%224%22])" /></entry><entry level="1" type="bullet"><link>gerard hooft</link><ref ns0:type="simple" ns0:href="#xpointer(//reflist/entry[@id=%225%22])" /></entry><entry level="1" type="bullet"><physical_entity wordnetid="100001930" confidence="0.8"><communicator wordnetid="109610660" confidence="0.8"><person wordnetid="100007846" confidence="0.8"><causal_agent wordnetid="100007347" confidence="0.8"><writer wordnetid="110794014" confidence="0.8"><link ns0:type="simple" ns0:href="../405/15478405.xml">charl seif</link></writer></causal_agent></person></communicator></physical_entity></entry><entry level="1" type="bullet"><physical_entity wordnetid="100001930" confidence="0.8"><peer wordnetid="109626238" confidence="0.8"><disbeliever wordnetid="110015897" confidence="0.8"><physicist wordnetid="110428004" confidence="0.8"><person wordnetid="100007846" confidence="0.8"><colleague wordnetid="109935990" confidence="0.8"><causal_agent wordnetid="100007347" confidence="0.8"><scientist wordnetid="110560637" confidence="0.8"><nonreligious_person wordnetid="109625789" confidence="0.8"><atheist wordnetid="109820044" confidence="0.8"><associate wordnetid="109816771" confidence="0.8"><link ns0:type="simple" ns0:href="../729/8729.xml">david deutsch</link></associate></atheist></nonreligious_person></scientist></causal_agent></colleague></person></physicist></disbeliever></peer></physical_entity></entry><entry level="1" type="bullet"><person wordnetid="100007846" confidence="0.9508927676800064"><link ns0:type="simple" ns0:href="../499/175499.xml">max tegmark</link></person><link ns0:type="simple" ns0:href="../329/2148329.xml">ultim ensembl</link></entry><entry level="1" type="bullet"><link>jrgen schmidhub</link>ultim ensembl comput univers<ref ns0:type="simple" ns0:href="#xpointer(//reflist/entry[@id=%226%22])" /><ref ns0:type="simple" ns0:href="#xpointer(//reflist/entry[@id=%227%22])" /></entry><entry level="1" type="bullet"><link>carl friedrich von weizscker</link>quantum theori uraltern einheit der natur</entry><entry level="1" type="bullet"><person wordnetid="100007846" confidence="0.9508927676800064"><scientist wordnetid="110560637" confidence="0.9508927676800064"><link ns0:type="simple" ns0:href="../127/327127.xml">john archibald wheeler</link></scientist></person>bit</entry></list></p></sec><sec><st>comput</st><p>comput process physic system undergo process inform comput comput phenomenon studi sever field<link ns0:type="simple" ns0:href="../402/30402.xml">theori comput</link>includ<link ns0:type="simple" ns0:href="../084/3244084.xml">comput theori</link>physic biolog accord acmiee comput curricula comput field includ comput scienc comput engin softwar engin inform system german french italian languag respect term informatik informatiqu informatica informat english denot comput</p></sec><sec><st>pancomputation<link ns0:type="simple" ns0:href="../220/3951220.xml">comput theori mind</link></st><p>comput univers human bodi human mind comput sever level granular level descript numer indic cognit scienc neurosci reveal comput charact cognit pancomputation offer eleg solut controversi digit vs analog charact cognit phenomena sort explan necessari complet descript observ behaviour</p></sec><sec><st>infocomput natur icon</st><p>infocomput natur icon unifi pancomputation paninformation view fabric univers inform icon claim structur univers inform dynam chang comput inform process<ref ns0:type="simple" ns0:href="#xpointer(//reflist/entry[@id=%228%22])" /></p></sec><sec><st>natur comput gener ture machin</st><p><link ns0:type="simple" ns0:href="../403/30403.xml">ture machin</link>tm model identifi comput execut algorithm question wide applic churchtur thesi establish equival tm algorithm interpret impli comput necessarili algorithm advent comput network main paradigm comput today model comput isol repres univers ture machin ha becom insuffici</p><p>basic differ isol comput box network comput process natur understood comput mechan interact comput gener comput paradigm today interact comput<ref ns0:type="simple" ns0:href="#xpointer(//reflist/entry[@id=%229%22])" />consequ year comput ha expand origin tm scope</p><p>deep interconnect comput proof ha result signific work construct mathemat mathemat logic sinc hilbert famou program comput fundament connect logic anoth field nowaday experi rapid develop understood gener interact sens logic game play agent environ comput problem exist agent alway win game logic oper stand oper comput problem valid logic formula scheme alway comput problem</p><p>challeng deal comput real comput continu data biolog computingorgan comput quantum comput gener natur comput ha brought understand comput natur comput ha differ criteria success comput halt problem issu adequaci comput respons network interact comput processesdevic mani area comput model emerg clearli algorithm barri cooper</p><p>comput paradigm base metaphor natur phenomena comput simul mimick natur question focu<list><entry level="1" type="bullet">learn natur comput ani nonalgorithm comput</entry><entry level="1" type="bullet">univers model tm model special case underli natur comput wegner goldin interact comput paraconsist logic open interact system</entry></list>biologist inform scientist cognit scientist bioinformaticist logician theoret physicist mani attract possibl thi interact comput paradigm open</p></sec><sec><st>infocomput icon epistemolog natur</st><p>natur epistemolog feldman kornblith stich gener idea knowledg studi natur phenomenon subject matter epistemolog concept knowledg knowledg</p><p>stimul sensori receptor evid anybodi ha ultim arriv pictur whi thi construct realli proce whi settl psycholog epistemolog natur quin</p><ss1><st>naturalist understand cognit</st><p>accord maturana varela simplest organ possess cognit meaningproduct apparatu metabol cours nonmetabol interact environ locomot gener organ chang environ provid input data</p><p>maturana varela understand cognit suitabl basi computationalist account natur evolutionari epistemolog great conceptu advantag cognit central focu studi live organ possess cognit degre</p></ss1><ss1><st>univers comput typewrit</st><p>mechan evolutionari develop cognit abil organ</p><p>critic evolutionari approach mention imposs blind chanc produc highli complex structur intellig live organ proverbi monkey type shakespear illustr</p><p>chaitin bennet counter argument univers typewrit comput monkey type random input comput quantum mechan suppli univers monkey form random fluctuat seed locat galaxi comput type univers simpl initi obey simpl physic law univers ha systemat process amplifi bit inform embodi quantum fluctuat result thi inform process divers informationpack univers program quanta physic rise chemistri life program mutat recombin life rise shakespear program experi imagin shakespear rise hamlet differ monkey typewrit monkey comput differ world lloyd</p><p>univers comput monkey type time hardwar program ture machin exampl biolog comput dna hardwar molecul time softwar program code gener input restructur comput univers chang precondit futur input process interact selforgan essenti speedup process complex structur</p></ss1></sec><sec><st>refer</st><p><reflist><entry id="1">fredkin edward digit mechan physica northholland</entry><entry id="2">wolfram stephen kind scienc wolfram scienc<weblink ns0:type="simple" ns0:href="http://www.wolframscience.com/">http wwwwolframsciencecom</weblink></entry><entry id="3">chaitin gregori epistemolog inform theori leibniz<weblink ns0:type="simple" ns0:href="http://www.cs.auckland.ac.nz/~chaitin/ecap.html">http wwwcsaucklandacnzchaitinecaphtml</weblink></entry><entry id="4">lloyd comput univers quantum graviti quantum comput<weblink ns0:type="simple" ns0:href="http://arxiv.org/abs/quant-ph/0501135">preprint</weblink></entry><entry id="5">hooft quantum graviti dissip determinist system class quant grav<weblink ns0:type="simple" ns0:href="http://arxiv.org/abs/gr-qc/9903084">preprint</weblink></entry><entry id="6"><link>schmidhub</link>comput scientist view life univers everyth lectur note comput scienc springer http wwwidsiachjuergeneverything</entry><entry id="7"><link>schmidhub</link>algorithm theori everyth http</entry><entry id="8">dodigcrnkov investig inform semant ethic comput mlardalen univers press<weblink ns0:type="simple" ns0:href="http://www.diva-portal.org/mdh/theses/abstract.xsql?dbid=153">http wwwdivaportalorgmdhthesesabstractxsql</weblink></entry><entry id="9">goldin smolka wegner interact comput paradigm springerverlag</entry></reflist></p></sec><sec><st>extern link</st><p><list><entry level="1" type="bullet"><weblink ns0:type="simple" ns0:href="ftp://ftp.idsia.ch/pub/juergen/zuserechnenderraum.pdf">translat zuse book rechnend raum english</weblink></entry><entry level="1" type="bullet"><weblink ns0:type="simple" ns0:href="ftp://ftp.idsia.ch/pub/juergen/zuse67scan.pdf">scan zuse rechnend raum paper german</weblink></entry><entry level="1" type="bullet"><weblink ns0:type="simple" ns0:href="http://www.idsia.ch/~juergen/digitalphysics.html">zuse comput univers</weblink></entry><entry level="1" type="bullet"><weblink ns0:type="simple" ns0:href="http://se10.comlab.ox.ac.uk:8080/InformaticPhenomena/IntroductiontoOASIS_en.html">oxford advanc seminar informat structur</weblink></entry><entry level="1" type="bullet"><weblink ns0:type="simple" ns0:href="http://www.amsta.leeds.ac.uk/cie/">comput europ european network</weblink></entry><entry level="1" type="bullet"><weblink ns0:type="simple" ns0:href="http://www.interdisciplines.org/">interdisciplin</weblink></entry><entry level="1" type="bullet"><weblink ns0:type="simple" ns0:href="http://fis.icts.sbg.ac.at/">foundat inform scienc</weblink></entry><entry level="1" type="bullet"><weblink ns0:type="simple" ns0:href="http://pcs.essex.ac.uk/">philosophi comput scienc univers essex</weblink></entry><entry level="1" type="bullet"><weblink ns0:type="simple" ns0:href="http://www.crumpled.com/cp/index.html">comput philosophi</weblink></entry><entry level="1" type="bullet"><weblink ns0:type="simple" ns0:href="http://people.pwf.cam.ac.uk/mds26/cogsci/program.html">comput cognit scienc king colleg cambridg</weblink></entry></list></p></sec><sec><st /><p><list><entry level="1" type="bullet"><link ns0:type="simple" ns0:href="../493/405493.xml">digit physic</link></entry><entry level="1" type="bullet"><link ns0:type="simple" ns0:href="../213/5213.xml">comput</link></entry><entry level="1" type="bullet"><link ns0:type="simple" ns0:href="../627/243627.xml">physic inform</link></entry><entry level="1" type="bullet"><link ns0:type="simple" ns0:href="../247/397247.xml">real comput</link></entry><entry level="1" type="bullet"><link ns0:type="simple" ns0:href="../548/1539548.xml">revers comput</link></entry><entry level="1" type="bullet"><link ns0:type="simple" ns0:href="../402/30402.xml">theori comput</link></entry><entry level="1" type="bullet"><link ns0:type="simple" ns0:href="../613/175613.xml">hypercomput</link></entry><entry level="1" type="bullet"><link ns0:type="simple" ns0:href="../220/3951220.xml">comput theori mind</link></entry></list></p></sec></bdy></article>