<article xmlns:ns0="http://www.w3.org/1999/xlink"><entity confidence="0.9511911446218017" wordnetid="100001740"><case confidence="0.9508927676800064" wordnetid="107308889"><header><title>bp america product co burton</title><id /><revision><id /><timestamp /><contributor><username>lampman</username><id /></contributor></revision><categories><category>law</category><category>unit suprem court case</category><category>unit administr case law</category></categories></header><bdy><template><name>infobox scotu case</name><parameters><ArgueYear /><JoinMajority>steven scalia kennedi souter thoma ginsburg</JoinMajority><NotParticipating>robert breyer</NotParticipating><DecideDate>decemb</DecideDate><LawsApplied><link ns0:type="simple" ns0:href="../324/2980324.xml">miner leas</link><link>feder oil ga royalti manag</link><link>feder oil ga royalti simplif fair</link></LawsApplied><Majority>alito</Majority><ArgueDate>octob</ArgueDate><DecideYear /><FullName>bp america product co successor interest amoco product co al rejan burton assist secretari land miner manag depart interior al</FullName><USVol /><Docket /><Litigants>bp america product co burton</Litigants><Holding>unit court appeal district columbia circuit affirm</Holding><USPage /><SCOTUS /></parameters></template>bp america product co burton<link ns0:type="simple" ns0:href="../772/404772.xml">us</link><link ns0:type="simple" ns0:href="../164/36164.xml" />wa<supreme_court wordnetid="108336188" confidence="0.9508927676800064"><link ns0:type="simple" ns0:href="../737/31737.xml">unit suprem court</link></supreme_court>case<link ns0:type="simple" ns0:href="../917/26917.xml">statut limit</link>govern action<link ns0:type="simple" ns0:href="../537/19280537.xml">contract</link>claim appli action feder administr agenc recov royalti feder<link ns0:type="simple" ns0:href="../195/23195.xml">oil</link><link ns0:type="simple" ns0:href="../131/22131.xml">ga</link>leas member recus themselv court rule unanim doe appli opinion justic<person wordnetid="100007846" confidence="0.9508927676800064"><judge wordnetid="110225219" confidence="0.9508927676800064"><link ns0:type="simple" ns0:href="../173/1199173.xml">samuel alito</link></judge></person><sec><st>legal background</st><p><link ns0:type="simple" ns0:href="../324/2980324.xml">miner leas</link>mla author<agency wordnetid="108337324" confidence="0.9508927676800064"><link ns0:type="simple" ns0:href="../904/70904.xml">depart interior</link></agency>leas public land privat parti product oil ga congress enact<link>feder oil ga royalti manag</link>fogrma address inadequaci system account royalti oil ga produc leas site fogrma order secretari interior audit leas collect wa owe govern secretari turn ha assign duti depart interior<link ns0:type="simple" ns0:href="../010/1705010.xml">miner manag servic</link>mm<ref ns0:type="simple" ns0:href="#xpointer(//reflist/entry[@id=%221%22])" /></p><p>mm conclud lesse owe royalti greater ha paid mm issu order requir payment amount disput lawsuit court recov royalti owe cover gener sixyear statut limit govern contract action</p></sec><sec><st>fact</st><p>petition<company wordnetid="108058098" confidence="0.9508927676800064"><link ns0:type="simple" ns0:href="../720/18998720.xml">bp america product</link></company>hold ga leas land<region wordnetid="108630985" confidence="0.8"><administrative_district wordnetid="108491826" confidence="0.8"><location wordnetid="100027167" confidence="0.8"><district wordnetid="108552138" confidence="0.8"><country wordnetid="108544813" confidence="0.8"><link ns0:type="simple" ns0:href="../649/21649.xml">mexico</link></country></district></location></administrative_district></region><link ns0:type="simple" ns0:href="../131/8797131.xml">san juan basin</link>bp predecessor<company wordnetid="108058098" confidence="0.9508927676800064"><link ns0:type="simple" ns0:href="../418/59418.xml">amoco product</link></company>enter leas nearli fifti year ago leas requir payment royalti year amoco calcul royalti percentag valu ga moment wa produc well mm lesse letter direct royalti calcul base valu ga well valu ga wa treat meet qualiti requir introduct nation mainlin pipelin therefor mm order payment addit royalti interest period januari decemb cover differ<ref ns0:type="simple" ns0:href="#xpointer(//reflist/entry[@id=%222%22])" /></p></sec><sec><st>procedur histori</st><p>amoco appeal order disput interpret royalti oblig argu payment order wa ani event bar sixyear statut limit assist secretari interior deni appeal rule statut limit wa inapplic</p><p>amoco sought review<social_group wordnetid="107950920" confidence="0.8"><assembly wordnetid="108163792" confidence="0.8"><gathering wordnetid="107975026" confidence="0.8"><court wordnetid="108329453" confidence="0.8"><group wordnetid="100031264" confidence="0.8"><link ns0:type="simple" ns0:href="../384/1786384.xml">unit district court district columbia</link></group></court></gathering></assembly></social_group>agre assist secretari statut limit appli<ref ns0:type="simple" ns0:href="#xpointer(//reflist/entry[@id=%223%22])" /><social_group wordnetid="107950920" confidence="0.8"><assembly wordnetid="108163792" confidence="0.8"><gathering wordnetid="107975026" confidence="0.8"><court wordnetid="108329453" confidence="0.8"><group wordnetid="100031264" confidence="0.8"><link ns0:type="simple" ns0:href="../245/575245.xml">dc circuit court appeal</link></group></court></gathering></assembly></social_group>affirm district court rule<ref ns0:type="simple" ns0:href="#xpointer(//reflist/entry[@id=%224%22])" />suprem court grant certiorari resolv circuit split dc circuit<social_group wordnetid="107950920" confidence="0.8"><assembly wordnetid="108163792" confidence="0.8"><gathering wordnetid="107975026" confidence="0.8"><court wordnetid="108329453" confidence="0.8"><group wordnetid="100031264" confidence="0.8"><link ns0:type="simple" ns0:href="../331/428331.xml">tenth circuit</link></group></court></gathering></assembly></social_group><ref ns0:type="simple" ns0:href="#xpointer(//reflist/entry[@id=%225%22])" /></p></sec><sec><st>decis</st><ss1><st>issu</st><p>doe sixyear<link ns0:type="simple" ns0:href="../917/26917.xml">statut limit</link>govern action monetari damag<document wordnetid="106470073" confidence="0.8"><legal_document wordnetid="106479665" confidence="0.8"><written_communication wordnetid="106349220" confidence="0.8"><writing wordnetid="106362953" confidence="0.8"><link ns0:type="simple" ns0:href="../416/2268416.xml">usc</link></writing></written_communication></legal_document></document><weblink ns0:type="simple" ns0:href="http://www.law.cornell.edu/uscode/28/2415.html" />govern issuanc administr payment order oppos govern file complaint court</p></ss1><ss1><st>parti argument</st><p>bp contend broader interpret statutori term action wa support refer everi action money damag ani contract argu mm letter payment order constitut complaint</p><p>respond reli languag statut argu action meant action court administr proceed</p></ss1><ss1><st>opinion court</st><p>court unanim held statut limit appli administr action noth languag<legislature wordnetid="108163273" confidence="0.9508927676800064"><link ns0:type="simple" ns0:href="../756/31756.xml">congress</link></legislature>intend term appli broadli administr proceed contrari distinguish judici administr proceed provid action commenc within year final decis render applic administr proceed thu congress knew identifi administr proceed manifestli separ concept mind enact</p><p>justic alito situat subject tradit<link ns0:type="simple" ns0:href="../778/1947778.xml#xpointer(//*[./st=%22Canons+of+statutory+interpretation%22])">rule</link>quod<link ns0:type="simple" ns0:href="../141/18961141.xml">nullum tempu occurrit regi</link>time doe king corollari thi rule sovereign elect subject statut limit sovereign benefit doubt scope statut ambigu</p></ss1></sec><sec><st>recus</st><p>chief justic robert justic breyer particip decis accord legal time robert rule case posit judg dc circuit breyer report financi disclosur form bp amoco stock<ref ns0:type="simple" ns0:href="#xpointer(//reflist/entry[@id=%226%22])" /></p></sec><sec><st /><p><list><entry level="1" type="bullet"><link ns0:type="simple" ns0:href="../233/13921233.xml">list unit suprem court case volum</link></entry></list></p></sec><sec><st>extern link</st><p><list><entry level="1" type="bullet"><weblink ns0:type="simple" ns0:href="http://www.supremecourtus.gov/opinions/05pdf/05-669.pdf">bp america product co burton supremecourtusgov</weblink>docket inform</entry><entry level="1" type="bullet"><weblink ns0:type="simple" ns0:href="http://www.law.cornell.edu/supct/html/05-669.ZS.html">full text</weblink>html link preced statut us constitut</entry></list></p></sec><sec><st>note</st><p><reflist><entry id="1">parti rejan burton wa assist secretari land miner manag</entry><entry id="2">mm<weblink ns0:type="simple" ns0:href="http://www.mms.gov/ooc/press/2006/press1207.htm">press releas</weblink><link ns0:type="simple" ns0:href="../144/8144.xml">decemb</link><link ns0:type="simple" ns0:href="../164/36164.xml" /></entry><entry id="3">amoco product co baca supp</entry><entry id="4">amoco product co watson</entry><entry id="5">oxi usa inc babbit</entry><entry id="6"><weblink ns0:type="simple" ns0:href="http://www.law.com/jsp/dc/PubArticleDC.jsp?id=1159952725304">recus report</weblink>legal time<link ns0:type="simple" ns0:href="../791/15791.xml">januari</link><link ns0:type="simple" ns0:href="../165/36165.xml" /></entry></reflist></p></sec></bdy></case></entity></article>