<article xmlns:ns0="http://www.w3.org/1999/xlink"><company confidence="0.9508927676800064" wordnetid="108058098"><service confidence="0.9511911446218017" wordnetid="100577525"><header><title>westhost</title><id /><revision><id /><timestamp /><contributor><username>stemon</username><id /></contributor></revision><categories><category>design compani unit</category><category>web design compani</category><category>blog host servic</category><category>compani base utah</category><category>internet host</category><category>internet compani</category><category>internet compani unit</category><category>web servic</category><category>compani establish</category><category>web host</category><category>internet</category></categories></header><bdy><template><name>infobox_compani</name><parameters><location><village wordnetid="108672738" confidence="0.9508927676800064"><link ns0:type="simple" ns0:href="../952/136952.xml">provid utah</link></village><link ns0:type="simple" ns0:href="../750/3434750.xml">usa</link></location><company_logo><image width="129px" src="Westhost_logo.gif" /></company_logo><company_name>westhost</company_name><company_slogan>expect web host</company_slogan><company_type><link ns0:type="simple" ns0:href="../655/1499655.xml">privat compani</link></company_type><foundation /><industry><link ns0:type="simple" ns0:href="../465/157465.xml">web host servic</link><link ns0:type="simple" ns0:href="../035/34035.xml">web design</link><link ns0:type="simple" ns0:href="../284/158284.xml">domain registr</link></industry><products>web servic</products><homepage>http wwwwesthostcom</homepage><employees /><key_people>chri russel brian chamber</key_people></parameters></template><p>westhost provid<link ns0:type="simple" ns0:href="../465/157465.xml">web host</link><link ns0:type="simple" ns0:href="../284/158284.xml">domain registr</link><link>web site design</link>servic individu organ busi<village wordnetid="108672738" confidence="0.9508927676800064"><link ns0:type="simple" ns0:href="../952/136952.xml">provid utah</link></village>chri russel compani current host web site</p><p>mountainwest capit network identifi westhost top fastest grow utah compani<ref ns0:type="simple" ns0:href="#xpointer(//reflist/entry[@id=%221%22])" /></p><sec><st>host infrastructur</st><p><list><entry level="1" type="bullet">sa type ii certifi worldclass<link ns0:type="simple" ns0:href="../730/579730.xml">data center</link>infrastructur</entry><entry level="1" type="bullet"><link ns0:type="simple" ns0:href="../423/62423.xml">tier</link>connect<link ns0:type="simple" ns0:href="../402/48402.xml">internet backbon</link>multipl<link ns0:type="simple" ns0:href="../570/12570.xml">gigabyt</link><link ns0:type="simple" ns0:href="../499/9499.xml">ethernet</link>connect multipl<link />scalabl<link ns0:type="simple" ns0:href="../262/1861262.xml" /></entry><entry level="1" type="bullet">uninterrupt power suppli batteri bank minut kilovolt diesel gener day</entry><entry level="1" type="bullet">fire suppress inergen peoplesaf oxygen remov system</entry><entry level="1" type="bullet"><link ns0:type="simple" ns0:href="../212/1819212.xml">virtual privat server</link>technolog share semided dedic server</entry><entry level="1" type="bullet">proprietari<link ns0:type="simple" ns0:href="../612/5235612.xml">control panel</link>provid client access divers select web site applic develop tool</entry><entry level="1" type="bullet">westhost continu rank<company wordnetid="108058098" confidence="0.9508927676800064"><link ns0:type="simple" ns0:href="../376/739376.xml">netcraft</link></company>top list reliabl web host provid includ sever top rank</entry></list></p></sec><sec><st>homeland secur controversi</st><p>june variou news media outlet carri stori concern<link ns0:type="simple" ns0:href="../626/847626.xml">iraq insurg</link>fundrais site establish italian group campo antiimperialista<ref ns0:type="simple" ns0:href="#xpointer(//reflist/entry[@id=%222%22])" />stori gener widespread condemn site flood complaint westhost site unwit host provid unknown public media westhost oper year secret<link ns0:type="simple" ns0:href="../237/153237.xml">court order</link>provid antiimperialistaorg log file<link>depart homeland secur</link>activ track system report site visitor<link ns0:type="simple" ns0:href="../921/14921.xml">internet protocol address</link>dh</p><p>endur day denounc westhost support terrorist organ dh final allow westhost shut site fail cooper foreign author investig italian polic raid campo antiimperialista member seiz comput file creat maintain site<ref ns0:type="simple" ns0:href="#xpointer(//reflist/entry[@id=%223%22])" /></p></sec><sec><st>refer</st><p><reflist><entry id="1"><weblink ns0:type="simple" ns0:href="http://www.mwcn.org/utah100/2004_utah100.php">utah recogn westhost signific contribut expand economi</weblink></entry><entry id="2"><weblink ns0:type="simple" ns0:href="http://www.usnews.com/usnews/news/articles/050623/23euroleft.htm">nation secur watch eurolefti fund iraq insurg</weblink></entry><entry id="3"><weblink ns0:type="simple" ns0:href="http://www.usnews.com/usnews/news/articles/050727/27natsec.htm">nation secur watch eurolefti fund iraq insurgencypart ii</weblink></entry></reflist></p></sec><sec><st>extern link</st><p><list><entry level="1" type="bullet"><weblink ns0:type="simple" ns0:href="http://www.westhost.com">westhost offici site</weblink></entry><entry level="1" type="bullet"><weblink ns0:type="simple" ns0:href="http://www.westhost.com/contactus.html">contact inform</weblink></entry><entry level="1" type="bullet"><weblink ns0:type="simple" ns0:href="http://forums.westhost.com">discuss forum</weblink></entry><entry level="1" type="bullet"><weblink ns0:type="simple" ns0:href="http://blog.westhost.com">westhost blog</weblink></entry><entry level="1" type="bullet"><weblink ns0:type="simple" ns0:href="http://www.alexa.com/data/details/main?q= url=www.westhost.com">alexa rank westhostcom</weblink></entry></list></p></sec></bdy></service></company></article>