<article xmlns:ns0="http://www.w3.org/1999/xlink"><header><title>onlin video guid</title><id /><revision><id /><timestamp /><contributor><username>interguid</username><id /></contributor></revision><categories><category>web</category><category>orphan articl decemb</category><category>orphan articl</category></categories></header><bdy><p><table class="metadata plainlinks ambox "><row><col>amboxstyl style</col></row><row><col class="mbox-image"><p><image width="44px" src="Wiki_letter_w.svg" /></p></col><col style="" class="mbox-text">thi articl articl<weblink ns0:type="simple" ns0:href="http://localhost:18088/wiki/index.php?title=Special:Whatlinkshere target=Online_video_guide namespace=0">link</weblink>pleas help articl<weblink ns0:type="simple" ns0:href="http://www.google.com/search?hl=en as_qdr=all q=+site%3Aen.wikipedia.org+%22Online+video+guide%22">relat topic</weblink>decemb</col></row></table></p><p><magazine wordnetid="106595351" confidence="0.9508927676800064"><link ns0:type="simple" ns0:href="../834/188834.xml">tv guid</link></magazine>onlin video guid webbas applic allow user search brows profession highqual independ video onlin tv guid posit onlin video guid gener guidanc claim will allow user easili search find networkproduc tv episod clip onlin tv list allow user find tradit televis</p><p>media blogger<expert wordnetid="109617867" confidence="0.8"><physical_entity wordnetid="100001930" confidence="0.8"><person wordnetid="100007846" confidence="0.8"><intellectual wordnetid="109621545" confidence="0.8"><blogger wordnetid="109860415" confidence="0.8"><authority wordnetid="109824361" confidence="0.8"><communicator wordnetid="109610660" confidence="0.8"><alumnus wordnetid="109786338" confidence="0.8"><causal_agent wordnetid="100007347" confidence="0.8"><writer wordnetid="110794014" confidence="0.8"><evaluator wordnetid="110066732" confidence="0.8"><journalist wordnetid="110224578" confidence="0.8"><scholar wordnetid="110557854" confidence="0.8"><critic wordnetid="109979321" confidence="0.8"><link ns0:type="simple" ns0:href="../967/2735967.xml">jeff jarvi</link></critic></scholar></journalist></evaluator></writer></causal_agent></alumnus></communicator></authority></blogger></intellectual></person></physical_entity></expert>review guid blog http comment</p><p>damn complic dial tv guid find spin agre mission find good tv tv meritocraci recommend understand decis big guy serv mass audienc mass audienc remain illus small tv littl guy draw audienc larg big cabl don provid guid flame fart doesn don overwhelm peopl tv onlin search studio network manag safer bigger</p><sec><st>technolog</st><p>onlin video guid free webbas applic<link ns0:type="simple" ns0:href="../950/1610950.xml">ajax</link>provid user experi underli infrastructur reli<link ns0:type="simple" ns0:href="../402/60402.xml">microsoftnet</link><link ns0:type="simple" ns0:href="../328/13473328.xml">sharepoint</link>technolog</p><p>video host tv guid server typic onlin video search result onlin video guid return seri thumbnail video hoverov detail clip appear user ha option clickthrough view full video resid network web site</p><p>fifti profession web site scrape daili includ major network nbc abc cb fox itun cabl channel usa network lifetim bravo video cool</p></sec><sec><st>avail</st><p>onlin video guid access<weblink ns0:type="simple" ns0:href="http://video.tvguide.com">videotvguidecom</weblink></p></sec><sec><st /><p><magazine wordnetid="106595351" confidence="0.9508927676800064"><link ns0:type="simple" ns0:href="../834/188834.xml">tv guid</link></magazine><link ns0:type="simple" ns0:href="../858/989858.xml">internet televis</link></p></sec><sec><st>refer</st><p><weblink ns0:type="simple" ns0:href="http://www.cnn.com/2007/TECH/biztech/03/26/tvguide.video.search.ap/index.html">cnncom tv guid launch internet video search engin</weblink><weblink ns0:type="simple" ns0:href="http://www.msnbc.msn.com/id/17596108/">msncom video search gold rush will tv guid internet</weblink><weblink ns0:type="simple" ns0:href="http://www.buzzmachine.com/2007/03/02/exploding-tv-guide/">buzz machin explod tv guid</weblink><weblink ns0:type="simple" ns0:href="http://blogs.mediapost.com/search_insider/?p=500">mediapost play matchmak stingray</weblink><weblink ns0:type="simple" ns0:href="http://blogs.mediapost.com/search_insider/?p=501">mediapost video consum search discov</weblink><weblink ns0:type="simple" ns0:href="http://www.cynopsis.com/content/view/2370/53/">cynopisi digit multiplatform content news tv guid onlin video guid launch</weblink></p><ss1><st>extern link</st><p><list><entry level="1" type="bullet"><weblink ns0:type="simple" ns0:href="http://www.tvguide.com">tvguidecom</weblink></entry><entry level="1" type="bullet"><weblink ns0:type="simple" ns0:href="http://video.tvguide.com">onlin video guid</weblink></entry><entry level="1" type="bullet"><weblink ns0:type="simple" ns0:href="http://www.mylivetime.com">mylivetimecom onlin video guid</weblink></entry></list></p></ss1></sec></bdy></article>