<article xmlns:ns0="http://www.w3.org/1999/xlink"><creation confidence="0.8" wordnetid="103129123"><cabaret confidence="0.8" wordnetid="102931417"><structure confidence="0.8" wordnetid="104341686"><building confidence="0.8" wordnetid="102913152"><artifact confidence="0.8" wordnetid="100021939"><place_of_business confidence="0.8" wordnetid="103953020"><establishment confidence="0.8" wordnetid="103297735"><club confidence="0.9511911446218017" wordnetid="108227214"><art confidence="0.8" wordnetid="102743547"><spot confidence="0.8" wordnetid="104286128"><header><title>soho hous club</title><id /><revision><id /><timestamp /><contributor><username>sgeureka</username><id /></contributor></revision><categories><category>art unit kingdom</category><category>nightclub london</category><category>club societi england</category><category>privat club</category><category>build structur westminst</category></categories></header><bdy>soho hous wellknown privat art media club greek street<site wordnetid="108651247" confidence="0.9508927676800064"><link ns0:type="simple" ns0:href="../616/39616.xml">soho</link></site><village wordnetid="108672738" confidence="0.9508927676800064"><link ns0:type="simple" ns0:href="../867/17867.xml">london</link></village><country wordnetid="108544813" confidence="0.9508927676800064"><link ns0:type="simple" ns0:href="../316/9316.xml">england</link></country>club ha branch<site wordnetid="108651247" confidence="0.9508927676800064"><link ns0:type="simple" ns0:href="../200/94200.xml">hill</link></site>manhattan<link ns0:type="simple" ns0:href="../658/1720658.xml">meatpack district</link>membership<link>sophi siegl</link><village wordnetid="108672738" confidence="0.9508927676800064"><link ns0:type="simple" ns0:href="../867/17867.xml">london</link></village><link>kenneth sullivan</link><region wordnetid="108630985" confidence="0.8"><administrative_district wordnetid="108491826" confidence="0.8"><location wordnetid="100027167" confidence="0.8"><district wordnetid="108552138" confidence="0.8"><country wordnetid="108544813" confidence="0.8"><link ns0:type="simple" ns0:href="../131/8210131.xml">york</link></country></district></location></administrative_district></region>respect<p>accord<newspaper wordnetid="106267145" confidence="0.9508927676800064"><link ns0:type="simple" ns0:href="../463/208463.xml">usa today</link></newspaper>club hip august episod trend arbit<link ns0:type="simple" ns0:href="../842/82842.xml">sex citi</link>thi time sexpot samantha jone<person wordnetid="100007846" confidence="0.9508927676800064"><actor wordnetid="109765278" confidence="0.9508927676800064"><link ns0:type="simple" ns0:href="../443/275443.xml">kim cattral</link></actor></person>join hipster hangout gueststar<songwriter wordnetid="110624540" confidence="0.9173553029164789"><singer wordnetid="110599806" confidence="0.9173553029164789"><philanthropist wordnetid="110421956" confidence="0.9173553029164789"><actor wordnetid="109765278" confidence="0.9173553029164789"><artist wordnetid="109812338" confidence="0.9508927676800064"><writer wordnetid="110794014" confidence="0.9173553029164789"><link ns0:type="simple" ns0:href="../620/256620.xml">geri halliwel</link></writer></artist></actor></philanthropist></singer></songwriter>alreadi member<weblink ns0:type="simple" ns0:href="http://www.usatoday.com/life/2003-08-06-soho_x.htm">http</weblink></p><p>england membership difficult member mostli drawn media art fashion industri thi extend york club notori exclud member financ industri</p><p>futur locat includ<country wordnetid="108544813" confidence="0.9508927676800064"><link ns0:type="simple" ns0:href="../867/11867.xml">germani</link></country><link ns0:type="simple" ns0:href="../702/107702.xml">west hollywood</link><village wordnetid="108672738" confidence="0.9508927676800064"><link ns0:type="simple" ns0:href="../886/6886.xml">chicago</link></village><link ns0:type="simple" ns0:href="../846/53846.xml">miami</link></p><sec><st>extern link</st><p><list><entry level="1" type="bullet"><weblink ns0:type="simple" ns0:href="http://www.sohohouse.com">main websit</weblink></entry><entry level="1" type="bullet"><weblink ns0:type="simple" ns0:href="http://www.sohohouseny.com">ny websit</weblink></entry><entry level="1" type="bullet"><weblink ns0:type="simple" ns0:href="http://www.npr.org/templates/story/story.php?storyId=1748236">countess cultur vip treatment</weblink><network wordnetid="108434259" confidence="0.9508927676800064"><link ns0:type="simple" ns0:href="../098/44098.xml">npr</link></network>march</entry></list></p></sec></bdy></spot></art></club></establishment></place_of_business></artifact></building></structure></cabaret></creation></article>