<article xmlns:ns0="http://www.w3.org/1999/xlink"><message confidence="0.8" wordnetid="106598915"><protocol confidence="0.8" wordnetid="106665108"><idea confidence="0.8" wordnetid="105833840"><concept confidence="0.8" wordnetid="105835747"><component confidence="0.8" wordnetid="105868954"><direction confidence="0.8" wordnetid="106786629"><rule confidence="0.8" wordnetid="106652242"><part confidence="0.8" wordnetid="105867413"><header><title>window ralli</title><id /><revision><id /><timestamp /><contributor><username>meolmuck</username><id /></contributor></revision><categories><category>network protocol</category><category>microsoft applic program interfac</category><category>window commun servic</category><category>window compon</category></categories></header><bdy>window ralli set technolog<company wordnetid="108058098" confidence="0.9508927676800064"><link ns0:type="simple" ns0:href="../001/19001.xml">microsoft</link></company>intend simplifi setup mainten wire<link ns0:type="simple" ns0:href="../172/33172.xml">wireless</link><link ns0:type="simple" ns0:href="../592/4122592.xml">network</link>connect<link ns0:type="simple" ns0:href="../929/327929.xml">devic</link>aim increas reliabl secur connect user connect devic<link ns0:type="simple" ns0:href="../539/14539.xml">internet</link>comput<link ns0:type="simple" ns0:href="../890/18890.xml">microsoft window</link>technolog provid control network<link ns0:type="simple" ns0:href="../315/25315.xml">qualiti servic</link>qo diagnost data share commun entertain window ralli technolog provid provis follow devic<p><list><entry level="1" type="bullet"><link ns0:type="simple" ns0:href="../397/192397.xml">wireless access point</link><link ns0:type="simple" ns0:href="../137/18457137.xml">pc</link><generic wordnetid="107899976" confidence="0.9508927676800064"><link ns0:type="simple" ns0:href="../116/42116.xml">server</link></generic></entry><entry level="1" type="bullet">network<link ns0:type="simple" ns0:href="../272/5272.xml">printer</link><link ns0:type="simple" ns0:href="../977/728977.xml">projector</link>printer bridg<link ns0:type="simple" ns0:href="../797/52797.xml">digit camera</link><link ns0:type="simple" ns0:href="../629/32629.xml">game consol</link></entry><entry level="1" type="bullet"><link ns0:type="simple" ns0:href="../708/4520708.xml">digit media receiv</link>network media player<link ns0:type="simple" ns0:href="../580/29580.xml">settop box</link>es<link ns0:type="simple" ns0:href="../161/6013161.xml">digit photo frame</link><link ns0:type="simple" ns0:href="../304/23304.xml">pda</link></entry></list></p><sec><st>window ralli technolog</st><p><image location="right" width="250px" src="Rally.svg" type="thumb"><caption>architectur window ralli stack</caption></image>window ralli includ follow set technolog</p><ss1><st>lltd</st><p><indent level="1">main articl<message wordnetid="106598915" confidence="0.8"><protocol wordnetid="106665108" confidence="0.8"><direction wordnetid="106786629" confidence="0.8"><rule wordnetid="106652242" confidence="0.8"><link ns0:type="simple" ns0:href="../193/8366193.xml">link layer topolog discoveri</link></rule></direction></protocol></message></indent>link layer topolog discoveri lltd protocol enabl applic<message wordnetid="106598915" confidence="0.8"><protocol wordnetid="106665108" confidence="0.8"><direction wordnetid="106786629" confidence="0.8"><rule wordnetid="106652242" confidence="0.8"><link ns0:type="simple" ns0:href="../577/1239577.xml">discov</link></rule></direction></protocol></message>devic determin<link ns0:type="simple" ns0:href="../413/41413.xml">network topolog</link><version wordnetid="107173585" confidence="0.9508927676800064"><link ns0:type="simple" ns0:href="../648/2289648.xml">window vista</link></version>enabl graphic view devic network network map window xp comput appear network map<weblink ns0:type="simple" ns0:href="http://www.microsoft.com/downloads/details.aspx?displaylang=en FamilyID=4f01a31d-ee46-481e-ba11-37f485fa34ea">lltd respond</weblink>download instal devic provid audio video playback bandwidth sensit implement<link ns0:type="simple" ns0:href="../315/25315.xml">qo</link>extens protocol receiv priorit stream chang avail bandwidth impact playback experi</p></ss1><ss1><st>qwave</st><p><indent level="1">main articl<link>qwave</link></indent>window vista includ qwave preconfigur<link ns0:type="simple" ns0:href="../315/25315.xml">qualiti servic</link>api time depend multimedia data audio video stream qwave differ<unit_of_measurement wordnetid="113583724" confidence="0.8"><definite_quantity wordnetid="113576101" confidence="0.8"><link ns0:type="simple" ns0:href="../734/43734.xml">packet</link></definite_quantity></unit_of_measurement>prioriti scheme realtim flow multimedia packet besteffort flow file download email ensur real time data delay littl possibl provid high qualiti channel data packet qwaveen applic togeth devic implement lltd qo extens aim improv user experi stream video priorit traffic reduc networkrel transient issu</p></ss1><ss1><st>window connect</st><p>window connect wcn window ralli technolog aim simpler wireless devic configur window connect user<version wordnetid="107173585" confidence="0.9508927676800064"><link ns0:type="simple" ns0:href="../648/2289648.xml">window vista</link></version><version wordnetid="107173585" confidence="0.9508927676800064"><link ns0:type="simple" ns0:href="../879/33879.xml">window xp</link></version>creat network configur set transmit access point altern user print configur set refer manual configur devic window connect follow method easier configur</p><p><list><entry level="1" type="bullet">wcnnet microsoft implement<message wordnetid="106598915" confidence="0.8"><protocol wordnetid="106665108" confidence="0.8"><direction wordnetid="106786629" confidence="0.8"><rule wordnetid="106652242" confidence="0.8"><link ns0:type="simple" ns0:href="../804/9228804.xml">wifi simpl config</link></rule></direction></protocol></message>standard provid configur devic outofband<link ns0:type="simple" ns0:href="../499/9499.xml">ethernet</link>inband<link ns0:type="simple" ns0:href="../172/33172.xml">wireless network</link>window vista wcnnet discov unconfigur<link ns0:type="simple" ns0:href="../748/25748.xml">router</link><link ns0:type="simple" ns0:href="../397/192397.xml">access point</link><link ns0:type="simple" ns0:href="../114/510114.xml">base station</link>devic<artifact wordnetid="100021939" confidence="0.8"><instrumentality wordnetid="103575240" confidence="0.8"><receiver wordnetid="104060647" confidence="0.8"><equipment wordnetid="103294048" confidence="0.8"><electronic_equipment wordnetid="103278248" confidence="0.8"><link ns0:type="simple" ns0:href="../645/6323645.xml">media center</link></electronic_equipment></equipment></receiver></instrumentality></artifact><link ns0:type="simple" ns0:href="../708/4520708.xml">extend</link><link ns0:type="simple" ns0:href="../365/183365.xml">upnp</link>authent devic person identif number pin provid wireless set base user select set wireless network wire ethernet connect window xp earlier window version support wcnnet</entry></list></p><p><list><entry level="1" type="bullet">wcnufd api<format wordnetid="106636806" confidence="0.9508927676800064"><link ns0:type="simple" ns0:href="../138/34138.xml">xml</link></format>format work wizard write configur file<link ns0:type="simple" ns0:href="../414/400414.xml">usb flash drive</link>secur wireless network window xp servic pack window oper system support wcnufd</entry></list></p><p><list><entry level="1" type="bullet">wcnmtp includ<link ns0:type="simple" ns0:href="../619/1096619.xml">media transfer protocol</link>mtp extens enabl mtp initi provid mtp respond configur paramet join wireless network support secur configur mtpcapabl devic wireless network window vista temporari usb cabl connect mtpclass devic portabl media digit camera</entry></list></p></ss1><ss1><st>devic profil web servic</st><p><indent level="1">main articl<work wordnetid="100575741" confidence="0.8"><message wordnetid="106598915" confidence="0.8"><protocol wordnetid="106665108" confidence="0.8"><event wordnetid="100029378" confidence="0.8"><direction wordnetid="106786629" confidence="0.8"><rule wordnetid="106652242" confidence="0.8"><service wordnetid="100577525" confidence="0.8"><act wordnetid="100030358" confidence="0.8"><psychological_feature wordnetid="100023100" confidence="0.8"><activity wordnetid="100407535" confidence="0.8"><link ns0:type="simple" ns0:href="../672/7599672.xml">devic profil web servic</link></activity></psychological_feature></act></service></rule></direction></event></protocol></message></work></indent>devic profil web servic dpw standard defin minim set implement constraint enabl secur<link ns0:type="simple" ns0:href="../483/93483.xml">web servic</link><statement wordnetid="106722453" confidence="0.8"><message wordnetid="106598915" confidence="0.8"><description wordnetid="106724763" confidence="0.8"><specification wordnetid="106725067" confidence="0.8"><link ns0:type="simple" ns0:href="../748/705748.xml">messag</link></specification></description></message></statement><work wordnetid="100575741" confidence="0.8"><statement wordnetid="106722453" confidence="0.8"><message wordnetid="106598915" confidence="0.8"><standard wordnetid="107260623" confidence="0.8"><event wordnetid="100029378" confidence="0.8"><description wordnetid="106724763" confidence="0.8"><specification wordnetid="106725067" confidence="0.8"><service wordnetid="100577525" confidence="0.8"><act wordnetid="100030358" confidence="0.8"><psychological_feature wordnetid="100023100" confidence="0.8"><system_of_measurement wordnetid="113577171" confidence="0.8"><activity wordnetid="100407535" confidence="0.8"><link ns0:type="simple" ns0:href="../088/3835088.xml">discoveri</link></activity></system_of_measurement></psychological_feature></act></service></specification></description></event></standard></message></statement></work><link ns0:type="simple" ns0:href="../790/4030790.xml">descript</link><statement wordnetid="106722453" confidence="0.8"><message wordnetid="106598915" confidence="0.8"><description wordnetid="106724763" confidence="0.8"><specification wordnetid="106725067" confidence="0.8"><link ns0:type="simple" ns0:href="../727/4317727.xml">event</link></specification></description></message></statement>resourceconstrain devic dpw describ set requir enabl devic discov client describ avail servic client dpw<link ns0:type="simple" ns0:href="../365/183365.xml">univers plug play</link>upnp fulli align<link ns0:type="simple" ns0:href="../483/93483.xml">web servic</link>technolog support standard devic connect wsdiscoveri wsevent includ numer extens point allow integr deviceprovid servic enterprisewid applic scenario roam devic work internet</p><p>window vista web servic devic wsdapi unmanag code implement devic profil web servic dpw standard<work wordnetid="100575741" confidence="0.8"><event wordnetid="100029378" confidence="0.8"><service wordnetid="100577525" confidence="0.8"><act wordnetid="100030358" confidence="0.8"><psychological_feature wordnetid="100023100" confidence="0.8"><activity wordnetid="100407535" confidence="0.8"><link ns0:type="simple" ns0:href="../012/2429012.xml">window commun foundat</link></activity></psychological_feature></act></service></event></work>wcf execut manag code offer enterpriselevel servic web servic solut window xp window vista</p><ss2><st>function discoveri</st><p>support<message wordnetid="106598915" confidence="0.8"><protocol wordnetid="106665108" confidence="0.8"><direction wordnetid="106786629" confidence="0.8"><rule wordnetid="106652242" confidence="0.8"><link ns0:type="simple" ns0:href="../810/184810.xml">simpl servic discoveri protocol</link></rule></direction></protocol></message>ssdp<work wordnetid="100575741" confidence="0.8"><statement wordnetid="106722453" confidence="0.8"><message wordnetid="106598915" confidence="0.8"><standard wordnetid="107260623" confidence="0.8"><event wordnetid="100029378" confidence="0.8"><description wordnetid="106724763" confidence="0.8"><specification wordnetid="106725067" confidence="0.8"><service wordnetid="100577525" confidence="0.8"><act wordnetid="100030358" confidence="0.8"><psychological_feature wordnetid="100023100" confidence="0.8"><system_of_measurement wordnetid="113577171" confidence="0.8"><activity wordnetid="100407535" confidence="0.8"><link ns0:type="simple" ns0:href="../088/3835088.xml">wsdiscoveri</link></activity></system_of_measurement></psychological_feature></act></service></specification></description></event></standard></message></statement></work>extens discoveri support protocol window vista includ function discoveri api function discoveri serv abstract layer applic devic allow applic discov devic referenc devic function bu type natur connect function discoveri api aim creat applic enumer system resourc devic specif type discov manag list devic object sort function class local network connect function discoveri support extens discoveri provid model vendor creat custom provid expos resourc function discoveri</p></ss2></ss1><ss1><st>plug play extens pnpx</st><p>pnpx ssdp wsdiscoveri network commun protocol networkconnect devic discover connect directli comput bu<bus wordnetid="102924116" confidence="0.9508927676800064"><link ns0:type="simple" ns0:href="../073/32073.xml">univers serial bu</link></bus>usb pnpx allow networkconnect devic appear devic insid window connect physic provid instal experi attach busconnect devic devic manufactur implement pnpx capabl supplement upnp web servic devic wsd enabl devic result user devic rel easi instal tradit<link ns0:type="simple" ns0:href="../859/158859.xml">plug play</link>devic</p></ss1><ss1><st>univers plug play</st><p><indent level="1">main articl<link ns0:type="simple" ns0:href="../365/183365.xml">univers plug play</link></indent>univers plug play upnp<message wordnetid="106598915" confidence="0.8"><protocol wordnetid="106665108" confidence="0.8"><direction wordnetid="106786629" confidence="0.8"><rule wordnetid="106652242" confidence="0.8"><link ns0:type="simple" ns0:href="../323/15323.xml">ip</link></rule></direction></protocol></message>base protocol suit base preliminari version web servic protocol xml<link ns0:type="simple" ns0:href="../215/29215.xml">simpl object access protocol</link>soap upnp devic dynam join network ip address convey capabl discov presenc capabl devic network inform set servic devic type provid captur<format wordnetid="106636806" confidence="0.9508927676800064"><link ns0:type="simple" ns0:href="../138/34138.xml">xml</link></format>devic descript document devic host devic descript list properti devic icon associ devic upnp ha adopt wide devic interact network audiovideo scenario</p><p>upnp support<version wordnetid="107173585" confidence="0.9508927676800064"><link ns0:type="simple" ns0:href="../458/75458.xml">window</link></version>window xp window vista window vista upnp integr pnpx function discoveri</p></ss1></sec><sec><st /><p><list><entry level="1" type="bullet"><link ns0:type="simple" ns0:href="../907/10541907.xml">window vista network technolog</link></entry><entry level="1" type="bullet"><link ns0:type="simple" ns0:href="../483/93483.xml">web servic</link></entry><entry level="1" type="bullet"><work wordnetid="100575741" confidence="0.8"><event wordnetid="100029378" confidence="0.8"><service wordnetid="100577525" confidence="0.8"><act wordnetid="100030358" confidence="0.8"><psychological_feature wordnetid="100023100" confidence="0.8"><activity wordnetid="100407535" confidence="0.8"><link ns0:type="simple" ns0:href="../012/2429012.xml">window commun foundat</link></activity></psychological_feature></act></service></event></work></entry><entry level="1" type="bullet"><link ns0:type="simple" ns0:href="../315/25315.xml">qualiti servic</link></entry></list></p></sec><sec><st>extern link</st><p><list><entry level="1" type="bullet"><weblink ns0:type="simple" ns0:href="http://www.microsoft.com/whdc/rally/default.mspx">window ralli technolog homepag</weblink></entry><entry level="1" type="bullet"><weblink ns0:type="simple" ns0:href="http://www.microsoft.com/whdc/rally/rallykit.mspx">window ralli develop kit</weblink></entry></list></p><p><table style=";" class="navbox" cellspacing="0"><row><col style="padding:2px;"><table style="width:100%;background:transparent;color:inherit;;" class="nowraplinks collapsible autocollapse " cellspacing="0"><row><header colspan="2" style=";" class="navbox-title"><link ns0:type="simple" ns0:href="../634/2055634.xml">microsoft api framework</link></header></row><row style="height:2px;" /><row><col style=";;" class="navbox-group">graphic</col><col style="text-align:left;border-left:2px solid #fdfdfd;width:100%;padding:0px;;;" class="navbox-list navbox-odd"><component wordnetid="105868954" confidence="0.9508927676800064"><link ns0:type="simple" ns0:href="../347/2933347.xml">desktop window manag</link></component><software wordnetid="106566077" confidence="0.9508927676800064"><link ns0:type="simple" ns0:href="../506/8506.xml">directx</link></software><structure wordnetid="104341686" confidence="0.8"><artifact wordnetid="100021939" confidence="0.8"><area wordnetid="102735688" confidence="0.8"><library wordnetid="103660909" confidence="0.8"><room wordnetid="104105893" confidence="0.8"><link ns0:type="simple" ns0:href="../025/97025.xml" /></room></library></area></artifact></structure><structure wordnetid="104341686" confidence="0.8"><artifact wordnetid="100021939" confidence="0.8"><window wordnetid="104587648" confidence="0.8"><supporting_structure wordnetid="104361095" confidence="0.8"><framework wordnetid="103391770" confidence="0.8"><link ns0:type="simple" ns0:href="../625/144625.xml">gdi</link></framework></supporting_structure></window></artifact></structure><link ns0:type="simple" ns0:href="../979/1707979.xml">window foundat</link><link ns0:type="simple" ns0:href="../017/9859017.xml">window color system</link><link ns0:type="simple" ns0:href="../237/4092237.xml">window imag acquisit</link><idea wordnetid="105833840" confidence="0.8"><concept wordnetid="105835747" confidence="0.8"><component wordnetid="105868954" confidence="0.8"><part wordnetid="105867413" confidence="0.8"><link ns0:type="simple" ns0:href="../649/9837649.xml">window imag compon</link></part></component></concept></idea></col></row><row style="height:2px" /><row><col style=";;" class="navbox-group">audio</col><col style="text-align:left;border-left:2px solid #fdfdfd;width:100%;padding:0px;;;" class="navbox-list navbox-even"><structure wordnetid="104341686" confidence="0.8"><building wordnetid="102913152" confidence="0.8"><artifact wordnetid="100021939" confidence="0.8"><area wordnetid="102735688" confidence="0.8"><library wordnetid="103660909" confidence="0.8"><architecture wordnetid="102734725" confidence="0.8"><room wordnetid="104105893" confidence="0.8"><link ns0:type="simple" ns0:href="../216/700216.xml">directsound</link></room></architecture></library></area></artifact></building></structure><structure wordnetid="104341686" confidence="0.8"><artifact wordnetid="100021939" confidence="0.8"><area wordnetid="102735688" confidence="0.8"><library wordnetid="103660909" confidence="0.8"><room wordnetid="104105893" confidence="0.8"><link ns0:type="simple" ns0:href="../217/700217.xml">directmus</link></room></library></area></artifact></structure><structure wordnetid="104341686" confidence="0.8"><building wordnetid="102913152" confidence="0.8"><artifact wordnetid="100021939" confidence="0.8"><architecture wordnetid="102734725" confidence="0.8"><link ns0:type="simple" ns0:href="../138/10550138.xml">directx plugin</link></architecture></artifact></building></structure><structure wordnetid="104341686" confidence="0.8"><artifact wordnetid="100021939" confidence="0.8"><instrumentality wordnetid="103575240" confidence="0.8"><area wordnetid="102735688" confidence="0.8"><tool wordnetid="104451818" confidence="0.8"><library wordnetid="103660909" confidence="0.8"><implement wordnetid="103563967" confidence="0.8"><room wordnetid="104105893" confidence="0.8"><link ns0:type="simple" ns0:href="../672/2997672.xml">xact</link></room></implement></library></tool></area></instrumentality></artifact></structure><link ns0:type="simple" ns0:href="../587/3965587.xml">speech api</link></col></row><row style="height:2px" /><row><col style=";;" class="navbox-group">multimedia</col><col style="text-align:left;border-left:2px solid #fdfdfd;width:100%;padding:0px;;;" class="navbox-list navbox-odd"><model wordnetid="105890249" confidence="0.8"><idea wordnetid="105833840" confidence="0.8"><concept wordnetid="105835747" confidence="0.8"><hypothesis wordnetid="105888929" confidence="0.8"><link ns0:type="simple" ns0:href="../218/700218.xml">directshow</link></hypothesis></concept></idea></model><link ns0:type="simple" ns0:href="../787/4453787.xml">directx media object</link><structure wordnetid="104341686" confidence="0.8"><artifact wordnetid="100021939" confidence="0.8"><window wordnetid="104587648" confidence="0.8"><supporting_structure wordnetid="104361095" confidence="0.8"><framework wordnetid="103391770" confidence="0.8"><link ns0:type="simple" ns0:href="../491/2364491.xml">directx video acceler</link></framework></supporting_structure></window></artifact></structure><link ns0:type="simple" ns0:href="../206/441206.xml">window media</link><model wordnetid="105890249" confidence="0.8"><idea wordnetid="105833840" confidence="0.8"><concept wordnetid="105835747" confidence="0.8"><hypothesis wordnetid="105888929" confidence="0.8"><link ns0:type="simple" ns0:href="../419/6212419.xml">media foundat</link></hypothesis></concept></idea></model><idea wordnetid="105833840" confidence="0.8"><concept wordnetid="105835747" confidence="0.8"><component wordnetid="105868954" confidence="0.8"><part wordnetid="105867413" confidence="0.8"><link ns0:type="simple" ns0:href="../355/13154355.xml">imag master api</link></part></component></concept></idea></col></row><row style="height:2px" /><row><col style=";;" class="navbox-group">web</col><col style="text-align:left;border-left:2px solid #fdfdfd;width:100%;padding:0px;;;" class="navbox-list navbox-even"><artifact wordnetid="100021939" confidence="0.8"><instrumentality wordnetid="103575240" confidence="0.8"><engine wordnetid="103287733" confidence="0.8"><motor wordnetid="103789946" confidence="0.8"><device wordnetid="103183080" confidence="0.8"><machine wordnetid="103699975" confidence="0.8"><link ns0:type="simple" ns0:href="../649/981649.xml">mshtml</link></machine></device></motor></engine></instrumentality></artifact><software wordnetid="106566077" confidence="0.8"><program wordnetid="106568978" confidence="0.8"><written_communication wordnetid="106349220" confidence="0.8"><writing wordnetid="106359877" confidence="0.8"><code wordnetid="106355894" confidence="0.8"><coding_system wordnetid="106353757" confidence="0.8"><parser wordnetid="106577369" confidence="0.8"><link ns0:type="simple" ns0:href="../900/5127900.xml">msxml</link></parser></coding_system></code></writing></written_communication></program></software><idea wordnetid="105833840" confidence="0.8"><concept wordnetid="105835747" confidence="0.8"><component wordnetid="105868954" confidence="0.8"><part wordnetid="105867413" confidence="0.8"><link ns0:type="simple" ns0:href="../966/11167966.xml">rss platform</link></part></component></concept></idea><programming_language wordnetid="106898352" confidence="0.9508927676800064"><link ns0:type="simple" ns0:href="../872/263872.xml">jscript</link></programming_language><structure wordnetid="104341686" confidence="0.8"><artifact wordnetid="100021939" confidence="0.8"><window wordnetid="104587648" confidence="0.8"><supporting_structure wordnetid="104361095" confidence="0.8"><language wordnetid="106282651" confidence="0.8"><framework wordnetid="103391770" confidence="0.8"><link ns0:type="simple" ns0:href="../716/32716.xml">vbscript</link></framework></language></supporting_structure></window></artifact></structure><message wordnetid="106598915" confidence="0.8"><information wordnetid="106634376" confidence="0.8"><format wordnetid="106636806" confidence="0.8"><link ns0:type="simple" ns0:href="../726/910726.xml">bho</link></format></information></message><physical_entity wordnetid="100001930" confidence="0.8"><person wordnetid="100007846" confidence="0.8"><client wordnetid="109985075" confidence="0.8"><causal_agent wordnetid="100007347" confidence="0.8"><case wordnetid="109898892" confidence="0.8"><link ns0:type="simple" ns0:href="../360/1594360.xml">xmlhttprequest</link></case></causal_agent></client></person></physical_entity><artifact wordnetid="100021939" confidence="0.8"><instrumentality wordnetid="103575240" confidence="0.8"><engine wordnetid="103287733" confidence="0.8"><motor wordnetid="103789946" confidence="0.8"><device wordnetid="103183080" confidence="0.8"><machine wordnetid="103699975" confidence="0.8"><link ns0:type="simple" ns0:href="../718/3607718.xml">sidebar gadget</link></machine></device></motor></engine></instrumentality></artifact></col></row><row style="height:2px" /><row><col style=";;" class="navbox-group">data access</col><col style="text-align:left;border-left:2px solid #fdfdfd;width:100%;padding:0px;;;" class="navbox-list navbox-odd"><software wordnetid="106566077" confidence="0.9508927676800064"><link ns0:type="simple" ns0:href="../152/2263152.xml">microsoft data access compon</link></software><artifact wordnetid="100021939" confidence="0.8"><instrumentality wordnetid="103575240" confidence="0.8"><engine wordnetid="103287733" confidence="0.8"><motor wordnetid="103789946" confidence="0.8"><device wordnetid="103183080" confidence="0.8"><machine wordnetid="103699975" confidence="0.8"><link ns0:type="simple" ns0:href="../771/1843771.xml">extens storag engin</link></machine></device></motor></engine></instrumentality></artifact><link ns0:type="simple" ns0:href="../840/1434840.xml">adonet</link><link ns0:type="simple" ns0:href="../060/10988060.xml">adonet entiti framework</link><occupation wordnetid="100582388" confidence="0.8"><application wordnetid="100949134" confidence="0.8"><technology wordnetid="100949619" confidence="0.8"><event wordnetid="100029378" confidence="0.8"><profession wordnetid="100609953" confidence="0.8"><use wordnetid="100947128" confidence="0.8"><act wordnetid="100030358" confidence="0.8"><psychological_feature wordnetid="100023100" confidence="0.8"><activity wordnetid="100407535" confidence="0.8"><link ns0:type="simple" ns0:href="../317/11927317.xml">sync framework</link></activity></psychological_feature></act></use></profession></event></technology></application></occupation><artifact wordnetid="100021939" confidence="0.8"><instrumentality wordnetid="103575240" confidence="0.8"><engine wordnetid="103287733" confidence="0.8"><motor wordnetid="103789946" confidence="0.8"><device wordnetid="103183080" confidence="0.8"><machine wordnetid="103699975" confidence="0.8"><link ns0:type="simple" ns0:href="../417/1948417.xml">jet engin</link></machine></device></motor></engine></instrumentality></artifact></col></row><row style="height:2px" /><row><col style=";;" class="navbox-group">network</col><col style="text-align:left;border-left:2px solid #fdfdfd;width:100%;padding:0px;;;" class="navbox-list navbox-even"><link ns0:type="simple" ns0:href="../226/211226.xml">winsock</link><link ns0:type="simple" ns0:href="../421/2924421.xml">lsp</link><link>winsock kernel</link><link ns0:type="simple" ns0:href="../124/5095124.xml">filter platform</link><link ns0:type="simple" ns0:href="../684/650684.xml">network driver interfac specif</link><message wordnetid="106598915" confidence="0.8"><protocol wordnetid="106665108" confidence="0.8"><idea wordnetid="105833840" confidence="0.8"><concept wordnetid="105835747" confidence="0.8"><component wordnetid="105868954" confidence="0.8"><direction wordnetid="106786629" confidence="0.8"><rule wordnetid="106652242" confidence="0.8"><part wordnetid="105867413" confidence="0.8"><link ns0:type="simple" ns0:href="../170/10678170.xml">window ralli</link></part></rule></direction></component></concept></idea></protocol></message><work wordnetid="100575741" confidence="0.8"><message wordnetid="106598915" confidence="0.8"><protocol wordnetid="106665108" confidence="0.8"><event wordnetid="100029378" confidence="0.8"><direction wordnetid="106786629" confidence="0.8"><rule wordnetid="106652242" confidence="0.8"><service wordnetid="100577525" confidence="0.8"><act wordnetid="100030358" confidence="0.8"><psychological_feature wordnetid="100023100" confidence="0.8"><activity wordnetid="100407535" confidence="0.8"><link ns0:type="simple" ns0:href="../351/4228351.xml">bit</link></activity></psychological_feature></act></service></rule></direction></event></protocol></message></work><link ns0:type="simple" ns0:href="../907/10541907.xml#xpointer(//*[./st=%22Peer-to-peer+communication%22])">api</link></col></row><row style="height:2px" /><row><col style=";;" class="navbox-group">commun</col><col style="text-align:left;border-left:2px solid #fdfdfd;width:100%;padding:0px;;;" class="navbox-list navbox-odd"><message wordnetid="106598915" confidence="0.8"><protocol wordnetid="106665108" confidence="0.8"><direction wordnetid="106786629" confidence="0.8"><rule wordnetid="106652242" confidence="0.8"><link ns0:type="simple" ns0:href="../193/489193.xml">messag api</link></rule></direction></protocol></message><link ns0:type="simple" ns0:href="../631/45631.xml">telephoni api</link></col></row><row style="height:2px" /><row><col style=";;" class="navbox-group">administr andmanag</col><col style="text-align:left;border-left:2px solid #fdfdfd;width:100%;padding:0px;;;" class="navbox-list navbox-even"><link ns0:type="simple" ns0:href="../593/756593.xml">consol</link><idea wordnetid="105833840" confidence="0.8"><concept wordnetid="105835747" confidence="0.8"><component wordnetid="105868954" confidence="0.8"><part wordnetid="105867413" confidence="0.8"><link ns0:type="simple" ns0:href="../448/288448.xml">window script host</link></part></component></concept></idea><system wordnetid="104377057" confidence="0.8"><idea wordnetid="105833840" confidence="0.8"><concept wordnetid="105835747" confidence="0.8"><artifact wordnetid="100021939" confidence="0.8"><instrumentality wordnetid="103575240" confidence="0.8"><component wordnetid="105868954" confidence="0.8"><part wordnetid="105867413" confidence="0.8"><link ns0:type="simple" ns0:href="../355/439355.xml">window manag instrument</link></part></component></instrumentality></artifact></concept></idea></system><software wordnetid="106566077" confidence="0.9508927676800064"><programming_language wordnetid="106898352" confidence="0.9508927676800064"><link ns0:type="simple" ns0:href="../871/14465871.xml">window powershel</link></programming_language></software><work wordnetid="100575741" confidence="0.8"><event wordnetid="100029378" confidence="0.8"><service wordnetid="100577525" confidence="0.8"><act wordnetid="100030358" confidence="0.8"><psychological_feature wordnetid="100023100" confidence="0.8"><activity wordnetid="100407535" confidence="0.8"><link ns0:type="simple" ns0:href="../982/11167982.xml">task schedul</link></activity></psychological_feature></act></service></event></work><link>offlin file</link><work wordnetid="100575741" confidence="0.8"><event wordnetid="100029378" confidence="0.8"><service wordnetid="100577525" confidence="0.8"><act wordnetid="100030358" confidence="0.8"><psychological_feature wordnetid="100023100" confidence="0.8"><activity wordnetid="100407535" confidence="0.8"><link ns0:type="simple" ns0:href="../611/1516611.xml">shadow copi</link></activity></psychological_feature></act></service></event></work><software wordnetid="106566077" confidence="0.9508927676800064"><link ns0:type="simple" ns0:href="../591/1158591.xml">window instal</link></software><work wordnetid="100575741" confidence="0.8"><structure wordnetid="104341686" confidence="0.8"><artifact wordnetid="100021939" confidence="0.8"><window wordnetid="104587648" confidence="0.8"><event wordnetid="100029378" confidence="0.8"><service wordnetid="100577525" confidence="0.8"><supporting_structure wordnetid="104361095" confidence="0.8"><act wordnetid="100030358" confidence="0.8"><psychological_feature wordnetid="100023100" confidence="0.8"><framework wordnetid="103391770" confidence="0.8"><activity wordnetid="100407535" confidence="0.8"><link ns0:type="simple" ns0:href="../238/7811238.xml">window error report</link></activity></framework></psychological_feature></act></supporting_structure></service></event></window></artifact></structure></work><link>window event log</link><idea wordnetid="105833840" confidence="0.8"><concept wordnetid="105835747" confidence="0.8"><component wordnetid="105868954" confidence="0.8"><part wordnetid="105867413" confidence="0.8"><link ns0:type="simple" ns0:href="../933/13911933.xml">common log file system</link></part></component></concept></idea></col></row><row style="height:2px" /><row><col style=";;" class="navbox-group"><idea wordnetid="105833840" confidence="0.8"><concept wordnetid="105835747" confidence="0.8"><component wordnetid="105868954" confidence="0.8"><part wordnetid="105867413" confidence="0.8"><link ns0:type="simple" ns0:href="../674/2816674.xml">compon model</link></part></component></concept></idea></col><col style="text-align:left;border-left:2px solid #fdfdfd;width:100%;padding:0px;;;" class="navbox-list navbox-odd"><physical_entity wordnetid="100001930" confidence="0.8"><person wordnetid="100007846" confidence="0.8"><model wordnetid="110324560" confidence="0.8"><idea wordnetid="105833840" confidence="0.8"><concept wordnetid="105835747" confidence="0.8"><assistant wordnetid="109815790" confidence="0.8"><component wordnetid="105868954" confidence="0.8"><worker wordnetid="109632518" confidence="0.8"><causal_agent wordnetid="100007347" confidence="0.8"><part wordnetid="105867413" confidence="0.8"><link ns0:type="simple" ns0:href="../007/17058007.xml" /></part></causal_agent></worker></component></assistant></concept></idea></model></person></physical_entity><physical_entity wordnetid="100001930" confidence="0.8"><person wordnetid="100007846" confidence="0.8"><model wordnetid="110324560" confidence="0.8"><idea wordnetid="105833840" confidence="0.8"><concept wordnetid="105835747" confidence="0.8"><assistant wordnetid="109815790" confidence="0.8"><component wordnetid="105868954" confidence="0.8"><worker wordnetid="109632518" confidence="0.8"><causal_agent wordnetid="100007347" confidence="0.8"><part wordnetid="105867413" confidence="0.8"><link ns0:type="simple" ns0:href="../007/17058007.xml#xpointer(//*[./st=%22COM=2B%22])">com</link></part></causal_agent></worker></component></assistant></concept></idea></model></person></physical_entity><link ns0:type="simple" ns0:href="../497/93497.xml">activex</link><physical_entity wordnetid="100001930" confidence="0.8"><person wordnetid="100007846" confidence="0.8"><model wordnetid="110324560" confidence="0.8"><idea wordnetid="105833840" confidence="0.8"><concept wordnetid="105835747" confidence="0.8"><assistant wordnetid="109815790" confidence="0.8"><component wordnetid="105868954" confidence="0.8"><worker wordnetid="109632518" confidence="0.8"><causal_agent wordnetid="100007347" confidence="0.8"><part wordnetid="105867413" confidence="0.8"><link ns0:type="simple" ns0:href="../492/93492.xml">distribut compon object model</link></part></causal_agent></worker></component></assistant></concept></idea></model></person></physical_entity><platform wordnetid="103961939" confidence="0.8"><artifact wordnetid="100021939" confidence="0.8"><surface wordnetid="104362025" confidence="0.8"><instrumentality wordnetid="103575240" confidence="0.8"><tool wordnetid="104451818" confidence="0.8"><horizontal_surface wordnetid="103536348" confidence="0.8"><implement wordnetid="103563967" confidence="0.8"><link ns0:type="simple" ns0:href="../402/60402.xml">net framework</link></implement></horizontal_surface></tool></instrumentality></surface></artifact></platform></col></row><row style="height:2px" /><row><col style=";;" class="navbox-group"><message wordnetid="106598915" confidence="0.8"><information wordnetid="106634376" confidence="0.8"><structure wordnetid="104341686" confidence="0.8"><artifact wordnetid="100021939" confidence="0.8"><area wordnetid="102735688" confidence="0.8"><library wordnetid="103660909" confidence="0.8"><format wordnetid="106636806" confidence="0.8"><room wordnetid="104105893" confidence="0.8"><link ns0:type="simple" ns0:href="../421/106421.xml">librari</link></room></format></library></area></artifact></structure></information></message></col><col style="text-align:left;border-left:2px solid #fdfdfd;width:100%;padding:0px;;;" class="navbox-list navbox-even"><structure wordnetid="104341686" confidence="0.8"><artifact wordnetid="100021939" confidence="0.8"><area wordnetid="102735688" confidence="0.8"><library wordnetid="103660909" confidence="0.8"><room wordnetid="104105893" confidence="0.8"><link ns0:type="simple" ns0:href="../891/291891.xml">microsoft foundat class mfc</link></room></library></area></artifact></structure><structure wordnetid="104341686" confidence="0.8"><artifact wordnetid="100021939" confidence="0.8"><area wordnetid="102735688" confidence="0.8"><library wordnetid="103660909" confidence="0.8"><room wordnetid="104105893" confidence="0.8"><link ns0:type="simple" ns0:href="../960/846960.xml">activ templat librari atl</link></room></library></area></artifact></structure><work wordnetid="100575741" confidence="0.8"><event wordnetid="100029378" confidence="0.8"><undertaking wordnetid="100795720" confidence="0.8"><act wordnetid="100030358" confidence="0.8"><psychological_feature wordnetid="100023100" confidence="0.8"><activity wordnetid="100407535" confidence="0.8"><link ns0:type="simple" ns0:href="../963/1795963.xml">window templat librari wtl</link></activity></psychological_feature></act></undertaking></event></work></col></row><row style="height:2px" /><row><col style=";;" class="navbox-group">driver develop</col><col style="text-align:left;border-left:2px solid #fdfdfd;width:100%;padding:0px;;;" class="navbox-list navbox-odd"><link ns0:type="simple" ns0:href="../077/252077.xml">window driver model</link><link ns0:type="simple" ns0:href="../087/3542087.xml">broadcast driver architectur</link><software wordnetid="106566077" confidence="0.9508927676800064"><link ns0:type="simple" ns0:href="../667/3669667.xml">window driver foundat</link></software><link ns0:type="simple" ns0:href="../476/3669476.xml">kmdf</link><link ns0:type="simple" ns0:href="../572/4211572.xml">umdf</link></col></row><row style="height:2px" /><row><col style=";;" class="navbox-group">secur</col><col style="text-align:left;border-left:2px solid #fdfdfd;width:100%;padding:0px;;;" class="navbox-list navbox-even"><link ns0:type="simple" ns0:href="../413/3302413.xml">crypto api</link><link ns0:type="simple" ns0:href="../793/12561793.xml">capicom</link><work wordnetid="100575741" confidence="0.8"><system wordnetid="104377057" confidence="0.8"><artifact wordnetid="100021939" confidence="0.8"><instrumentality wordnetid="103575240" confidence="0.8"><event wordnetid="100029378" confidence="0.8"><service wordnetid="100577525" confidence="0.8"><act wordnetid="100030358" confidence="0.8"><psychological_feature wordnetid="100023100" confidence="0.8"><activity wordnetid="100407535" confidence="0.8"><link ns0:type="simple" ns0:href="../141/4086141.xml">window cardspac</link></activity></psychological_feature></act></service></event></instrumentality></artifact></system></work><link ns0:type="simple" ns0:href="../847/4949847.xml">data protect api</link><link ns0:type="simple" ns0:href="../186/14686186.xml">secur support provid interfac</link></col></row><row style="height:2px" /><row><col style=";;" class="navbox-group">net</col><col style="text-align:left;border-left:2px solid #fdfdfd;width:100%;padding:0px;;;" class="navbox-list navbox-odd"><platform wordnetid="103961939" confidence="0.8"><artifact wordnetid="100021939" confidence="0.8"><surface wordnetid="104362025" confidence="0.8"><instrumentality wordnetid="103575240" confidence="0.8"><tool wordnetid="104451818" confidence="0.8"><horizontal_surface wordnetid="103536348" confidence="0.8"><implement wordnetid="103563967" confidence="0.8"><link ns0:type="simple" ns0:href="../402/60402.xml">net framework</link></implement></horizontal_surface></tool></instrumentality></surface></artifact></platform><model wordnetid="105890249" confidence="0.8"><idea wordnetid="105833840" confidence="0.8"><concept wordnetid="105835747" confidence="0.8"><artifact wordnetid="100021939" confidence="0.8"><instrumentality wordnetid="103575240" confidence="0.8"><engine wordnetid="103287733" confidence="0.8"><motor wordnetid="103789946" confidence="0.8"><device wordnetid="103183080" confidence="0.8"><machine wordnetid="103699975" confidence="0.8"><hypothesis wordnetid="105888929" confidence="0.8"><link ns0:type="simple" ns0:href="../996/651996.xml">aspnet</link></hypothesis></machine></device></motor></engine></instrumentality></artifact></concept></idea></model><link ns0:type="simple" ns0:href="../840/1434840.xml">adonet</link><link ns0:type="simple" ns0:href="../471/4890471.xml">remot</link><link ns0:type="simple" ns0:href="../979/1707979.xml">window foundat</link><link ns0:type="simple" ns0:href="../163/3846163.xml">window workflow foundat</link><work wordnetid="100575741" confidence="0.8"><event wordnetid="100029378" confidence="0.8"><service wordnetid="100577525" confidence="0.8"><act wordnetid="100030358" confidence="0.8"><psychological_feature wordnetid="100023100" confidence="0.8"><activity wordnetid="100407535" confidence="0.8"><link ns0:type="simple" ns0:href="../012/2429012.xml">window commun foundat</link></activity></psychological_feature></act></service></event></work><work wordnetid="100575741" confidence="0.8"><system wordnetid="104377057" confidence="0.8"><artifact wordnetid="100021939" confidence="0.8"><instrumentality wordnetid="103575240" confidence="0.8"><event wordnetid="100029378" confidence="0.8"><service wordnetid="100577525" confidence="0.8"><act wordnetid="100030358" confidence="0.8"><psychological_feature wordnetid="100023100" confidence="0.8"><activity wordnetid="100407535" confidence="0.8"><link ns0:type="simple" ns0:href="../141/4086141.xml">window cardspac</link></activity></psychological_feature></act></service></event></instrumentality></artifact></system></work><software wordnetid="106566077" confidence="0.9508927676800064"><link ns0:type="simple" ns0:href="../616/550616.xml">xna</link></software><software wordnetid="106566077" confidence="0.9508927676800064"><link ns0:type="simple" ns0:href="../719/9731719.xml">silverlight</link></software><link>task parallel librari</link></col></row><row style="height:2px" /><row><col style=";;" class="navbox-group"><link ns0:type="simple" ns0:href="../875/3019875.xml">softwar factori</link></col><col style="text-align:left;border-left:2px solid #fdfdfd;width:100%;padding:0px;;;" class="navbox-list navbox-even"><plant wordnetid="103956922" confidence="0.8"><structure wordnetid="104341686" confidence="0.8"><artifact wordnetid="100021939" confidence="0.8"><factory wordnetid="103316406" confidence="0.8"><building_complex wordnetid="102914991" confidence="0.8"><link ns0:type="simple" ns0:href="../642/8803642.xml">efx factori</link></building_complex></factory></artifact></structure></plant><plant wordnetid="103956922" confidence="0.8"><structure wordnetid="104341686" confidence="0.8"><artifact wordnetid="100021939" confidence="0.8"><factory wordnetid="103316406" confidence="0.8"><building_complex wordnetid="102914991" confidence="0.8"><link ns0:type="simple" ns0:href="../731/5573731.xml">enterpris librari</link></building_complex></factory></artifact></structure></plant><plant wordnetid="103956922" confidence="0.8"><structure wordnetid="104341686" confidence="0.8"><artifact wordnetid="100021939" confidence="0.8"><factory wordnetid="103316406" confidence="0.8"><building_complex wordnetid="102914991" confidence="0.8"><link ns0:type="simple" ns0:href="../925/7324925.xml">composit ui</link></building_complex></factory></artifact></structure></plant><software wordnetid="106566077" confidence="0.9508927676800064"><link ns0:type="simple" ns0:href="../029/5972029.xml">ccf</link></software><link ns0:type="simple" ns0:href="../108/6896108.xml">csf</link></col></row><row style="height:2px" /><row><col style=";;" class="navbox-group"><link ns0:type="simple" ns0:href="../106/152106.xml">ipc</link></col><col style="text-align:left;border-left:2px solid #fdfdfd;width:100%;padding:0px;;;" class="navbox-list navbox-odd"><message wordnetid="106598915" confidence="0.8"><protocol wordnetid="106665108" confidence="0.8"><direction wordnetid="106786629" confidence="0.8"><rule wordnetid="106652242" confidence="0.8"><link ns0:type="simple" ns0:href="../551/2548551.xml">msrpc</link></rule></direction></protocol></message><link ns0:type="simple" ns0:href="../167/714167.xml#xpointer(//*[./st=%22Named+pipes+in+Windows%22])">pipe</link><link ns0:type="simple" ns0:href="../248/8246248.xml">memorymap file</link><link ns0:type="simple" ns0:href="../404/1862404.xml">dde</link><link ns0:type="simple" ns0:href="../574/2667574.xml">mailslot</link></col></row><row style="height:2px" /><row><col style=";;" class="navbox-group">access</col><col style="text-align:left;border-left:2px solid #fdfdfd;width:100%;padding:0px;;;" class="navbox-list navbox-even"><link ns0:type="simple" ns0:href="../210/1983210.xml">activ access</link><link ns0:type="simple" ns0:href="../582/9346582.xml">ui autom</link></col></row><row style="height:2px" /><row><col style=";;" class="navbox-group">text multilingualsupport</col><col style="text-align:left;border-left:2px solid #fdfdfd;width:100%;padding:0px;;;" class="navbox-list navbox-odd"><structure wordnetid="104341686" confidence="0.8"><idea wordnetid="105833840" confidence="0.8"><concept wordnetid="105835747" confidence="0.8"><artifact wordnetid="100021939" confidence="0.8"><window wordnetid="104587648" confidence="0.8"><component wordnetid="105868954" confidence="0.8"><supporting_structure wordnetid="104361095" confidence="0.8"><part wordnetid="105867413" confidence="0.8"><framework wordnetid="103391770" confidence="0.8"><link ns0:type="simple" ns0:href="../933/9246933.xml">text servic framework</link></framework></part></supporting_structure></component></window></artifact></concept></idea></structure><link ns0:type="simple" ns0:href="../794/15075794.xml">text object model</link><link ns0:type="simple" ns0:href="../513/419513.xml">input method editor</link><link ns0:type="simple" ns0:href="../934/2125934.xml">languag interfac pack</link><link ns0:type="simple" ns0:href="../111/857111.xml">multilingu user interfac</link><link ns0:type="simple" ns0:href="../298/1041298.xml">uniscrib</link></col></row><row style="height:2px" /><row><col style=";;" class="navbox-group">game</col><col style="text-align:left;border-left:2px solid #fdfdfd;width:100%;padding:0px;;;" class="navbox-list navbox-even"><structure wordnetid="104341686" confidence="0.8"><artifact wordnetid="100021939" confidence="0.8"><area wordnetid="102735688" confidence="0.8"><library wordnetid="103660909" confidence="0.8"><room wordnetid="104105893" confidence="0.8"><link ns0:type="simple" ns0:href="../025/97025.xml" /></room></library></area></artifact></structure><link ns0:type="simple" ns0:href="../491/899491.xml" /><structure wordnetid="104341686" confidence="0.8"><building wordnetid="102913152" confidence="0.8"><artifact wordnetid="100021939" confidence="0.8"><area wordnetid="102735688" confidence="0.8"><library wordnetid="103660909" confidence="0.8"><architecture wordnetid="102734725" confidence="0.8"><room wordnetid="104105893" confidence="0.8"><link ns0:type="simple" ns0:href="../216/700216.xml">directsound</link></room></architecture></library></area></artifact></building></structure><link ns0:type="simple" ns0:href="../211/700211.xml">directinput</link><link ns0:type="simple" ns0:href="../109/483109.xml">directplay</link><structure wordnetid="104341686" confidence="0.8"><artifact wordnetid="100021939" confidence="0.8"><area wordnetid="102735688" confidence="0.8"><library wordnetid="103660909" confidence="0.8"><room wordnetid="104105893" confidence="0.8"><link ns0:type="simple" ns0:href="../217/700217.xml">directmus</link></room></library></area></artifact></structure><artifact wordnetid="100021939" confidence="0.8"><instrumentality wordnetid="103575240" confidence="0.8"><tool wordnetid="104451818" confidence="0.8"><implement wordnetid="103563967" confidence="0.8"><link ns0:type="simple" ns0:href="../716/8198716.xml">manag directx</link></implement></tool></instrumentality></artifact><software wordnetid="106566077" confidence="0.9508927676800064"><link ns0:type="simple" ns0:href="../616/550616.xml">microsoft xna</link></software></col></row></table></col></row></table></p></sec></bdy></part></rule></direction></component></concept></idea></protocol></message></article>