<article xmlns:ns0="http://www.w3.org/1999/xlink"><header><title>tyrosol</title><id /><revision><id /><timestamp /><contributor><username /><id /></contributor></revision><categories><category>antioxid</category><category>alcohol</category><category>phytochem</category><category>phenol</category></categories></header><bdy><table style="float: right; clear: right; margin: 0 0 1em 1em; border-collapse: collapse;" width="250px" class="toccolours" border="1"><header colspan="2" style="width: 30%; background: #F8EABA; text-align: center;">tyrosol</header><row><col colspan="2" align="center" bgcolor="#ffffff"><image width="200px" src="tyrosol.png" /></col></row><row><col><link ns0:type="simple" ns0:href="../503/3141503.xml">iupac</link></col><col>phenol</col></row><row><col /><col>phydroxyphenethyl</col></row><row><header>style background textalign center colspan</header><header>style background textalign center colspan</header><col colspan="2" style="width: 30%; background: #F8EABA; text-align: center;">note otherwis data materi<link ns0:type="simple" ns0:href="../224/240224.xml">standard kpa</link></col></row></table><p>tyrosol<link ns0:type="simple" ns0:href="../085/24085.xml">phenol</link>ic<link ns0:type="simple" ns0:href="../277/3277.xml">antioxid</link>varieti natur sourc princip sourc human diet<link ns0:type="simple" ns0:href="../478/22478.xml">oliv oil</link>tyrosol deriv<link ns0:type="simple" ns0:href="../266/7395266.xml">phenethyl alcohol</link></p><p>antioxid tyrosol protect cell injuri oxid<ref ns0:type="simple" ns0:href="#xpointer(//reflist/entry[@id=%221%22])" />potent antioxid oliv oil higher concentr good<link ns0:type="simple" ns0:href="../021/769021.xml">bioavail</link>indic import overal<ref ns0:type="simple" ns0:href="#xpointer(//reflist/entry[@id=%222%22])" />thi contribut significantli health benefit oliv oil gener<link ns0:type="simple" ns0:href="../499/460499.xml">mediterranean diet</link></p><p>tyrosol white wine cardioprotect samson al ha tyrosoltr anim signific increas phosphoryl akt eno addit tyrosol induc express longev protein heart myocardi infarct rat mi model henc tyrosol akt eno activ power add anoth dimens white wine becaus add great link french paradox conclus find tyrosol induc myocardi protect ischemia relat stress induc surviv longev protein consid antiag therapi heart<ref ns0:type="simple" ns0:href="#xpointer(//reflist/entry[@id=%223%22])" /></p><sec><st /><p><list><entry level="1" type="bullet"><link ns0:type="simple" ns0:href="../688/6498688.xml">hydroxytyrosol</link></entry><entry level="1" type="bullet"><link ns0:type="simple" ns0:href="../138/319138.xml">french paradox</link></entry></list></p></sec><sec><st>refer</st><p><reflist><entry id="1"><cite style="font-style:normal">giovannini strafac modesti coni cantafora de vincenzi malorni masella tyrosol major oliv oil biophenol protect oxidizedldlinduc injuri cell nutr pmid</cite></entry><entry id="2"><cite style="font-style:normal">mircasa cova fit farralbadalejo marrugat de la torr tyrosol hydroxytyrosol absorb moder sustain dose virgin oliv oil human european journal clinic nutrit<document wordnetid="106470073" confidence="0.8"><written_communication wordnetid="106349220" confidence="0.8"><writing wordnetid="106362953" confidence="0.8"><link ns0:type="simple" ns0:href="../994/422994.xml">doi</link></writing></written_communication></document><weblink ns0:type="simple" ns0:href="http://dx.doi.org/10.1038%2Fsj.ejcn.1601532" />pmid</cite></entry><entry id="3"><cite style="font-style:normal">samuel sm thirunavukkarasu penumathsa sv paul maulik cardioprotect ntyrosol ischem stress rat vivo model myocardi infarct switch gear surviv longevity jagric food chem pmid</cite></entry></reflist></p></sec></bdy></article>