<article xmlns:ns0="http://www.w3.org/1999/xlink"><header><title>lazi learn</title><id /><revision><id /><timestamp /><contributor><username>mailer diablo</username><id /></contributor></revision><categories><category>machin learn</category></categories></header><bdy><link ns0:type="simple" ns0:href="../164/1164.xml">artifici intellig</link>lazi learn learn method gener train data delay queri system oppos<link ns0:type="simple" ns0:href="../995/10747995.xml">eager learn</link>system tri gener train data befor receiv queri<p>main advantag gain employ lazi learn method<link ns0:type="simple" ns0:href="../333/170333.xml">case base reason</link>target function will approxim local<link ns0:type="simple" ns0:href="../388/1775388.xml">knearest neighbor algorithm</link>becaus target function approxim local queri system lazi learn system simultan solv multipl problem deal success chang problem domain</p><p>disadvantag lazi learn includ larg space requir store entir train dataset particularli noisi train data increas case base unnecessarili becaus abstract dure train phase anoth disadvantag lazi learn method usual slower evalu thi coupl faster train phase</p><sec><st>refer</st><p>http cranrprojectorgwebpackageslazy lazi learn local regress http wwwulbacbedimapgbontepapershtml public gianluca bontempi http lazi learn packag</p></sec></bdy></article>