<article xmlns:ns0="http://www.w3.org/1999/xlink"><event confidence="0.8" wordnetid="100029378"><rule confidence="0.8" wordnetid="105846932"><device confidence="0.9511911446218017" wordnetid="103183080"><act confidence="0.8" wordnetid="100030358"><psychological_feature confidence="0.8" wordnetid="100023100"><procedure confidence="0.8" wordnetid="101023820"><activity confidence="0.8" wordnetid="100407535"><algorithm confidence="0.8" wordnetid="105847438"><header><title>nsa cryptographi</title><id /><revision><id /><timestamp /><contributor><username>soxbot</username><id /></contributor></revision><categories><category>type encrypt algorithm</category><category>type encrypt algorithm</category><category>type encrypt algorithm</category><category>type encrypt algorithm</category><category>nation secur agenc encrypt devic</category><category>nation secur agenc</category></categories></header><bdy>vast major<agency wordnetid="108337324" confidence="0.9508927676800064"><link ns0:type="simple" ns0:href="../939/21939.xml">nation secur agenc</link></agency>work<link ns0:type="simple" ns0:href="../432/18934432.xml">encrypt</link><link ns0:type="simple" ns0:href="../857/252857.xml">classifi</link>time time nsa particip<link ns0:type="simple" ns0:href="../065/27065.xml">standard</link>process otherwis publish inform cryptograph algorithm nsa ha categor encrypt item product type algorithm suit follow incomplet summari public knowledg nsa algorithm protocol<sec><st>type product</st><p><indent level="1">main articl<artifact wordnetid="100021939" confidence="0.8"><instrumentality wordnetid="103575240" confidence="0.8"><event wordnetid="100029378" confidence="0.8"><rule wordnetid="105846932" confidence="0.8"><device wordnetid="103183080" confidence="0.8"><act wordnetid="100030358" confidence="0.8"><psychological_feature wordnetid="100023100" confidence="0.8"><procedure wordnetid="101023820" confidence="0.8"><activity wordnetid="100407535" confidence="0.8"><algorithm wordnetid="105847438" confidence="0.8"><link ns0:type="simple" ns0:href="../829/41829.xml">type encrypt</link></algorithm></activity></procedure></psychological_feature></act></device></rule></event></instrumentality></artifact></indent>type product refer nsa endors classifi control cryptograph item classifi sensit us govern inform includ cryptograph equip assembl compon classifi certifi nsa encrypt decrypt classifi sensit nation secur inform appropri key<ref ns0:type="simple" ns0:href="#xpointer(//reflist/entry[@id=%221%22])" /></p><p><table class="wikitable"><header /><header>type</header><header>specif</header><header /><header>equip incomplet list</header><row><col><link>accordian</link>accordion</col><col>accordian specif august</col><col><link>aim</link>brochur<link /></col></row><row><col><link ns0:type="simple" ns0:href="../987/1068987.xml">baton</link></col><col><link ns0:type="simple" ns0:href="../594/4594.xml">block cipher</link></col><col>variou</col><col><standard wordnetid="107260623" confidence="0.8"><system_of_measurement wordnetid="113577171" confidence="0.8"><link ns0:type="simple" ns0:href="../041/7620041.xml">pkc</link></system_of_measurement></standard><link>cdsacssm</link><link>aim</link>brochur<link ns0:type="simple" ns0:href="../954/2373954.xml">cypri</link><link ns0:type="simple" ns0:href="../955/1041955.xml">apco project</link><link /><artifact wordnetid="100021939" confidence="0.8"><instrumentality wordnetid="103575240" confidence="0.8"><device wordnetid="103183080" confidence="0.8"><link ns0:type="simple" ns0:href="../664/1068664.xml">fortezza plu</link></device></instrumentality></artifact><link /><link>sierra</link><link /></col></row><row><col><link>bayless</link></col><col><link ns0:type="simple" ns0:href="../954/2373954.xml">cypri</link></col></row><row><col><link>byteman</link></col><col><link ns0:type="simple" ns0:href="../954/2373954.xml">cypri</link></col></row><row><col><link>cardigan</link></col><col><link ns0:type="simple" ns0:href="../954/2373954.xml">cypri</link></col></row><row><col><link>cardhold</link></col><col>satellit uplink command encrypt</col><col><link ns0:type="simple" ns0:href="../954/2373954.xml">cypri</link><link /><link>uayj</link>flight decrypt chip cardhold flight encrypt chip cardhold<link /><link /><link /><link /><link /></col></row><row><col><link>carib</link></col><col>satellit uplink command encrypt</col><col><link>utxz</link><link /></col></row><row><col><link>crayon</link></col><col><link>aim</link>brochur<link ns0:type="simple" ns0:href="../954/2373954.xml">cypri</link>mode</col></row><row><col><link>fasthash</link></col><col><physical_entity wordnetid="100001930" confidence="0.8"><person wordnetid="100007846" confidence="0.8"><causal_agent wordnetid="100007347" confidence="0.8"><primitive wordnetid="109627462" confidence="0.8"><link ns0:type="simple" ns0:href="../526/439526.xml">cryptograph hash function</link></primitive></causal_agent></person></physical_entity></col><col><link>missi</link>type hash</col><col><standard wordnetid="107260623" confidence="0.8"><system_of_measurement wordnetid="113577171" confidence="0.8"><link ns0:type="simple" ns0:href="../418/616418.xml">pkc</link></system_of_measurement></standard><link>cdsacssm</link></col></row><row><col><link ns0:type="simple" ns0:href="../254/3250254.xml">firefli</link></col><col><link ns0:type="simple" ns0:href="../768/1042768.xml">ekm</link><link>publickey</link><link>cooper key gener</link></col><col><link>aim</link></col></row><row><col><link>goodspe</link></col><col><link>sierra ii</link></col></row><row><col><system wordnetid="104377057" confidence="0.8"><artifact wordnetid="100021939" confidence="0.8"><instrumentality wordnetid="103575240" confidence="0.8"><link ns0:type="simple" ns0:href="../538/1105538.xml">quick</link></instrumentality></artifact></system></col><col>antijam lpilpd airborn voic commun</col><col><link ns0:type="simple" ns0:href="../954/2373954.xml">cypri</link></col></row><row><col><link>jacknif</link></col><col><link>aim</link></col></row><row><col><event wordnetid="100029378" confidence="0.8"><rule wordnetid="105846932" confidence="0.8"><act wordnetid="100030358" confidence="0.8"><psychological_feature wordnetid="100023100" confidence="0.8"><procedure wordnetid="101023820" confidence="0.8"><activity wordnetid="100407535" confidence="0.8"><algorithm wordnetid="105847438" confidence="0.8"><link ns0:type="simple" ns0:href="../972/5063972.xml">joseki</link></algorithm></activity></procedure></psychological_feature></act></rule></event></col><col>bootstrap procedur oct</col><col>protect secret algorithm<link ns0:type="simple" ns0:href="../155/41155.xml">firmwar</link></col><col><link>aim</link></col></row><row><col><link>junip</link></col><col><link ns0:type="simple" ns0:href="../594/4594.xml">block cipher</link></col><col><standard wordnetid="107260623" confidence="0.8"><system_of_measurement wordnetid="113577171" confidence="0.8"><link ns0:type="simple" ns0:href="../418/616418.xml">pkc</link></system_of_measurement></standard><link>cdsacssm</link></col></row><row><col><link>keese</link></col><col><link>aim</link>brochur<link ns0:type="simple" ns0:href="../954/2373954.xml">cypri</link></col></row><row><col><link>mark xii iff</link></col><col><link ns0:type="simple" ns0:href="../327/368327.xml">iff</link><link ns0:type="simple" ns0:href="../676/25676.xml">secondari radar</link></col><col><link>aim</link>brochur</col></row><row><col><link>mayfli</link></col><col><link ns0:type="simple" ns0:href="../222/24222.xml">asymmetrickey algorithm</link></col><col><standard wordnetid="107260623" confidence="0.8"><system_of_measurement wordnetid="113577171" confidence="0.8"><link ns0:type="simple" ns0:href="../418/616418.xml">pkc</link></system_of_measurement></standard><link>cdsacssm</link></col></row><row><col><link>medley</link></col><col>medley implement standard nov</col><col><link>aim</link><link>secnet</link><link /></col></row><row><col>pegasu</col><col>satellit telemetri mission data downlink</col><col><link /><link /><link /><link>ublw</link>pegasu space microcircuit chip<link>ublx</link>pegasu ground microcircuit chip<link /><link /><link /><link /><link /></col></row><row><col><link>phalanx</link></col><col><link>aim</link>brochur<link ns0:type="simple" ns0:href="../954/2373954.xml">cypri</link>phalanx phalanx ii</col></row><row><col><message wordnetid="106253690" confidence="0.8"><event wordnetid="100029378" confidence="0.8"><rule wordnetid="105846932" confidence="0.8"><cipher wordnetid="106254239" confidence="0.8"><act wordnetid="100030358" confidence="0.8"><psychological_feature wordnetid="100023100" confidence="0.8"><procedure wordnetid="101023820" confidence="0.8"><activity wordnetid="100407535" confidence="0.8"><algorithm wordnetid="105847438" confidence="0.8"><link ns0:type="simple" ns0:href="../600/1068600.xml">savil</link></algorithm></activity></procedure></psychological_feature></act></cipher></rule></event></message></col><col>lowbandwidth voic sometim data encrypt</col><col><link>aim</link>brochur<link ns0:type="simple" ns0:href="../954/2373954.xml">cypri</link>mode<link>windster</link>savil<artifact wordnetid="100021939" confidence="0.8"><instrumentality wordnetid="103575240" confidence="0.8"><device wordnetid="103183080" confidence="0.8"><link ns0:type="simple" ns0:href="../512/1068512.xml">vinson</link></device></instrumentality></artifact></col></row><row><col><link>vallor</link></col><col>tti broadcast submarin</col><col><link>aim</link></col></row><row><col><link>walburn</link></col><col>highbandwidth link encrypt</col><col><link>aim</link><link ns0:type="simple" ns0:href="../354/19443354.xml" /><link /><link /><link /></col></row><row><col><link>padston</link></col><col><link ns0:type="simple" ns0:href="../954/2373954.xml">cypri</link>mode<link>windster</link><link>indictor</link></col></row><row><col><link>weasel</link></col><col><link /></col></row></table></p></sec><sec><st>type product</st><p><indent level="1">main articl<artifact wordnetid="100021939" confidence="0.8"><instrumentality wordnetid="103575240" confidence="0.8"><event wordnetid="100029378" confidence="0.8"><rule wordnetid="105846932" confidence="0.8"><device wordnetid="103183080" confidence="0.8"><act wordnetid="100030358" confidence="0.8"><psychological_feature wordnetid="100023100" confidence="0.8"><procedure wordnetid="101023820" confidence="0.8"><activity wordnetid="100407535" confidence="0.8"><algorithm wordnetid="105847438" confidence="0.8"><link ns0:type="simple" ns0:href="../830/41830.xml">type encrypt</link></algorithm></activity></procedure></psychological_feature></act></device></rule></event></instrumentality></artifact></indent>type product refer nsa endors unclassifi cryptograph equip assembl compon sensit unclassifi us govern inform</p><p><table class="wikitable"><header /><header>type</header><header>specif</header><header /><header>equip incomplet list</header><row><col><link>cordoba</link></col><col><link ns0:type="simple" ns0:href="../954/2373954.xml">cypri</link><link>windster</link><link>indictor</link></col></row><row><col><link ns0:type="simple" ns0:href="../092/578092.xml">kea</link></col><col><link ns0:type="simple" ns0:href="../222/24222.xml">asymmetrickey algorithm</link></col><col>key exchang algorithm kea</col><col>key exchang<link ns0:type="simple" ns0:href="../644/59644.xml">digit signatur</link>algorithm<artifact wordnetid="100021939" confidence="0.8"><instrumentality wordnetid="103575240" confidence="0.8"><device wordnetid="103183080" confidence="0.8"><link ns0:type="simple" ns0:href="../842/797842.xml">fortezza</link></device></instrumentality></artifact></col><col><artifact wordnetid="100021939" confidence="0.8"><instrumentality wordnetid="103575240" confidence="0.8"><device wordnetid="103183080" confidence="0.8"><link ns0:type="simple" ns0:href="../842/797842.xml">fortezza</link></device></instrumentality></artifact><link ns0:type="simple" ns0:href="../664/1068664.xml">fortezza plu</link><link>palladium secur modem</link></col></row><row><col><cipher wordnetid="106254239" confidence="0.9508927676800064"><link ns0:type="simple" ns0:href="../702/474702.xml">skipjack</link></cipher></col><col><link ns0:type="simple" ns0:href="../594/4594.xml">block cipher</link></col><col>skipjack</col><col>confidenti algorithm<artifact wordnetid="100021939" confidence="0.8"><instrumentality wordnetid="103575240" confidence="0.8"><device wordnetid="103183080" confidence="0.8"><link ns0:type="simple" ns0:href="../842/797842.xml">fortezza</link></device></instrumentality></artifact></col><col><artifact wordnetid="100021939" confidence="0.8"><instrumentality wordnetid="103575240" confidence="0.8"><device wordnetid="103183080" confidence="0.8"><link ns0:type="simple" ns0:href="../842/797842.xml">fortezza</link></device></instrumentality></artifact><link ns0:type="simple" ns0:href="../664/1068664.xml">fortezza plu</link><link>palladium secur modem</link></col></row></table></p></sec><sec><st>type product</st><p><indent level="1">main articl<artifact wordnetid="100021939" confidence="0.8"><instrumentality wordnetid="103575240" confidence="0.8"><event wordnetid="100029378" confidence="0.8"><rule wordnetid="105846932" confidence="0.8"><device wordnetid="103183080" confidence="0.8"><act wordnetid="100030358" confidence="0.8"><psychological_feature wordnetid="100023100" confidence="0.8"><procedure wordnetid="101023820" confidence="0.8"><activity wordnetid="100407535" confidence="0.8"><algorithm wordnetid="105847438" confidence="0.8"><link ns0:type="simple" ns0:href="../154/1061154.xml">type encrypt</link></algorithm></activity></procedure></psychological_feature></act></device></rule></event></instrumentality></artifact></indent>unclassifi cryptograph equip assembl compon appropri key encrypt decrypt unclassifi sensit us govern commerci inform protect system requir protect mechan consist standard commerci practic type algorithm refer nist endors algorithm regist fip publish sensit unclassifi us govern commerci inform</p><p><table class="wikitable"><header /><header>type</header><header>specif</header><header /><header>equip incomplet list</header><row><col><cipher wordnetid="106254239" confidence="0.9508927676800064"><link ns0:type="simple" ns0:href="../978/7978.xml">data encrypt standard</link></cipher></col><col><link ns0:type="simple" ns0:href="../594/4594.xml">block cipher</link></col><col>fip</col><col>ubiquit</col><col>ubiquit</col></row><row><col><link ns0:type="simple" ns0:href="../470/59470.xml">digit signatur algorithm</link></col><col><document wordnetid="106470073" confidence="0.8"><written_communication wordnetid="106349220" confidence="0.8"><writing wordnetid="106362953" confidence="0.8"><link ns0:type="simple" ns0:href="../644/59644.xml">digit signatur</link></writing></written_communication></document>system</col><col>fip</col><col>numer</col><col>numer</col></row><row><col><link ns0:type="simple" ns0:href="../672/26672.xml">sha famili</link></col><col><physical_entity wordnetid="100001930" confidence="0.8"><person wordnetid="100007846" confidence="0.8"><causal_agent wordnetid="100007347" confidence="0.8"><primitive wordnetid="109627462" confidence="0.8"><link ns0:type="simple" ns0:href="../526/439526.xml">cryptograph hash function</link></primitive></causal_agent></person></physical_entity></col><col>fip</col><col>ubiquit</col><col>ubiquit</col></row></table></p></sec><sec><st>type product</st><p><indent level="1">main articl<artifact wordnetid="100021939" confidence="0.8"><instrumentality wordnetid="103575240" confidence="0.8"><event wordnetid="100029378" confidence="0.8"><rule wordnetid="105846932" confidence="0.8"><device wordnetid="103183080" confidence="0.8"><act wordnetid="100030358" confidence="0.8"><psychological_feature wordnetid="100023100" confidence="0.8"><procedure wordnetid="101023820" confidence="0.8"><activity wordnetid="100407535" confidence="0.8"><algorithm wordnetid="105847438" confidence="0.8"><link ns0:type="simple" ns0:href="../166/1061166.xml">type encrypt</link></algorithm></activity></procedure></psychological_feature></act></device></rule></event></instrumentality></artifact></indent>type algorithm refer algorithm regist nist fip publish unevalu commerci cryptograph equip assembl compon nsa nist certifi ani govern usag</p></sec><sec><st>algorithm suit</st><ss1><st>suit</st><p>set nsa unpublish algorithm intend highli sensit commun critic authent system</p></ss1><ss1><st>suit</st><p>set nsa endors cryptograph algorithm interoper cryptograph base unclassifi inform classifi inform suit wa announc februari</p></ss1></sec><sec><st /><p><list><entry level="1" type="bullet"><artifact wordnetid="100021939" confidence="0.8"><instrumentality wordnetid="103575240" confidence="0.8"><event wordnetid="100029378" confidence="0.8"><rule wordnetid="105846932" confidence="0.8"><device wordnetid="103183080" confidence="0.8"><act wordnetid="100030358" confidence="0.8"><psychological_feature wordnetid="100023100" confidence="0.8"><procedure wordnetid="101023820" confidence="0.8"><activity wordnetid="100407535" confidence="0.8"><algorithm wordnetid="105847438" confidence="0.8"><link ns0:type="simple" ns0:href="../829/41829.xml">type encrypt</link></algorithm></activity></procedure></psychological_feature></act></device></rule></event></instrumentality></artifact></entry><entry level="1" type="bullet"><artifact wordnetid="100021939" confidence="0.8"><instrumentality wordnetid="103575240" confidence="0.8"><event wordnetid="100029378" confidence="0.8"><rule wordnetid="105846932" confidence="0.8"><device wordnetid="103183080" confidence="0.8"><act wordnetid="100030358" confidence="0.8"><psychological_feature wordnetid="100023100" confidence="0.8"><procedure wordnetid="101023820" confidence="0.8"><activity wordnetid="100407535" confidence="0.8"><algorithm wordnetid="105847438" confidence="0.8"><link ns0:type="simple" ns0:href="../830/41830.xml">type encrypt</link></algorithm></activity></procedure></psychological_feature></act></device></rule></event></instrumentality></artifact></entry><entry level="1" type="bullet"><artifact wordnetid="100021939" confidence="0.8"><instrumentality wordnetid="103575240" confidence="0.8"><event wordnetid="100029378" confidence="0.8"><rule wordnetid="105846932" confidence="0.8"><device wordnetid="103183080" confidence="0.8"><act wordnetid="100030358" confidence="0.8"><psychological_feature wordnetid="100023100" confidence="0.8"><procedure wordnetid="101023820" confidence="0.8"><activity wordnetid="100407535" confidence="0.8"><algorithm wordnetid="105847438" confidence="0.8"><link ns0:type="simple" ns0:href="../154/1061154.xml">type algorithm</link></algorithm></activity></procedure></psychological_feature></act></device></rule></event></instrumentality></artifact></entry><entry level="1" type="bullet"><artifact wordnetid="100021939" confidence="0.8"><instrumentality wordnetid="103575240" confidence="0.8"><event wordnetid="100029378" confidence="0.8"><rule wordnetid="105846932" confidence="0.8"><device wordnetid="103183080" confidence="0.8"><act wordnetid="100030358" confidence="0.8"><psychological_feature wordnetid="100023100" confidence="0.8"><procedure wordnetid="101023820" confidence="0.8"><activity wordnetid="100407535" confidence="0.8"><algorithm wordnetid="105847438" confidence="0.8"><link ns0:type="simple" ns0:href="../166/1061166.xml">type algorithm</link></algorithm></activity></procedure></psychological_feature></act></device></rule></event></instrumentality></artifact></entry><entry level="1" type="bullet"><link ns0:type="simple" ns0:href="../524/4962524.xml">suit</link></entry><entry level="1" type="bullet"><link ns0:type="simple" ns0:href="../099/1602099.xml">suit</link></entry><entry level="1" type="bullet"><link ns0:type="simple" ns0:href="../500/1075500.xml">nsa encrypt algorithm</link></entry><entry level="1" type="bullet"><link ns0:type="simple" ns0:href="../273/1042273.xml">nsa encrypt system</link></entry></list></p></sec><sec><st>refer</st><p><reflist><entry id="1">nation inform assur glossari cnss instruct<work wordnetid="104599396" confidence="0.8"><product wordnetid="104007894" confidence="0.8"><creation wordnetid="103129123" confidence="0.8"><glossary wordnetid="106420781" confidence="0.8"><artifact wordnetid="100021939" confidence="0.8"><wordbook wordnetid="106418693" confidence="0.8"><book wordnetid="106410904" confidence="0.8"><reference_book wordnetid="106417598" confidence="0.8"><publication wordnetid="106589574" confidence="0.8"><link ns0:type="simple" ns0:href="../395/1011395.xml">nation inform assur glossari</link></publication></reference_book></book></wordbook></artifact></glossary></creation></product></work></entry></reflist></p></sec></bdy></algorithm></activity></procedure></psychological_feature></act></device></rule></event></article>