<article xmlns:ns0="http://www.w3.org/1999/xlink"><physical_entity confidence="0.8" wordnetid="100001930"><automaton confidence="0.8" wordnetid="109825519"><person confidence="0.8" wordnetid="100007846"><causal_agent confidence="0.8" wordnetid="100007347"><anomaly confidence="0.8" wordnetid="109606527"><header><title>quantum cellular automata</title><id /><revision><id /><timestamp /><contributor><username>alleborgobot</username><id /></contributor></revision><categories><category>cellular automata</category><category>quantum inform scienc</category></categories></header><bdy>quantum cellular automata qca refer ani sever model<link ns0:type="simple" ns0:href="../220/25220.xml">quantum comput</link>devis analog convent model<link ns0:type="simple" ns0:href="../342/54342.xml">cellular automata</link>introduc<link ns0:type="simple" ns0:href="../942/15942.xml">von neumann</link>refer<link ns0:type="simple" ns0:href="../212/8411212.xml">quantum dot cellular automata</link>propos physic implement classic cellular automata exploit<link ns0:type="simple" ns0:href="../202/25202.xml">quantum mechan</link>phenomena<sec><st>usag term</st><p>context model comput physic system quantum cellular automaton term current singl agreedupon howev model quantum cellular automata tend attempt merg borrow element studi cellular automata convent<link ns0:type="simple" ns0:href="../323/5323.xml">comput scienc</link>studi<link ns0:type="simple" ns0:href="../094/659094.xml">quantum inform process</link>follow common featur model quantum cellular automata<list><entry level="1" type="bullet">comput consid parallel oper multipl comput devic cell cell usual ident finitedimension quantum system eg cell<link ns0:type="simple" ns0:href="../284/25284.xml">qubit</link></entry><entry level="1" type="bullet">cell ha neighborhood cell altogeth form network cell usual regular eg cell arrang lattic period boundari condit</entry><entry level="1" type="bullet">evolut cell ha number physicslik symmetri local cell depend onli current neighbour homogen anoth evolut everywher independ time</entry><entry level="1" type="bullet">space cell oper perform motiv principl quantum mechan</entry></list>featur consid import model quantum cellular automata univers quantum comput ie effici simul quantum ture machin<ref ns0:type="simple" ns0:href="#xpointer(//reflist/entry[@id=%221%22])" /><ref ns0:type="simple" ns0:href="#xpointer(//reflist/entry[@id=%222%22])" />arbitrari<link ns0:type="simple" ns0:href="../404/707404.xml">quantum circuit</link><ref ns0:type="simple" ns0:href="#xpointer(//reflist/entry[@id=%223%22])" />simpli quantum cellular automata<ref ns0:type="simple" ns0:href="#xpointer(//reflist/entry[@id=%224%22])" />model propos impos condit eg quantum cellular automata revers andor local unitari easili determin global transit function rule updat individu cell<ref ns0:type="simple" ns0:href="#xpointer(//reflist/entry[@id=%222%22])" />result properti deriv axiomat symmetri global evolut<ref ns0:type="simple" ns0:href="#xpointer(//reflist/entry[@id=%225%22])" /><ref ns0:type="simple" ns0:href="#xpointer(//reflist/entry[@id=%226%22])" /><ref ns0:type="simple" ns0:href="#xpointer(//reflist/entry[@id=%227%22])" /></p></sec><sec><st>model qca</st><ss1><st>earli propos</st><p>concept cellular automaton oper quantum mechan principl<person wordnetid="100007846" confidence="0.9508927676800064"><scientist wordnetid="110560637" confidence="0.9508927676800064"><link ns0:type="simple" ns0:href="../523/25523.xml">richard feynman</link></scientist></person>initi approach quantiz model cellular automata<ref ns0:type="simple" ns0:href="#xpointer(//reflist/entry[@id=%228%22])" />gerhard grssing<scientist wordnetid="110560637" confidence="0.9508927676800064"><link ns0:type="simple" ns0:href="../635/918635.xml">anton zeiling</link></scientist>introduc term quantum cellular automata refer model defin<ref ns0:type="simple" ns0:href="#xpointer(//reflist/entry[@id=%229%22])" />howev model ha veri littl common concept develop quantum comput david deutsch formal develop subject<ref ns0:type="simple" ns0:href="#xpointer(//reflist/entry[@id=%2210%22])" />ha develop significantli model comput</p></ss1><ss1><st>model univers quantum comput</st><p>formal model quantum cellular automata depth wa introduc john watrou<ref ns0:type="simple" ns0:href="#xpointer(//reflist/entry[@id=%221%22])" />thi model wa develop wim van dam<ref ns0:type="simple" ns0:href="#xpointer(//reflist/entry[@id=%2211%22])" />well christoph drr huong lthanh miklo santha<ref ns0:type="simple" ns0:href="#xpointer(//reflist/entry[@id=%2212%22])" /><ref ns0:type="simple" ns0:href="#xpointer(//reflist/entry[@id=%2213%22])" />josef gruska<ref ns0:type="simple" ns0:href="#xpointer(//reflist/entry[@id=%2214%22])" />pablo arrighi<ref ns0:type="simple" ns0:href="#xpointer(//reflist/entry[@id=%2215%22])" />howev wa realis thi definit wa loos sens instanc allow superlumin signal<ref ns0:type="simple" ns0:href="#xpointer(//reflist/entry[@id=%225%22])" /><ref ns0:type="simple" ns0:href="#xpointer(//reflist/entry[@id=%226%22])" />second wave model includ susann richter reinhard werner<ref ns0:type="simple" ns0:href="#xpointer(//reflist/entry[@id=%2216%22])" />benjamin schumach reinhard werner<ref ns0:type="simple" ns0:href="#xpointer(//reflist/entry[@id=%225%22])" />carlo prezdelgado donni cheung<ref ns0:type="simple" ns0:href="#xpointer(//reflist/entry[@id=%222%22])" />pablo arrighi vincent nesm reinhard werner<ref ns0:type="simple" ns0:href="#xpointer(//reflist/entry[@id=%226%22])" /><ref ns0:type="simple" ns0:href="#xpointer(//reflist/entry[@id=%227%22])" />close relat suffer ani local issu agre pictur quantum cellular automata larg quantum circuit infinit repeat time space</p></ss1><ss1><st>model physic system</st><p>model quantum cellular automata propos david meyer<ref ns0:type="simple" ns0:href="#xpointer(//reflist/entry[@id=%2217%22])" /><ref ns0:type="simple" ns0:href="#xpointer(//reflist/entry[@id=%2218%22])" />bruce bogosian washington taylor<ref ns0:type="simple" ns0:href="#xpointer(//reflist/entry[@id=%2219%22])" />peter love bruce bogosian<ref ns0:type="simple" ns0:href="#xpointer(//reflist/entry[@id=%2220%22])" />simul quantum lattic gase motiv classic cellular automata model classic physic phenomena ga dispers<ref ns0:type="simple" ns0:href="#xpointer(//reflist/entry[@id=%2221%22])" /></p></ss1><ss1><st>quantum dot cellular automata</st><p>propos implement classic cellular automata system design<link ns0:type="simple" ns0:href="../547/511547.xml">quantum dot</link>ha propos quantum cellular automata<physical_entity wordnetid="100001930" confidence="0.8"><person wordnetid="100007846" confidence="0.8"><intellectual wordnetid="109621545" confidence="0.8"><alumnus wordnetid="109786338" confidence="0.8"><causal_agent wordnetid="100007347" confidence="0.8"><scholar wordnetid="110557854" confidence="0.8"><link ns0:type="simple" ns0:href="../395/12269395.xml">paul tougaw</link></scholar></causal_agent></alumnus></intellectual></person></physical_entity>craig lent<ref ns0:type="simple" ns0:href="#xpointer(//reflist/entry[@id=%2222%22])" />replac classic comput cmo technolog order better differenti thi propos model cellular automata perform quantum comput mani author work thi subject refer thi<link ns0:type="simple" ns0:href="../212/8411212.xml">quantum dot cellular automaton</link></p></ss1></sec><sec><st>refer</st><p><reflist><entry id="1">watrou onedimension quantum cellular automata proc foc</entry><entry id="2">prezdelgado cheung local unitari quantum cellular automata phi rev<weblink ns0:type="simple" ns0:href="http://www.arxiv.org/abs/0709.0006">quantph</weblink></entry><entry id="3">dj shepherd franz rf werner univers programm quantum cellular automaton phi rev lett</entry><entry id="4">arrighi fargetton intrins univers onedimension quantum cellular automata<weblink ns0:type="simple" ns0:href="http://arxiv.org/abs/0704.3961">quantph</weblink></entry><entry id="5">schumach werner revers quantum cellular automata<weblink ns0:type="simple" ns0:href="http://www.arxiv.org/abs/quant-ph/0405174" /></entry><entry id="6">pablo arrighi vincent nesm reinhard werner onedimension quantum cellular automata finit unbound configur<weblink ns0:type="simple" ns0:href="http://arxiv.org/abs/0711.3517">quantph</weblink></entry><entry id="7">pablo arrighi vincent nesm reinhard werner ndimension quantum cellular automata<weblink ns0:type="simple" ns0:href="http://arxiv.org/abs/0711.3975">quantph</weblink></entry><entry id="8">feynman simul physic comput int theor phi</entry><entry id="9">gross zeiling quantum cellular automata complex system</entry><entry id="10">deutsch quantum theori churchtur principl univers quantum comput proceed royal societi london</entry><entry id="11">van dam quantum cellular automata master thesi comput scienc nijmegen summer</entry><entry id="12">drr santha decis procedur unitari linear quantum cellular automata<weblink ns0:type="simple" ns0:href="http://www.arxiv.org/abs/quant-ph/9604007" /></entry><entry id="13">drr ltanh santha decis procedur wellform linear quantum cellular automata rand struct algorithm<weblink ns0:type="simple" ns0:href="http://www.arxiv.org/abs/cs.DS/9906024" /></entry><entry id="14">gruska quantum comput mcgrawhil cambridg</entry><entry id="15">pablo arrighi algebra studi unitari dimension quantum cellular automata proceed mfc lnc<weblink ns0:type="simple" ns0:href="http://arxiv.org/abs/quant-ph/0512040" /></entry><entry id="17">meyer quantum cellular automata quantum lattic gase journal statist physic<weblink ns0:type="simple" ns0:href="http://www.arxiv.org/abs/quant-ph/9604003" /></entry><entry id="16">richter rf werner ergod quantum cellular automata stat phi<weblink ns0:type="simple" ns0:href="http://www.arxiv.org/abs/cond-mat/9504001" /></entry><entry id="19">bogosian taylor quantum latticega model manyparticl schrdinger equat dimens physic review</entry><entry id="18">meyer absenc homogen scalar unitari cellular automata physic letter<weblink ns0:type="simple" ns0:href="http://www.arxiv.org/abs/quant-ph/9604011" /></entry><entry id="21">chophard droz cellular automata model physic system cambridg universitri press</entry><entry id="20">love bogosian dirac diffus decoher quantum lattic gase quantum inform process</entry><entry id="22">tougaw lent logic devic implement quantum cellular automata appl phi</entry></reflist></p></sec></bdy></anomaly></causal_agent></person></automaton></physical_entity></article>