<article xmlns:ns0="http://www.w3.org/1999/xlink"><organization confidence="0.9511911446218017" wordnetid="108008335"><header><title>nation centr text mine</title><id /><revision><id /><timestamp /><contributor><username>pseudomona</username><id /></contributor></revision><categories><category>inform retriev</category><category>comput scienc organ</category><category>comput linguist</category><category>linguist organ</category></categories></header><bdy>nation centr text mine nactem publicli fund<link ns0:type="simple" ns0:href="../439/318439.xml">text mine</link>tm centr wa establish provid support advic inform tm technolog dissemin inform larger tm commun provid tailor servic tool respons requir local<autocracy wordnetid="108361001" confidence="0.8"><system wordnetid="108435388" confidence="0.8"><social_group wordnetid="107950920" confidence="0.8"><political_orientation wordnetid="106212839" confidence="0.8"><monarchy wordnetid="108363812" confidence="0.8"><state wordnetid="108168978" confidence="0.8"><political_unit wordnetid="108359949" confidence="0.8"><political_system wordnetid="108367880" confidence="0.8"><economy wordnetid="108366753" confidence="0.8"><group wordnetid="100031264" confidence="0.8"><democracy wordnetid="106217103" confidence="0.8"><link ns0:type="simple" ns0:href="../717/31717.xml">british</link></democracy></group></economy></political_system></political_unit></state></monarchy></political_orientation></social_group></system></autocracy>academ commun<p><link ns0:type="simple" ns0:href="../309/5309.xml">softwar</link>tool servic nactem suppli allow appli text mine techniqu problem area interest exampl tool highlight addit provid servic centr involv signific contribut text mine commun nation intern</p><p>centr locat<institute wordnetid="108407330" confidence="0.8"><structure wordnetid="104341686" confidence="0.8"><building wordnetid="102913152" confidence="0.8"><artifact wordnetid="100021939" confidence="0.8"><association wordnetid="108049401" confidence="0.8"><link ns0:type="simple" ns0:href="../188/9385188.xml">manchest interdisciplinari biocentr</link></association></artifact></building></structure></institute>oper univers<weblink ns0:type="simple" ns0:href="http://www.cs.man.ac.uk/">school comput scienc</weblink><university wordnetid="108286163" confidence="0.9508927676800064"><link ns0:type="simple" ns0:href="../266/83266.xml">univers manchest</link></university><weblink ns0:type="simple" ns0:href="http://www.manchester.ac.uk">http wwwmanchesteracuk</weblink>lead<link ns0:type="simple" ns0:href="../537/286537.xml">consortium</link>contribut expertis<link ns0:type="simple" ns0:href="../162/383162.xml">inform extract</link><link ns0:type="simple" ns0:href="../652/21652.xml">natur languag process</link>parallel distribut<link ns0:type="simple" ns0:href="../253/42253.xml">data mine</link><weblink ns0:type="simple" ns0:href="http://sca.lib.liv.ac.uk/collections/">special collect archiv</weblink><university wordnetid="108286163" confidence="0.9508927676800064"><link ns0:type="simple" ns0:href="../512/156512.xml">univers liverpool</link></university><weblink ns0:type="simple" ns0:href="http://www.liv.ac.uk/">http wwwlivacuk</weblink><weblink ns0:type="simple" ns0:href="http://www.liv.ac.uk/library/">librari</weblink>experi expertis<link ns0:type="simple" ns0:href="../271/15271.xml">inform retriev</link>system</p><p>addit main consortium partner number selffund associ worldlead group includ<weblink ns0:type="simple" ns0:href="http://www.sdsc.edu/">san diego supercomput center</weblink>data intens comput group led<weblink ns0:type="simple" ns0:href="http://www.sdsc.edu/~moore/rmoore.html">reagan moor</weblink><university wordnetid="108286163" confidence="0.9508927676800064"><ranking wordnetid="114429484" confidence="0.9508927676800064"><link ns0:type="simple" ns0:href="../922/31922.xml">univers california berkeley</link></ranking></university><weblink ns0:type="simple" ns0:href="http://www.berkeley.edu/">http wwwberkeleyedu</weblink>inform retriev specialist lead<weblink ns0:type="simple" ns0:href="http://www.ischool.berkeley.edu/people/faculty/raylarson">ray larson</weblink><weblink ns0:type="simple" ns0:href="http://www-tsujii.is.s.u-tokyo.ac.jp/index.html">tsujii lab</weblink><weblink ns0:type="simple" ns0:href="http://www.u-tokyo.ac.jp/index_e.html">univers tokyo</weblink><weblink ns0:type="simple" ns0:href="http://www-tsujii.is.s.u-tokyo.ac.jp/%7Etsujii/atlab.html">professor tsujii</weblink>lab worldlead field<link ns0:type="simple" ns0:href="../561/5561.xml">comput linguist</link>especi applic technolog biomed domain</p><sec><st>applic</st><p><weblink ns0:type="simple" ns0:href="http://www.nactem.ac.uk/software/termine/">termin</weblink>domain independ method automat term recognit find import term document automat rank</p><p><weblink ns0:type="simple" ns0:href="http://www.nactem.ac.uk/software/ctermine">cheshiretermin</weblink>search engin<link ns0:type="simple" ns0:href="../749/240749.xml">medlin</link>document gener list signific term relev search result combin best featur brows search techniqu drill focus set document</p><p><weblink ns0:type="simple" ns0:href="http://www.nactem.ac.uk/software/acromine/">acromin</weblink>find expand form<link ns0:type="simple" ns0:href="../571/1052571.xml">acronym</link>appear<link ns0:type="simple" ns0:href="../749/240749.xml">medlin</link>entri convers find possibl acronym expand form previous appear<link ns0:type="simple" ns0:href="../749/240749.xml">medlin</link><link ns0:type="simple" ns0:href="../065/67065.xml">disambigu</link></p><p><weblink ns0:type="simple" ns0:href="http://www-tsujii.is.s.u-tokyo.ac.jp/medie/">medi</weblink>intellig search engin semant retriev sentenc biomed correl<link ns0:type="simple" ns0:href="../749/240749.xml">medlin</link>abstract</p><p>http wwwtsujiiissutokyoacjpinfopubmed infopubm provid inform graphic represent biomed interact extract<link ns0:type="simple" ns0:href="../749/240749.xml">medlin</link>deep<link ns0:type="simple" ns0:href="../019/3404019.xml">semant pars</link>technolog thi supplement term dictionari consist<link ns0:type="simple" ns0:href="../634/23634.xml">protein</link><link ns0:type="simple" ns0:href="../553/4250553.xml">gene</link>identif<link ns0:type="simple" ns0:href="../072/8072.xml">diseas</link>type<link ns0:type="simple" ns0:href="../842/19653842.xml">organ</link></p></sec><sec><st>extern link</st><p><list><entry level="1" type="bullet">http wwwnactemacuk</entry></list></p></sec></bdy></organization></article>