<article xmlns:ns0="http://www.w3.org/1999/xlink"><scientist confidence="0.9508927676800064" wordnetid="110560637"><research_worker confidence="0.9511911446218017" wordnetid="110523076"><header><title>arthur samuel</title><id /><revision><id /><timestamp /><contributor><username>lightbot</username><id /></contributor></revision><categories><category>draught</category><category>artifici intellig</category><category>game artifici intellig</category><category>histori artifici intellig</category></categories></header><bdy><template><name>infobox_scientist</name><parameters><image width="150px" src="" /><death_date><link ns0:type="simple" ns0:href="../968/15968.xml">juli</link><link ns0:type="simple" ns0:href="../635/34635.xml" /></death_date><birth_date /><citizenship>unit</citizenship><birth_place><village wordnetid="108672738" confidence="0.9508927676800064"><link ns0:type="simple" ns0:href="../705/114705.xml">emporia kansa</link></village></birth_place><alma_mater><link ns0:type="simple" ns0:href="../061/19061.xml">mit</link></alma_mater><field>comput scienc</field><known_for>samuel checkersplay program</known_for><death_place><link ns0:type="simple" ns0:href="../166/108166.xml">stanford</link></death_place><nationality>american</nationality><name>arthur samuel</name></parameters></template><p>arthur samuel<link ns0:type="simple" ns0:href="../968/15968.xml">juli</link><link ns0:type="simple" ns0:href="../635/34635.xml" />wa pioneer field comput game artifici intellig samuel checkersplay program appear selflearn program veri earli demonstr fundament concept<link ns0:type="simple" ns0:href="../164/1164.xml">artifici intellig</link>ai<ref ns0:type="simple" ns0:href="#xpointer(//reflist/entry[@id=%221%22])" /></p><sec><st>biographi</st><p>samuel attend<body wordnetid="107965085" confidence="0.8"><university wordnetid="108286163" confidence="0.8"><social_group wordnetid="107950920" confidence="0.8"><educational_institution wordnetid="108276342" confidence="0.8"><group wordnetid="100031264" confidence="0.8"><institution wordnetid="108053576" confidence="0.8"><link ns0:type="simple" ns0:href="../331/880331.xml">colleg emporia</link></institution></group></educational_institution></social_group></university></body>kansa undergradu work receiv master degre electr engin<link ns0:type="simple" ns0:href="../879/18879.xml">mit</link>join<link ns0:type="simple" ns0:href="../712/3712.xml">bell laboratori</link>labor mostli hardwar today call<link ns0:type="simple" ns0:href="../408/50408.xml">comput engin</link>befor comput stint<link ns0:type="simple" ns0:href="../695/384695.xml">uiuc</link>samuel<company wordnetid="108058098" confidence="0.9508927676800064"><link ns0:type="simple" ns0:href="../259/18622259.xml">ibm</link></company>conceiv carri success work wa ibm<link ns0:type="simple" ns0:href="../459/62459.xml">checker</link>program ibm commerci comput<computer wordnetid="103082979" confidence="0.8"><artifact wordnetid="100021939" confidence="0.8"><instrumentality wordnetid="103575240" confidence="0.8"><device wordnetid="103183080" confidence="0.8"><machine wordnetid="103699975" confidence="0.8"><link ns0:type="simple" ns0:href="../701/192701.xml">ibm</link></machine></device></instrumentality></artifact></computer>program wa sensat demonstr advanc hardwar skill program caus ibm stock increas point overnight pioneer nonnumer program help shape instruct set processor wa work comput project comput samuel becam professor<link>stanford</link>work remaind life die complic<link ns0:type="simple" ns0:href="../185/6302185.xml">parkinson diseas</link></p></sec><sec><st>comput checker draught develop</st><p>samuel ai commun groundbreak work<link ns0:type="simple" ns0:href="../459/62459.xml#xpointer(//*[./st=%22Computer_draughts%22])">comput checker</link>thought teach comput play game wa veri fruit develop tactic appropri gener problem chose checker becaus rel simpl ha depth strategi main driver machin wa search tree board posit reachabl current sinc onli veri limit amount memori samuel implement call<link ns0:type="simple" ns0:href="../501/159501.xml">alphabeta prune</link>search path game conclus samuel develop score function base posit board ani time thi function tri measur chanc win side posit account thing number piec side number king proxim piec king program chose move base<link ns0:type="simple" ns0:href="../589/19589.xml">minimax</link>strategi move optim valu thi function assum oppon wa tri optim valu function point view<ref ns0:type="simple" ns0:href="#xpointer(//reflist/entry[@id=%222%22])" /></p><p>samuel design variou mechan program becom better call<link ns0:type="simple" ns0:href="../914/217914.xml">rote learn</link>program rememb everi posit alreadi termin valu reward function thi techniqu extend search depth posit samuel program reevalu reward function base input profession game play game anoth learn thi work samuel program reach respect amateur statu wa play ani board game thi high level continu work checker mid point program becam easili beaten best time howev method learn game continu continu work checker wa complet solv comput explor relev posit game chess</p></sec><sec><st>extern link</st><p><list><entry level="1" type="bullet"><weblink ns0:type="simple" ns0:href="http://infolab.stanford.edu/pub/voy/museum/samuel.html">stanford obituari</weblink></entry><entry level="1" type="bullet"><weblink ns0:type="simple" ns0:href="http://www.cs.ualberta.ca/~sutton/book/11/node3.html">biographi</weblink></entry><entry level="1" type="bullet"><weblink ns0:type="simple" ns0:href="http://www.cs.ualberta.ca/~chinook/">chinook inform</weblink></entry></list></p></sec><sec><st>refer</st><p><reflist><entry id="1"><weblink ns0:type="simple" ns0:href="http://www.google.com/search?q=cache:fBmy-cdHMDkJ:histsoc.stanford.edu/pdfmem/SamuelA.pdf+Arthur+Samuel+emporia hl=en ct=clnk cd=1 gl=us client=firefox-a">memori resolut</weblink>retriev<link /></entry><entry id="2"><cite style="font-style:normal">arthur samuel<weblink ns0:type="simple" ns0:href="http://www.research.ibm.com/journal/rd/033/ibmrd0303B.pdf">studi machin learn game checker</weblink>pdf ibm journal retriev<link /></cite></entry></reflist></p></sec></bdy></research_worker></scientist></article>