<article xmlns:ns0="http://www.w3.org/1999/xlink"><plant confidence="0.9511911446218017" wordnetid="103956922"><group_action confidence="0.8" wordnetid="101080366"><commercial_enterprise confidence="0.8" wordnetid="101094725"><transaction confidence="0.8" wordnetid="101106808"><event confidence="0.8" wordnetid="100029378"><output confidence="0.8" wordnetid="100914632"><industry confidence="0.8" wordnetid="100923444"><act confidence="0.8" wordnetid="100030358"><psychological_feature confidence="0.8" wordnetid="100023100"><production confidence="0.8" wordnetid="100913705"><crop confidence="0.8" wordnetid="113085864"><commerce confidence="0.8" wordnetid="101090446"><header><title>jatropha curca</title><id /><revision><id /><timestamp /><contributor><username /><id /></contributor></revision><categories><category>biodiesel crop</category><category>biodiesel</category><category>flora central america</category><category>medicin plant</category><category>food crop</category><category>jatropha</category><category>veget oil</category></categories></header><bdy><table style="text-align:center; padding:2.5px; width:200px;" class="infobox biota"><row style="text-align:center;"><header style="background:#90EE90;">jatropha curca</header></row><row style="text-align:center;"><col><image width="240px" src="Jatropha_curcas1_henning.jpg" /></col></row><row style="background:#90EE90;" /><row style="text-align:center;"><header style="background:#90EE90;"><link ns0:type="simple" ns0:href="../581/53581.xml">scientif classif</link></header></row><row style="text-align:center;"><col><table style="margin:0 auto; text-align:left; background:transparent;" cellpadding="2"><row valign="top" /><row valign="top" /><row valign="top" /><row valign="top" /><row valign="top" /><row valign="top"><col>kingdom</col><col><link ns0:type="simple" ns0:href="../208/23208.xml">plant</link>ae</col></row><row valign="top" /><row valign="top" /><row valign="top" /><row valign="top" /><row valign="top"><col>divis</col><col><link ns0:type="simple" ns0:href="../779/318779.xml">embryophyta</link></col></row><row valign="top" /><row valign="top" /><row valign="top" /><row valign="top" /><row valign="top" /><row valign="top" /><row valign="top" /><row valign="top" /><row valign="top" /><row valign="top"><col>class</col><col><link ns0:type="simple" ns0:href="../485/623485.xml">spermatopsida</link></col></row><row valign="top" /><row valign="top" /><row valign="top" /><row valign="top" /><row valign="top" /><row valign="top"><col>order</col><col><link ns0:type="simple" ns0:href="../970/18970.xml">malpighial</link></col></row><row valign="top" /><row valign="top" /><row valign="top" /><row valign="top" /><row valign="top" /><row valign="top" /><row valign="top" /><row valign="top" /><row valign="top"><col>famili</col><col><link ns0:type="simple" ns0:href="../520/18952520.xml">euphorbiacea</link></col></row><row valign="top" /><row valign="top" /><row valign="top" /><row valign="top" /><row valign="top" /><row valign="top" /><row valign="top"><col>genu</col><col><plant wordnetid="103956922" confidence="0.8"><structure wordnetid="104341686" confidence="0.8"><commercial_enterprise wordnetid="101094725" confidence="0.8"><transaction wordnetid="101106808" confidence="0.8"><production wordnetid="100913705" confidence="0.8"><commerce wordnetid="101090446" confidence="0.8"><crop wordnetid="113085864" confidence="0.8"><group_action wordnetid="101080366" confidence="0.8"><artifact wordnetid="100021939" confidence="0.8"><event wordnetid="100029378" confidence="0.8"><building_complex wordnetid="102914991" confidence="0.8"><act wordnetid="100030358" confidence="0.8"><industry wordnetid="100923444" confidence="0.8"><output wordnetid="100914632" confidence="0.8"><psychological_feature wordnetid="100023100" confidence="0.8"><link ns0:type="simple" ns0:href="../341/892341.xml">jatropha</link></psychological_feature></output></industry></act></building_complex></event></artifact></group_action></crop></commerce></production></transaction></commercial_enterprise></structure></plant></col></row><row valign="top" /><row valign="top" /><row valign="top" /><row valign="top" /><row valign="top" /><row valign="top" /><row valign="top" /><row valign="top" /><row valign="top"><col>speci</col><col>curca</col></row><row valign="top" /></table></col></row><row style="background:#90EE90;" /><row style="background:#90EE90;"><header><link ns0:type="simple" ns0:href="../736/39736.xml">binomi</link></header></row><row style="text-align:center;"><col>jatropha curca<link ns0:type="simple" ns0:href="../233/5233.xml">linnaeu</link></col></row><row style="background:#90EE90;" /><row style="background:#90EE90;" /><row style="background:#90EE90;" /><row style="text-align:center;" /><row style="text-align:center;" /><row style="text-align:center;" /><row style="text-align:center;" /><row style="text-align:center;" /><row style="text-align:center;" /><row style="text-align:center;" /><row style="text-align:center;" /><row style="text-align:center;" /><row style="text-align:center;" /><row style="background:#90EE90;" /></table>jatropha curca barbado nut physic nut perenni poison<link ns0:type="simple" ns0:href="../708/61708.xml">shrub</link>normal high<ref ns0:type="simple" ns0:href="#xpointer(//reflist/entry[@id=%221%22])" />belong<link ns0:type="simple" ns0:href="../520/18952520.xml">euphorbiacea</link>spurg famili uncultiv nonfood wildspeci<p>plant origin<link ns0:type="simple" ns0:href="../121/6121.xml">central america</link><ref ns0:type="simple" ns0:href="#xpointer(//reflist/entry[@id=%222%22])" />wherea ha spread<link ns0:type="simple" ns0:href="../577/66577.xml">tropic</link><link ns0:type="simple" ns0:href="../679/402679.xml">subtrop</link>countri well<ref ns0:type="simple" ns0:href="#xpointer(//reflist/entry[@id=%223%22])" />mainli grown<system wordnetid="108435388" confidence="0.8"><economy wordnetid="108366753" confidence="0.8"><group wordnetid="100031264" confidence="0.8"><link ns0:type="simple" ns0:href="../689/689.xml">asia</link></group></economy></system><region wordnetid="108630985" confidence="0.8"><center wordnetid="108523483" confidence="0.8"><area wordnetid="108497294" confidence="0.8"><see wordnetid="108586825" confidence="0.8"><seat wordnetid="108647945" confidence="0.8"><location wordnetid="100027167" confidence="0.8"><link ns0:type="simple" ns0:href="../607/5334607.xml">africa</link></location></seat></see></area></center></region>pourghr live fenc protect garden field anim<ref ns0:type="simple" ns0:href="#xpointer(//reflist/entry[@id=%224%22])" /></p><p>resist high degre<link ns0:type="simple" ns0:href="../009/560009.xml">arid</link>plant desert<ref ns0:type="simple" ns0:href="#xpointer(//reflist/entry[@id=%225%22])" /><ref ns0:type="simple" ns0:href="#xpointer(//reflist/entry[@id=%226%22])" /><ref ns0:type="simple" ns0:href="#xpointer(//reflist/entry[@id=%227%22])" />doe compet<link ns0:type="simple" ns0:href="../627/627.xml">food crop</link></p><p><link ns0:type="simple" ns0:href="../694/37694.xml">seed</link><link ns0:type="simple" ns0:href="../510/4207510.xml">oil</link><ref ns0:type="simple" ns0:href="#xpointer(//reflist/entry[@id=%228%22])" />process produc highqual<link ns0:type="simple" ns0:href="../551/188551.xml">biodiesel</link>fuel usabl standard<link ns0:type="simple" ns0:href="../540/8540.xml">diesel engin</link></p><sec><st>botan featur</st><p><list><entry level="1" type="bullet"><link ns0:type="simple" ns0:href="../622/18973622.xml">leav</link>larg green palegreen leav</entry><entry level="1" type="bullet"><link ns0:type="simple" ns0:href="../465/4576465.xml">flower</link>femal flower number seed</entry><entry level="1" type="bullet"><link ns0:type="simple" ns0:href="../843/10843.xml">fruit</link>fruit produc winter produc sever crop dure year soil moistur good temperatur suffici high</entry><entry level="1" type="bullet"><link ns0:type="simple" ns0:href="../694/37694.xml">seed</link>seed becom matur capsul chang green yellow</entry></list></p></sec><sec><st>cultiv</st><p><image location="left" width="250px" src="J_curcas_seed_ies.jpg" type="thumb"><caption>jatropha curca seed</caption></image>cultiv uncompl jatropha curca grow<link ns0:type="simple" ns0:href="../317/826317.xml">wasteland</link>grow anywher<link ns0:type="simple" ns0:href="../037/18994037.xml">sand</link><link ns0:type="simple" ns0:href="../092/611092.xml">salin</link><link ns0:type="simple" ns0:href="../738/37738.xml">soil</link>poorest stoni soil grow rock complet germin achiev day ad<link ns0:type="simple" ns0:href="../636/72636.xml">manur</link>dure<link ns0:type="simple" ns0:href="../478/227478.xml">germin</link>ha neg dure phase favour appli germin achiev howev usual multipli cut becaus thi faster result multipl seed flower onli develop termin good ramif plant mani branch produc greatest amount fruit anoth product factor ratio femal male flower infloresc usual femal male flower femal flower fruit<ref ns0:type="simple" ns0:href="#xpointer(//reflist/entry[@id=%229%22])" />jatropha curca thrive mere mm rain year onli dure year doe water close day dri season<link ns0:type="simple" ns0:href="../096/24096.xml">plough</link>plant regularli thi shrub ha life expect approxim forti year pesticid pollut substanc necessari pesticid fungicid properti plant</p><p>jatropha curca start yield month time yield onli year time<ref ns0:type="simple" ns0:href="#xpointer(//reflist/entry[@id=%2210%22])" /></p><p>plant hedg report product jatropha seed meter live fenc seed product ton hectar seed product rang ton hectar year ton hectar year</p></sec><sec><st>propag</st><p>jatropha curca ha limit potenti veget propag usual propag seed crosspollin propag seed lead lot genet variabl term growth biomass seed yield oil content besid problem low viabil recalcitr natur oil seed limit sexual propag hand clonal techniqu will help overcom biolog problem hinder mass propag thi treeborn oilse speci</p><p>jatropha curca propag<link ns0:type="simple" ns0:href="../694/37694.xml">seed</link>well veget propag seed veget thi crop propag<link>stem cut</link><link ns0:type="simple" ns0:href="../493/14080493.xml">graft</link><link ns0:type="simple" ns0:href="../434/381434.xml">bud</link>well<link ns0:type="simple" ns0:href="../083/2064083.xml">air layer</link>techniqu<ref ns0:type="simple" ns0:href="#xpointer(//reflist/entry[@id=%2211%22])" />investig lead recommend cut prefer juvenil plant treat micro gram litr iba ensur highest level root stem cut jatropha curca thu stem cut graft bud air layer method propag potenti protocol commerci propag jatropha curca</p><p><image width="150px" src="Jatrophacurcuscutting.png"><caption>propag jatropha curca stem cut</caption></image><image width="150px" src="Graftingjatrophacurcus.png"><caption>propag jatropha curca graft</caption></image><image width="150px" src="Airlayerjatrophacurcaus.png"><caption>propag jatropha curcu air layer</caption></image></p></sec><sec><st>process</st><p>seed extract simpl<link ns0:type="simple" ns0:href="../572/2508572.xml">univers nut sheller</link><link ns0:type="simple" ns0:href="../450/190450.xml">appropri technolog</link>design<financial_institution wordnetid="108054721" confidence="0.8"><foundation wordnetid="108406486" confidence="0.8"><charity wordnetid="108406619" confidence="0.8"><institution wordnetid="108053576" confidence="0.8"><link ns0:type="simple" ns0:href="../337/2500337.xml">full belli project</link></institution></charity></foundation></financial_institution><ref ns0:type="simple" ns0:href="#xpointer(//reflist/entry[@id=%2212%22])" /></p><p>oil content vari extract<link ns0:type="simple" ns0:href="../859/38859.xml">hectar</link>plantat will<link ns0:type="simple" ns0:href="../185/31185.xml" /><link ns0:type="simple" ns0:href="../185/31185.xml">metric tonn</link>oil soil averag<ref ns0:type="simple" ns0:href="#xpointer(//reflist/entry[@id=%2213%22])" /></p><p>oili seed process<link ns0:type="simple" ns0:href="../998/5544998.xml">oil</link>directli fuel combust engin subject<link ns0:type="simple" ns0:href="../458/190458.xml">transesterif</link>produc biodiesel jatropha oil suitabl human consumpt induc strong<link ns0:type="simple" ns0:href="../183/8507183.xml">vomit</link><link ns0:type="simple" ns0:href="../951/53951.xml">diarrhea</link></p><p><link ns0:type="simple" ns0:href="../038/544038.xml">colour</link>deriv seed</p></sec><sec><st /><ss1><st>biodiesel</st><p><indent level="1">main articl<link ns0:type="simple" ns0:href="../613/5946613.xml">jatropha oil</link></indent></p></ss1><ss1><st /><p>inform thi larg inspir purdu univers center crop plant product websit<ref ns0:type="simple" ns0:href="#xpointer(//reflist/entry[@id=%2214%22])" /><list><entry level="1" type="bullet">leav</entry><entry level="1" type="indent">young leav safe eaten steam stew cook goat meat advantag counteract smell</entry><entry level="1" type="indent">pound leav appli hors eye repel fli india hcn<link ns0:type="simple" ns0:href="../078/42078.xml">hydrogen cyanid</link>leav</entry><entry level="1" type="bullet">flower</entry><entry level="1" type="indent">speci list<link ns0:type="simple" ns0:href="../361/14361.xml">honey</link>plant hcn<ref ns0:type="simple" ns0:href="#xpointer(//reflist/entry[@id=%2215%22])" /></entry><entry level="1" type="bullet">nut</entry><entry level="1" type="indent">sometim roast eaten<link ns0:type="simple" ns0:href="../526/168526.xml">purg</link></entry><entry level="1" type="indent">burn<link ns0:type="simple" ns0:href="../041/451041.xml">candlenut</link>strung grass hcn<ref ns0:type="simple" ns0:href="#xpointer(//reflist/entry[@id=%2216%22])" /></entry><entry level="1" type="indent"><link ns0:type="simple" ns0:href="../770/18978770.xml">contracept</link>south sudan<ref ns0:type="simple" ns0:href="#xpointer(//reflist/entry[@id=%2217%22])" /></entry><entry level="1" type="bullet">seed</entry><entry level="1" type="indent">contracept south sudan<ref ns0:type="simple" ns0:href="#xpointer(//reflist/entry[@id=%2217%22])" /></entry><entry level="1" type="indent">oil ha illumin<link ns0:type="simple" ns0:href="../875/57875.xml">soap</link><link ns0:type="simple" ns0:href="../017/44017.xml">candl</link><link ns0:type="simple" ns0:href="../827/1616827.xml">adulter</link><link ns0:type="simple" ns0:href="../478/22478.xml">oliv oil</link><link ns0:type="simple" ns0:href="../190/172190.xml">turkey red oil</link><link ns0:type="simple" ns0:href="../190/172190.xml">turkey red oil</link>call sulphon sulfat castor oil onli oil complet dispers water ad<link ns0:type="simple" ns0:href="../247/29247.xml">sulfur acid</link>pure jatropha oil<ref ns0:type="simple" ns0:href="#xpointer(//reflist/entry[@id=%2218%22])" />wa synthet<link ns0:type="simple" ns0:href="../514/92514.xml">deterg</link>ordinari<link ns0:type="simple" ns0:href="../875/57875.xml">soap</link>thi allow easi bath oil product formul<link ns0:type="simple" ns0:href="../069/18069.xml">lubric</link>soften<link ns0:type="simple" ns0:href="../179/8179.xml">dye assist</link><ref ns0:type="simple" ns0:href="#xpointer(//reflist/entry[@id=%2219%22])" /></entry><entry level="1" type="indent">seed zone misantla veracruz veri appreci popul food onc boil roast unclear thi exist nontox varieti jatropha mexico central america seed becom edibl onc process cook<ref ns0:type="simple" ns0:href="#xpointer(//reflist/entry[@id=%2220%22])" /></entry><entry level="1" type="indent">similarli report jatropha seed edibl onc embryo ha remov<ref ns0:type="simple" ns0:href="#xpointer(//reflist/entry[@id=%2221%22])" />becaus seed local nontox varieti hcn</entry><entry level="1" type="bullet">root</entry><entry level="1" type="indent">ash salt substitut hcn rotenon<ref ns0:type="simple" ns0:href="#xpointer(//reflist/entry[@id=%2222%22])" /></entry><entry level="1" type="bullet">bark</entry><entry level="1" type="indent">fish poison hcn<ref ns0:type="simple" ns0:href="#xpointer(//reflist/entry[@id=%2223%22])" /></entry><entry level="1" type="bullet">latex</entry><entry level="1" type="indent">strongli inhibit watermelon mosaic viru<ref ns0:type="simple" ns0:href="#xpointer(//reflist/entry[@id=%2224%22])" /></entry><entry level="1" type="bullet">sap</entry><entry level="1" type="indent">stain linen sometim mark<ref ns0:type="simple" ns0:href="#xpointer(//reflist/entry[@id=%2225%22])" /></entry><entry level="1" type="bullet">shrub</entry><entry level="1" type="indent">mexican grow shrub host<link ns0:type="simple" ns0:href="../497/40497.xml">lac insect</link>medicin<link ns0:type="simple" ns0:href="../865/15046865.xml">hepatoprotect</link>antiobes drug pictur lac insect<weblink ns0:type="simple" ns0:href="http://www.sasionline.org/arthzoo/deslac.htm">http wwwsasionlineorgarthzoodeslachtm</weblink>draw insect larva coloni<weblink ns0:type="simple" ns0:href="http://banglapedia.search.com.bd/Images/L_0005A.JPG">http</weblink></entry><entry level="1" type="indent">eros control<ref ns0:type="simple" ns0:href="#xpointer(//reflist/entry[@id=%2226%22])" /><ref ns0:type="simple" ns0:href="#xpointer(//reflist/entry[@id=%2227%22])" /></entry></list></p></ss1></sec><sec><st /><p><list><entry level="1" type="bullet">pinho manso<country wordnetid="108544813" confidence="0.9508927676800064"><link ns0:type="simple" ns0:href="../383/3383.xml">brazil</link></country></entry><entry level="1" type="bullet">tempat<country wordnetid="108544813" confidence="0.9508927676800064"><link ns0:type="simple" ns0:href="../362/21362.xml">nicaragua</link></country></entry><entry level="1" type="bullet">kasla tubatuba tubang bakod<country wordnetid="108544813" confidence="0.9508927676800064"><link ns0:type="simple" ns0:href="../440/23440.xml">philippin</link></country></entry><entry level="1" type="bullet">purg nut</entry><entry level="1" type="bullet">jarak<country wordnetid="108544813" confidence="0.9508927676800064"><link ns0:type="simple" ns0:href="../579/14579.xml">indonesia</link></country></entry><entry level="1" type="bullet">mbono<country wordnetid="108544813" confidence="0.9508927676800064"><link ns0:type="simple" ns0:href="../118/30118.xml">tanzania</link></country></entry><entry level="1" type="bullet">pourghr francophon africa</entry><entry level="1" type="bullet">lahong kwang<country wordnetid="108544813" confidence="0.9508927676800064"><link ns0:type="simple" ns0:href="../751/334751.xml">cambodia</link></country></entry></list></p></sec><sec><st /><p><list><entry level="1" type="bullet"><plant wordnetid="103956922" confidence="0.8"><structure wordnetid="104341686" confidence="0.8"><commercial_enterprise wordnetid="101094725" confidence="0.8"><transaction wordnetid="101106808" confidence="0.8"><production wordnetid="100913705" confidence="0.8"><commerce wordnetid="101090446" confidence="0.8"><crop wordnetid="113085864" confidence="0.8"><group_action wordnetid="101080366" confidence="0.8"><artifact wordnetid="100021939" confidence="0.8"><event wordnetid="100029378" confidence="0.8"><building_complex wordnetid="102914991" confidence="0.8"><act wordnetid="100030358" confidence="0.8"><industry wordnetid="100923444" confidence="0.8"><output wordnetid="100914632" confidence="0.8"><psychological_feature wordnetid="100023100" confidence="0.8"><link ns0:type="simple" ns0:href="../341/892341.xml">jatropha</link></psychological_feature></output></industry></act></building_complex></event></artifact></group_action></crop></commerce></production></transaction></commercial_enterprise></structure></plant></entry><entry level="1" type="bullet"><group_action wordnetid="101080366" confidence="0.8"><commercial_enterprise wordnetid="101094725" confidence="0.8"><transaction wordnetid="101106808" confidence="0.8"><event wordnetid="100029378" confidence="0.8"><output wordnetid="100914632" confidence="0.8"><industry wordnetid="100923444" confidence="0.8"><act wordnetid="100030358" confidence="0.8"><psychological_feature wordnetid="100023100" confidence="0.8"><production wordnetid="100913705" confidence="0.8"><crop wordnetid="113085864" confidence="0.8"><commerce wordnetid="101090446" confidence="0.8"><link ns0:type="simple" ns0:href="../192/5665192.xml">energi crop</link></commerce></crop></production></psychological_feature></act></industry></output></event></transaction></commercial_enterprise></group_action></entry><entry level="1" type="bullet"><link ns0:type="simple" ns0:href="../268/7146268.xml">food crop</link></entry></list></p></sec><sec><st>refer</st><p><list><entry level="1" type="bullet">gadekar kumarsukhadeo prakash depart forestri indira gandhi agricultur univers raipur cg msc forestri thesi veget propag jatropha karanj mahua stem cut graft bud air layer</entry></list></p><p><reflist><entry id="1">jaropha curca africa assess impact dissemin jatropha system ecolog rural area social econom situat rural popul target group select countri africa<weblink ns0:type="simple" ns0:href="http://64.233.183.104/search?q=cache:N5nngDFKCRQJ:www.underutilized-species.org/Documents/PUBLICATIONS/jatropha_curcas_africa.pdf+IPGRI+jatropha+edible hl=en ct=clnk cd=5 gl=uk client=firefox-a">http qcach wwwunderutilizedspeciesorgdocumentspublicationsjatropha_curcas_africapdfipgrijatrophaed hlen ctclnk gluk clientfirefoxa</weblink></entry><entry id="2"><weblink ns0:type="simple" ns0:href="http://www.jatropha.wur.nl/">wageningen ur plant intern</weblink></entry><entry id="3">http wwwjatrophawurnl http jatrophaorgsystemhtm</entry><entry id="4"><weblink ns0:type="simple" ns0:href="http://jatropha.org/system.htm">jatropha system</weblink></entry><entry id="5"><weblink ns0:type="simple" ns0:href="http://www.biodieseltoday.com/whyjatropha.htm">whi jatropha curca</weblink></entry><entry id="6"><weblink ns0:type="simple" ns0:href="http://www.ecoworld.com/home/articles2.cfm?tid=367">jatropha africa fight desert creat wealth</weblink></entry><entry id="7"><weblink ns0:type="simple" ns0:href="http://www.new-ag.info/07/03/focuson/focuson3.php">jatropha creat desert solut</weblink></entry><entry id="8"><weblink ns0:type="simple" ns0:href="http://jatropha.org/system.htm">jatropha system</weblink></entry><entry id="9">gener propag jatropha curca kalahari sand<weblink ns0:type="simple" ns0:href="http://www.jatropha.de/Journal/index.htm">jatropha journal</weblink></entry><entry id="10"><weblink ns0:type="simple" ns0:href="http://www.jatrophaplantsource.com/plantation_and_yeild.html">jatropha curca plant seed supplier export india</weblink></entry><entry id="11"><link>gadekar kumarsukhadeo prakash</link>depart forestri indira gandhi agricultur univers raipur cg msc forestri thesi veget propag jatropha karanj mahua stem cut graft bud air layer</entry><entry id="12"><weblink ns0:type="simple" ns0:href="http://www.fullbellyproject.org">full belli project</weblink></entry><entry id="13"><weblink ns0:type="simple" ns0:href="http://www.svlele.com/jatropha_plant.htm">cultiv jatropha curca</weblink></entry><entry id="14"><weblink ns0:type="simple" ns0:href="http://www.jatropha.de/">purdu universitycent crop plant product</weblink></entry><entry id="15">littl woodburi wadsworth<weblink ns0:type="simple" ns0:href="http://www.jatropha.de/">jatropha websit</weblink></entry><entry id="17">list horhamm<weblink ns0:type="simple" ns0:href="http://www.jatropha.de/">jatropha websit</weblink></entry><entry id="16">watt breyerbrandwijk<weblink ns0:type="simple" ns0:href="http://www.jatropha.de/">jatropha websit</weblink></entry><entry id="19">castoroilin castor oil onlin<weblink ns0:type="simple" ns0:href="http://www.castoroil.in/reference/glossary/turkey_red_oil.html">http wwwcastoroilinreferenceglossaryturkey_red_oilhtml</weblink></entry><entry id="18"><weblink ns0:type="simple" ns0:href="http://www.porwal.net/turkeyredoil.htm">turkey red oil defoam wet agent manur lubric</weblink></entry><entry id="21">levingston zamora cite ipgri assess potenti jatropha curca biodiesel tree energi product develop countries mike beng bengemik aol dot senior agroforestri offic usaid ret juli updat august<weblink ns0:type="simple" ns0:href="http://64.233.183.104/search?q=cache:uvmrYVO5P1oJ:www.echotech.org/mambo/index.php%3Foption%3Dcom_docman%26task%3Ddoc_view%26gid%3D179+chicken+grazing+jatropha hl=en ct=clnk cd=2 gl=uk client=firefox-a">http qcach wwwechotechorgmamboindexphp hlen ctclnk gluk clientfirefoxa</weblink></entry><entry id="20">birgit schmook cite hen assess potenti jatropha curca biodiesel tree energi product develop countries mike beng bengemik aol dot senior agroforestri offic usaid ret juli updat august<weblink ns0:type="simple" ns0:href="http://64.233.183.104/search?q=cache:uvmrYVO5P1oJ:www.echotech.org/mambo/index.php%3Foption%3Dcom_docman%26task%3Ddoc_view%26gid%3D179+chicken+grazing+jatropha hl=en ct=clnk cd=2 gl=uk client=firefox-a">http qcach wwwechotechorgmamboindexphp hlen ctclnk gluk clientfirefoxa</weblink></entry><entry id="23">watt breyerbrandwijk<weblink ns0:type="simple" ns0:href="http://www.jatropha.de/">jatropha websit</weblink></entry><entry id="22">morton</entry><entry id="25">mitchel rook<weblink ns0:type="simple" ns0:href="http://www.jatropha.de/">jatropha websit</weblink></entry><entry id="24">tewari shukla<weblink ns0:type="simple" ns0:href="http://www.jatropha.de/">jatropha websit</weblink></entry><entry id="27">jaropha curca africa assess impact dissemin jatropha system ecolog rural area social econom situat rural popul target group select countri africa<weblink ns0:type="simple" ns0:href="http://64.233.183.104/search?q=cache:N5nngDFKCRQJ:www.underutilized-species.org/Documents/PUBLICATIONS/jatropha_curcas_africa.pdf+IPGRI+jatropha+edible hl=en ct=clnk cd=5 gl=uk client=firefox-a">http qcach wwwunderutilizedspeciesorgdocumentspublicationsjatropha_curcas_africapdfipgrijatrophaed hlen ctclnk gluk clientfirefoxa</weblink></entry><entry id="26"><weblink ns0:type="simple" ns0:href="http://www.mail-archive.com/sustainablelorgbiofuel@sustainablelists.org/msg36875.html">biofuel jatropha book ipgri seri promot underutil crop</weblink></entry></reflist></p></sec><sec><st>extern link</st><p><list><entry level="1" type="bullet"><weblink ns0:type="simple" ns0:href="http://www.nytimes.com/2007/09/09/world/africa/09biofuel.html?_r=1 oref=slogin">mali farmer discov weed potenti power</weblink>york time septemb retriev<link /></entry><entry level="1" type="bullet">integr taxonom inform system iti<weblink ns0:type="simple" ns0:href="http://www.cbif.gc.ca/pls/itisca/next?taxa= p_format= p_ifx= p_lang=en v_tsn=28335">jatropha curca</weblink></entry><entry level="1" type="bullet"><weblink ns0:type="simple" ns0:href="http://www.underutilized-species.org/Documents/PUBLICATIONS/jatropha_curcas_africa.pdf">jaropha curca africa assess impact dissemin jatropha system ecolog rural area social econom situat rural popul target group select countri africa</weblink>annex thi paper econom analysi jcl util tanzania economi jatropha util tanzania data kakut cover smallscal econom data collect seed oil soap</entry></list></p><p><table style=";" class="navbox" cellspacing="0"><row><col style="padding:2px;"><table style="width:100%;background:transparent;color:inherit;;" class="nowraplinks collapsible autocollapse " cellspacing="0"><row><header colspan="3" style=";" class="navbox-title"><link ns0:type="simple" ns0:href="../537/1713537.xml">bioenergi</link></header></row><row style="height:2px;" /><row><col style=";;" class="navbox-group">biofuelsbiofuel</col><col style="text-align:left;border-left:2px solid #fdfdfd;width:100%;padding:0px;;;" class="navbox-list navbox-odd"><link ns0:type="simple" ns0:href="../946/14205946.xml">alga fuel</link><link ns0:type="simple" ns0:href="../470/607470.xml">bagass</link><link ns0:type="simple" ns0:href="../137/4783137.xml">babassu oil</link><point wordnetid="108620061" confidence="0.8"><beginning wordnetid="108507558" confidence="0.8"><location wordnetid="100027167" confidence="0.8"><link ns0:type="simple" ns0:href="../241/6027241.xml">biobutanol</link></location></beginning></point><equivalent wordnetid="105695554" confidence="0.8"><substitute wordnetid="105696425" confidence="0.8"><link ns0:type="simple" ns0:href="../551/188551.xml">biodiesel</link></substitute></equivalent><artifact wordnetid="100021939" confidence="0.8"><merchandise wordnetid="103748886" confidence="0.8"><commodity wordnetid="103076708" confidence="0.8"><link ns0:type="simple" ns0:href="../838/54838.xml">bioga</link></commodity></merchandise></artifact><link ns0:type="simple" ns0:href="../731/14761731.xml">biogasolin</link><link ns0:type="simple" ns0:href="../016/1391016.xml">cellulos ethanol</link><artifact wordnetid="100021939" confidence="0.8"><merchandise wordnetid="103748886" confidence="0.8"><commodity wordnetid="103076708" confidence="0.8"><link ns0:type="simple" ns0:href="../623/608623.xml">ethanol fuel</link></commodity></merchandise></artifact><link ns0:type="simple" ns0:href="../720/3588720.xml">veget oil</link></col><col style="width:0%;padding:0px 0px 0px 2px;" rowspan="9"><image width="120px" src="Sugar_cane_leaves.jpg" /></col></row><row style="height:2px" /><row><col style=";;" class="navbox-group">energi cropsenergi crop</col><col style="text-align:left;border-left:2px solid #fdfdfd;width:100%;padding:0px;;;" class="navbox-list navbox-even"><link ns0:type="simple" ns0:href="../238/493238.xml">chines tallow</link><link ns0:type="simple" ns0:href="../313/963313.xml">hemp</link><link ns0:type="simple" ns0:href="../397/20397.xml">maiz</link><link ns0:type="simple" ns0:href="../545/219545.xml">rapese</link><group_action wordnetid="101080366" confidence="0.8"><commercial_enterprise wordnetid="101094725" confidence="0.8"><transaction wordnetid="101106808" confidence="0.8"><event wordnetid="100029378" confidence="0.8"><output wordnetid="100914632" confidence="0.8"><industry wordnetid="100923444" confidence="0.8"><act wordnetid="100030358" confidence="0.8"><psychological_feature wordnetid="100023100" confidence="0.8"><production wordnetid="100913705" confidence="0.8"><crop wordnetid="113085864" confidence="0.8"><commerce wordnetid="101090446" confidence="0.8"><link ns0:type="simple" ns0:href="../231/6647231.xml">sorghum bicolor</link></commerce></crop></production></psychological_feature></act></industry></output></event></transaction></commercial_enterprise></group_action><link ns0:type="simple" ns0:href="../784/62784.xml">soybean</link><link ns0:type="simple" ns0:href="../107/865107.xml">stover</link><link ns0:type="simple" ns0:href="../594/46594.xml">straw</link><link ns0:type="simple" ns0:href="../779/13873779.xml">sugarcan</link><link ns0:type="simple" ns0:href="../622/57622.xml">sunflow</link></col></row><row style="height:2px" /><row><col style=";;" class="navbox-group">food cropsnon food energi crop</col><col style="text-align:left;border-left:2px solid #fdfdfd;width:100%;padding:0px;;;" class="navbox-list navbox-odd"><group_action wordnetid="101080366" confidence="0.8"><commercial_enterprise wordnetid="101094725" confidence="0.8"><transaction wordnetid="101106808" confidence="0.8"><event wordnetid="100029378" confidence="0.8"><output wordnetid="100914632" confidence="0.8"><industry wordnetid="100923444" confidence="0.8"><act wordnetid="100030358" confidence="0.8"><psychological_feature wordnetid="100023100" confidence="0.8"><production wordnetid="100913705" confidence="0.8"><crop wordnetid="113085864" confidence="0.8"><commerce wordnetid="101090446" confidence="0.8"><link ns0:type="simple" ns0:href="../987/58987.xml">arundo</link></commerce></crop></production></psychological_feature></act></industry></output></event></transaction></commercial_enterprise></group_action><group_action wordnetid="101080366" confidence="0.8"><commercial_enterprise wordnetid="101094725" confidence="0.8"><transaction wordnetid="101106808" confidence="0.8"><event wordnetid="100029378" confidence="0.8"><output wordnetid="100914632" confidence="0.8"><industry wordnetid="100923444" confidence="0.8"><act wordnetid="100030358" confidence="0.8"><psychological_feature wordnetid="100023100" confidence="0.8"><production wordnetid="100913705" confidence="0.8"><crop wordnetid="113085864" confidence="0.8"><commerce wordnetid="101090446" confidence="0.8"><link ns0:type="simple" ns0:href="../543/4476543.xml">energi forestri</link></commerce></crop></production></psychological_feature></act></industry></output></event></transaction></commercial_enterprise></group_action><group_action wordnetid="101080366" confidence="0.8"><commercial_enterprise wordnetid="101094725" confidence="0.8"><transaction wordnetid="101106808" confidence="0.8"><event wordnetid="100029378" confidence="0.8"><output wordnetid="100914632" confidence="0.8"><industry wordnetid="100923444" confidence="0.8"><act wordnetid="100030358" confidence="0.8"><psychological_feature wordnetid="100023100" confidence="0.8"><production wordnetid="100913705" confidence="0.8"><crop wordnetid="113085864" confidence="0.8"><commerce wordnetid="101090446" confidence="0.8"><link ns0:type="simple" ns0:href="../383/10811383.xml">jatropha curca</link></commerce></crop></production></psychological_feature></act></industry></output></event></transaction></commercial_enterprise></group_action><group_action wordnetid="101080366" confidence="0.8"><commercial_enterprise wordnetid="101094725" confidence="0.8"><transaction wordnetid="101106808" confidence="0.8"><event wordnetid="100029378" confidence="0.8"><output wordnetid="100914632" confidence="0.8"><industry wordnetid="100923444" confidence="0.8"><act wordnetid="100030358" confidence="0.8"><psychological_feature wordnetid="100023100" confidence="0.8"><production wordnetid="100913705" confidence="0.8"><crop wordnetid="113085864" confidence="0.8"><commerce wordnetid="101090446" confidence="0.8"><link ns0:type="simple" ns0:href="../316/8202316.xml">miscanthu giganteu</link></commerce></crop></production></psychological_feature></act></industry></output></event></transaction></commercial_enterprise></group_action><group_action wordnetid="101080366" confidence="0.8"><commercial_enterprise wordnetid="101094725" confidence="0.8"><transaction wordnetid="101106808" confidence="0.8"><event wordnetid="100029378" confidence="0.8"><output wordnetid="100914632" confidence="0.8"><industry wordnetid="100923444" confidence="0.8"><act wordnetid="100030358" confidence="0.8"><psychological_feature wordnetid="100023100" confidence="0.8"><production wordnetid="100913705" confidence="0.8"><crop wordnetid="113085864" confidence="0.8"><commerce wordnetid="101090446" confidence="0.8"><link ns0:type="simple" ns0:href="../118/897118.xml">switchgrass</link></commerce></crop></production></psychological_feature></act></industry></output></event></transaction></commercial_enterprise></group_action><point wordnetid="108620061" confidence="0.8"><beginning wordnetid="108507558" confidence="0.8"><location wordnetid="100027167" confidence="0.8"><link ns0:type="simple" ns0:href="../277/580277.xml">wood fuel</link></location></beginning></point></col></row><row style="height:2px" /><row><col style=";;" class="navbox-group">technolog</col><col style="text-align:left;border-left:2px solid #fdfdfd;width:100%;padding:0px;;;" class="navbox-list navbox-even"><link ns0:type="simple" ns0:href="../341/5634341.xml">bioconvers</link><link ns0:type="simple" ns0:href="../491/9774491.xml">biomass heat system</link><occupation wordnetid="100582388" confidence="0.8"><application wordnetid="100949134" confidence="0.8"><technology wordnetid="100949619" confidence="0.8"><event wordnetid="100029378" confidence="0.8"><profession wordnetid="100609953" confidence="0.8"><use wordnetid="100947128" confidence="0.8"><act wordnetid="100030358" confidence="0.8"><psychological_feature wordnetid="100023100" confidence="0.8"><activity wordnetid="100407535" confidence="0.8"><link ns0:type="simple" ns0:href="../397/1637397.xml">biorefineri</link></activity></psychological_feature></act></use></profession></event></technology></application></occupation><link ns0:type="simple" ns0:href="../762/1284762.xml">fischertropsch process</link><link ns0:type="simple" ns0:href="../611/643611.xml">industri biotechnolog</link><plant wordnetid="103956922" confidence="0.8"><structure wordnetid="104341686" confidence="0.8"><artifact wordnetid="100021939" confidence="0.8"><factory wordnetid="103316406" confidence="0.8"><building_complex wordnetid="102914991" confidence="0.8"><link ns0:type="simple" ns0:href="../439/2822439.xml">pellet mill</link></building_complex></factory></artifact></structure></plant><link ns0:type="simple" ns0:href="../057/3216057.xml">pellet stove</link><link ns0:type="simple" ns0:href="../682/213682.xml">thermal depolymer</link></col></row><row style="height:2px" /><row><col style=";;" class="navbox-group">concept</col><col style="text-align:left;border-left:2px solid #fdfdfd;width:100%;padding:0px;;;" class="navbox-list navbox-odd"><link ns0:type="simple" ns0:href="../180/11989180.xml">cellulos ethanol commerci</link><link ns0:type="simple" ns0:href="../339/5997339.xml">energi content biofuel</link><link ns0:type="simple" ns0:href="../320/1228320.xml">eroei</link><link ns0:type="simple" ns0:href="../394/16006394.xml">food fuel</link><link ns0:type="simple" ns0:href="../836/17153836.xml">sustain biofuel</link></col></row></table></col></row></table></p></sec></bdy></commerce></crop></production></psychological_feature></act></industry></output></event></transaction></commercial_enterprise></group_action></plant></article>