<article xmlns:ns0="http://www.w3.org/1999/xlink"><header><title>semiempir mass formula</title><id /><revision><id /><timestamp /><contributor><username>longhair</username><id /></contributor></revision><categories><category>articl lack intext citat</category><category>nuclear physic</category><category>mass</category></categories></header><bdy><p><table class="metadata plainlinks ambox "><row><col>amboxstyl style</col></row><row><col class="mbox-image"><p><image width="50px" src="Text_document_with_red_question_mark.svg" /></p></col><col style="" class="mbox-text">thi articl includ sourc remain unclear becaus lack thi articl introduc precis citat</col></row></table><link ns0:type="simple" ns0:href="../285/21285.xml">nuclear physic</link>semiempir mass formula semf sometim call weizscker formula formula approxim<link ns0:type="simple" ns0:href="../048/19048.xml">mass</link>variou properti<link ns0:type="simple" ns0:href="../411/54411.xml">atom nucleu</link>partial base<link ns0:type="simple" ns0:href="../746/30746.xml">theori</link>partli<link ns0:type="simple" ns0:href="../139/307139.xml">empir</link>measur theori base liquid drop model account term formula rough estim valu coeffici wa formul<country wordnetid="108544813" confidence="0.9508927676800064"><link ns0:type="simple" ns0:href="../867/11867.xml">german</link></country><link ns0:type="simple" ns0:href="../269/23269.xml">physicist</link><link>carl von weizscker</link>refin coeffici year form formula remain today</p><p>thi formula confus<link ns0:type="simple" ns0:href="../520/1876520.xml">mass formula</link>weizscker student<scientist wordnetid="110560637" confidence="0.9508927676800064"><link ns0:type="simple" ns0:href="../821/1157821.xml">burkhard heim</link></scientist></p><p>formula good approxim atom mass sever doe explain appear<link ns0:type="simple" ns0:href="../633/546633.xml">magic number</link></p><sec><st>liquid drop model analysi</st><p>liquid drop model model<link ns0:type="simple" ns0:href="../285/21285.xml">nuclear physic</link>treat<link ns0:type="simple" ns0:href="../411/54411.xml">nucleu</link>drop incompress nuclear fluid propos<scientist wordnetid="110560637" confidence="0.9508927676800064"><link ns0:type="simple" ns0:href="../641/74641.xml">georg gamow</link></scientist>develop<person wordnetid="100007846" confidence="0.9508927676800064"><scientist wordnetid="110560637" confidence="0.9508927676800064"><link ns0:type="simple" ns0:href="../210/21210.xml">niel bohr</link></scientist></person><person wordnetid="100007846" confidence="0.9508927676800064"><scientist wordnetid="110560637" confidence="0.9508927676800064"><link ns0:type="simple" ns0:href="../127/327127.xml">john archibald wheeler</link></scientist></person>fluid<link ns0:type="simple" ns0:href="../961/21961.xml">nucleon</link><link ns0:type="simple" ns0:href="../317/23317.xml">proton</link><link ns0:type="simple" ns0:href="../272/21272.xml">neutron</link>held togeth<link ns0:type="simple" ns0:href="../984/27984.xml">strong nuclear forc</link></p><p>thi crude model doe explain properti nuclei doe explain spheric shape nuclei help predict bind energi nucleu</p><p>mathemat analysi theori deliv equat attempt predict bind energi nucleu term number<link ns0:type="simple" ns0:href="../317/23317.xml">proton</link><link ns0:type="simple" ns0:href="../272/21272.xml">neutron</link>thi equat ha term hand side correspond cohes bind<link ns0:type="simple" ns0:href="../961/21961.xml">nucleon</link><link ns0:type="simple" ns0:href="../984/27984.xml">strong nuclear forc</link><link ns0:type="simple" ns0:href="../328/368328.xml">electrostat</link>mutual repuls proton<link ns0:type="simple" ns0:href="../302/113302.xml">surfac energi</link>term asymmetri term deriv proton neutron occupi independ<link ns0:type="simple" ns0:href="../649/19595649.xml">quantum</link><link ns0:type="simple" ns0:href="../431/20431.xml">momentum</link>pair term partli deriv proton neutron occupi independ<link ns0:type="simple" ns0:href="../649/19595649.xml">quantum</link><link ns0:type="simple" ns0:href="../829/19593829.xml">spin</link></p><p>consid sum follow type energi pictur nucleu drop incompress liquid roughli account observ variat bind energi nucleu</p><p>volum energi assembl nucleon size pack togeth smallest volum interior nucleon ha number nucleon contact thi nuclear energi proport volum</p><p>surfac energi nucleon surfac nucleu interact fewer nucleon interior nucleu henc bind energi thi surfac energi term account therefor neg proport surfac area</p><p><idea wordnetid="105833840" confidence="0.8"><concept wordnetid="105835747" confidence="0.8"><link ns0:type="simple" ns0:href="../060/179060.xml">coulomb</link></concept></idea>energi electr repuls pair proton nucleu contribut decreas bind energi</p><p>asymmetri energi call<person wordnetid="100007846" confidence="0.9508927676800064"><scientist wordnetid="110560637" confidence="0.9508927676800064"><link ns0:type="simple" ns0:href="../972/33972.xml">pauli</link></scientist></person>energi energi associ<idea wordnetid="105833840" confidence="0.8"><concept wordnetid="105835747" confidence="0.8"><link ns0:type="simple" ns0:href="../669/24669.xml">pauli exclus principl</link></concept></idea>wa nt coulomb energi stabl form nuclear matter nz sinc unequ valu impli fill higher energi level type particl leav lower energi level vacant type</p><p>pair energi energi correct term aris tendenc proton pair neutron pair occur number particl stabl odd number</p></sec><sec><st>formula</st><p>follow formula total number<link ns0:type="simple" ns0:href="../961/21961.xml">nucleon</link>number<link ns0:type="simple" ns0:href="../317/23317.xml">proton</link>number<link ns0:type="simple" ns0:href="../272/21272.xml">neutron</link></p><p>mass atom nucleu<indent level="1"><math>m_ m_ frac e_</math></indent><math>m_</math><math>m_</math>rest mass proton neutron respect<math>e_</math><link ns0:type="simple" ns0:href="../769/125769.xml">bind energi</link>nucleu semiempir mass formula bind energi will follow form<indent level="1"><math>e_ a_ a_ a_ frac a_ frac delta</math></indent>term thi formula ha theoret basi will explain</p></sec><sec><st>term</st><ss1><st>volum term</st><p>term<math>a_</math>volum term volum nucleu proport thi term proport volum henc</p><p>basi thi term<link ns0:type="simple" ns0:href="../984/27984.xml">strong nuclear forc</link>strong forc affect proton neutron expect thi term independ becaus number pair particl<math>frac</math>expect term proport<math />howev strong forc ha veri limit rang nucleon onli interact strongli nearest neighbor nearest neighbor therefor number pair particl actual interact roughli proport volum term form</p><p>coeffici<math>a_</math>smaller bind energi nucleon neighbour<math>e_b</math>order<link ns0:type="simple" ns0:href="../598/9598.xml">mev</link>thi becaus bigger number<link ns0:type="simple" ns0:href="../961/21961.xml">nucleon</link>nucleu larger kinet energi pauli<link ns0:type="simple" ns0:href="../828/5424828.xml">exclus principl</link>treat nucleu<link ns0:type="simple" ns0:href="../165/170165.xml">fermi ball</link><math /><link ns0:type="simple" ns0:href="../961/21961.xml">nucleon</link>equal number proton neutron total kinet energi<math>epsilon_f</math><math>epsilon_f</math><link ns0:type="simple" ns0:href="../165/170165.xml">fermi energi</link><link ns0:type="simple" ns0:href="../165/170165.xml#xpointer(//*[./st=%22Nucleus%22])">estim</link><link ns0:type="simple" ns0:href="../598/9598.xml">mev</link>thu expect valu<math>a_</math>thi model<math>e_b epsilon_f sim mathrm mev</math>measur valu</p></ss1><ss1><st>surfac term</st><p>term<math>a_</math>surfac term thi term base strong forc correct volum term</p><p>volum term nucleon interact constant number nucleon independ thi veri nearli true nucleon deep nucleu nucleon surfac nucleu fewer nearest neighbor justifi thi correct thi thought<link ns0:type="simple" ns0:href="../302/113302.xml">surfac tension</link>term inde mechan creat<link ns0:type="simple" ns0:href="../302/113302.xml">surfac tension</link>liquid</p><p>volum nucleu proport radiu proport<math />surfac area<math />thi explain whi surfac term proport<math />deduc<math>a_</math>order magnitud<math>a_v</math></p></ss1><ss1><st>coulomb term</st><p>term<math>a_ frac</math>coulomb electrostat term</p><p>basi thi term<link ns0:type="simple" ns0:href="../809/9809.xml">electrostat repuls</link>proton veri rough approxim nucleu consid sphere uniform<link ns0:type="simple" ns0:href="../804/9804.xml">charg</link>densiti<link ns0:type="simple" ns0:href="../703/23703.xml">potenti energi</link>charg distribut<indent level="1"><math>frac frac pi epsilon_ frac</math></indent>total charg radiu sphere identifi<math />note abov radiu proport<math />close form coulomb term howev becaus electrostat repuls will onli exist proton<math />becom<math /></p><p>valu<math>a_</math>approxim calcul equat abov<link ns0:type="simple" ns0:href="../615/24615.xml">natur unit</link>thi<indent level="1"><math>frac frac alpha</math></indent><math>alpha</math><link ns0:type="simple" ns0:href="../295/49295.xml">fine structur constant</link><math />radiu nucleu<math />approxim<link>femtomet</link>thi<math>a_c</math>approxim theoret valu<link ns0:type="simple" ns0:href="../598/9598.xml">mev</link>measur valu</p></ss1><ss1><st>asymmetri term</st><p><image location="right" width="150px" src="Semf_asymmetric_term.PNG"><caption>illustr basi asymmetr term</caption></image></p><p>term<math>a_ frac</math>asymmetri term theoret justif thi term complex note<math />parenthes express rewritten<math />form<math />depend explicit will import number formula</p><p><idea wordnetid="105833840" confidence="0.8"><concept wordnetid="105835747" confidence="0.8"><link ns0:type="simple" ns0:href="../669/24669.xml">pauli exclus principl</link></concept></idea><link ns0:type="simple" ns0:href="../529/11529.xml">fermion</link>occupi exactli<link ns0:type="simple" ns0:href="../638/279638.xml">quantum</link>energi level onli finit mani quantum avail particl thi nucleu particl ad particl occupi higher energi level increas total energi nucleu decreas bind energi note thi base ani fundament forc<link ns0:type="simple" ns0:href="../579/38579.xml">gravit</link>electromagnet onli pauli exclus principl</p><p>proton neutron distinct type particl occupi differ<link ns0:type="simple" ns0:href="../638/279638.xml">quantum</link>differ pool proton neutron exampl significantli neutron proton nucleu neutron will higher energi avail proton pool move particl neutron pool proton pool word chang neutron proton significantli decreas energi imbal number proton neutron caus energi higher number nucleon thi basi asymmetri term</p><p>actual form asymmetri term deriv model nucleu fermi ball proton neutron total kinet energi<indent level="1"><math>e_k over n_p epsilon_f _p n_n epsilon_f _n</math></indent><math>n_p</math><math>n_n</math>number proton neutron<math>epsilon_f _p</math><math>epsilon_f _n</math><link ns0:type="simple" ns0:href="../165/170165.xml">fermi energi</link>sinc proport<math>n_p</math><math>n_n</math>respect<indent level="1"><math>e_k n_p n_n</math>constant</indent>lead expans differ<math>n_n n_p</math><indent level="1"><math>e_k cover left n_pn_n n_nn_p over n_pn_n right n_nn_p</math></indent>zeroth order expans kinet energi<link ns0:type="simple" ns0:href="../165/170165.xml#xpointer(//*[./st=%22Nucleus%22])">fermi energi</link><math>epsilon_fequiv epsilon_f _p epsilon_f _n</math>multipli<math>n_pn_n</math>thu<indent level="1"><math>e_k epsilon_f n_pn_n epsilon_f n_nn_p over n_pn_n n_nn_p epsilon_f epsilon_f over</math></indent>term contribut volum term semiempir mass formula second term minu asymmetri term rememb kinet energi contribut total bind energi neg sign</p><p><math>epsilon_f</math><link ns0:type="simple" ns0:href="../598/9598.xml">mev</link>calcul<math>a_a</math>equat abov onli half measur valu discrep explain model accur nucleon fact interact spread evenli nucleu exampl<link ns0:type="simple" ns0:href="../609/50609.xml">shell model</link>proton neutron overlap<link ns0:type="simple" ns0:href="../343/145343.xml">wavefunct</link>will greater<link ns0:type="simple" ns0:href="../984/27984.xml">strong interact</link>stronger bind energi thi energet favour ie lower energi proton neutron quantum number<link ns0:type="simple" ns0:href="../218/672218.xml">isospin</link>thu increas energi cost asymmetri</p><p>understand asymmetri term intuit follow depend absolut differ<math />form<math />simpl<link ns0:type="simple" ns0:href="../921/7921.xml">differenti</link>import applic formula addit small differ high energi cost denomin reflect fact differ<math />signific larger valu</p></ss1><ss1><st>pair term</st><p>term<math>delta</math>pair term possibl pairwis interact thi term captur<idea wordnetid="105833840" confidence="0.8"><concept wordnetid="105835747" confidence="0.8"><link ns0:type="simple" ns0:href="../829/19593829.xml">spin</link></concept></idea>coupl</p><p><indent level="1"><math>delta begin case delta_ mbox mbox mbox odd delta_ mbox odd mbox end case</math></indent><indent level="1"><math>delta_ frac a_</math></indent><idea wordnetid="105833840" confidence="0.8"><concept wordnetid="105835747" confidence="0.8"><link ns0:type="simple" ns0:href="../669/24669.xml">pauli exclus principl</link></concept></idea>nucleu lower energi number proton spin will equal number proton spin thi true neutron onli proton neutron equal number spin spin particl thi asymmetri term</p><p>factor<math />easili explain theoret fermi ball calcul abov base<link ns0:type="simple" ns0:href="../343/1085343.xml">liquid drop model</link>neglect interact will<math />depend asymmetri term thi actual larg nuclei will larger expect model thi explain interact nucleon exampl<link ns0:type="simple" ns0:href="../609/50609.xml">shell model</link>proton quantum number<idea wordnetid="105833840" confidence="0.8"><concept wordnetid="105835747" confidence="0.8"><link ns0:type="simple" ns0:href="../829/19593829.xml">spin</link></concept></idea>will complet overlap<link ns0:type="simple" ns0:href="../343/145343.xml">wavefunct</link>will thu greater<link ns0:type="simple" ns0:href="../984/27984.xml">strong interact</link>stronger bind energi thi energet favour ie lower energi proton pair pair opposit spin true neutron</p></ss1></sec><sec><st>calcul coeffici</st><p>coeffici calcul fit experiment measur mass nuclei valu vari depend fit data sever exampl unit<link ns0:type="simple" ns0:href="../881/7566881.xml">mega</link><link ns0:type="simple" ns0:href="../598/9598.xml">electronvolt</link>mev</p><p><table class="wikitable sortable"><header>leastsquar fit</header><header>wapstra</header><header>rohlf</header><row><header><math>a_v</math></header><col /><col /><col /></row><row><header><math>a_</math></header><col /><col /><col /></row><row><header><math>a_c</math></header><col /><col /><col /></row><row><header><math>a_a</math></header><col /><col /><col /></row><row><header><math>a_p</math></header><col /><col>na</col><col>na</col></row><row><header><math>delta</math>eveneven</header><col>na</col><col /><col /></row><row><header><math>delta</math>oddodd</header><col>na</col><col /><col /></row><row><header><math>delta</math>evenodd</header><col>na</col><col /><col /></row></table></p><p><list><entry level="1" type="bullet">wapstra atom mass nuclid wapstra springer</entry><entry level="1" type="bullet">rohlf modern physic jame william rohlf wiley</entry></list></p><p>semiempir mass formula provid good fit heavier nuclei poor fit veri light nuclei especi<link ns0:type="simple" ns0:href="../256/13256.xml" />thi becaus formula doe consid intern<link ns0:type="simple" ns0:href="../609/50609.xml">shell structur</link>nucleu light nuclei usual better model thi structur account</p></sec><sec><st>exampl consequ formula</st><p>maxim respect find number proton stabl nucleu atom weight<indent level="1"><math>a_cov a_a</math></indent>thi roughli light nuclei heavi nuclei better agreement<link ns0:type="simple" ns0:href="../053/23053.xml">natur</link></p><p>substitut abov valu bind energi function atom weight maxim respect nucleu strongli bound ie stabl valu<link ns0:type="simple" ns0:href="../293/125293.xml">copper</link>close<link ns0:type="simple" ns0:href="../734/14734.xml#xpointer(//*[./st=%22Isotopes%22])">measur valu</link><link ns0:type="simple" ns0:href="../274/21274.xml">nickel</link><link ns0:type="simple" ns0:href="../734/14734.xml">iron</link></p></sec><sec><st /><p><list><entry level="1" type="bullet"><link ns0:type="simple" ns0:href="../642/8752642.xml">nuclear structur</link></entry><entry level="1" type="bullet"><link ns0:type="simple" ns0:href="../604/50604.xml">interact boson model</link></entry><entry level="1" type="bullet"><link ns0:type="simple" ns0:href="../609/50609.xml">shell model</link></entry></list></p></sec><sec><st>refer</st><p><list><entry level="1" type="number">rfreedman hyoung univers physic modern physic intern edit sear zemanski isbn</entry><entry level="1" type="number">seliverh elementari introduct nuclear reactor physic john wiley son</entry><entry level="1" type="number"><weblink ns0:type="simple" ns0:href="http://book.nc.chalmers.se/">radiochemistri nuclear chemistri</weblink>gregori choppin janolov liljenzin jan rydberg edit<weblink ns0:type="simple" ns0:href="http://book.nc.chalmers.se/KAPITEL/CH03NY3.PDF">chapter nuclear stabil</weblink><link ns0:type="simple" ns0:href="../077/24077.xml">pdf</link></entry></list></p></sec><sec><st>extern link</st><p><list><entry level="1" type="bullet"><weblink ns0:type="simple" ns0:href="http://hyperphysics.phy-astr.gsu.edu/hbase/nuclear/liqdrop.html">nuclear liquid drop model</weblink></entry><entry level="1" type="bullet"><weblink ns0:type="simple" ns0:href="http://www.phy.uct.ac.za/courses/phy300w/np/ch1/node22.html">semiempir mass formula</weblink></entry><entry level="1" type="bullet"><weblink ns0:type="simple" ns0:href="http://hyperphysics.phy-astr.gsu.edu/hbase/nuclear/liqdrop.html">liquid drop model</weblink><weblink ns0:type="simple" ns0:href="http://hyperphysics.phy-astr.gsu.edu/HBASE/hframe.html">hyperphys</weblink>onlin refer<university wordnetid="108286163" confidence="0.9508927676800064"><link ns0:type="simple" ns0:href="../118/503118.xml">georgia univers</link></university></entry><entry level="1" type="bullet"><weblink ns0:type="simple" ns0:href="http://www.phys.jyu.fi/research/gamma/publications/akthesis/node4.html">liquid drop model paramet fit</weblink>observ excit neutron defici nuclei alex keenan phd thesi<university wordnetid="108286163" confidence="0.9508927676800064"><link ns0:type="simple" ns0:href="../512/156512.xml">univers liverpool</link></university><weblink ns0:type="simple" ns0:href="http://www.phys.jyu.fi/research/gamma/publications/akthesis/thesis.html">html version</weblink></entry></list></p></sec></bdy></article>