<article xmlns:ns0="http://www.w3.org/1999/xlink"><actor confidence="0.9173553029164789" wordnetid="109765278"><presenter confidence="0.9173553029164789" wordnetid="110466387"><header><title>lane smith</title><id /><revision><id /><timestamp /><contributor><username>lightbot</username><id /></contributor></revision><categories><category>american film actor</category><category>tennesse actor</category><category>american televis actor</category><category>death motor neuron diseas</category><category>peopl memphi tennesse</category><category>birth</category><category>death</category></categories></header><bdy><template><name>infobox actor</name><parameters><image width="150px" src="Lane_Smith_as_Perry_White.jpg"><caption>smith perri white loi clark adventur superman</caption></image><occupation><link ns0:type="simple" ns0:href="../753/753.xml">actor</link><link ns0:type="simple" ns0:href="../316/161316.xml" /></occupation><deathdate>june age</deathdate><deathplace><link ns0:type="simple" ns0:href="../277/156277.xml">northridg</link><country wordnetid="108544813" confidence="0.9508927676800064"><link ns0:type="simple" ns0:href="../407/5407.xml">california</link></country></deathplace><birthplace><village wordnetid="108672738" confidence="0.9508927676800064"><link ns0:type="simple" ns0:href="../607/48607.xml">memphi</link></village><region wordnetid="108630985" confidence="0.8"><administrative_district wordnetid="108491826" confidence="0.8"><location wordnetid="100027167" confidence="0.8"><district wordnetid="108552138" confidence="0.8"><country wordnetid="108544813" confidence="0.8"><link ns0:type="simple" ns0:href="../395/30395.xml">tennesse</link></country></district></location></administrative_district></region></birthplace><spouse>debbi benedict death sydn maccal<ref ns0:type="simple" ns0:href="#xpointer(//reflist/entry[@id=%227%22])" />divorc</spouse><name>lane smith</name><birthdate><link ns0:type="simple" ns0:href="../416/1416.xml">april</link><link ns0:type="simple" ns0:href="../673/34673.xml" /></birthdate><birthname>walter lane smith iii</birthname><yearsactive /></parameters></template>thi articl american actor children book illustr<physical_entity wordnetid="100001930" confidence="0.8"><communicator wordnetid="109610660" confidence="0.8"><person wordnetid="100007846" confidence="0.8"><illustrator wordnetid="109812068" confidence="0.8"><causal_agent wordnetid="100007347" confidence="0.8"><artist wordnetid="109812338" confidence="0.8"><writer wordnetid="110794014" confidence="0.8"><creator wordnetid="109614315" confidence="0.8"><link ns0:type="simple" ns0:href="../648/4114648.xml">lane smith illustr</link></creator></writer></artist></causal_agent></illustrator></person></communicator></physical_entity><p>walter lane smith iii born<link ns0:type="simple" ns0:href="../416/1416.xml">april</link><link ns0:type="simple" ns0:href="../673/34673.xml" /><link ns0:type="simple" ns0:href="../816/15816.xml">june</link><link ns0:type="simple" ns0:href="../984/35984.xml" />wa<body wordnetid="107965085" confidence="0.8"><social_group wordnetid="107950920" confidence="0.8"><political_orientation wordnetid="106212839" confidence="0.8"><colony wordnetid="108374049" confidence="0.8"><state wordnetid="108168978" confidence="0.8"><political_unit wordnetid="108359949" confidence="0.8"><group wordnetid="100031264" confidence="0.8"><democracy wordnetid="106217103" confidence="0.8"><link ns0:type="simple" ns0:href="../750/3434750.xml">american</link></democracy></group></political_unit></state></colony></political_orientation></social_group></body><link ns0:type="simple" ns0:href="../753/753.xml">actor</link>best role<fictional_character wordnetid="109587565" confidence="0.8"><imaginary_being wordnetid="109483738" confidence="0.8"><link ns0:type="simple" ns0:href="../908/1252908.xml">perri white</link></imaginary_being></fictional_character><body wordnetid="107965085" confidence="0.8"><social_group wordnetid="107950920" confidence="0.8"><political_orientation wordnetid="106212839" confidence="0.8"><colony wordnetid="108374049" confidence="0.8"><state wordnetid="108168978" confidence="0.8"><political_unit wordnetid="108359949" confidence="0.8"><group wordnetid="100031264" confidence="0.8"><democracy wordnetid="106217103" confidence="0.8"><link ns0:type="simple" ns0:href="../750/3434750.xml">american</link></democracy></group></political_unit></state></colony></political_orientation></social_group></body>televis seri<president wordnetid="110468559" confidence="0.9508927676800064"><person wordnetid="100007846" confidence="0.9508927676800064"><lawyer wordnetid="110249950" confidence="0.9173553029164789"><link ns0:type="simple" ns0:href="../473/25473.xml">richard nixon</link></lawyer></person></president>final day receiv<link ns0:type="simple" ns0:href="../724/142724.xml">golden globe award</link>nomin</p><sec><st>biographi</st><ss1><st>earli life</st><p>lane smith wa born<village wordnetid="108672738" confidence="0.9508927676800064"><link ns0:type="simple" ns0:href="../607/48607.xml">memphi tennesse</link></village>graduat<private_school wordnetid="108411170" confidence="0.8"><school wordnetid="108276720" confidence="0.8"><educational_institution wordnetid="108276342" confidence="0.8"><institution wordnetid="108053576" confidence="0.8"><link ns0:type="simple" ns0:href="../535/3891535.xml">leelanau school</link></institution></educational_institution></school></private_school><link ns0:type="simple" ns0:href="../380/88380.xml">board school</link><link ns0:type="simple" ns0:href="../922/117922.xml">glen arbor michigan</link>enshrin school hall fame<ref ns0:type="simple" ns0:href="#xpointer(//reflist/entry[@id=%221%22])" />spent year board<private_school wordnetid="108411170" confidence="0.9508927676800064"><link ns0:type="simple" ns0:href="../182/1864182.xml">hill school</link></private_school><region wordnetid="108630985" confidence="0.8"><administrative_district wordnetid="108491826" confidence="0.8"><village wordnetid="108672738" confidence="0.8"><location wordnetid="100027167" confidence="0.8"><municipality wordnetid="108626283" confidence="0.8"><settlement wordnetid="108672562" confidence="0.8"><geographical_area wordnetid="108574314" confidence="0.8"><borough wordnetid="108540532" confidence="0.8"><district wordnetid="108552138" confidence="0.8"><urban_area wordnetid="108675967" confidence="0.8"><city wordnetid="108524735" confidence="0.8"><link ns0:type="simple" ns0:href="../401/133401.xml">pottstown pennsylvania</link></city></urban_area></district></borough></geographical_area></settlement></municipality></location></village></administrative_district></region><ref ns0:type="simple" ns0:href="#xpointer(//reflist/entry[@id=%222%22])" />befor studi<school wordnetid="108276720" confidence="0.8"><educational_institution wordnetid="108276342" confidence="0.8"><institution wordnetid="108053576" confidence="0.8"><link ns0:type="simple" ns0:href="../560/437560.xml">actor studio</link></institution></educational_institution></school>late earli<link ns0:type="simple" ns0:href="../148/42148.xml">dustin hoffman</link><link ns0:type="simple" ns0:href="../906/41906.xml">al pacino</link><ref ns0:type="simple" ns0:href="#xpointer(//reflist/entry[@id=%223%22])" /></p></ss1><ss1><st>career</st><p>graduat steadi work york theater befor film debut maidston dure regularli appear small film role includ<movie wordnetid="106613686" confidence="0.9508927676800064"><link ns0:type="simple" ns0:href="../127/1598127.xml">rooster cogburn</link></movie><movie wordnetid="106613686" confidence="0.9508927676800064"><link ns0:type="simple" ns0:href="../935/101935.xml">network</link></movie>televis notabl play us marin vietnam televis miniseri<product wordnetid="104007894" confidence="0.8"><creation wordnetid="103129123" confidence="0.8"><artifact wordnetid="100021939" confidence="0.8"><event wordnetid="100029378" confidence="0.8"><social_event wordnetid="107288639" confidence="0.8"><movie wordnetid="106613686" confidence="0.8"><show wordnetid="106619065" confidence="0.8"><psychological_feature wordnetid="100023100" confidence="0.8"><link ns0:type="simple" ns0:href="../844/7154844.xml">rumor war</link></psychological_feature></show></movie></social_event></event></artifact></creation></product></p><p>major breakthrough signific role<movie wordnetid="106613686" confidence="0.9508927676800064"><link ns0:type="simple" ns0:href="../143/265143.xml">red dawn</link></movie><movie wordnetid="106613686" confidence="0.9508927676800064"><link ns0:type="simple" ns0:href="../449/113449.xml">place heart</link></movie>televis seri<change_of_state wordnetid="100199130" confidence="0.8"><beginning wordnetid="100235435" confidence="0.8"><diversion wordnetid="100426928" confidence="0.8"><event wordnetid="100029378" confidence="0.8"><change wordnetid="100191142" confidence="0.8"><action wordnetid="100037396" confidence="0.8"><show wordnetid="100520257" confidence="0.8"><act wordnetid="100030358" confidence="0.8"><psychological_feature wordnetid="100023100" confidence="0.8"><introduction wordnetid="100238022" confidence="0.8"><entertainment wordnetid="100429048" confidence="0.8"><activity wordnetid="100407535" confidence="0.8"><link ns0:type="simple" ns0:href="../731/14705731.xml" /></activity></entertainment></introduction></psychological_feature></act></show></action></change></event></diversion></beginning></change_of_state>smith gain great recognit portray<president wordnetid="110468559" confidence="0.9508927676800064"><person wordnetid="100007846" confidence="0.9508927676800064"><lawyer wordnetid="110249950" confidence="0.9173553029164789"><link ns0:type="simple" ns0:href="../473/25473.xml">presid richard nixon</link></lawyer></person></president>docudrama final day<magazine wordnetid="106595351" confidence="0.9508927676800064"><link ns0:type="simple" ns0:href="../169/214169.xml">newsweek</link></magazine>prais smith role good nixon despair sorrow predica becom simpli overwhelm smith earn golden globe nomin perform<ref ns0:type="simple" ns0:href="#xpointer(//reflist/entry[@id=%224%22])" />appear origin<link ns0:type="simple" ns0:href="../252/725252.xml">broadway</link>stage product<film_director wordnetid="110088200" confidence="0.9173553029164789"><person wordnetid="100007846" confidence="0.9508927676800064"><writer wordnetid="110794014" confidence="0.9508927676800064"><link ns0:type="simple" ns0:href="../351/8351.xml">david mamet</link></writer></person></film_director><play wordnetid="107007945" confidence="0.9508927676800064"><link ns0:type="simple" ns0:href="../722/589722.xml">glengarri glen ross</link></play><play wordnetid="107007945" confidence="0.9508927676800064"><link ns0:type="simple" ns0:href="../722/589722.xml#xpointer(//*[./st=%22Characters%22])">jame lingk</link></play>role receiv<award wordnetid="106696483" confidence="0.9508927676800064"><link ns0:type="simple" ns0:href="../090/417090.xml">drama desk award</link></award></p><p>appear<movie wordnetid="106613686" confidence="0.9508927676800064"><link ns0:type="simple" ns0:href="../800/851800.xml">air america</link></movie>play senat year play smalltown<link ns0:type="simple" ns0:href="../653/402653.xml">district attorney</link>opposit<actor wordnetid="109765278" confidence="0.9508927676800064"><link ns0:type="simple" ns0:href="../463/277463.xml">joe pesci</link></actor><movie wordnetid="106613686" confidence="0.9508927676800064"><link ns0:type="simple" ns0:href="../616/324616.xml">cousin vinni</link></movie>follow role coach jack reilli<movie wordnetid="106613686" confidence="0.9508927676800064"><link ns0:type="simple" ns0:href="../592/552592.xml">mighti duck</link></movie>howev wa smith land major televis role<fictional_character wordnetid="109587565" confidence="0.8"><imaginary_being wordnetid="109483738" confidence="0.8"><link ns0:type="simple" ns0:href="../908/1252908.xml">perri white</link></imaginary_being></fictional_character>season befor smith final film appear wa<movie wordnetid="106613686" confidence="0.9508927676800064"><link ns0:type="simple" ns0:href="../408/1525408.xml">legend bagger vanc</link></movie></p></ss1><ss1><st>person life</st><p>smith wa marri marriag wa writer sydn maccal coupl son togeth robbi smith born<link ns0:type="simple" ns0:href="../954/15954.xml">januari</link><link ns0:type="simple" ns0:href="../760/34760.xml" />remarri ruth benedict son previou marriag</p><p>smith wa previous relationship actress<actor wordnetid="109765278" confidence="0.9508927676800064"><link ns0:type="simple" ns0:href="../003/2395003.xml">mariett hartley</link></actor>befor split<ref ns0:type="simple" ns0:href="#xpointer(//reflist/entry[@id=%225%22])" /></p></ss1><ss1><st>death</st><p>smith wa diagnos<link ns0:type="simple" ns0:href="../577/19375577.xml">lou gehrig diseas</link>april die diseas<link ns0:type="simple" ns0:href="../584/81584.xml">northridg california</link><link ns0:type="simple" ns0:href="../816/15816.xml">june</link><link ns0:type="simple" ns0:href="../984/35984.xml" />wa year</p></ss1></sec><sec><st>filmographi</st><p><table style="margin: 1em 1em 1em 0; background: #f9f9f9; border: 1px #aaa solid; border-collapse: collapse; font-size: 90%;" cellpadding="4" border="2" cellspacing="0"><row align="center" bgcolor="#CCCCCC"><header colspan="4" style="background: LightSteelBlue;">film</header></row><row align="center" bgcolor="#CCCCCC"><header>year</header><header>film</header><header>role</header><header>note</header></row><row><col><fundamental_quantity wordnetid="113575869" confidence="0.8"><time_period wordnetid="115113229" confidence="0.8"><year wordnetid="115203791" confidence="0.8"><link ns0:type="simple" ns0:href="../690/171690.xml" /></year></time_period></fundamental_quantity></col><col>unholi matrimoni</col><col>partygo</col><col>uncredit role</col></row><row><col><fundamental_quantity wordnetid="113575869" confidence="0.8"><time_period wordnetid="115113229" confidence="0.8"><year wordnetid="115203791" confidence="0.8"><link ns0:type="simple" ns0:href="../683/171683.xml" /></year></time_period></fundamental_quantity></col><col><product wordnetid="104007894" confidence="0.8"><creation wordnetid="103129123" confidence="0.8"><artifact wordnetid="100021939" confidence="0.8"><event wordnetid="100029378" confidence="0.8"><social_event wordnetid="107288639" confidence="0.8"><movie wordnetid="106613686" confidence="0.8"><show wordnetid="106619065" confidence="0.8"><psychological_feature wordnetid="100023100" confidence="0.8"><link ns0:type="simple" ns0:href="../481/4586481.xml">maidston</link></psychological_feature></show></movie></social_event></event></artifact></creation></product></col></row><row><col rowspan="2"><fundamental_quantity wordnetid="113575869" confidence="0.8"><time_period wordnetid="115113229" confidence="0.8"><year wordnetid="115203791" confidence="0.8"><link ns0:type="simple" ns0:href="../673/171673.xml" /></year></time_period></fundamental_quantity></col><col><movie wordnetid="106613686" confidence="0.9508927676800064"><link ns0:type="simple" ns0:href="../144/10424144.xml">american hero</link></movie></col><col>rick penni</col></row><row><col><link ns0:type="simple" ns0:href="../563/5083563.xml">cop robber</link></col><col>perpetr</col></row><row><col><fundamental_quantity wordnetid="113575869" confidence="0.8"><time_period wordnetid="115113229" confidence="0.8"><year wordnetid="115203791" confidence="0.8"><link ns0:type="simple" ns0:href="../671/171671.xml" /></year></time_period></fundamental_quantity></col><col>man swing</col><col>virginia de leo</col></row><row><col><fundamental_quantity wordnetid="113575869" confidence="0.8"><time_period wordnetid="115113229" confidence="0.8"><year wordnetid="115203791" confidence="0.8"><link ns0:type="simple" ns0:href="../668/171668.xml" /></year></time_period></fundamental_quantity></col><col><movie wordnetid="106613686" confidence="0.9508927676800064"><link ns0:type="simple" ns0:href="../127/1598127.xml">rooster cogburn</link></movie></col><col>leroy</col></row><row><col><fundamental_quantity wordnetid="113575869" confidence="0.8"><time_period wordnetid="115113229" confidence="0.8"><year wordnetid="115203791" confidence="0.8"><link ns0:type="simple" ns0:href="../667/171667.xml" /></year></time_period></fundamental_quantity></col><col><movie wordnetid="106613686" confidence="0.9508927676800064"><link ns0:type="simple" ns0:href="../935/101935.xml">network</link></movie></col><col>robert mcdonough</col></row><row><col rowspan="2"><fundamental_quantity wordnetid="113575869" confidence="0.8"><time_period wordnetid="115113229" confidence="0.8"><year wordnetid="115203791" confidence="0.8"><link ns0:type="simple" ns0:href="../659/171659.xml" /></year></time_period></fundamental_quantity></col><col /><col>roy walsh</col></row><row><col><movie wordnetid="106613686" confidence="0.9508927676800064"><link ns0:type="simple" ns0:href="../587/1632587.xml">bad news bear break train</link></movie></col><col>offic mackl</col></row><row><col rowspan="2"><fundamental_quantity wordnetid="113575869" confidence="0.8"><time_period wordnetid="115113229" confidence="0.8"><year wordnetid="115203791" confidence="0.8"><link ns0:type="simple" ns0:href="../657/171657.xml" /></year></time_period></fundamental_quantity></col><col><movie wordnetid="106613686" confidence="0.9508927676800064"><link ns0:type="simple" ns0:href="../727/3374727.xml">blue collar</link></movie></col><col>clarenc hill</col></row><row><col>yard</col><col>blake</col></row><row><col rowspan="4"><fundamental_quantity wordnetid="113575869" confidence="0.8"><time_period wordnetid="115113229" confidence="0.8"><year wordnetid="115203791" confidence="0.8"><link ns0:type="simple" ns0:href="../652/171652.xml" /></year></time_period></fundamental_quantity></col><col>soggi bottom usa</col><col>smilin jack</col></row><row><col>nickel</col><col>preacher</col></row><row><col><movie wordnetid="106613686" confidence="0.9508927676800064"><link ns0:type="simple" ns0:href="../898/17593898.xml">honeysuckl rose</link></movie></col><col>brag cotton manag</col></row><row><col><movie wordnetid="106613686" confidence="0.9508927676800064"><link ns0:type="simple" ns0:href="../370/240370.xml">resurrect</link></movie></col><col>don</col></row><row><col><fundamental_quantity wordnetid="113575869" confidence="0.8"><time_period wordnetid="115113229" confidence="0.8"><year wordnetid="115203791" confidence="0.8"><link ns0:type="simple" ns0:href="../651/171651.xml" /></year></time_period></fundamental_quantity></col><col><movie wordnetid="106613686" confidence="0.9508927676800064"><link ns0:type="simple" ns0:href="../111/1353111.xml">princ citi</link></movie></col><col>tug barn</col></row><row><col><fundamental_quantity wordnetid="113575869" confidence="0.8"><time_period wordnetid="115113229" confidence="0.8"><year wordnetid="115203791" confidence="0.8"><link ns0:type="simple" ns0:href="../649/171649.xml" /></year></time_period></fundamental_quantity></col><col><movie wordnetid="106613686" confidence="0.9508927676800064"><link ns0:type="simple" ns0:href="../528/242528.xml">franc</link></movie></col><col>dr symington</col></row><row><col rowspan="3"><fundamental_quantity wordnetid="113575869" confidence="0.8"><time_period wordnetid="115113229" confidence="0.8"><year wordnetid="115203791" confidence="0.8"><link ns0:type="simple" ns0:href="../620/171620.xml" /></year></time_period></fundamental_quantity></col><col>purpl heart</col><col>cmdr markel</col></row><row><col><movie wordnetid="106613686" confidence="0.9508927676800064"><link ns0:type="simple" ns0:href="../143/265143.xml">red dawn</link></movie></col><col>mayor bate</col></row><row><col><movie wordnetid="106613686" confidence="0.9508927676800064"><link ns0:type="simple" ns0:href="../449/113449.xml">place heart</link></movie></col><col>albert denbi</col></row><row><col><fundamental_quantity wordnetid="113575869" confidence="0.8"><time_period wordnetid="115113229" confidence="0.8"><year wordnetid="115203791" confidence="0.8"><link ns0:type="simple" ns0:href="../612/171612.xml" /></year></time_period></fundamental_quantity></col><col>nativ son</col><col>britton</col></row><row><col><fundamental_quantity wordnetid="113575869" confidence="0.8"><time_period wordnetid="115113229" confidence="0.8"><year wordnetid="115203791" confidence="0.8"><link ns0:type="simple" ns0:href="../293/171293.xml" /></year></time_period></fundamental_quantity></col><col><movie wordnetid="106613686" confidence="0.9508927676800064"><link ns0:type="simple" ns0:href="../707/12495707.xml">weed</link></movie></col><col>claud</col></row><row><col><fundamental_quantity wordnetid="113575869" confidence="0.8"><time_period wordnetid="115113229" confidence="0.8"><year wordnetid="115203791" confidence="0.8"><link ns0:type="simple" ns0:href="../292/171292.xml" /></year></time_period></fundamental_quantity></col><col><movie wordnetid="106613686" confidence="0.9508927676800064"><link ns0:type="simple" ns0:href="../355/6150355.xml">prison</link></movie></col><col>warden eaton sharp</col></row><row><col rowspan="2"><fundamental_quantity wordnetid="113575869" confidence="0.8"><time_period wordnetid="115113229" confidence="0.8"><year wordnetid="115203791" confidence="0.8"><link ns0:type="simple" ns0:href="../279/171279.xml" /></year></time_period></fundamental_quantity></col><col>race glori</col><col>joe gifford</col></row><row><col><product wordnetid="104007894" confidence="0.8"><creation wordnetid="103129123" confidence="0.8"><artifact wordnetid="100021939" confidence="0.8"><event wordnetid="100029378" confidence="0.8"><social_event wordnetid="107288639" confidence="0.8"><movie wordnetid="106613686" confidence="0.8"><show wordnetid="106619065" confidence="0.8"><psychological_feature wordnetid="100023100" confidence="0.8"><link ns0:type="simple" ns0:href="../104/11883104.xml">night game</link></psychological_feature></show></movie></social_event></event></artifact></creation></product></col><col>witti</col></row><row><col><fundamental_quantity wordnetid="113575869" confidence="0.8"><time_period wordnetid="115113229" confidence="0.8"><year wordnetid="115203791" confidence="0.8"><link ns0:type="simple" ns0:href="../259/171259.xml" /></year></time_period></fundamental_quantity></col><col><movie wordnetid="106613686" confidence="0.9508927676800064"><link ns0:type="simple" ns0:href="../800/851800.xml">air america</link></movie></col><col>senat davenport</col></row><row><col rowspan="3"><fundamental_quantity wordnetid="113575869" confidence="0.8"><time_period wordnetid="115113229" confidence="0.8"><year wordnetid="115203791" confidence="0.8"><link ns0:type="simple" ns0:href="../581/171581.xml" /></year></time_period></fundamental_quantity></col><col><movie wordnetid="106613686" confidence="0.9508927676800064"><link ns0:type="simple" ns0:href="../616/324616.xml">cousin vinni</link></movie></col><col>da jim trotter iii</col></row><row><col><movie wordnetid="106613686" confidence="0.9508927676800064"><link ns0:type="simple" ns0:href="../592/552592.xml">mighti duck</link></movie></col><col>coach jack reilli</col></row><row><col><movie wordnetid="106613686" confidence="0.9508927676800064"><link ns0:type="simple" ns0:href="../527/2930527.xml">distinguish gentleman</link></movie></col><col>dick dodg</col></row><row><col><fundamental_quantity wordnetid="113575869" confidence="0.8"><time_period wordnetid="115113229" confidence="0.8"><year wordnetid="115203791" confidence="0.8"><link ns0:type="simple" ns0:href="../575/171575.xml" /></year></time_period></fundamental_quantity></col><col><movie wordnetid="106613686" confidence="0.9508927676800064"><link ns0:type="simple" ns0:href="../953/3779953.xml">son law</link></movie></col><col>walter warner</col></row><row><col rowspan="2"><fundamental_quantity wordnetid="113575869" confidence="0.8"><time_period wordnetid="115113229" confidence="0.8"><year wordnetid="115203791" confidence="0.8"><link ns0:type="simple" ns0:href="../019/171019.xml" /></year></time_period></fundamental_quantity></col><col>flight dove</col><col>stephen hahn</col></row><row><col><movie wordnetid="106613686" confidence="0.9508927676800064"><link ns0:type="simple" ns0:href="../824/2501824.xml">scout</link></movie></col><col>ron wilson</col></row><row><col><fundamental_quantity wordnetid="113575869" confidence="0.8"><time_period wordnetid="115113229" confidence="0.8"><year wordnetid="115203791" confidence="0.8"><link ns0:type="simple" ns0:href="../568/169568.xml" /></year></time_period></fundamental_quantity></col><col><movie wordnetid="106613686" confidence="0.9508927676800064"><link ns0:type="simple" ns0:href="../821/1352821.xml">war</link></movie></col><col>uncredit role</col></row><row><col rowspan="3"><fundamental_quantity wordnetid="113575869" confidence="0.8"><time_period wordnetid="115113229" confidence="0.8"><year wordnetid="115203791" confidence="0.8"><link ns0:type="simple" ns0:href="../574/169574.xml" /></year></time_period></fundamental_quantity></col><col>person</col><col>dr maddi</col></row><row><col><movie wordnetid="106613686" confidence="0.9508927676800064"><link ns0:type="simple" ns0:href="../798/2862798.xml">whi fool fall love</link></movie></col><col>ezra grahm</col></row><row><col><link ns0:type="simple" ns0:href="../372/12501372.xml">hilo countri</link></col><col>steve shaw</col></row><row><col rowspan="2"><fundamental_quantity wordnetid="113575869" confidence="0.8"><time_period wordnetid="115113229" confidence="0.8"><year wordnetid="115203791" confidence="0.8"><link ns0:type="simple" ns0:href="../091/167091.xml" /></year></time_period></fundamental_quantity></col><col>capric</col><col>thunderhead<ref ns0:type="simple" ns0:href="#xpointer(//reflist/entry[@id=%226%22])" /></col></row><row><col><movie wordnetid="106613686" confidence="0.9508927676800064"><link ns0:type="simple" ns0:href="../408/1525408.xml">legend bagger vanc</link></movie></col><col><physical_entity wordnetid="100001930" confidence="0.8"><communicator wordnetid="109610660" confidence="0.8"><person wordnetid="100007846" confidence="0.8"><sports_writer wordnetid="110640084" confidence="0.8"><announcer wordnetid="109795334" confidence="0.8"><intellectual wordnetid="109621545" confidence="0.8"><alumnus wordnetid="109786338" confidence="0.8"><causal_agent wordnetid="100007347" confidence="0.8"><writer wordnetid="110794014" confidence="0.8"><scholar wordnetid="110557854" confidence="0.8"><journalist wordnetid="110224578" confidence="0.8"><link ns0:type="simple" ns0:href="../910/732910.xml">grantland rice</link></journalist></scholar></writer></causal_agent></alumnus></intellectual></announcer></sports_writer></person></communicator></physical_entity></col></row><row align="center" bgcolor="#CCCCCC"><header colspan="4" style="background: LightSteelBlue;">televis</header></row><row align="center" bgcolor="#CCCCCC"><header>year</header><header>titl</header><header>role</header><header>note</header></row><row><col rowspan="2" /><col><series wordnetid="108457976" confidence="0.9508927676800064"><link ns0:type="simple" ns0:href="../491/743491.xml">kojak</link></series></col><col>clyde regan</col><col>episod queen gypsi</col></row><row><col><product wordnetid="104007894" confidence="0.8"><creation wordnetid="103129123" confidence="0.8"><artifact wordnetid="100021939" confidence="0.8"><event wordnetid="100029378" confidence="0.8"><social_event wordnetid="107288639" confidence="0.8"><movie wordnetid="106613686" confidence="0.8"><show wordnetid="106619065" confidence="0.8"><psychological_feature wordnetid="100023100" confidence="0.8"><link ns0:type="simple" ns0:href="../486/17792486.xml">valley forg</link></psychological_feature></show></movie></social_event></event></artifact></creation></product></col><col>spad</col><col><network wordnetid="108434259" confidence="0.9508927676800064"><link ns0:type="simple" ns0:href="../780/21780.xml">nbc</link></network><link ns0:type="simple" ns0:href="../342/164342.xml">tvmovi</link></col></row><row><col /><col><series wordnetid="108457976" confidence="0.9508927676800064"><link ns0:type="simple" ns0:href="../362/288362.xml">rockford file</link></series></col><col>willet cia agent donnegan</col></row><row><col rowspan="2" /><col>displac person</col><col><link ns0:type="simple" ns0:href="../342/164342.xml">tvmovi</link></col></row><row><col>courtmarti georg armstrong custer</col><col><network wordnetid="108434259" confidence="0.9508927676800064"><link ns0:type="simple" ns0:href="../780/21780.xml">nbc</link></network><link ns0:type="simple" ns0:href="../342/164342.xml">tvmovi</link></col></row><row><col rowspan="2" /><col>death canaan</col><col>bob hartman</col><col><network wordnetid="108434259" confidence="0.9508927676800064"><link ns0:type="simple" ns0:href="../653/37653.xml">cb</link></network><link ns0:type="simple" ns0:href="../342/164342.xml">tvmovi</link></col></row><row><col><product wordnetid="104007894" confidence="0.8"><creation wordnetid="103129123" confidence="0.8"><artifact wordnetid="100021939" confidence="0.8"><event wordnetid="100029378" confidence="0.8"><social_event wordnetid="107288639" confidence="0.8"><movie wordnetid="106613686" confidence="0.8"><show wordnetid="106619065" confidence="0.8"><psychological_feature wordnetid="100023100" confidence="0.8"><link ns0:type="simple" ns0:href="../099/16200099.xml">crash</link></psychological_feature></show></movie></social_event></event></artifact></creation></product></col><col><network wordnetid="108434259" confidence="0.9508927676800064"><link ns0:type="simple" ns0:href="../027/62027.xml">abc</link></network><link ns0:type="simple" ns0:href="../342/164342.xml">tvmovi</link></col></row><row><col rowspan="2" /><col>solitari man</col><col>jack collin</col><col><network wordnetid="108434259" confidence="0.9508927676800064"><link ns0:type="simple" ns0:href="../653/37653.xml">cb</link></network><link ns0:type="simple" ns0:href="../342/164342.xml">tvmovi</link></col></row><row><col>disast coastlin</col><col>john carlson</col><col><network wordnetid="108434259" confidence="0.9508927676800064"><link ns0:type="simple" ns0:href="../027/62027.xml">abc</link></network><link ns0:type="simple" ns0:href="../342/164342.xml">tvmovi</link></col></row><row><col rowspan="5" /><col>citi fear</col><col>brian</col><col><network wordnetid="108434259" confidence="0.9508927676800064"><link ns0:type="simple" ns0:href="../027/62027.xml">abc</link></network><link ns0:type="simple" ns0:href="../342/164342.xml">tvmovi</link></col></row><row><col>gideon trumpet</col><col><person wordnetid="100007846" confidence="0.9508927676800064"><link ns0:type="simple" ns0:href="../207/982207.xml">fred turner</link></person></col><col><network wordnetid="108434259" confidence="0.9508927676800064"><link ns0:type="simple" ns0:href="../653/37653.xml">cb</link></network><link ns0:type="simple" ns0:href="../342/164342.xml">tvmovi</link></col></row><row><col><product wordnetid="104007894" confidence="0.8"><creation wordnetid="103129123" confidence="0.8"><artifact wordnetid="100021939" confidence="0.8"><event wordnetid="100029378" confidence="0.8"><social_event wordnetid="107288639" confidence="0.8"><movie wordnetid="106613686" confidence="0.8"><show wordnetid="106619065" confidence="0.8"><psychological_feature wordnetid="100023100" confidence="0.8"><link ns0:type="simple" ns0:href="../844/7154844.xml">rumor war</link></psychological_feature></show></movie></social_event></event></artifact></creation></product></col><col>sgt william holgren</col><col><network wordnetid="108434259" confidence="0.9508927676800064"><link ns0:type="simple" ns0:href="../653/37653.xml">cb</link></network><link ns0:type="simple" ns0:href="../712/350712.xml">miniseri</link></col></row><row><col>georgia peach</col><col>randolph dukan</col><col><network wordnetid="108434259" confidence="0.9508927676800064"><link ns0:type="simple" ns0:href="../653/37653.xml">cb</link></network><link ns0:type="simple" ns0:href="../342/164342.xml">tvmovi</link>unsold<link ns0:type="simple" ns0:href="../572/396572.xml">tvpilot</link></col></row><row><col>mark love</col><col>don payer</col><col><network wordnetid="108434259" confidence="0.9508927676800064"><link ns0:type="simple" ns0:href="../653/37653.xml">cb</link></network><link ns0:type="simple" ns0:href="../342/164342.xml">tvmovi</link></col></row><row><col rowspan="3" /><col><series wordnetid="108457976" confidence="0.9508927676800064"><link ns0:type="simple" ns0:href="../434/99434.xml">dalla</link></series></col><col>prosecutor</col></row><row><col><movie wordnetid="106613686" confidence="0.9508927676800064"><link ns0:type="simple" ns0:href="../511/13832511.xml">dark night scarecrow</link></movie></col><col>harless hocker</col><col><network wordnetid="108434259" confidence="0.9508927676800064"><link ns0:type="simple" ns0:href="../653/37653.xml">cb</link></network><link ns0:type="simple" ns0:href="../342/164342.xml">tvmovi</link></col></row><row><col><series wordnetid="108457976" confidence="0.9508927676800064"><link ns0:type="simple" ns0:href="../102/1256102.xml">hart hart</link></series></col><col>roy hamlin</col><col>episod hart sinker</col></row><row><col rowspan="5" /><col>prime suspect</col><col>tom keat</col><col><network wordnetid="108434259" confidence="0.9508927676800064"><link ns0:type="simple" ns0:href="../653/37653.xml">cb</link></network><link ns0:type="simple" ns0:href="../342/164342.xml">tvmovi</link></col></row><row><col>shalt kill</col><col>clarenc blake</col><col><network wordnetid="108434259" confidence="0.9508927676800064"><link ns0:type="simple" ns0:href="../780/21780.xml">nbc</link></network><link ns0:type="simple" ns0:href="../342/164342.xml">tvmovi</link></col></row><row><col><series wordnetid="108457976" confidence="0.9508927676800064"><link ns0:type="simple" ns0:href="../556/1024556.xml">lou grant</link></series></col><col>dr lawrenc</col><col>episod unthink</col></row><row><col><series wordnetid="108457976" confidence="0.9508927676800064"><link ns0:type="simple" ns0:href="../561/442561.xml">quinci me</link></series></col><col>dr paul flynn</col><col>episod scienc sale</col></row><row><col><literary_composition wordnetid="106364329" confidence="0.8"><dramatic_composition wordnetid="107007684" confidence="0.8"><play wordnetid="107007945" confidence="0.8"><written_communication wordnetid="106349220" confidence="0.8"><writing wordnetid="106362953" confidence="0.8"><fiction wordnetid="106367107" confidence="0.8"><novel wordnetid="106367879" confidence="0.8"><link ns0:type="simple" ns0:href="../113/187113.xml#xpointer(//*[./st=%22Adaptations%22])">member</link></novel></fiction></writing></written_communication></play></dramatic_composition></literary_composition></col><col>mr addam</col><col><link ns0:type="simple" ns0:href="../342/164342.xml">tvmovi</link></col></row><row><col rowspan="2" /><col><movie wordnetid="106613686" confidence="0.9508927676800064"><link ns0:type="simple" ns0:href="../062/920062.xml">special bulletin</link></movie></col><col>morton sander</col><col><network wordnetid="108434259" confidence="0.9508927676800064"><link ns0:type="simple" ns0:href="../780/21780.xml">nbc</link></network><link ns0:type="simple" ns0:href="../342/164342.xml">tvmovi</link></col></row><row><col><product wordnetid="104007894" confidence="0.8"><creation wordnetid="103129123" confidence="0.8"><artifact wordnetid="100021939" confidence="0.8"><event wordnetid="100029378" confidence="0.8"><social_event wordnetid="107288639" confidence="0.8"><movie wordnetid="106613686" confidence="0.8"><show wordnetid="106619065" confidence="0.8"><psychological_feature wordnetid="100023100" confidence="0.8"><link ns0:type="simple" ns0:href="../200/18062200.xml">chief</link></psychological_feature></show></movie></social_event></event></artifact></creation></product></col><col>hoss spenc</col><col><network wordnetid="108434259" confidence="0.9508927676800064"><link ns0:type="simple" ns0:href="../653/37653.xml">cb</link></network><link ns0:type="simple" ns0:href="../712/350712.xml">miniseri</link></col></row><row><col /><col><movie wordnetid="106613686" confidence="0.9508927676800064"><link ns0:type="simple" ns0:href="../170/2606170.xml">someth amelia</link></movie></col><col>offic deali</col><col><network wordnetid="108434259" confidence="0.9508927676800064"><link ns0:type="simple" ns0:href="../027/62027.xml">abc</link></network><link ns0:type="simple" ns0:href="../342/164342.xml">tvmovi</link></col></row><row><col /><col><change_of_state wordnetid="100199130" confidence="0.8"><beginning wordnetid="100235435" confidence="0.8"><diversion wordnetid="100426928" confidence="0.8"><event wordnetid="100029378" confidence="0.8"><change wordnetid="100191142" confidence="0.8"><action wordnetid="100037396" confidence="0.8"><show wordnetid="100520257" confidence="0.8"><act wordnetid="100030358" confidence="0.8"><psychological_feature wordnetid="100023100" confidence="0.8"><introduction wordnetid="100238022" confidence="0.8"><entertainment wordnetid="100429048" confidence="0.8"><activity wordnetid="100407535" confidence="0.8"><link ns0:type="simple" ns0:href="../731/14705731.xml" /></activity></entertainment></introduction></psychological_feature></act></show></action></change></event></diversion></beginning></change_of_state></col><col>nathan bate</col></row><row><col rowspan="3" /><col><series wordnetid="108457976" confidence="0.9508927676800064"><link ns0:type="simple" ns0:href="../208/203208.xml">hill street blue</link></series></col><col>mike</col></row><row><col>beverli hill cowgirl blue</col><col>captain max rosenberg</col><col><network wordnetid="108434259" confidence="0.9508927676800064"><link ns0:type="simple" ns0:href="../653/37653.xml">cb</link></network><link ns0:type="simple" ns0:href="../342/164342.xml">tvmovi</link></col></row><row><col>bridg time</col><col>anson whitfield</col><col><network wordnetid="108434259" confidence="0.9508927676800064"><link ns0:type="simple" ns0:href="../780/21780.xml">nbc</link></network><link ns0:type="simple" ns0:href="../342/164342.xml">tvmovi</link></col></row><row><col rowspan="6" /><col><series wordnetid="108457976" confidence="0.9508927676800064"><link ns0:type="simple" ns0:href="../606/746606.xml">amaz stori</link></series></col><col>dr caruso</col></row><row><col><series wordnetid="108457976" confidence="0.9508927676800064"><link ns0:type="simple" ns0:href="../448/1367448.xml">twilight zone</link></series></col><col>professor joseph fitzgerald</col></row><row><col>dress gray</col><col>col king</col><col><network wordnetid="108434259" confidence="0.9508927676800064"><link ns0:type="simple" ns0:href="../780/21780.xml">nbc</link></network><link ns0:type="simple" ns0:href="../342/164342.xml">tvmovi</link></col></row><row><col>tomorrow</col><col>warden brannigan</col><col><network wordnetid="108434259" confidence="0.9508927676800064"><link ns0:type="simple" ns0:href="../653/37653.xml">cb</link></network><link ns0:type="simple" ns0:href="../712/350712.xml">miniseri</link></col></row><row><col><series wordnetid="108457976" confidence="0.9508927676800064"><link ns0:type="simple" ns0:href="../610/247610.xml">alfr hitchcock</link></series></col><col>robert warren</col></row><row><col>kay obrien</col><col>doctor robert moffitt</col></row><row><col /><col>place call</col><col>sam</col><col><network wordnetid="108434259" confidence="0.9508927676800064"><link ns0:type="simple" ns0:href="../653/37653.xml">cb</link></network><link ns0:type="simple" ns0:href="../342/164342.xml">tvmovi</link></col></row><row><col rowspan="2" /><col><series wordnetid="108457976" confidence="0.9508927676800064"><link ns0:type="simple" ns0:href="../510/98510.xml">heat night</link></series></col><col>sonni mim</col></row><row><col>killer instinct</col><col>dr butler</col><col><network wordnetid="108434259" confidence="0.9508927676800064"><link ns0:type="simple" ns0:href="../780/21780.xml">nbc</link></network><link ns0:type="simple" ns0:href="../342/164342.xml">tvmovi</link></col></row><row><col rowspan="2" /><col><series wordnetid="108457976" confidence="0.9508927676800064"><link ns0:type="simple" ns0:href="../683/170683.xml">murder wrote</link></series></col><col>pol chief underwood</col></row><row><col><movie wordnetid="106613686" confidence="0.9508927676800064"><link ns0:type="simple" ns0:href="../590/3455590.xml">final day</link></movie></col><col><president wordnetid="110468559" confidence="0.9508927676800064"><person wordnetid="100007846" confidence="0.9508927676800064"><lawyer wordnetid="110249950" confidence="0.9173553029164789"><link ns0:type="simple" ns0:href="../473/25473.xml">richard nixon</link></lawyer></person></president></col><col><award wordnetid="106696483" confidence="0.9508927676800064"><link ns0:type="simple" ns0:href="../724/142724.xml">golden globe award</link></award>nomin<network wordnetid="108434259" confidence="0.9508927676800064"><link ns0:type="simple" ns0:href="../027/62027.xml">abc</link></network><link ns0:type="simple" ns0:href="../342/164342.xml">tvmovi</link></col></row><row><col rowspan="2" /><col><movie wordnetid="106613686" confidence="0.9508927676800064"><link ns0:type="simple" ns0:href="../768/5602768.xml">challeng</link></movie></col><col>larri mulloy</col><col><network wordnetid="108434259" confidence="0.9508927676800064"><link ns0:type="simple" ns0:href="../027/62027.xml">abc</link></network><link ns0:type="simple" ns0:href="../342/164342.xml">tvmovi</link></col></row><row><col>blind vengeanc</col><col>col blanchard</col><col><network wordnetid="108434259" confidence="0.9508927676800064"><link ns0:type="simple" ns0:href="../780/21780.xml">nbc</link></network><link ns0:type="simple" ns0:href="../342/164342.xml">tvmovi</link></col></row><row><col rowspan="3" /><col><link ns0:type="simple" ns0:href="../950/19363950.xml">good sport</link></col><col>rj rappaport</col></row><row><col><series wordnetid="108457976" confidence="0.9508927676800064"><link ns0:type="simple" ns0:href="../728/6369728.xml">good evil</link></series></col><col>harlan shell</col></row><row><col>fals arrest</col><col>martin busey</col><col><network wordnetid="108434259" confidence="0.9508927676800064"><link ns0:type="simple" ns0:href="../027/62027.xml">abc</link></network><link ns0:type="simple" ns0:href="../342/164342.xml">tvmovi</link></col></row><row><col /><col>duplic</col><col>mr fryman</col><col><channel wordnetid="106259898" confidence="0.9508927676800064"><link ns0:type="simple" ns0:href="../826/77826.xml">usa network</link></channel><link ns0:type="simple" ns0:href="../342/164342.xml">tvmovi</link></col></row><row><col /><col /><col><fictional_character wordnetid="109587565" confidence="0.8"><imaginary_being wordnetid="109483738" confidence="0.8"><link ns0:type="simple" ns0:href="../908/1252908.xml">perri white</link></imaginary_being></fictional_character></col></row><row><col /><col><series wordnetid="108457976" confidence="0.9508927676800064"><link ns0:type="simple" ns0:href="../657/493657.xml">murphi brown</link></series></col><col>danger duke</col><col>voic role episod joe dimaggio</col></row><row><col /><col><link ns0:type="simple" ns0:href="../850/1328850.xml">dweeb</link></col><col>episod cyrano</col></row><row><col /><col><series wordnetid="108457976" confidence="0.9508927676800064"><link ns0:type="simple" ns0:href="../425/3668425.xml">clueless</link></series></col><col>dan hafner</col></row><row><col /><col /><col>senat silverthorn</col><col><network wordnetid="108434259" confidence="0.9508927676800064"><link ns0:type="simple" ns0:href="../252/46252.xml">fpx</link></network><link ns0:type="simple" ns0:href="../342/164342.xml">tvmovi</link></col></row><row><col rowspan="2" /><col><series wordnetid="108457976" confidence="0.9508927676800064"><link ns0:type="simple" ns0:href="../677/67677.xml">outer limit</link></series></col><col>dr malcolm boussard</col></row><row><col><series wordnetid="108457976" confidence="0.9508927676800064"><link ns0:type="simple" ns0:href="../432/516432.xml">earth moon</link></series></col><col>emmett seaborn</col><col><link ns0:type="simple" ns0:href="../530/4765530.xml">hbo</link><link ns0:type="simple" ns0:href="../342/164342.xml">tvmovi</link></col></row><row><col rowspan="2" /><col><series wordnetid="108457976" confidence="0.9508927676800064"><link ns0:type="simple" ns0:href="../455/391455.xml">walker texa ranger</link></series></col><col>reverend thornton power</col></row><row><col><movie wordnetid="106613686" confidence="0.9508927676800064"><link ns0:type="simple" ns0:href="../514/161514.xml#xpointer(//*[./st=%22Inherit+the+Wind+on+television%22])">inherit wind</link></movie></col><col>reverend jeremiah brown</col><col><link ns0:type="simple" ns0:href="../877/77877.xml">showtim</link><link ns0:type="simple" ns0:href="../342/164342.xml">tvmovi</link></col></row><row><col /><col><series wordnetid="108457976" confidence="0.9508927676800064"><link ns0:type="simple" ns0:href="../926/3402926.xml">king hill</link></series></col><col>charli fortner nate hashaway</col><col>voic role</col></row><row><col rowspan="4" /><col><series wordnetid="108457976" confidence="0.9508927676800064"><link ns0:type="simple" ns0:href="../373/6221373.xml">bull</link></series></col><col>russel dantli</col><col>episod amen</col></row><row><col><situation_comedy wordnetid="107017733" confidence="0.8"><beginning wordnetid="100235435" confidence="0.8"><comedy wordnetid="107015510" confidence="0.8"><change wordnetid="100191142" confidence="0.8"><drama wordnetid="106376154" confidence="0.8"><ending wordnetid="106308765" confidence="0.8"><morpheme wordnetid="106306233" confidence="0.8"><change_of_state wordnetid="100199130" confidence="0.8"><writing_style wordnetid="107092158" confidence="0.8"><event wordnetid="100029378" confidence="0.8"><action wordnetid="100037396" confidence="0.8"><part wordnetid="113809207" confidence="0.8"><act wordnetid="100030358" confidence="0.8"><psychological_feature wordnetid="100023100" confidence="0.8"><expressive_style wordnetid="107066659" confidence="0.8"><introduction wordnetid="100238022" confidence="0.8"><language_unit wordnetid="106284225" confidence="0.8"><link ns0:type="simple" ns0:href="../185/3478185.xml">dag</link></language_unit></introduction></expressive_style></psychological_feature></act></part></action></event></writing_style></change_of_state></morpheme></ending></drama></change></comedy></beginning></situation_comedy></col><col>agent baxter</col><col>episod triangl report</col></row><row><col /><col>john sullivan</col><col><link ns0:type="simple" ns0:href="../252/46252.xml">fox</link><link ns0:type="simple" ns0:href="../342/164342.xml">tvmovi</link></col></row><row><col><series wordnetid="108457976" confidence="0.9508927676800064"><link ns0:type="simple" ns0:href="../401/520401.xml">practic</link></series></col><col>judg finkel</col></row><row><col /><col><series wordnetid="108457976" confidence="0.9508927676800064"><link ns0:type="simple" ns0:href="../531/657531.xml">judg ami</link></series></col><col>mr radford</col><col>episod peopl lie</col></row><row><col /><col><beginning wordnetid="100235435" confidence="0.8"><change wordnetid="100191142" confidence="0.8"><show wordnetid="100520257" confidence="0.8"><entertainment wordnetid="100429048" confidence="0.8"><ending wordnetid="106308765" confidence="0.8"><morpheme wordnetid="106306233" confidence="0.8"><change_of_state wordnetid="100199130" confidence="0.8"><diversion wordnetid="100426928" confidence="0.8"><event wordnetid="100029378" confidence="0.8"><action wordnetid="100037396" confidence="0.8"><part wordnetid="113809207" confidence="0.8"><act wordnetid="100030358" confidence="0.8"><psychological_feature wordnetid="100023100" confidence="0.8"><activity wordnetid="100407535" confidence="0.8"><introduction wordnetid="100238022" confidence="0.8"><language_unit wordnetid="106284225" confidence="0.8"><link ns0:type="simple" ns0:href="../261/12996261.xml">order</link></language_unit></introduction></activity></psychological_feature></act></part></action></event></diversion></change_of_state></morpheme></ending></entertainment></show></change></beginning></col><col>frank</col><col><link ns0:type="simple" ns0:href="../877/77877.xml">showtim</link><link ns0:type="simple" ns0:href="../342/164342.xml">tvmovi</link></col></row></table></p></sec><sec><st>refer</st><p><reflist><entry id="1">http wwwleelanauorgal_hallfameasp</entry><entry id="2">http wwwthehillorghomenews_itemasp zzsecschool newsarea</entry><entry id="3">http</entry><entry id="4">http</entry><entry id="5">http</entry><entry id="6">http</entry><entry id="7">http</entry></reflist></p></sec><sec><st>extern link</st><p><list><entry level="1" type="bullet"><weblink ns0:type="simple" ns0:href="http://www.imdb.com/name/nm0809031/">lane smith</weblink><web_site wordnetid="106359193" confidence="0.9508927676800064"><link ns0:type="simple" ns0:href="../554/2855554.xml">internet movi databas</link></web_site></entry><entry level="1" type="bullet"><weblink ns0:type="simple" ns0:href="http://www.allmovie.com/cg/avg.dll?p=avg sql=2:66475~C">movi guid articl lane smith</weblink></entry></list></p></sec></bdy></presenter></actor></article>