<article xmlns:ns0="http://www.w3.org/1999/xlink"><event confidence="0.8" wordnetid="100029378"><rule confidence="0.8" wordnetid="105846932"><act confidence="0.8" wordnetid="100030358"><psychological_feature confidence="0.8" wordnetid="100023100"><procedure confidence="0.8" wordnetid="101023820"><activity confidence="0.8" wordnetid="100407535"><algorithm confidence="0.8" wordnetid="105847438"><header><title>ransac</title><id /><revision><id /><timestamp /><contributor><username>chienloup</username><id /></contributor></revision><categories><category>statist algorithm</category><category>geometri comput vision</category><category>robust statist</category></categories></header><bdy>ransac abbrevi random sampl consensu<link ns0:type="simple" ns0:href="../237/15237.xml">iter method</link>estim paramet mathemat model set observ data<link ns0:type="simple" ns0:href="../951/160951.xml">outlier</link>nondeterminist algorithm sens produc reason result onli probabl thi probabl increas iter allow algorithm wa publish fischler boll<p>basic assumpt data consist inlier ie data distribut explain set model paramet outlier data fit model addit thi data subject nois outlier eg extrem valu nois erron measur incorrect hypothes interpret data ransac assum usual small set inlier exist procedur estim paramet model optim explain fit thi data</p><sec><st>exampl</st><p>simpl exampl fit set observ assum thi set inlier ie point approxim fit outlier point fit thi simpl squar method fit will gener produc bad fit inlier reason optim fit point includ outlier ransac hand produc model onli comput inlier provid probabl choos onli inlier select data suffici high guarante thi situat howev number algorithm paramet care chosen level probabl reason high</p><p><image width="150px" src="Line_with_outliers.svg"><caption>data set mani outlier ha fit</caption></image><image width="150px" src="Fitted_line.svg"><caption>fit ransac outlier influenc result</caption></image></p></sec><sec><st>overview</st><p>input ransac algorithm set observ data valu parameter model explain fit observ<link ns0:type="simple" ns0:href="../911/280911.xml">confid</link>paramet</p><p>ransac achiev goal iter select random subset origin data data hypothet inlier thi hypothesi test follow</p><p><list><entry level="1" type="number">model fit hypothet inlier ie free paramet model reconstruct data set</entry><entry level="1" type="number">data test fit model point fit well estim model consid hypothet inlier</entry><entry level="1" type="number">estim model reason good suffici mani point classifi hypothet inlier</entry><entry level="1" type="number">model reestim hypothet inlier becaus ha onli estim initi set hypothet inlier</entry><entry level="1" type="number">final model evalu estim error inlier rel model</entry></list></p><p>thi procedur repeat number time time produc model reject becaus point classifi inlier refin model togeth correspond error measur case refin model error lower save model</p></sec><sec><st>algorithm</st><p>gener ransac algorithm<link ns0:type="simple" ns0:href="../185/24185.xml">pseudocod</link>work follow</p><p>input data set observ model model fit data minimum number data requir fit model maximum number iter allow algorithm threshold valu determin<link ns0:type="simple" ns0:href="../040/18985040.xml">datum</link>fit model number close data valu requir assert model fit well data output best_model model paramet best fit data nil good model best_consensus_set data point thi model ha estim best_error error thi model rel data</p><p>iter best_model nil best_consensus_set nil best_error infin iter maybe_inli randomli select valu data maybe_model model paramet fit maybe_inli consensus_set maybe_inli</p><p>everi point data maybe_inli point fit maybe_model error smaller add point consensus_set</p><p>number element consensus_set gt thi impli good model test good better_model model paramet fit point consensus_set this_error measur well better_model fit point this_error best_error model better ani previou better best_model better_model best_consensus_set consensus_set best_error this_error</p><p>increment iter</p><p>return best_model best_consensus_set best_error</p><p>possibl variant ransac algorithm includ<list><entry level="1" type="bullet">break main loop suffici good model ha suffici small error save comput time expens addit paramet</entry><entry level="1" type="bullet">comput this_error directli maybe_model reestim model consensu set save time expens compar error relat model estim small number point therefor sensit nois</entry></list></p></sec><sec><st>paramet</st><p>valu paramet determin specif requir relat applic data set possibl base experiment evalu paramet number iter howev determin theoret result probabl ransac algorithm iter select onli inlier input data set choos point model paramet estim thi happen result model probabl algorithm produc result probabl choos inlier time singl point select</p><p><indent level="1" />number inlier data number point data</p><p>common case<math />well rough valu assum point estim model select independ<math />probabl point inlier<math />probabl point outlier case impli bad model will estim thi point set probabl power probabl algorithm select set point inlier thi<math />consequ</p><p><indent level="1"><math>wn</math></indent>logarithm side lead</p><p><indent level="1"><math>frac log log wn</math></indent>note thi result assum data point select independ point ha select onc replac select iter thi reason approach deriv valu upper limit case point select replac exampl case find fit data set illustr abov figur ransac algorithm typic choos point iter comput maybe_model point critic point distinct</p><p>gain addit confid<link ns0:type="simple" ns0:href="../590/27590.xml">standard deviat</link>multipl ad<math />standard deviat<math />defin<indent level="1"><math>sd frac sqrt wn wn</math></indent></p></sec><sec><st>advantag disadvantag</st><p>advantag ransac abil<link ns0:type="simple" ns0:href="../691/2885691.xml">robust estim</link>model paramet ie estim paramet high degre accuraci signific amount<link ns0:type="simple" ns0:href="../951/160951.xml">outlier</link>data set disadvantag ransac upper bound time comput paramet upper time bound maximum number iter solut optim anoth disadvantag ransac requir set problemspecif threshold</p><p>ransac onli estim model data set ani onemodel approach model exist ransac fail find</p></sec><sec><st>applic</st><p>ransac algorithm<link ns0:type="simple" ns0:href="../596/6596.xml">comput vision</link>eg simultan solv<link ns0:type="simple" ns0:href="../435/6498435.xml">correspond problem</link>estim<link ns0:type="simple" ns0:href="../730/4486730.xml">fundament matrix</link>relat pair stereo camera</p></sec><sec><st>refer</st><p><list><entry level="1" type="bullet"><cite style="font-style:normal">martin fischler robert boll june random sampl consensu paradigm model fit applic imag analysi autom cartographi comm acm<document wordnetid="106470073" confidence="0.8"><written_communication wordnetid="106349220" confidence="0.8"><writing wordnetid="106362953" confidence="0.8"><link ns0:type="simple" ns0:href="../994/422994.xml">doi</link></writing></written_communication></document><weblink ns0:type="simple" ns0:href="http://dx.doi.org/10.1145%2F358669.358692" /></cite></entry><entry level="1" type="bullet"><cite style="font-style:normal" class="book">david forsyth jean ponc comput vision modern approach prentic hall isbn isbn</cite></entry><entry level="1" type="bullet"><cite style="font-style:normal" class="book">richard hartley andrew zisserman multipl view geometri comput vision edit cambridg univers press</cite></entry><entry level="1" type="bullet"><cite style="font-style:normal">ph torr dw murray develop comparison robust method estim fundament matrix intern journal comput vision<document wordnetid="106470073" confidence="0.8"><written_communication wordnetid="106349220" confidence="0.8"><writing wordnetid="106362953" confidence="0.8"><link ns0:type="simple" ns0:href="../994/422994.xml">doi</link></writing></written_communication></document><weblink ns0:type="simple" ns0:href="http://dx.doi.org/10.1023%2FA%3A1007927408552" /></cite></entry></list></p></sec><sec><st>extern link</st><p><list><entry level="1" type="bullet"><weblink ns0:type="simple" ns0:href="http://www.mathworks.com/matlabcentral/fileexchange/loadFile.do?objectId=18555 objectType=file">ransac toolbox matlab</weblink>didact orient toolbox explor ransac algorithm<link ns0:type="simple" ns0:href="../412/20412.xml">matlab</link>highli configur routin robustli fit homographi</entry><entry level="1" type="bullet"><weblink ns0:type="simple" ns0:href="http://cmp.felk.cvut.cz/ransac-cvpr2006/">year ransac workshop</weblink></entry></list></p></sec></bdy></algorithm></activity></procedure></psychological_feature></act></rule></event></article>