<article xmlns:ns0="http://www.w3.org/1999/xlink"><header><title>adaptiveaddit algorithm</title><id /><revision><id /><timestamp /><contributor><username>ronz</username><id /></contributor></revision><categories><category>optic</category><category>digit signal process</category></categories></header><bdy><p>studi<organ wordnetid="105297523" confidence="0.8"><sense_organ wordnetid="105299178" confidence="0.8"><part wordnetid="109385911" confidence="0.8"><eye wordnetid="105311054" confidence="0.8"><body_part wordnetid="105220461" confidence="0.8"><link ns0:type="simple" ns0:href="../008/312008.xml">fourier optic</link></body_part></eye></part></sense_organ></organ><link ns0:type="simple" ns0:href="../344/975344.xml">sound synthesi</link><link ns0:type="simple" ns0:href="../650/50650.xml#xpointer(//*[./st=%22Stellar+astronomy%22])">stellar</link><link ns0:type="simple" ns0:href="../689/166689.xml">interferometri</link><link ns0:type="simple" ns0:href="../901/299901.xml">optic tweezer</link>diffract optic element doe import<link ns0:type="simple" ns0:href="../867/3037867.xml">spatial frequenc</link>phase observ wave sourc order reconstruct thi<link ns0:type="simple" ns0:href="../047/24047.xml">phase</link>adaptiveaddit algorithm aa algorithm deriv group adapt inputoutput algorithm aa algorithm<link ns0:type="simple" ns0:href="../833/68833.xml">iter</link><link ns0:type="simple" ns0:href="../775/775.xml">algorithm</link>util<link ns0:type="simple" ns0:href="../247/52247.xml">fourier transform</link>calcul unknown propag wave normal<link ns0:type="simple" ns0:href="../867/3037867.xml">spatial frequenc</link><link ns0:type="simple" ns0:href="../047/24047.xml">phase</link>space thi phase counterpart usual observ<link ns0:type="simple" ns0:href="../649/37649.xml">amplitud</link>posit space assum start<link ns0:type="simple" ns0:href="../649/37649.xml">amplitud</link>space find correct<link ns0:type="simple" ns0:href="../047/24047.xml">phase</link><link ns0:type="simple" ns0:href="../775/775.xml">algorithm</link>error convers error desir theoret<link ns0:type="simple" ns0:href="../993/41993.xml">intens</link>aa algorithm current implement<weblink ns0:type="simple" ns0:href="http://hillslab.umd.edu/">dr wendel hill iii</weblink>alex robel kotlyar soifer<weblink ns0:type="simple" ns0:href="http://physics.nyu.edu/grierlab/cgh2b/node6.html">david grier</weblink></p><sec><st>algorithm</st><ss1><st>histori</st><p>adaptiveaddit algorithm wa origin creat reconstruct<link ns0:type="simple" ns0:href="../867/3037867.xml">spatial frequenc</link><link ns0:type="simple" ns0:href="../047/24047.xml">phase</link>light intens studi stellar<link ns0:type="simple" ns0:href="../689/166689.xml">interferometri</link>sinc aa algorithm ha adapt work field<link>fourier optic</link>soifer<weblink ns0:type="simple" ns0:href="http://hillslab.umd.edu/">dr hill</weblink><link ns0:type="simple" ns0:href="../293/616293.xml">soft matter</link><link ns0:type="simple" ns0:href="../901/299901.xml">optic tweezer</link><weblink ns0:type="simple" ns0:href="http://physics.nyu.edu/grierlab/cgh2b/node6.html">dr grier</weblink><link ns0:type="simple" ns0:href="../344/975344.xml">sound synthesi</link>robel</p></ss1><ss1><st>pseudocod algorithm</st><p>defin input amplitud random phase forward fourier transform separ transform amplitud phase compar transform amplitudeintens desir output amplitudeintens check converg condit mix transform amplitud desir output amplitud combin transform phase invers fourier transform separ amplitud phase combin phase origin input amplitud loop forward fourier transform</p></ss1><ss1><st>exampl</st><p>problem reconstruct<link ns0:type="simple" ns0:href="../867/3037867.xml">spatial frequenc</link>phase kspace desir<link ns0:type="simple" ns0:href="../993/41993.xml">intens</link>imag plane xspace assum<link ns0:type="simple" ns0:href="../649/37649.xml">amplitud</link>start phase wave kspace<math /><math>phi_n</math>respect<mathematical_relation wordnetid="113783581" confidence="0.8"><idea wordnetid="105833840" confidence="0.8"><concept wordnetid="105835747" confidence="0.8"><operator wordnetid="113786413" confidence="0.8"><function wordnetid="113783816" confidence="0.8"><link ns0:type="simple" ns0:href="../247/52247.xml">fourier transform</link></function></operator></concept></idea></mathematical_relation>wave kspace space</p><p><indent level="1"><math>iphi_n xrightarrow fft a_nfe iphi_n</math></indent>compar transform<link ns0:type="simple" ns0:href="../993/41993.xml">intens</link><math>i_nf</math>desir<link ns0:type="simple" ns0:href="../993/41993.xml">intens</link><math /></p><p><indent level="1"><math>i_nf left a_nfright</math></indent><indent level="1"><math>varepsilon sqrt left i_nfright left</math></indent>check<math>varepsilon</math>converg requir requir met mix transform<link ns0:type="simple" ns0:href="../649/37649.xml">amplitud</link><math>a_nf</math>desir<link ns0:type="simple" ns0:href="../649/37649.xml">amplitud</link><math>af</math></p><p><indent level="1"><math>bar f_n left af a_nfright</math></indent>mix ratio</p><p><indent level="1"><math>af sqrt</math></indent>note percentag defin interv</p><p>combin mix<link ns0:type="simple" ns0:href="../649/37649.xml">amplitud</link>xspace phase<link ns0:type="simple" ns0:href="../445/382445.xml">invers fourier transform</link></p><p><indent level="1"><math>bar iphi_nf xrightarrow ifft bar _nke iphi_nk</math></indent>separ<math>bar _nk</math><math>phik_n</math>combin<math /><math>phik_n</math>increas loop<math>to</math>repeat</p><ss2><st>limit</st><p><list><entry level="1" type="bullet"><math />aa algorithm becom<link>gerchbergsaxton algorithm</link></entry><entry level="1" type="bullet"><math /><math>bar k_n</math></entry></list></p></ss2></ss1></sec><sec><st /><p><list><entry level="1" type="bullet"><link>gerchbergsaxton algorithm</link></entry><entry level="1" type="bullet"><organ wordnetid="105297523" confidence="0.8"><sense_organ wordnetid="105299178" confidence="0.8"><part wordnetid="109385911" confidence="0.8"><eye wordnetid="105311054" confidence="0.8"><body_part wordnetid="105220461" confidence="0.8"><link ns0:type="simple" ns0:href="../008/312008.xml">fourier optic</link></body_part></eye></part></sense_organ></organ></entry><entry level="1" type="bullet"><link ns0:type="simple" ns0:href="../338/66338.xml">holographi</link></entry><entry level="1" type="bullet"><link ns0:type="simple" ns0:href="../689/166689.xml">interferometri</link></entry><entry level="1" type="bullet"><link ns0:type="simple" ns0:href="../746/10791746.xml">sound synthesi</link></entry></list></p></sec><sec><st>refer</st><p><list><entry level="1" type="bullet"><cite id="CITEREFDufresneGrierSpalding2000" style="font-style:normal">dufresn eric grier david spald computergener holograph optic tweezer array review scientif instrument</cite></entry><entry level="1" type="bullet"><cite id="CITEREFGrier" style="font-style:normal">grier david<link ns0:type="simple" ns0:href="../367/22367.xml">octob</link><link ns0:type="simple" ns0:href="../548/34548.xml" /><weblink ns0:type="simple" ns0:href="http://www.physics.nyu.edu/~dg86/cgh2b/node6.html">adaptiveaddit algorithm</weblink></cite></entry><entry level="1" type="bullet"><cite id="CITEREFRobel" style="font-style:normal">robel axel<weblink ns0:type="simple" ns0:href="http://ieeexplore.ieee.org/iel5/10376/32978/101109TSA2005858529.pdf?arnumber=101109TSA2005858529">adapt addit model continu paramet trajectori</weblink></cite></entry><entry level="1" type="bullet"><cite id="CITEREFRobel" style="font-style:normal">robel axel<weblink ns0:type="simple" ns0:href="http://i2pi.com/PAPERS/music-dsp/adaptive-additive-synthesis-of.pdf">adaptiveaddit synthesi sound technic</weblink>univers berlin germani einsteinuf</cite></entry><entry level="1" type="bullet"><cite id="Reference-Soifer-1997" style="font-style:normal" class="book">soifer kotlyar iter method diffract optic element comput bristol pa taylor franci isbn</cite></entry></list></p></sec><sec><st>extern link</st><p><list><entry level="1" type="bullet"><weblink ns0:type="simple" ns0:href="http://staff.chess.cornell.edu/~shen/workshop2003/presentations/Talk_DiFabrizio.pdf">pdfpower point describ variat aa algorithm</weblink>berkeley</entry><entry level="1" type="bullet"><weblink ns0:type="simple" ns0:href="http://physics.nyu.edu/grierlab/cgh2b/node6.html">david grier lab</weblink>optic tweezer fabric aa algorithm</entry><entry level="1" type="bullet"><weblink ns0:type="simple" ns0:href="http://www-ccrma.stanford.edu/~roebel/addsyn/index.html">adapt addit synthesi stationari sound</weblink>dr axel robel</entry><entry level="1" type="bullet"><weblink ns0:type="simple" ns0:href="http://hillslab.umd.edu/">hill lab</weblink>univers maryland colleg park</entry></list></p></sec></bdy></article>