<article xmlns:ns0="http://www.w3.org/1999/xlink"><model confidence="0.9511911446218017" wordnetid="110324560"><know-how confidence="0.8" wordnetid="105616786"><method confidence="0.8" wordnetid="105660268"><header><title>finit machin</title><id /><revision><id /><timestamp /><contributor><username>pseudobot</username><id /></contributor></revision><categories><category>digit electron</category><category>automata</category><category>comput model</category><category>formal method</category></categories></header><bdy>machin redirect infinit machin<physical_entity wordnetid="100001930" confidence="0.8"><person wordnetid="100007846" confidence="0.8"><model wordnetid="110324560" confidence="0.8"><assistant wordnetid="109815790" confidence="0.8"><worker wordnetid="109632518" confidence="0.8"><causal_agent wordnetid="100007347" confidence="0.8"><link ns0:type="simple" ns0:href="../417/396417.xml">transit system</link></causal_agent></worker></assistant></model></person></physical_entity><p><image location="right" width="225px" src="Finite_state_machine_example_with_comments.svg" type="thumb"><caption>exampl finit machin</caption></image></p><p>finit machin fsm finit automaton plural automata simpli machin model behavior compos finit number<link ns0:type="simple" ns0:href="../512/285512.xml" />transit action finit machin abstract model machin primit intern memori</p><sec><st>concept vocabulari</st><p>current determin system record inform ie reflect input chang system start moment transit indic chang describ condit fulfil enabl transit action descript activ perform moment sever action type<list><entry level="1" type="definition">entri action perform enter</entry><entry level="1" type="definition">exit action perform exit</entry><entry level="1" type="definition">input action perform depend input condit</entry><entry level="1" type="definition">transit action perform perform transit</entry></list></p><p>fsm repres<link ns0:type="simple" ns0:href="../337/187337.xml">diagram</link>transit diagram figur abov besid thi sever<link ns0:type="simple" ns0:href="../857/548857.xml">transit tabl</link>type common represent combin current condit complet action inform ad onli footnot fsm definit includ full action inform possibl<physical_entity wordnetid="100001930" confidence="0.8"><person wordnetid="100007846" confidence="0.8"><model wordnetid="110324560" confidence="0.8"><assistant wordnetid="109815790" confidence="0.8"><worker wordnetid="109632518" confidence="0.8"><causal_agent wordnetid="100007347" confidence="0.8"><link ns0:type="simple" ns0:href="../085/1296085.xml#xpointer(//*[./st=%22State+Table%22])">tabl</link></causal_agent></worker></assistant></model></person></physical_entity><link>vfsm</link></p><p><table align="center" cellpadding="5" border="1" cellspacing="0"><caption>transit tabl</caption><row><col valign="top">current condit</col><col /><col /><col /></row><row><col>condit</col><col /><col /><col /></row><row><col>condit</col><col /><col /><col /></row><row><col>condit</col><col /><col /><col /></row></table></p><p>addit model reactiv system finit automata signific mani differ area includ<link ns0:type="simple" ns0:href="../531/9531.xml">electr engin</link><link ns0:type="simple" ns0:href="../526/17526.xml">linguist</link><link ns0:type="simple" ns0:href="../323/5323.xml">comput scienc</link><link ns0:type="simple" ns0:href="../155/13692155.xml">philosophi</link><link ns0:type="simple" ns0:href="../632/9127632.xml">biolog</link><link ns0:type="simple" ns0:href="../831/18831.xml">mathemat</link><link ns0:type="simple" ns0:href="../225/3729225.xml">logic</link>complet survey applic outsid scope thi articl finit machin class automata studi<link ns0:type="simple" ns0:href="../356/103356.xml">automata theori</link><link ns0:type="simple" ns0:href="../402/30402.xml">theori comput</link>comput scienc finit machin wide model applic behavior design hardwar digit system softwar engin compil network protocol studi comput languag</p></sec><sec><st>classif</st><p>differ group acceptorsrecogn transduc</p><ss1><st>acceptor recogn</st><p><image location="right" width="400px" src="Fsm_parsing_word_nice.svg" type="thumb"><caption>fig acceptor fsm pars word nice</caption></image></p><p>acceptor recogn sequenc detector produc binari output ye answer input accept machin fsm accept accept time input process current accept input accept otherwis reject rule input symbol charact action exampl figur finit machin accept word nice thi fsm onli accept number</p><p>machin describ defin languag everi word accept machin reject languag accept machin definit languag accept fsm<link ns0:type="simple" ns0:href="../723/25723.xml">regular languag</link>languag regular fsm accept</p><ss2><st>start</st><p>start usual drawn arrow point nowher sipser</p></ss2><ss2><st>accept</st><p><image location="right" width="220px" src="DFAexample.svg" type="thumb"><caption>fig finit machin determin binari number ha odd number</caption></image>accept sometim refer accept machin ha success perform procedur usual repres doubl circl</p><p>exampl accept appear left thi diagram<link ns0:type="simple" ns0:href="../404/653404.xml">determinist finit automaton</link>dfa determin<system wordnetid="104377057" confidence="0.8"><artifact wordnetid="100021939" confidence="0.8"><instrumentality wordnetid="103575240" confidence="0.8"><link ns0:type="simple" ns0:href="../686/238686.xml">binari</link></instrumentality></artifact></system>input number</p><p>start indic number ha input therefor defin accept thi machin will correct binari number number includ string exampl string accept thi dfa epsilon empti string</p></ss2></ss1><ss1><st>transduc</st><p><physical_entity wordnetid="100001930" confidence="0.8"><person wordnetid="100007846" confidence="0.8"><model wordnetid="110324560" confidence="0.8"><assistant wordnetid="109815790" confidence="0.8"><worker wordnetid="109632518" confidence="0.8"><causal_agent wordnetid="100007347" confidence="0.8"><language wordnetid="106282651" confidence="0.8"><link ns0:type="simple" ns0:href="../289/1071289.xml">transduc</link></language></causal_agent></worker></assistant></model></person></physical_entity>gener output base input andor action control applic field<link ns0:type="simple" ns0:href="../561/5561.xml">comput linguist</link>type distinguish</p><p><list><entry level="1" type="definition"><physical_entity wordnetid="100001930" confidence="0.8"><person wordnetid="100007846" confidence="0.8"><model wordnetid="110324560" confidence="0.8"><assistant wordnetid="109815790" confidence="0.8"><worker wordnetid="109632518" confidence="0.8"><causal_agent wordnetid="100007347" confidence="0.8"><link ns0:type="simple" ns0:href="../020/353020.xml">moor machin</link></causal_agent></worker></assistant></model></person></physical_entity>fsm onli entri action ie output depend onli advantag moor model simplif behaviour exampl figur moor fsm elev door machin recogn command command_open command_clos trigger chang entri action open start motor open door entri action close start motor direct close door open close nt perform ani action signal outsid eg machin situat door open door close</entry></list></p><p><image location="right" width="350px" src="Fsm_mealy_model_door_control.jpg" type="thumb"><caption>fig transduc fsm meali model exampl</caption></image><list><entry level="1" type="definition"><physical_entity wordnetid="100001930" confidence="0.8"><person wordnetid="100007846" confidence="0.8"><model wordnetid="110324560" confidence="0.8"><assistant wordnetid="109815790" confidence="0.8"><worker wordnetid="109632518" confidence="0.8"><causal_agent wordnetid="100007347" confidence="0.8"><link ns0:type="simple" ns0:href="../512/331512.xml">meali machin</link></causal_agent></worker></assistant></model></person></physical_entity>fsm onli input action ie output depend input meali fsm lead reduct number exampl figur meali fsm implement behaviour moor exampl behaviour depend implement fsm execut model will work eg<physical_entity wordnetid="100001930" confidence="0.8"><person wordnetid="100007846" confidence="0.8"><model wordnetid="110324560" confidence="0.8"><assistant wordnetid="109815790" confidence="0.8"><worker wordnetid="109632518" confidence="0.8"><causal_agent wordnetid="100007347" confidence="0.8"><link ns0:type="simple" ns0:href="../085/1296085.xml">virtual fsm</link></causal_agent></worker></assistant></model></person></physical_entity><link ns0:type="simple" ns0:href="../752/1295752.xml">event driven fsm</link>input action start motor close door command_clos arriv start motor direct open door command_open arriv</entry></list></p><p>practic mix model</p><p>detail differ usag moor meali model includ execut exampl extern technic note<weblink ns0:type="simple" ns0:href="http://www.stateworks.com/active/content/en/technology/technical_notes.php#tn10">moor meali model</weblink></p><p>distinct determinist<link ns0:type="simple" ns0:href="../404/653404.xml">dfa</link>nondeterminist<physical_entity wordnetid="100001930" confidence="0.8"><person wordnetid="100007846" confidence="0.8"><model wordnetid="110324560" confidence="0.8"><assistant wordnetid="109815790" confidence="0.8"><worker wordnetid="109632518" confidence="0.8"><causal_agent wordnetid="100007347" confidence="0.8"><link ns0:type="simple" ns0:href="../406/653406.xml">ndfa</link></causal_agent></worker></assistant></model></person></physical_entity><link ns0:type="simple" ns0:href="../415/653415.xml">gnfa</link>automata determinist automata exactli transit possibl input nondeterminist automata transit possibl input thi distinct relev practic theori exist algorithm transform ani ndfa equival dfa thi transform typic significantli increas complex automaton</p><p>fsm onli call combinatori fsm onli input action thi concept case number fsm requir work togeth conveni consid pure combinatori form fsm suit design tool</p></ss1></sec><sec><st>fsm logic</st><p><image location="right" width="200px" src="Finite_State_Machine_Logic.svg" type="thumb"><caption>fig fsm logic meali</caption></image></p><p>output fsm function input current fsm logic figur</p></sec><sec><st>mathemat model</st><p>depend type sever definit acceptor finitest machin<series wordnetid="108457976" confidence="0.8"><idea wordnetid="105833840" confidence="0.8"><concept wordnetid="105835747" confidence="0.8"><arrangement wordnetid="107938773" confidence="0.8"><sequence wordnetid="108459252" confidence="0.8"><ordering wordnetid="108456993" confidence="0.8"><group wordnetid="100031264" confidence="0.8"><link ns0:type="simple" ns0:href="../729/132729.xml">quintupl</link></group></ordering></sequence></arrangement></concept></idea></series><math>sigma delta</math><list><entry level="1" type="bullet"><math>sigma</math>input<link ns0:type="simple" ns0:href="../269/4292269.xml">alphabet</link>finit nonempti set symbol</entry><entry level="1" type="bullet"><math />finit nonempti set</entry><entry level="1" type="bullet"><math />initi element<math /><physical_entity wordnetid="100001930" confidence="0.8"><person wordnetid="100007846" confidence="0.8"><model wordnetid="110324560" confidence="0.8"><assistant wordnetid="109815790" confidence="0.8"><worker wordnetid="109632518" confidence="0.8"><causal_agent wordnetid="100007347" confidence="0.8"><link ns0:type="simple" ns0:href="../406/653406.xml">nondeterminist finit machin</link></causal_agent></worker></assistant></model></person></physical_entity><math />set initi</entry><entry level="1" type="bullet"><math>delta</math>statetransit function<math>delta time sigma rightarrow</math></entry><entry level="1" type="bullet"><math />set final possibl empti subset<math /></entry></list></p><p><link ns0:type="simple" ns0:href="../289/1071289.xml">finit transduc</link>sextupl<math>sigma gamma delta omega</math><list><entry level="1" type="bullet"><math>sigma</math>input<link ns0:type="simple" ns0:href="../269/4292269.xml">alphabet</link>finit empti set symbol</entry><entry level="1" type="bullet"><math>gamma</math>output alphabet finit nonempti set symbol</entry><entry level="1" type="bullet"><math />finit nonempti set</entry><entry level="1" type="bullet"><math />initi element<math /><physical_entity wordnetid="100001930" confidence="0.8"><person wordnetid="100007846" confidence="0.8"><model wordnetid="110324560" confidence="0.8"><assistant wordnetid="109815790" confidence="0.8"><worker wordnetid="109632518" confidence="0.8"><causal_agent wordnetid="100007347" confidence="0.8"><link ns0:type="simple" ns0:href="../406/653406.xml">nondeterminist finit machin</link></causal_agent></worker></assistant></model></person></physical_entity><math />set initi</entry><entry level="1" type="bullet"><math>delta</math>statetransit function<math>delta time sigma rightarrow</math></entry><entry level="1" type="bullet"><math>omega</math>output function</entry></list></p><p>output function function input alphabet<math>omega time sigma rightarrow gamma</math>definit correspond meali model model<physical_entity wordnetid="100001930" confidence="0.8"><person wordnetid="100007846" confidence="0.8"><model wordnetid="110324560" confidence="0.8"><assistant wordnetid="109815790" confidence="0.8"><worker wordnetid="109632518" confidence="0.8"><causal_agent wordnetid="100007347" confidence="0.8"><link ns0:type="simple" ns0:href="../512/331512.xml">meali machin</link></causal_agent></worker></assistant></model></person></physical_entity>output function depend onli<math>omega rightarrow gamma</math>definit correspond moor model model<physical_entity wordnetid="100001930" confidence="0.8"><person wordnetid="100007846" confidence="0.8"><model wordnetid="110324560" confidence="0.8"><assistant wordnetid="109815790" confidence="0.8"><worker wordnetid="109632518" confidence="0.8"><causal_agent wordnetid="100007347" confidence="0.8"><link ns0:type="simple" ns0:href="../020/353020.xml">moor machin</link></causal_agent></worker></assistant></model></person></physical_entity>finitest machin output function<link ns0:type="simple" ns0:href="../937/10766937.xml">semiautomaton</link><link ns0:type="simple" ns0:href="../417/396417.xml">transit system</link></p></sec><sec><st>optim</st><p>optim fsm find machin minimum number perform function fastest algorithm thi hopcroft minim algorithm<weblink ns0:type="simple" ns0:href="http://localhost:18088/wiki/index.php/Finite_state_machine#endnote_hopcroft1">http</weblink><weblink ns0:type="simple" ns0:href="http://localhost:18088/wiki/index.php/Finite_state_machine#endnote_AlmeidaEtAl">http endnote_almeidaet</weblink>techniqu includ<link ns0:type="simple" ns0:href="../376/8426376.xml">implic tabl</link><link ns0:type="simple" ns0:href="../215/8433215.xml">moor reduct procedur</link>addit acycl fsa optim simpl bottom algorithm<weblink ns0:type="simple" ns0:href="http://localhost:18088/wiki/index.php/Finite_state_machine#endnote_minimization1">http</weblink></p></sec><sec><st>implement</st><ss1><st>hardwar applic</st><p><image location="right" width="500px" src="4_bit_counter.png" type="thumbnail"><caption>fig<link ns0:type="simple" ns0:href="../339/587339.xml">circuit diagram</link>bit<link ns0:type="simple" ns0:href="../769/47769.xml">ttl</link>counter type machin</caption></image><link ns0:type="simple" ns0:href="../068/39068.xml">digit circuit</link>fsm built<link ns0:type="simple" ns0:href="../215/73215.xml">programm logic devic</link><link ns0:type="simple" ns0:href="../992/24992.xml">programm logic control</link><link ns0:type="simple" ns0:href="../168/18168.xml">logic gate</link><link ns0:type="simple" ns0:href="../777/11777.xml">flip flop</link><link ns0:type="simple" ns0:href="../590/26590.xml">relay</link>specif hardwar implement requir<link ns0:type="simple" ns0:href="../432/486432.xml">regist</link>store variabl block combin logic determin transit second block combin logic determin output fsm classic hardwar implement<link ns0:type="simple" ns0:href="../961/7706961.xml">richard control</link></p></ss1><ss1><st>softwar applic</st><p>follow concept commonli build softwar applic finit machin<list><entry level="1" type="bullet"><link ns0:type="simple" ns0:href="../752/1295752.xml">event driven fsm</link></entry><entry level="1" type="bullet"><link ns0:type="simple" ns0:href="../085/1296085.xml">virtual fsm vfsm</link></entry><entry level="1" type="bullet"><link ns0:type="simple" ns0:href="../755/3377755.xml">automatabas program</link></entry></list></p></ss1></sec><sec><st /><p><list><entry level="1" type="bullet"><link ns0:type="simple" ns0:href="../836/2575836.xml">abstract machin</link></entry><entry level="1" type="bullet"><link ns0:type="simple" ns0:href="../572/433572.xml">decis tabl</link></entry><entry level="1" type="bullet"><link ns0:type="simple" ns0:href="../259/6965259.xml">extend finit machin</link></entry><entry level="1" type="bullet"><link ns0:type="simple" ns0:href="../109/11693109.xml">finit machin datapath</link></entry><entry level="1" type="bullet"><language wordnetid="106282651" confidence="0.8"><link ns0:type="simple" ns0:href="../192/225192.xml">petri net</link></language></entry><entry level="1" type="bullet"><physical_entity wordnetid="100001930" confidence="0.8"><person wordnetid="100007846" confidence="0.8"><model wordnetid="110324560" confidence="0.8"><assistant wordnetid="109815790" confidence="0.8"><worker wordnetid="109632518" confidence="0.8"><causal_agent wordnetid="100007347" confidence="0.8"><link ns0:type="simple" ns0:href="../510/24510.xml">pushdown automaton</link></causal_agent></worker></assistant></model></person></physical_entity></entry><entry level="1" type="bullet"><link ns0:type="simple" ns0:href="../008/7926008.xml">quantum finit automata</link></entry><entry level="1" type="bullet"><link ns0:type="simple" ns0:href="../374/89374.xml">sequenti logic</link></entry><entry level="1" type="bullet"><link>statechart</link></entry><entry level="1" type="bullet"><link ns0:type="simple" ns0:href="../417/396417.xml">transit system</link></entry><entry level="1" type="bullet"><invention wordnetid="105633385" confidence="0.8"><know-how wordnetid="105616786" confidence="0.8"><method wordnetid="105660268" confidence="0.8"><link ns0:type="simple" ns0:href="../403/30403.xml">ture machin</link></method></know-how></invention></entry><entry level="1" type="bullet"><physical_entity wordnetid="100001930" confidence="0.8"><person wordnetid="100007846" confidence="0.8"><model wordnetid="110324560" confidence="0.8"><assistant wordnetid="109815790" confidence="0.8"><worker wordnetid="109632518" confidence="0.8"><causal_agent wordnetid="100007347" confidence="0.8"><link ns0:type="simple" ns0:href="../770/98770.xml">hidden markov model</link></causal_agent></worker></assistant></model></person></physical_entity></entry><entry level="1" type="bullet"><link ns0:type="simple" ns0:href="../987/2997987.xml">ant war</link></entry><entry level="1" type="bullet"><link ns0:type="simple" ns0:href="../769/1654769.xml">game ai</link></entry><entry level="1" type="bullet"><format wordnetid="106636806" confidence="0.9508927676800064"><link ns0:type="simple" ns0:href="../592/5171592.xml">scxml</link></format></entry></list></p></sec><sec><st>extern link</st><p><list><entry level="1" type="bullet"><weblink ns0:type="simple" ns0:href="http://foldoc.doc.ic.ac.uk/foldoc/foldoc.cgi?query=finite+state+machine">descript free onlin dictionari comput</weblink></entry><entry level="1" type="bullet">nist dictionari algorithm data structur<weblink ns0:type="simple" ns0:href="http://www.nist.gov/dads/HTML/finiteStateMachine.html">entri</weblink></entry><entry level="1" type="bullet"><weblink ns0:type="simple" ns0:href="http://www.eventhelix.com/RealtimeMantra/HierarchicalStateMachine.htm">hierarch machin</weblink></entry><entry level="1" type="bullet"><weblink ns0:type="simple" ns0:href="http://www.troyworks.com/cogs/">cog</weblink>cog open sourc small fsm hsm hierarch machin librari flash flex actionscript project introductori talk<weblink ns0:type="simple" ns0:href="http://link.brightcove.com/services/player/bcpid1733261879?bclid=1729365228 bctid=1743215121" /></entry><entry level="1" type="bullet"><weblink ns0:type="simple" ns0:href="http://sourceforge.net/projects/fsmgenerator/">fsm gener</weblink>fsmgener turnkey solut fsm finit machin automat gener integr user softwar</entry><entry level="1" type="bullet"><weblink ns0:type="simple" ns0:href="http://sourceforge.net/projects/fsmdesigner/">fsm design</weblink>opensourc tool graphic develop fsm automat verilog code gener</entry><entry level="1" type="bullet"><weblink ns0:type="simple" ns0:href="http://www.intelliwizard.com">roundtrip engin machin</weblink></entry><entry level="1" type="bullet"><weblink ns0:type="simple" ns0:href="http://www.sccs.swarthmore.edu/users/06/adem/engin/e15/lab4/">machin practic applic</weblink></entry><entry level="1" type="bullet"><weblink ns0:type="simple" ns0:href="http://leotools.atwebpages.com/">tool design visual finit machin</weblink></entry><entry level="1" type="bullet"><weblink ns0:type="simple" ns0:href="http://www.sinelabore.com">sinelaborert</weblink>gener human readabl ccode statechart especi target embed realtim system</entry><entry level="1" type="bullet"><weblink ns0:type="simple" ns0:href="http://www.augeas.net/libfa/index.html">libfa</weblink>opensourc librari automata comput</entry><entry level="1" type="bullet"><weblink ns0:type="simple" ns0:href="http://smc.sourceforge.net/">machin compil</weblink>tool model compil statemachin number languag java well display graphic</entry><entry level="1" type="bullet"><cite id="endnote_minimziation1" style="font-style: normal;" /><weblink ns0:type="simple" ns0:href="http://www.cs.jhu.edu/~hajic/courses/cs226/alg.html">bottomup algorithm acycl fsa</weblink>fsm minim algorithm</entry><entry level="1" type="bullet"><weblink ns0:type="simple" ns0:href="http://www.state-machine.com">quantum leap</weblink>provid open sourc machinebas framework includ sever exampl cc code</entry><entry level="1" type="bullet"><weblink ns0:type="simple" ns0:href="http://gfsm.sourceforge.net">gfsm</weblink>open sourc implement fsm finit machin program framework</entry><entry level="1" type="bullet"><weblink ns0:type="simple" ns0:href="http://vaucanson.lrde.epita.fr">vaucanson</weblink>open sourc finit machin manipul platform consist librari tool implement top</entry><entry level="1" type="bullet"><weblink ns0:type="simple" ns0:href="http://unimod.sf.net">unimod</weblink>open sourc plugin eclips automatabas program</entry></list></p></sec><sec><st>refer</st><ss1><st>gener</st><p><list><entry level="1" type="bullet">wagner model softwar finit machin practic approach auerbach public isbn</entry><entry level="1" type="bullet">samek<weblink ns0:type="simple" ns0:href="http://www.state-machine.com/psicc1/">practic statechart cc</weblink>cmp book isbn</entry><entry level="1" type="bullet">samek<weblink ns0:type="simple" ns0:href="http://www.state-machine.com/psicc2/">practic uml statechart cc edit</weblink>newn isbn</entry><entry level="1" type="bullet">gardner<weblink ns0:type="simple" ns0:href="http://www.troyworks.com/cogs/">advanc manag</weblink><weblink ns0:type="simple" ns0:href="http://link.brightcove.com/services/player/bcpid1733261879?bclid=1729365228 bctid=1743215121">video</weblink></entry><entry level="1" type="bullet">cassandra lafortun introduct discret event system kluwer isbn</entry><entry level="1" type="bullet">timothi kam synthesi finit machin function optim kluwer academ publish boston isbn</entry><entry level="1" type="bullet">tiziano villa synthesi finit machin logic optim kluwer academ publish boston isbn</entry><entry level="1" type="bullet">carrol long theori finit automata introduct formal languag prentic hall englewood cliff</entry><entry level="1" type="bullet">kohavi switch finit automata theori mcgrawhil</entry><entry level="1" type="bullet">gill introduct theori finitest machin mcgrawhil</entry><entry level="1" type="bullet">ginsburg introduct mathemat machin theori addisonwesley</entry></list></p></ss1><ss1><st>finit machin automata theori theoret comput scienc</st><p><list><entry level="1" type="bullet"><cite id="Reference-Arbib-1969" style="font-style:normal" class="book">arbib michael theori abstract automata ed englewood cliff nj prenticehal</cite></entry></list></p><p><list><entry level="1" type="bullet"><cite id="Reference-Bobrow-1974" style="font-style:normal" class="book">bobrow leonard michael arbib discret mathemat appli algebra comput inform scienc ed philadelphia saunder compani</cite></entry></list></p><p><list><entry level="1" type="bullet"><cite id="Reference-Booth-1967" style="font-style:normal" class="book">booth taylor sequenti machin automata theori york john wiley son librari congress card catalog number</cite>extens widerang book meant specialist written theoret comput scientist well electr engin detail explan minim techniqu fsm ture machin markov process undecid excel treatment markov process</entry></list></p><p><list><entry level="1" type="bullet"><cite id="Reference-Boolos-1989, 1999" style="font-style:normal" class="book">boolo georg richard jeffrey comput logic ed cambridg england cambridg univers press isbn</cite>excel ha print variou edit reprint sinc</entry></list></p><p><list><entry level="1" type="bullet"><cite id="Reference-Brookshear-1989" style="font-style:normal" class="book">brookshear glenn theori comput formal languag automata complex redwood citi california benjamincum publish compani isbn</cite>approach<link ns0:type="simple" ns0:href="../854/6854.xml">churchtur thesi</link>three angl level finit automata acceptor formal languag primit partial recurs theori power barebon program languag implement algorithm slim volum</entry></list></p><p><list><entry level="1" type="bullet"><cite id="Reference-Davis-1994" style="font-style:normal" class="book">davi martin ron sigal elain weyuk second edit comput complex languag logic fundament theoret comput scienc ed san diego academ press harcourt brace compani</cite></entry></list></p><p><list><entry level="1" type="bullet"><cite id="endnote_hopcroft1" style="font-style: normal;" />hopcroft john log algorithm minim finit automaton<weblink ns0:type="simple" ns0:href="ftp://reports.stanford.edu/pub/cstr/reports/cs/tr/71/190/CS-TR-71-190.pdf">ftp</weblink></entry></list></p><p><list><entry level="1" type="bullet"><cite id="Reference-Hopcroft-1979" style="font-style:normal" class="book">hopcroft john jeffrey ullman introduct automata theori languag comput ed read mass addisonwesley isbn</cite>difficult book center issu machineinterpret languag npcomplet</entry></list></p><p><list><entry level="1" type="bullet"><cite id="Reference-Hopcroft-2001" style="font-style:normal" class="book">hopcroft john rajeev motwani jeffrey ullman introduct automata theori languag comput ed read mass addisonwesley</cite>distinctli differ intimid edit</entry></list></p><p><list><entry level="1" type="bullet"><cite id="Reference-Hopkin-1976" style="font-style:normal" class="book">hopkin david barbara moss automata york elsevi northholland isbn</cite></entry></list></p><p><list><entry level="1" type="bullet"><cite id="Reference-Kozen-1997" style="font-style:normal" class="book">kozen dexter automata comput ed york springerverlag isbn</cite></entry></list></p><p><list><entry level="1" type="bullet"><cite id="Reference-Lewis-1998" style="font-style:normal" class="book">lewi harri christo papadimitri element theori comput upper saddl river jersey prenticehal isbn</cite></entry></list></p><p><list><entry level="1" type="bullet"><cite id="Reference-Linz-2006" style="font-style:normal" class="book">linz peter formal languag automata sudburi ma jone bartlett</cite></entry></list></p><p><list><entry level="1" type="bullet"><cite id="Reference-Minsky-1967" style="font-style:normal" class="book">minski marvin comput finit infinit machin jersey prenticehal</cite>minski spend defin context fsm diagram convent unconvent excel ie rel readabl sometim funni</entry></list></p><p><list><entry level="1" type="bullet"><cite style="font-style:normal" class="book"><physical_entity wordnetid="100001930" confidence="0.8"><peer wordnetid="109626238" confidence="0.8"><person wordnetid="100007846" confidence="0.8"><honoree wordnetid="110183757" confidence="0.8"><intellectual wordnetid="109621545" confidence="0.8"><colleague wordnetid="109935990" confidence="0.8"><acquirer wordnetid="109764201" confidence="0.8"><scientist wordnetid="110560637" confidence="0.8"><adult wordnetid="109605289" confidence="0.8"><professional wordnetid="110480253" confidence="0.8"><recipient wordnetid="109627906" confidence="0.8"><educator wordnetid="110045713" confidence="0.8"><associate wordnetid="109816771" confidence="0.8"><communicator wordnetid="109610660" confidence="0.8"><laureate wordnetid="110249011" confidence="0.8"><alumnus wordnetid="109786338" confidence="0.8"><academician wordnetid="109759069" confidence="0.8"><causal_agent wordnetid="100007347" confidence="0.8"><writer wordnetid="110794014" confidence="0.8"><scholar wordnetid="110557854" confidence="0.8"><link ns0:type="simple" ns0:href="../428/3509428.xml">christo papadimitri</link></scholar></writer></causal_agent></academician></alumnus></laureate></communicator></associate></educator></recipient></professional></adult></scientist></acquirer></colleague></intellectual></honoree></person></peer></physical_entity>comput complex edit addison wesley isbn</cite></entry></list></p><p><list><entry level="1" type="bullet"><cite id="Reference-Pippenger-1997" style="font-style:normal" class="book">pippeng nichola theori comput cambridg england cambridg univers press hc</cite>abstract algebra core book render advanc access text</entry></list></p><p><list><entry level="1" type="bullet"><cite id="Reference-Rodger-2006" style="font-style:normal" class="book">rodger susan thoma finley jflap interact formal languag automata packag sudburi ma jone bartlett</cite></entry></list></p><p><list><entry level="1" type="bullet"><cite id="Reference-Sipser-2006" style="font-style:normal" class="book">sipser michael introduct theori comput second edit boston mass thomson cours technolog</cite>cf finit machin finit automata chapter</entry></list></p><p><list><entry level="1" type="bullet"><cite id="Reference-Wood-1987" style="font-style:normal" class="book">wood derick theori comput york harper row publish</cite></entry></list></p><p><list><entry level="1" type="bullet"><cite id="endnote_AlmeidaEtAl" style="font-style: normal;" />almeida marco moreira nelma rei rogerio perform automata minim algrotim<weblink ns0:type="simple" ns0:href="http://www.dcc.fc.up.pt/dcc/Pubs/TReports/TR07/dcc-2007-03.pdf">http</weblink></entry></list></p></ss1><ss1><st>abstract machin theoret comput scienc</st><p><list><entry level="1" type="bullet">yuri gurevich sequenti abstract machin captur sequenti algorithm acm transact comput logic vl juli http</entry></list></p></ss1><ss1><st>machin learn finitest algorithm</st><p><list><entry level="1" type="bullet"><cite id="Reference-Mitchell-1997" style="font-style:normal" class="book">mitchel tom machin learn york wcbmcgrawhil corpor isbn</cite>broad brush quit thorough sometim difficult meant comput scientist engin chapter reinforc learn deal robotlearn involv statemachinelik algorithm</entry></list></p></ss1><ss1><st>hardwar engin minim synthesi sequenti circuit</st><p><list><entry level="1" type="bullet"><cite id="Reference-Booth-1967" style="font-style:normal" class="book">booth taylor sequenti machin automata theori york john wiley son librari congress card catalog number</cite>extens widerang book meant specialist written theoret comput scientist well electr engin detail explan minim techniqu fsm ture machin markov process undecid excel treatment markov process</entry><entry level="1" type="bullet"><cite id="Reference-Booth-1971" style="font-style:normal" class="book">booth taylor digit network comput system york john wiley son isbn</cite>meant electr engin focus demand earlier book treatment comput outdat interest definit algorithm</entry><entry level="1" type="bullet"><cite id="Reference-McCluskey-1965" style="font-style:normal" class="book">mccluskey introduct theori switch circuit york mcgrawhil book compani librari congress card catalog number</cite>meant hardwar electr engin detail explan minim techniqu synthesi techniqu design combinatori logic circuit</entry><entry level="1" type="bullet"><cite id="Reference-Hill-1965" style="font-style:normal" class="book">hill fredrick gerald peterson introduct theori switch circuit york mcgrawhil book compani librari congress card catalog number</cite>meant hardwar electr engin excel explan minim techniqu synthesi techniqu design combinatori sequenti logic circuit</entry></list></p></ss1><ss1><st>finit markov chain process</st><p><indent level="2"><physical_entity wordnetid="100001930" confidence="0.8"><person wordnetid="100007846" confidence="0.8"><model wordnetid="110324560" confidence="0.8"><assistant wordnetid="109815790" confidence="0.8"><worker wordnetid="109632518" confidence="0.8"><causal_agent wordnetid="100007347" confidence="0.8"><link ns0:type="simple" ns0:href="../876/60876.xml">markov chain</link></causal_agent></worker></assistant></model></person></physical_entity>process move success set sr si move sj probabl pij probabl exhibit form transit matrix kemeni</indent>finit markovchain process<link ns0:type="simple" ns0:href="../265/1986265.xml">subshift finit type</link></p><p><list><entry level="1" type="bullet"><cite id="Reference-Booth-1967" style="font-style:normal" class="book">booth taylor sequenti machin automata theori york john wiley son librari congress card catalog number</cite>extens widerang book meant specialist written theoret comput scientist well electr engin detail explan minim techniqu fsm ture machin markov process undecid excel treatment markov process</entry><entry level="1" type="bullet"><cite id="Reference-Kemeny-1959" style="font-style:normal" class="book">kemeni john hazleton mirkil lauri snell gerald thompson finit mathemat structur englewood cliff nj prenticehal librari congress card catalog number</cite>classic text cf chapter finit markov chain</entry></list></p><p><table style=";width:auto;" class="navbox" cellspacing="0"><row><col style="padding:2px;"><table style="width:100%;background:transparent;color:inherit;;" class="nowraplinks collapsible autocollapse " cellspacing="0"><row><header colspan="2" style=";" class="navbox-title"><link ns0:type="simple" ns0:href="../356/103356.xml">automata theori</link><link ns0:type="simple" ns0:href="../939/10939.xml">formal languag</link><link ns0:type="simple" ns0:href="../716/18020716.xml">formal grammar</link></header></row><row style="height:2px;" /><row><col colspan="2" style="width:100%;padding:0px;;;background:transparent;color:inherit;" class="navbox-list navbox-odd"><table style="text-align:left;width:100%;" class="navbox-columns-table" cellspacing="0"><row><col colspan="1" style="" class="navbox-abovebelow"><language wordnetid="106282651" confidence="0.8"><link ns0:type="simple" ns0:href="../011/6011.xml">chomski hierarchi</link></language></col><col colspan="1" style="border-left:2px solid #fdfdfd;" class="navbox-abovebelow"><language wordnetid="106282651" confidence="0.8"><link ns0:type="simple" ns0:href="../716/18020716.xml">grammar</link></language></col><col colspan="1" style="border-left:2px solid #fdfdfd;" class="navbox-abovebelow"><link ns0:type="simple" ns0:href="../939/10939.xml">languag</link></col><col colspan="1" style="border-left:2px solid #fdfdfd;" class="navbox-abovebelow">minim<link ns0:type="simple" ns0:href="../931/10931.xml">automaton</link></col></row><row style="height:2px;" /><row style="vertical-align:top;"><col style="padding:0px;text-align: center;;;;width:10em;">na na na na na</col><col style="border-left:2px solid #fdfdfd;padding:0px;text-align: center;;;;width:10em;"><p><language wordnetid="106282651" confidence="0.8"><link ns0:type="simple" ns0:href="../174/4906174.xml">unrestrict</link></language>common<language wordnetid="106282651" confidence="0.8"><link ns0:type="simple" ns0:href="../211/6211.xml">contextsensit</link></language><language wordnetid="106282651" confidence="0.8"><link ns0:type="simple" ns0:href="../637/12656637.xml" /></language><model wordnetid="105890249" confidence="0.8"><idea wordnetid="105833840" confidence="0.8"><concept wordnetid="105835747" confidence="0.8"><hypothesis wordnetid="105888929" confidence="0.8"><link ns0:type="simple" ns0:href="../555/567555.xml">treeadjoin</link></hypothesis></concept></idea></model><message wordnetid="106598915" confidence="0.8"><subject wordnetid="106599788" confidence="0.8"><language wordnetid="106282651" confidence="0.8"><link ns0:type="simple" ns0:href="../759/6759.xml">contextfre</link></language></subject></message><language wordnetid="106282651" confidence="0.8"><link ns0:type="simple" ns0:href="../024/10609024.xml">determinist contextfre</link></language><language wordnetid="106282651" confidence="0.8"><link ns0:type="simple" ns0:href="../855/25855.xml">regular</link></language>na</p></col><col style="border-left:2px solid #fdfdfd;padding:0px;text-align: center;;;;width:10em;"><p><language wordnetid="106282651" confidence="0.8"><link ns0:type="simple" ns0:href="../789/54789.xml">recurs enumer</link></language><language wordnetid="106282651" confidence="0.8"><link ns0:type="simple" ns0:href="../874/53874.xml">recurs</link></language><language wordnetid="106282651" confidence="0.8"><link ns0:type="simple" ns0:href="../212/6212.xml">contextsensit</link></language><language wordnetid="106282651" confidence="0.8"><link ns0:type="simple" ns0:href="../284/7324284.xml" /></language><language wordnetid="106282651" confidence="0.8"><link ns0:type="simple" ns0:href="../226/13026226.xml">mildli contextsensit</link></language><language wordnetid="106282651" confidence="0.8"><link ns0:type="simple" ns0:href="../867/6867.xml">contextfre</link></language><language wordnetid="106282651" confidence="0.8"><link ns0:type="simple" ns0:href="../589/7962589.xml">determinist contextfre</link></language><language wordnetid="106282651" confidence="0.8"><link ns0:type="simple" ns0:href="../723/25723.xml">regular</link></language><language wordnetid="106282651" confidence="0.8"><link ns0:type="simple" ns0:href="../792/4922792.xml">starfre</link></language></p></col><col style="border-left:2px solid #fdfdfd;padding:0px;text-align: center;;;;width:10em;"><p><invention wordnetid="105633385" confidence="0.8"><know-how wordnetid="105616786" confidence="0.8"><method wordnetid="105660268" confidence="0.8"><link ns0:type="simple" ns0:href="../403/30403.xml">ture machin</link></method></know-how></invention><physical_entity wordnetid="100001930" confidence="0.8"><person wordnetid="100007846" confidence="0.8"><model wordnetid="110324560" confidence="0.8"><assistant wordnetid="109815790" confidence="0.8"><worker wordnetid="109632518" confidence="0.8"><causal_agent wordnetid="100007347" confidence="0.8"><link ns0:type="simple" ns0:href="../564/1352564.xml">decid</link></causal_agent></worker></assistant></model></person></physical_entity><physical_entity wordnetid="100001930" confidence="0.8"><person wordnetid="100007846" confidence="0.8"><model wordnetid="110324560" confidence="0.8"><assistant wordnetid="109815790" confidence="0.8"><worker wordnetid="109632518" confidence="0.8"><causal_agent wordnetid="100007347" confidence="0.8"><link ns0:type="simple" ns0:href="../962/1811962.xml">linearbound</link></causal_agent></worker></assistant></model></person></physical_entity><physical_entity wordnetid="100001930" confidence="0.8"><person wordnetid="100007846" confidence="0.8"><model wordnetid="110324560" confidence="0.8"><assistant wordnetid="109815790" confidence="0.8"><worker wordnetid="109632518" confidence="0.8"><causal_agent wordnetid="100007347" confidence="0.8"><link ns0:type="simple" ns0:href="../447/9791447.xml">nest stack</link></causal_agent></worker></assistant></model></person></physical_entity><physical_entity wordnetid="100001930" confidence="0.8"><person wordnetid="100007846" confidence="0.8"><model wordnetid="110324560" confidence="0.8"><assistant wordnetid="109815790" confidence="0.8"><worker wordnetid="109632518" confidence="0.8"><causal_agent wordnetid="100007347" confidence="0.8"><link ns0:type="simple" ns0:href="../961/14345961.xml">embed pushdown</link></causal_agent></worker></assistant></model></person></physical_entity><physical_entity wordnetid="100001930" confidence="0.8"><person wordnetid="100007846" confidence="0.8"><model wordnetid="110324560" confidence="0.8"><assistant wordnetid="109815790" confidence="0.8"><worker wordnetid="109632518" confidence="0.8"><causal_agent wordnetid="100007347" confidence="0.8"><link ns0:type="simple" ns0:href="../510/24510.xml">nondeterminist pushdown</link></causal_agent></worker></assistant></model></person></physical_entity><physical_entity wordnetid="100001930" confidence="0.8"><person wordnetid="100007846" confidence="0.8"><model wordnetid="110324560" confidence="0.8"><assistant wordnetid="109815790" confidence="0.8"><worker wordnetid="109632518" confidence="0.8"><causal_agent wordnetid="100007347" confidence="0.8"><link ns0:type="simple" ns0:href="../656/3972656.xml">determinist pushdown</link></causal_agent></worker></assistant></model></person></physical_entity><link ns0:type="simple" ns0:href="../931/10931.xml">finit</link><language wordnetid="106282651" confidence="0.8"><link ns0:type="simple" ns0:href="../149/17995149.xml">aperiod finit</link></language></p></col></row></table></col></row><row style="height:2px;" /><row><col colspan="2" style=";" class="navbox-abovebelow">categori languag grammar<link ns0:type="simple" ns0:href="../631/27631.xml">proper subset</link>categori directli abov ani automaton categori ha equival automaton categori directli abov</col></row></table></col></row></table></p></ss1></sec></bdy></method></know-how></model></article>