<article xmlns:ns0="http://www.w3.org/1999/xlink"><politics confidence="0.8" wordnetid="113840719"><social_relation confidence="0.8" wordnetid="100032823"><header><title>couvertur maladi universel</title><id /><revision><id /><timestamp /><contributor><username /><id /></contributor></revision><categories><category>polit franc</category></categories></header><bdy>cmu couvertur maladi universel univers health care coverag french<link ns0:type="simple" ns0:href="../250/3332250.xml">social welfar</link>program concern<link ns0:type="simple" ns0:href="../734/463734.xml">public health</link>wa vote<chancellor wordnetid="109906986" confidence="0.9508927676800064"><link ns0:type="simple" ns0:href="../519/67519.xml">lionel jospin</link></chancellor><link ns0:type="simple" ns0:href="../635/6570635.xml">gauch pluriel</link>govern juli law initi minist<politician wordnetid="110451263" confidence="0.9508927676800064"><link ns0:type="simple" ns0:href="../327/2636327.xml">martin aubri</link></politician>cmu ha implement sinc januari<p>offer possibl peopl legal resid franc three month health expens reimburs<idea wordnetid="105833840" confidence="0.8"><plan wordnetid="105898568" confidence="0.8"><link ns0:type="simple" ns0:href="../691/27691.xml">social secur</link></plan></idea>furthermor peopl low revenu cmu offer complementari health protect add standard social secur pay addit privat insur<link ns0:type="simple" ns0:href="../155/1703155.xml">illeg alien</link>benefit<link>aid mdical detat</link>ame medic aid</p><p>investig ngo<link>mdecin du mond</link>doctor french physician illeg refus treat patient cover cmu refus treat ame patient<ref ns0:type="simple" ns0:href="#xpointer(//reflist/entry[@id=%221%22])" /></p><p>main argument propon cmu medic aid program<link ns0:type="simple" ns0:href="../081/175081.xml">humanitarian</link>concern matter<link ns0:type="simple" ns0:href="../734/463734.xml">public health</link>avoid categori<link ns0:type="simple" ns0:href="../949/22949.xml">popul</link>well treat thu prevent develop<link ns0:type="simple" ns0:href="../981/66981.xml">epidem</link>furthermor propon point cheaper treat patient health problem wors</p><sec><st>refer</st><p><reflist><entry id="1"><weblink ns0:type="simple" ns0:href="http://www.lemonde.fr/web/article/0,1-0@2-3226,36-824233@51-824256,0.html">de gnralist refus de patient relev de laid mdical detat selon mdecin du mond</weblink><newspaper wordnetid="106267145" confidence="0.9508927676800064"><link ns0:type="simple" ns0:href="../071/127071.xml">le mond</link></newspaper>french</entry></reflist></p></sec><sec><st /><p><list><entry level="1" type="bullet"><link ns0:type="simple" ns0:href="../661/570661.xml">univers health care</link></entry><entry level="1" type="bullet"><link ns0:type="simple" ns0:href="../839/222839.xml">welfar</link></entry><entry level="1" type="bullet"><link ns0:type="simple" ns0:href="../476/67476.xml">polit franc</link></entry><entry level="1" type="bullet"><chancellor wordnetid="109906986" confidence="0.9508927676800064"><link ns0:type="simple" ns0:href="../519/67519.xml">lionel jospin</link></chancellor><politics wordnetid="113840719" confidence="0.8"><social_relation wordnetid="100032823" confidence="0.8"><link ns0:type="simple" ns0:href="../635/6570635.xml">gauch pluriel</link></social_relation></politics>plural left govern</entry></list></p></sec></bdy></social_relation></politics></article>