<article xmlns:ns0="http://www.w3.org/1999/xlink"><region confidence="0.8" wordnetid="108630985"><village confidence="0.8" wordnetid="108672738"><location confidence="0.8" wordnetid="100027167"><settlement confidence="0.8" wordnetid="108672562"><geographical_area confidence="0.8" wordnetid="108574314"><header><title>miniara</title><id /><revision><id /><timestamp /><contributor><username /><id /></contributor></revision><categories><category>settlement lebanon</category><category>rough translat</category></categories></header><bdy><table class="metadata plainlinks ambox "><row><col>amboxstyl style</col></row><row><col class="mbox-image"><p><image width="50px" src="Translation_arrow.svg"><caption>translat arrow icon</caption></image></p></col><col style="" class="mbox-text">thi articl rough articl arab gener comput translat limit profici english arab feel free<weblink ns0:type="simple" ns0:href="http://localhost:18088/wiki/index.php?title=Miniara action=edit">enhanc translat</weblink>refer origin articl appear arab languag list</col></row></table>miniara<language wordnetid="106282651" confidence="0.9508927676800064"><link ns0:type="simple" ns0:href="../803/803.xml">arab</link></language>lrm transliter manyara villag mouhafazah akkar north<country wordnetid="108544813" confidence="0.9508927676800064"><link ns0:type="simple" ns0:href="../771/17771.xml">lebanon</link></country>kilomet east<link ns0:type="simple" ns0:href="../006/19006.xml">mediterranean sea</link>kilomet south<link ns0:type="simple" ns0:href="../725/3971725.xml">halba</link>popul miniara birth place ibrahim beik el<link>sarraf</link>member lebanes parliament repres christian seat<link ns0:type="simple" ns0:href="../785/8380785.xml">akkar</link><country wordnetid="108544813" confidence="0.9508927676800064"><link ns0:type="simple" ns0:href="../771/17771.xml">lebanon</link></country>wa french mandat<p>mani peopl origin thi villag resid<link ns0:type="simple" ns0:href="../232/31232.xml">tripoli</link><village wordnetid="108672738" confidence="0.9508927676800064"><link ns0:type="simple" ns0:href="../428/37428.xml">beirut</link></village>lebanes region abroad</p><p>mayor toni naim abboud ha won municip term row</p><sec><st>geographi</st><p>miniara close coast close mountain plain sahel miniara well fertil land vineyard veget grown plentitud</p></sec><sec><st>social life</st><p>popul cultur divers peopl<link ns0:type="simple" ns0:href="../522/18337522.xml">christian</link>sever differ denomin<link ns0:type="simple" ns0:href="../547/52547.xml">jehovah wit</link>es numer<link ns0:type="simple" ns0:href="../731/224731.xml">greek orthodox</link><link ns0:type="simple" ns0:href="../848/606848.xml">roman cathol</link><link ns0:type="simple" ns0:href="../979/3979.xml">baptist</link></p><p>villag start villag term teach cloth food fashion miniara rel wealthi villag</p><p>villag manyara villag free illiteraci replet intellectu holder advanc degre high restaur summer festiv concert organ sponsor municip manyara municip manyara best municip lot project rehabilit physic infrastructur establish garden gener playground children lot project serv citizen achiev achiev supervis presid mr mayor anton abboud manyara abound grow oliv citru grapevin import product shop spree oliv oil ethnic wine addit number product manyara lebanes villag character distinct destin surround villag seek knowledg cultur buy pleasur hadiiqtma elimin night life holiday restaur presid mr mayor anton abboud promin attent improv condit villag servic cultur mayor sought provid secur highlight civil face manyara mani construct project</p></sec><sec><st>famili miniara</st><p>elsarraf<language wordnetid="106282651" confidence="0.9508927676800064"><link ns0:type="simple" ns0:href="../803/803.xml">arab</link></language>lrm fouad ibrahim sarraf wa mayor miniara mid mid dure civil war year miniara council leadership fouad ibrahim sarraf remain function extent possibl council<country wordnetid="108544813" confidence="0.9508927676800064"><link ns0:type="simple" ns0:href="../771/17771.xml">lebanon</link></country>dissolv polit militari pressur dr yacoub sarraf wa minist health member parliament sever term franjieh power dr riad sarraf wa member parliament term<physical_entity wordnetid="100001930" confidence="0.8"><politician wordnetid="110451263" confidence="0.8"><person wordnetid="100007846" confidence="0.8"><leader wordnetid="109623038" confidence="0.8"><causal_agent wordnetid="100007347" confidence="0.8"><link ns0:type="simple" ns0:href="../741/7918741.xml">yacoub riad sarraf</link></causal_agent></leader></person></politician></physical_entity>wa governor<village wordnetid="108672738" confidence="0.9508927676800064"><link ns0:type="simple" ns0:href="../428/37428.xml">beirut</link></village>mountlebanon sever year wa minist environ juli juli wa minist defenc dure absenc<physical_entity wordnetid="100001930" confidence="0.8"><politician wordnetid="110451263" confidence="0.8"><person wordnetid="100007846" confidence="0.8"><leader wordnetid="109623038" confidence="0.8"><causal_agent wordnetid="100007347" confidence="0.8"><link ns0:type="simple" ns0:href="../966/2217966.xml">elia murr</link></causal_agent></leader></person></politician></physical_entity>refer<physical_entity wordnetid="100001930" confidence="0.8"><politician wordnetid="110451263" confidence="0.8"><person wordnetid="100007846" confidence="0.8"><leader wordnetid="109623038" confidence="0.8"><causal_agent wordnetid="100007347" confidence="0.8"><link ns0:type="simple" ns0:href="../741/7918741.xml">yacoub riad sarraf</link></causal_agent></leader></person></politician></physical_entity>wiki polit stori affili</p><p>bahliss yaacoub bahliss wa doctor akkar bassim bahliss wa presid educ govern center north lebanon wrote lot book well enorm favour ha lot peopl gener bahig bahliss wa offic lebanes armi wa creat ha veri import posit nationwid intern presid intern civil defens nowaday doctor nizar bahliss cancer professor wa award best cancer north america bahliss famili well educ public relat</p><p>anoth major famili villag saoud veri big famili wa polit rival sarraf famili centuri sarraf famili tri year limit import role region succeed</p><p>miniara ha mani promin famili ayoub naou kafrouni hiar rabahi melhem mansour bourdoukan sabbagh toulani farah famili contribut modernis miniara</p></sec><sec><st>educ</st><p>literaci rate miniara rel high major miniara teenag popul high school ha complet high school</p><p>miniara stand backward town term educ region akkar miniara locat poorest educ countri peopl miniara veri ignor follow tradit began year ago person live villag doctor ignor</p><p>miniara ha privat public school</p><ss1><st>privat school</st><p><list><entry level="1" type="bullet">miniara protest school</entry><entry level="1" type="bullet">saint joseph colleg</entry><entry level="1" type="bullet">saint joseph school</entry><entry level="1" type="bullet">miniara russian school</entry></list></p></ss1><ss1><st>public school</st><p><list><entry level="1" type="bullet">miniara femal public school</entry></list>reda ibrahim sarraf die wa previou princip serv year record dedic unriv exemplari noteworthi<list><entry level="1" type="bullet">miniara boy public school</entry></list></p></ss1></sec><sec><st>employ</st><p>student choos career path teach armi personnel doctor lawyer engin major young student miniara prefer studi oversea<link ns0:type="simple" ns0:href="../750/3434750.xml">usa</link><country wordnetid="108544813" confidence="0.9508927676800064"><link ns0:type="simple" ns0:href="../264/4689264.xml">australia</link></country><region wordnetid="108630039" confidence="0.9508927676800064"><link ns0:type="simple" ns0:href="../916/5042916.xml">canada</link></region>becaus unstabl polit situat lebanon larg percentag individu prefer work arab countri graduat</p></sec><sec><st>health</st></sec><sec><st>polit</st><p>complet region akkar project twin municip manyara akar karatagina colombia major municip colombia mayor manyara antoin abboud thi twin cover area includ develop health project cultur social reconstruct ad thi twin will contribut process improv develop perform municip manyara especi discount affect municip akkar includ mayor manyara impact neg municip work indic thi municip akkar region complet twin foreign municip expatri colombia lebanes origin akkar region</p></sec><sec><st>refer</st><p><list><entry level="1" type="bullet"><weblink ns0:type="simple" ns0:href="http://www.almustaqbal.com/stories.aspx?StoryID=39808">al mustaqb articl fouad ibrahim sarraf</weblink>access januari</entry></list></p><p><link ns0:type="simple" ns0:href="../361/48361.xml">coordin</link><weblink ns0:type="simple" ns0:href="http://stable.toolserver.org/geohack/geohack.php?pagename=Miniara params=34_31_57_N_36_03_38.76_E_region:LB_type:city_source:enwiki-GNS" /></p></sec></bdy></geographical_area></settlement></location></village></region></article>