<article xmlns:ns0="http://www.w3.org/1999/xlink"><event confidence="0.8" wordnetid="100029378"><act confidence="0.8" wordnetid="100030358"><psychological_feature confidence="0.8" wordnetid="100023100"><procedure confidence="0.8" wordnetid="101023820"><activity confidence="0.8" wordnetid="100407535"><header><title>forget</title><id /><revision><id /><timestamp /><contributor><username /><id /></contributor></revision><categories><category>memori process</category><category>uncategor expert attent</category><category>expert attent</category></categories></header><bdy><table class="metadata plainlinks ambox "><row><col>amboxcont style</col></row><row><col class="mbox-image"><p><image width="40x40px" src="Ambox_content.png" /></p></col><col style="" class="mbox-text">thi articl attent expert subject pleas help recruit<weblink ns0:type="simple" ns0:href="http://localhost:18088/wiki/index.php?title=Forgetting action=edit">improv thi articl</weblink>detailspleas consid associ thi request</col></row></table><p>forget retent loss refer appar loss inform alreadi encod store individu long term memori spontan gradual process<link ns0:type="simple" ns0:href="../844/18844.xml">memori</link>unabl recal memori storag subject delic balanc optim ensur relev memori recal forget reduc repetit andor elabor cognit process inform review inform involv activ retriev slow rate forget</p><p>forget function amount rememb function time sinc event wa experienc extens analyz evid power function provid closest mathemat fit forget function<weblink ns0:type="simple" ns0:href="http://psy.ucsd.edu/~jwixted/Reprints/Wickelgren%20Ebbinghaus%20(final)_formatted.pdf">http psyucsdedujwixtedreprintswickelgren final _formattedpdf</weblink></p><sec><st>histori</st><p>peopl studi mechan forget wa german psychologist<scientist wordnetid="110560637" confidence="0.9508927676800064"><link ns0:type="simple" ns0:href="../647/13647.xml">hermann ebbinghau</link></scientist>sole subject experi memor list three letter nonsens syllabl word conson vowel middl measur capac relearn list word varieti time period forget occur systemat manner rapidli level method primit basic premis held true today reaffirm methodolog sound method</p></sec><sec><st>theori forget</st><p>main theori forget appar studi psycholog follow</p><ss2><st>cuedepend forget</st><p><event wordnetid="100029378" confidence="0.8"><act wordnetid="100030358" confidence="0.8"><psychological_feature wordnetid="100023100" confidence="0.8"><procedure wordnetid="101023820" confidence="0.8"><activity wordnetid="100407535" confidence="0.8"><link ns0:type="simple" ns0:href="../207/2367207.xml">cuedepend forget</link></activity></procedure></psychological_feature></act></event>retriev failur failur recal<link ns0:type="simple" ns0:href="../844/18844.xml">memori</link><link ns0:type="simple" ns0:href="../399/569399.xml">stimuli</link>cue time memori wa<event wordnetid="100029378" confidence="0.8"><act wordnetid="100030358" confidence="0.8"><psychological_feature wordnetid="100023100" confidence="0.8"><procedure wordnetid="101023820" confidence="0.8"><activity wordnetid="100407535" confidence="0.8"><link ns0:type="simple" ns0:href="../182/5128182.xml">encod</link></activity></procedure></psychological_feature></act></event><link ns0:type="simple" ns0:href="../961/5961.xml">cognit psycholog</link>theori<link ns0:type="simple" ns0:href="../963/10963.xml">forget</link>memori sometim temporarili forgotten pure becaus retriev proper cue bring mind good<link ns0:type="simple" ns0:href="../518/20518.xml">metaphor</link>thi search book librari<link ns0:type="simple" ns0:href="../327/18327.xml">refer number</link>titl author subject inform exist cue retriev unlik furthermor good<link ns0:type="simple" ns0:href="../271/15271.xml">retriev</link>cue consist origin encod inform sound word<link ns0:type="simple" ns0:href="../810/1068810.xml">emphas</link>dure encod process cue emphasi<link ns0:type="simple" ns0:href="../194/23194.xml">phonet</link>qualiti word inform avail howev avail cue</p></ss2></sec><sec><st>trace decay</st><p>trace decay focus problem avail caus memori decay hebb incom inform creat pattern neuron creat neurolog memori trace brain fade time repeat fire caus structur chang synaps rehears repeat fire maintain memori stm structur chang</p><ss2><st>organ caus</st><p>forget occur physiolog damag dilapid brain refer organ caus forget theori encompass loss inform alreadi retain<link ns0:type="simple" ns0:href="../995/17995.xml">long term memori</link>inabl encod inform exampl includ<link ns0:type="simple" ns0:href="../017/18914017.xml">alzheim</link><link ns0:type="simple" ns0:href="../950/234950.xml">amnesia</link><link ns0:type="simple" ns0:href="../390/38390.xml">dementia</link>consolid theori gradual slow central nervou system<link ns0:type="simple" ns0:href="../098/4402098.xml">age</link></p></ss2><ss2><st>interfer theori</st><p><event wordnetid="100029378" confidence="0.8"><act wordnetid="100030358" confidence="0.8"><psychological_feature wordnetid="100023100" confidence="0.8"><procedure wordnetid="101023820" confidence="0.8"><activity wordnetid="100407535" confidence="0.8"><link ns0:type="simple" ns0:href="../281/533281.xml">interfer theori</link></activity></procedure></psychological_feature></act></event>refer idea forget occur becaus recal item interfer recal item natur interf item origin stimul environ interfer theori exist branch retroact proactiv inhibit refer contrast retroact interfer memori interfer memori caus chang extent hand proactiv interfer memori interfer older memori caus chang</p></ss2><ss2><st>decay theori</st><p>decay theori someth learn neurochem physic memori trace form brain time thi trace tend disintegr occasion</p></ss2></sec><sec><st>definit controversi</st><p>forget veri differ caus simpli remov store content forget access problem avail problem reason<link ns0:type="simple" ns0:href="../950/234950.xml">amnesia</link>caus accid</p><p>debat popular concept<link ns0:type="simple" ns0:href="../317/533317.xml">trace decay</link>occur short<link ns0:type="simple" ns0:href="../995/17995.xml">longterm memori</link>thi theori applic mostli<link ns0:type="simple" ns0:href="../944/28944.xml">shortterm memori</link>supposedli contradict fact abl ride bike decades<link ns0:type="simple" ns0:href="../199/250199.xml">flashbulb memori</link>anoth piec seemingli contradict evid believ memori trace decay nt sleep believ play key role halt trace decay exact mechan thi unknown</p></sec><sec><st /><p><list><entry level="1" type="bullet"><link ns0:type="simple" ns0:href="../950/234950.xml">amnesia</link></entry><entry level="1" type="bullet"><event wordnetid="100029378" confidence="0.8"><act wordnetid="100030358" confidence="0.8"><psychological_feature wordnetid="100023100" confidence="0.8"><procedure wordnetid="101023820" confidence="0.8"><activity wordnetid="100407535" confidence="0.8"><link ns0:type="simple" ns0:href="../207/2367207.xml">cuedepend forget</link></activity></procedure></psychological_feature></act></event></entry><entry level="1" type="bullet"><idea wordnetid="105833840" confidence="0.8"><scheme wordnetid="105905348" confidence="0.8"><plan wordnetid="105898568" confidence="0.8"><plan_of_action wordnetid="105902545" confidence="0.8"><link ns0:type="simple" ns0:href="../332/322332.xml">experi curv</link></plan_of_action></plan></scheme></idea></entry><entry level="1" type="bullet"><link ns0:type="simple" ns0:href="../332/10332.xml">educ psycholog</link></entry><entry level="1" type="bullet"><link ns0:type="simple" ns0:href="../844/18844.xml">memori</link></entry></list></p></sec><sec><st>refer</st><p><list><entry level="1" type="bullet"><cite id="CITEREFWixted2004" style="font-style:normal">wixt<weblink ns0:type="simple" ns0:href="http://psy.ucsd.edu/~jwixted/Reprints/AnnualReview.pdf">psycholog neurosci forget</weblink>annual review psycholog</cite></entry></list></p></sec></bdy></activity></procedure></psychological_feature></act></event></article>