<article xmlns:ns0="http://www.w3.org/1999/xlink"><entity confidence="0.9511911446218017" wordnetid="100001740"><case confidence="0.9508927676800064" wordnetid="107308889"><header><title>aetna health inc davila</title><id /><revision><id /><timestamp /><contributor><username /><id /></contributor></revision><categories><category>unit suprem court case</category><category>law</category><category>employe retir incom secur</category></categories></header><bdy><template><name>infobox scotu case</name><parameters><ArgueYear /><Majority>thoma</Majority><FullName>aetna health inc fka aetna healthcar inc aetna healthcar north texa inc petition juan davila</FullName><SCOTUS /><JoinConcurrence>breyer</JoinConcurrence><DecideDate>june</DecideDate><ArgueDate>march</ArgueDate><Concurrence>ginsburg</Concurrence><DecideYear /><USVol /><USPage /></parameters></template><p>aetna health inc davila us<link ns0:type="simple" ns0:href="../524/35524.xml" /><link ns0:type="simple" ns0:href="../737/31737.xml">unit suprem court</link>case limit scope<link>texa healthcar liabil</link></p><p>result thi decis wa texa healthcar liabil thcla held<link>util review</link>decis manag care entiti legal<link ns0:type="simple" ns0:href="../499/1717499.xml">duti care</link>accord law<link ns0:type="simple" ns0:href="../957/18957.xml">medic practic</link>texa enforc case health benefit plan provid privat employ becaus texa statut allow compensatori punit<link ns0:type="simple" ns0:href="../134/8134.xml">damag</link>redress loss deter futur transgress avail<link>erisa</link>rule allow<physical_entity wordnetid="100001930" confidence="0.8"><causal_agent wordnetid="100007347" confidence="0.8"><link ns0:type="simple" ns0:href="../810/29810.xml">texa</link></causal_agent></physical_entity>enforc thcla case governmentsponsor churchsponsor individu health plan polici save preemption erisa</p><sec><st>rule</st><p><link ns0:type="simple" ns0:href="../347/597347.xml">cigna</link>healthcar texa inc calad al togeth<company wordnetid="108058098" confidence="0.9508927676800064"><link ns0:type="simple" ns0:href="../343/78343.xml">aetna</link></company>health inc davila suprem court rule mr davila ms calad respond texa<link ns0:type="simple" ns0:href="../256/5256.xml">caus action</link>involv<link>util review</link>decis<link ns0:type="simple" ns0:href="../870/1183870.xml">manag care</link>entiti alleg advers affect patient care case util review decis contradict advic respond person physician fell<link>erisa</link>thu court rule complaint complet preempt erisa<link ns0:type="simple" ns0:href="../300/565300.xml">impli preemption</link>remov<link ns0:type="simple" ns0:href="../235/70235.xml">feder court</link>therefor feder court<link ns0:type="simple" ns0:href="../392/16392.xml">jurisdict</link>resolut<link ns0:type="simple" ns0:href="../357/7357.xml">complaint</link>defin erisa law follow supersed applic texa statut thcl thu limit thi case<change_of_state wordnetid="100199130" confidence="0.8"><event wordnetid="100029378" confidence="0.8"><change wordnetid="100191142" confidence="0.8"><improvement wordnetid="100248977" confidence="0.8"><correction wordnetid="100258854" confidence="0.8"><action wordnetid="100037396" confidence="0.8"><act wordnetid="100030358" confidence="0.8"><psychological_feature wordnetid="100023100" confidence="0.8"><redress wordnetid="100259177" confidence="0.8"><link ns0:type="simple" ns0:href="../959/3786959.xml">equit remedi</link></redress></psychological_feature></act></action></correction></improvement></change></event></change_of_state>avail erisa exclus remedi avail redress damag alleg suffer result util review decis</p></sec><sec><st>histori</st><p>suprem court decis revers decis<link ns0:type="simple" ns0:href="../326/428326.xml">us court appeal circuit</link>erisa preempt caus action<link ns0:type="simple" ns0:href="../256/12616256.xml">remand</link>texa court tri texa law</p><p>rule wa inform larg erisa judici<link ns0:type="simple" ns0:href="../004/23004.xml">preced</link>judgemad<link ns0:type="simple" ns0:href="../254/5254.xml">common law</link>establish earli erisa judici histori especi pilot life dedeaux case languag erisa evid<legislature wordnetid="108163273" confidence="0.9508927676800064"><link ns0:type="simple" ns0:href="../756/31756.xml">congression</link></legislature>intent includ erisa<link ns0:type="simple" ns0:href="../271/1717271.xml">legisl histori</link>expans interpret erisa preemption claus ie erisa supersed law relat privat employersponsor benefit plan specif guidanc word claus congress intend relat interpret coupl erisa enforc scheme includ<change_of_state wordnetid="100199130" confidence="0.8"><event wordnetid="100029378" confidence="0.8"><change wordnetid="100191142" confidence="0.8"><improvement wordnetid="100248977" confidence="0.8"><correction wordnetid="100258854" confidence="0.8"><action wordnetid="100037396" confidence="0.8"><act wordnetid="100030358" confidence="0.8"><psychological_feature wordnetid="100023100" confidence="0.8"><redress wordnetid="100259177" confidence="0.8"><link ns0:type="simple" ns0:href="../959/3786959.xml">equit remedi</link></redress></psychological_feature></act></action></correction></improvement></change></event></change_of_state><change_of_state wordnetid="100199130" confidence="0.8"><event wordnetid="100029378" confidence="0.8"><change wordnetid="100191142" confidence="0.8"><improvement wordnetid="100248977" confidence="0.8"><correction wordnetid="100258854" confidence="0.8"><action wordnetid="100037396" confidence="0.8"><act wordnetid="100030358" confidence="0.8"><psychological_feature wordnetid="100023100" confidence="0.8"><redress wordnetid="100259177" confidence="0.8"><link ns0:type="simple" ns0:href="../306/1584306.xml">legal remedi</link></redress></psychological_feature></act></action></correction></improvement></change></event></change_of_state>led conclus law<link ns0:type="simple" ns0:href="../256/5256.xml">caus action</link>legal remedi mississippi common law<link ns0:type="simple" ns0:href="../096/1392096.xml">bad faith</link>denial insur claim includ compensatori punit<link ns0:type="simple" ns0:href="../134/8134.xml">damag</link>allow erisa</p><p>pilot life challeng disabl insur claim denial equit remedi provid erisa avail mr dedeaux despit thi rule erisa provid sever equit<link ns0:type="simple" ns0:href="../343/39343.xml">injunct</link>remedi challeng denial benefit claim mandat wrong deni benefit provid</p><p>biggest distinguish factor pilot life case cigna calad wa fact wa late erisa power injunct remedi benefit respond alreadi suffer damag equit relief compens loss suffer</p><p>essenti thi suprem court decis place respond<link ns0:type="simple" ns0:href="../256/5256.xml">complaint</link>statu failur claim relief grant<link ns0:type="simple" ns0:href="../698/1487698.xml">dismiss</link>face fact case elucid<link ns0:type="simple" ns0:href="../982/601982.xml">discoveri</link><link ns0:type="simple" ns0:href="../812/3276812.xml">trial</link>case dismiss<link ns0:type="simple" ns0:href="../051/465051.xml">motion</link>matter law wherebi examin fact favor light favor respond relief seek grant exampl util review nurs neglig appli discharg protocol<link ns0:type="simple" ns0:href="../789/5599789.xml">hemorrhoidectomi</link><link ns0:type="simple" ns0:href="../960/352960.xml">total abdomin hysterectomi</link>calad die<link ns0:type="simple" ns0:href="../393/1479393.xml">complic</link>result treatment decis treat outpati basi discharg instruct onli day hospitil case dismiss law doe recogn monetari<link ns0:type="simple" ns0:href="../134/8134.xml">damag</link>neglig action manag care administr employ medic benefit plan doe acknowledg malpractic law appli treat physician decid administr cours patient care pegram herdrich</p><p>cigna aetna point oral argument ha refer erisa judici histori<link ns0:type="simple" ns0:href="../827/3905827.xml">panopli</link>remedi calad davila evok erisa prevent damag suffer includ appeal advers decis judici<link ns0:type="simple" ns0:href="../343/39343.xml">injunct</link>compel util review approv treatment texa law allow independ arbitr manag care util review decis base<link ns0:type="simple" ns0:href="../190/5483190.xml">medic necess</link>concept<link ns0:type="simple" ns0:href="../813/29813.xml">tort</link>angloamerican common law inform current interpret erisa point best describ defens<link ns0:type="simple" ns0:href="../545/1721545.xml">contributori neglig</link></p><p>perhap futur decision law model suprem court rule<right wordnetid="105174653" confidence="0.8"><link ns0:type="simple" ns0:href="../892/168892.xml">miranda arizona</link></right>inform futur law ensur patient simpli legal erisa challeng<link ns0:type="simple" ns0:href="../870/1183870.xml">manag care</link><link>util review</link>decis burden manag care entiti patient awar opportun invok befor life safeti healththreaten medic treatment choic govern util review caus irrepar damag death erisa provid<change_of_state wordnetid="100199130" confidence="0.8"><event wordnetid="100029378" confidence="0.8"><change wordnetid="100191142" confidence="0.8"><improvement wordnetid="100248977" confidence="0.8"><correction wordnetid="100258854" confidence="0.8"><action wordnetid="100037396" confidence="0.8"><act wordnetid="100030358" confidence="0.8"><psychological_feature wordnetid="100023100" confidence="0.8"><redress wordnetid="100259177" confidence="0.8"><link ns0:type="simple" ns0:href="../306/1584306.xml">remedi</link></redress></psychological_feature></act></action></correction></improvement></change></event></change_of_state>law guid word statut patient afford opportun full fair review benefit claim denial advers util review decis miranda involv<amendment wordnetid="101250101" confidence="0.8"><change_of_state wordnetid="100199130" confidence="0.8"><event wordnetid="100029378" confidence="0.8"><change wordnetid="100191142" confidence="0.8"><improvement wordnetid="100248977" confidence="0.8"><correction wordnetid="100258854" confidence="0.8"><action wordnetid="100037396" confidence="0.8"><act wordnetid="100030358" confidence="0.8"><psychological_feature wordnetid="100023100" confidence="0.8"><link ns0:type="simple" ns0:href="../603/13575603.xml">amend</link></psychological_feature></act></action></correction></improvement></change></event></change_of_state></amendment>constitut question depriv life<link ns0:type="simple" ns0:href="../945/1970945.xml">liberti</link><link ns0:type="simple" ns0:href="../626/23626.xml">properti</link><link ns0:type="simple" ns0:href="../359/40359.xml">process</link>law<link ns0:type="simple" ns0:href="../179/361179.xml">lochner york</link>afford opportun appeal enforc onli exist statutori ensur patient inform reason opportun invok</p><p>erisa claim procedur law detail secretari labor cfr requir written notic ani advers determin util review decis extend approv cours treatment provid reason opportun claimant repres calad case treat physician opportun appeal decis timefram appropri urgenc situat calad case prior discharg regul requir claim procedur ani provis administ unduli inhibit hamper initi process claim benefit provis practic requir payment fee cost condit claim appeal advers benefit determin consid unduli inhibit initi process claim benefit exampl requir patient agre pay potenti costli medic treatment front pocket order preserv challeng advers determin court guarante challeng success high risk incur expens legal cost well consid hamper initi process claim benefit obviou reason</p><p>unfortun claim procedur law alway follow becaus onli recours set law failur provid appeal process patient consid appeal process exhaust bring<link ns0:type="simple" ns0:href="../258/113258.xml">civil action</link>erisa action theori appli patient calad patient lawyer prepar file emerg<link ns0:type="simple" ns0:href="../901/600901.xml" /><link ns0:type="simple" ns0:href="../051/465051.xml">motion</link><link ns0:type="simple" ns0:href="../343/39343.xml">temporari restrain order</link><link ns0:type="simple" ns0:href="../235/70235.xml">district court</link>perhap phone<link ns0:type="simple" ns0:href="../902/306902.xml">magistr</link>compel util review nurs approv treatment protect patient immin danger life health occur discharg patient<link ns0:type="simple" ns0:href="../136/1069136.xml">medic advic</link></p><p>lower court bound<link ns0:type="simple" ns0:href="../004/23004.xml">preced</link>higher court suprem court bound larg preced ha great frustrat court lawsuit brought<link ns0:type="simple" ns0:href="../690/24690.xml">plaintiff</link>common law entitl monetari relief damag death suffer result util review nurs breach<link ns0:type="simple" ns0:href="../749/183749.xml">duti</link>care law practic<link ns0:type="simple" ns0:href="../957/18957.xml">medicin</link>prescrib treatment plan<link ns0:type="simple" ns0:href="../525/18507525.xml">diagnosi</link>calad case complex statu post total abdomin hysterectomi vagin bladder bowel repair presumpt befor surgeri perform day inpati care week outpati care basi discharg protocol follow hing<link ns0:type="simple" ns0:href="../738/594738.xml">clinic</link>judgment physician perform surgeri singl question ani<link ns0:type="simple" ns0:href="../393/1479393.xml">complic</link>procedur</p><p>thi frustrat wa well justic becker<social_group wordnetid="107950920" confidence="0.8"><assembly wordnetid="108163792" confidence="0.8"><gathering wordnetid="107975026" confidence="0.8"><court wordnetid="108329453" confidence="0.8"><group wordnetid="100031264" confidence="0.8"><link ns0:type="simple" ns0:href="../228/70228.xml">court appeal</link></group></court></gathering></assembly></social_group>third circuit concur opinion defelic aetna al frustrat succinctli summar quot previou decis andrewsclark travel co<link ns0:type="simple" ns0:href="../256/5256.xml">complaint</link>widow death husband consequ manag care util review decis cut short husband physician recommend inhospit treatment plan follow</p><p>tradit notion justic harm allegedif trueshould entitl plaintiff legal remedi behalf children travel greenspr consid claims<link ns0:type="simple" ns0:href="../387/224387.xml">breach contract</link>thi<link ns0:type="simple" ns0:href="../256/5256.xml">caus action</link>that contractu promis enforc courtspred<document wordnetid="106470073" confidence="0.9508927676800064"><link ns0:type="simple" ns0:href="../958/20958.xml">magna carta</link></document>veri bedrock notion individu autonomi properti wa precept common law recogn court commonwealth ha zealous guard judiciari day thi entir capitalist structur depend</p><p>thi court choic pluck plaintiff case court sought redress relief litig avail behest travel greenspr slam courthous door face leav ani remedi</p><p>suprem court<person wordnetid="100007846" confidence="0.9508927676800064"><judge wordnetid="110225219" confidence="0.9508927676800064"><link ns0:type="simple" ns0:href="../232/185232.xml">justic ginsburg</link></judge></person>concur opinion cigna calad<person wordnetid="100007846" confidence="0.9508927676800064"><judge wordnetid="110225219" confidence="0.9508927676800064"><link ns0:type="simple" ns0:href="../850/168850.xml">justic breyer</link></judge></person>join express sentiment held mani congress court revisit law current enforc statut preced</p><p>court today hold claim respond assert texa law total preempt employe retir incom secur erisa decis consist govern case law erisa preemptiv scope therefor join court opinion greater enthusiasm indic dissent opinion greatwest life annuiti co knudson join rise judici choru urg<legislature wordnetid="108163273" confidence="0.9508927676800064"><link ns0:type="simple" ns0:href="../756/31756.xml">congress</link></legislature>thi court revisit unjust increasingli tangl erisa regim difelic aetna healthcar becker concur</p><p>cigna<link ns0:type="simple" ns0:href="../202/425202.xml">petition</link>posit share mani advoc<link ns0:type="simple" ns0:href="../661/570661.xml">univers health care</link><link ns0:type="simple" ns0:href="../130/250130.xml">ration</link>health care plan monetari expenditur manag care entiti aetna cigna util review monetari expenditur fund tax privat employ compensationbenefit packag employe payrol deduct health benefit plan will reduc provid greater health care access american employ cours unlimit fund pay employe health benefit health benefit cost inevit increas employ will inevit provid fewer benefit fewer employe necessari result will american ani health care coverag alla guarante prescript lower qualiti overal care</p></sec><sec><st /><p><list><entry level="1" type="bullet"><link ns0:type="simple" ns0:href="../786/9614786.xml">list unit suprem court case volum</link></entry></list></p></sec><sec><st>extern link</st><p><list><entry level="1" type="bullet">text aetna health inc davila us avail<weblink ns0:type="simple" ns0:href="http://www.enfacto.com/case/U.S./542/200/">enfacto</weblink><weblink ns0:type="simple" ns0:href="http://supct.law.cornell.edu/supct/html/02-1845.ZS.html">lii</weblink></entry><entry level="1" type="bullet"><weblink ns0:type="simple" ns0:href="http://www.law.cornell.edu/uscode/html/uscode29/usc_sec_29_00001132----000-.html">erisa civil enforc</weblink></entry></list></p></sec><sec><st>refer</st></sec></bdy></case></entity></article>