<article xmlns:ns0="http://www.w3.org/1999/xlink"><system confidence="0.8" wordnetid="104377057"><artifact confidence="0.8" wordnetid="100021939"><instrumentality confidence="0.8" wordnetid="103575240"><header><title>firstord logic</title><id /><revision><id /><timestamp /><contributor><username>jandbot</username><id /></contributor></revision><categories><category>discret mathemat</category><category>mathemat logic</category><category>system formal logic</category><category>model theori</category><category>predic logic</category></categories></header><bdy>firstord logic fol formal<link ns0:type="simple" ns0:href="../822/15285822.xml">deduct system</link>mathemat philosophi linguist comput scienc goe mani includ firstord predic calculu fopc lower predic calculu languag firstord logic predic logic unlik natur languag<language wordnetid="106282651" confidence="0.8"><link ns0:type="simple" ns0:href="../916/8569916.xml">english</link></language>fol wholli unambigu<link ns0:type="simple" ns0:href="../939/10939.xml">formal languag</link>interpret mathemat structur fol system<link ns0:type="simple" ns0:href="../278/8278.xml">deduct</link>extend<link ns0:type="simple" ns0:href="../335/5597335.xml">proposit logic</link>allow<link ns0:type="simple" ns0:href="../806/228806.xml">quantif</link>individu<link ns0:type="simple" ns0:href="../180/229180.xml">domain discours</link>exampl fol everi individu ha properti<p>proposit logic deal simpl declar proposit firstord logic addit cover<link ns0:type="simple" ns0:href="../336/7178336.xml">predic</link>quantif exampl follow sentenc socrat man plato man proposit logic will unrel proposit denot exampl firstord logic howev sentenc connect properti man man man xsocrat proposit xplato second proposit construct allow power logic quantifi introduc everi exampl everi man quantifi everi valid argument fol valid proposit logic vice versa</p><p><link ns0:type="simple" ns0:href="../103/3512103.xml">firstord theori</link>consist set<link ns0:type="simple" ns0:href="../928/928.xml">axiom</link>usual finit<link ns0:type="simple" ns0:href="../090/332090.xml">recurs enumer</link>statement deduc underli deduc relat usual meant firstord theori set axiom togeth complet sound axiomat firstord logic close rule fol ani system fol will rise abstract deduc relat nt axiomat system mind firstord languag ha suffici express power formal import mathemat theori<link>zfc</link>set theori firstord<link ns0:type="simple" ns0:href="../005/25005.xml">peano arithmet</link>firstord languag howev categor express notion<idea wordnetid="105833840" confidence="0.8"><concept wordnetid="105835747" confidence="0.8"><link ns0:type="simple" ns0:href="../026/6026.xml">countabl</link></concept></idea>express firstord theori zfc<link ns0:type="simple" ns0:href="../171/13691171.xml">intend interpret</link>symbol zfc idea express categor<link ns0:type="simple" ns0:href="../428/341428.xml">secondord logic</link></p><sec><st>whi firstord logic</st><p><link ns0:type="simple" ns0:href="../335/5597335.xml">proposit logic</link>adequ formal valid argument reli intern structur proposit involv thi consid valid<link ns0:type="simple" ns0:href="../046/48046.xml">syllogist</link>argument<list><entry level="1" type="bullet">men mortal</entry><entry level="1" type="bullet">socrat man</entry><entry level="1" type="bullet">therefor socrat mortal</entry></list></p><p>translat<link ns0:type="simple" ns0:href="../335/5597335.xml">proposit logic</link>yield<list><entry level="1" type="bullet" /><entry level="1" type="bullet" /><entry level="1" type="bullet"><math>therefor</math></entry></list><math>therefor</math>therefor</p><p>accord proposit logic thi translat invalid proposit logic valid argument accord structur noth structur thi translat argument follow arbitrari valid translat preserv intuit formal valid argument consider deeper structur proposit essenti notion predic quantif proposit logic deal onli truthfunct valid ani assign truthvalu variabl argument conclus true premis fals clearli uniformli assign truth valu variabl abov argument true fals henc argument truthfunct invalid hand imposs uniformli assign truth valu argument follow true henc true true fals</p><p>contrast thi argument easili translat firstord logic<list><entry level="1" type="bullet"><math>foral mathit man rightarrow mathit mortal</math></entry><entry level="1" type="bullet"><math>mathit man mathit socrat</math></entry><entry level="1" type="bullet"><math>therefor mathit mortal mathit socrat</math></entry></list><math>foral</math><math>rightarrow</math>impli<math>mathit man mathit socrat</math>socrat man<math>mathit mortal mathit socrat</math>socrat mortal plain english thi<list><entry level="1" type="bullet">man mortal</entry><entry level="1" type="bullet">socrat man</entry><entry level="1" type="bullet">therefor socrat mortal</entry></list></p><p>fol express exist someth<math>exist</math>well predic function true fals paramet exampl someon fool everi time express<indent level="1"><math>exist mathit person and foral mathit time rightarrow mathit canfool</math></indent><math>exist</math>exist<math>and</math><math>mathit canfool</math>person fool time</p><ss1><st>variabl firstord logic proposit logic</st><p>everi proposit formula translat essenti equival firstord formula replac proposit variabl zeroar predic exampl formula<math>vee wedg neg</math>translat<math>vee wedg neg</math>predic ariti<math>vee</math>or<math>neg</math>negat</p><p>variabl proposit logic repres proposit true fals variabl firstord logic repres object formula refer exampl abov variabl<math>foral mathit man rightarrow mathit mortal</math>intend indic arbitrari element human race proposit true fals</p></ss1></sec><sec><st>defin firstord logic</st><p>predic calculu consist<list><entry level="1" type="bullet">format rule ie<link ns0:type="simple" ns0:href="../407/25407.xml">recurs</link>definit form<link ns0:type="simple" ns0:href="../582/404582.xml">wellform formula</link></entry><entry level="1" type="bullet">proof theori</entry><entry level="2" type="bullet">transform rule ie<link ns0:type="simple" ns0:href="../311/252311.xml">infer rule</link>deriv theorem</entry><entry level="2" type="bullet">axiom possibl<idea wordnetid="105833840" confidence="0.8"><concept wordnetid="105835747" confidence="0.8"><link ns0:type="simple" ns0:href="../026/6026.xml">countabl infinit</link></concept></idea>mani axiom schemata</entry><entry level="1" type="bullet">semant interpret symbol formula true</entry></list></p><p>axiom consid<link>logic axiom</link>classic fol import note fol formal mani equival noth canon axiom rule infer thi articl infinit mani equival formal yield theorem nontheorem equal titl fol</p><p>fol basic build block mani mathemat theori fol provid sever builtin rule axiom<math>foral rightarrow foral</math>true everi true everi addit nonlog axiom ad produc specif firstord theori base axiom classic fol theori built fol call classic firstord theori exampl classic firstord theori<link ns0:type="simple" ns0:href="../005/25005.xml">peano arithmet</link>add axiom<math>foral exist</math>ie everi exist interpret thi addit axiom nonlog axiom fol axiom theori axiom arithmet logic axiom kind call axiom firstord theori axiom firstord theori regard truth logic se truth theori usual ha associ intend interpret nonlog symbol analog idea logic versu<link ns0:type="simple" ns0:href="../994/7791994.xml">nonlog symbol</link>thu proposit<math>foral exist</math>axiom henc true theori<link ns0:type="simple" ns0:href="../005/25005.xml">peano arithmet</link>interpret relat fals theori anoth interpret relat classic fol doe associ intend interpret nonlog vocabulari arguabl symbol denot ident depend regard symbol logic<link ns0:type="simple" ns0:href="../553/27553.xml">classic settheori</link>anoth exampl firstord theori theori built fol</p></sec><sec><st>syntax firstord logic</st><ss1><st>symbol</st><p>term formula firstord logic string symbol<link ns0:type="simple" ns0:href="../939/10939.xml">formal languag</link>natur symbol themselv outsid scope formal logic best letter punctuat symbol alphabet set symbol languag divid nonlog symbol logic symbol applic</p><ss2><st>nonlog symbol</st><p><indent level="1">main articl<link ns0:type="simple" ns0:href="../994/7791994.xml">nonlog symbol</link></indent>nonlog symbol repres predic relat function constant domain long time wa standard practic infinit set nonlog symbol purpos practic differ nonlog symbol accord applic ha mind therefor ha becom necessari set nonlog symbol applic signatur<ref ns0:type="simple" ns0:href="#xpointer(//reflist/entry[@id=%221%22])" /></p><p><list><entry level="1" type="definition">tradit approach</entry></list>tradit approach onli infinit set nonlog symbol signatur applic consequ tradit approach onli languag firstord logic<ref ns0:type="simple" ns0:href="#xpointer(//reflist/entry[@id=%222%22])" />thi approach common especi philosoph orient book</p><p><list><entry level="1" type="number">everi integ<link ns0:type="simple" ns0:href="../301/42301.xml">nari</link>nplace predic symbol becaus repres<link ns0:type="simple" ns0:href="../509/19509.xml">relat</link>element call relat symbol ariti infinit suppli</entry><entry level="2" type="indent" /><entry level="1" type="number">everi integ infinit mani nari function symbol</entry><entry level="2" type="indent" /></list></p><p><list><entry level="1" type="definition">applicationspecif signatur</entry></list>modern mathemat treatment firstord logic signatur vari applic typic signatur mathemat time time<link ns0:type="simple" ns0:href="../074/44074.xml">group</link>time<link ns0:type="simple" ns0:href="../430/22430.xml">order field</link>restrict number nonlog symbol signatur<link ns0:type="simple" ns0:href="../566/9566.xml">empti</link>finit infinit<link ns0:type="simple" ns0:href="../248/32248.xml">uncount</link>uncount signatur occur exampl modern proof upward<link>lwenheimskolem theorem</link></p><p>everi nonlog symbol follow type<list><entry level="1" type="number">set predic symbol relat symbol valenc<link ns0:type="simple" ns0:href="../301/42301.xml">ariti</link>number argument denot uppercas letter</entry><entry level="2" type="bullet">relat valenc identifi<link ns0:type="simple" ns0:href="../562/1557562.xml">proposit variabl</link>exampl stand ani statement</entry><entry level="2" type="bullet">exampl predic variabl valenc stand man exampl</entry><entry level="2" type="bullet">predic variabl valenc stand greater arithmet father exampl</entry><entry level="2" type="bullet">function possibl dispens predic variabl valenc larger exampl gt predic valenc type replac predic valenc<link ns0:type="simple" ns0:href="../362/22362.xml">order pair</link></entry><entry level="1" type="number">set function symbol valenc denot lowercas letter</entry><entry level="2" type="bullet">function symbol valenc call constant symbol denot lowercas letter alphabet</entry><entry level="2" type="bullet">exampl stand father<link ns0:type="simple" ns0:href="../118/3118.xml">arithmet</link>stand<link ns0:type="simple" ns0:href="../553/27553.xml">set theori</link>stand<link ns0:type="simple" ns0:href="../799/23799.xml">power set</link><link ns0:type="simple" ns0:href="../118/3118.xml">arithmet</link>stand xi<link ns0:type="simple" ns0:href="../553/27553.xml">set theori</link>stand union symbol stand socrat<link ns0:type="simple" ns0:href="../118/3118.xml">arithmet</link>stand<link ns0:type="simple" ns0:href="../553/27553.xml">set theori</link>constant stand<link ns0:type="simple" ns0:href="../566/9566.xml">empti set</link></entry><entry level="2" type="bullet">principl dispens entir function ariti gt predic ariti gt function symbol ariti repres<link ns0:type="simple" ns0:href="../362/22362.xml">order pair</link>predic symbol ariti repres project relat order pair pair project satisfi natur axiom</entry><entry level="2" type="bullet">principl dispens entir function constant exampl constant<math />predic<math />interpret<math />replac everi predic<math /><math>foral rightarrow</math>function<math>x_n</math>will similarli replac predic<math>x_n</math>interpret<math>x_n</math></entry></list></p><p>recov tradit approach consid follow signatur<indent level="1" /></p></ss2><ss2><st>logic symbol</st><p>besid<link ns0:type="simple" ns0:href="../153/18153.xml">logic connect</link><math>and</math><math>or</math><math>rightarrow</math><math>leftrightarrow</math><math>neg</math>logic symbol includ<link ns0:type="simple" ns0:href="../806/228806.xml">quantifi</link><link ns0:type="simple" ns0:href="../818/32818.xml">variabl</link><list><entry level="1" type="number">infinit set variabl denot lowercas letter alphabet</entry><entry level="1" type="number">symbol denot logic oper connect</entry><entry level="2" type="bullet">unari oper<math>neg</math><link ns0:type="simple" ns0:href="../019/161019.xml">logic</link></entry><entry level="2" type="bullet">binari oper<math>wedg</math><link>logic</link><math>vee</math><link ns0:type="simple" ns0:href="../962/7962.xml">logic</link></entry><entry level="2" type="bullet">binari oper<math>rightarrow</math><link ns0:type="simple" ns0:href="../808/658808.xml">logic condit</link><math>leftrightarrow</math><link ns0:type="simple" ns0:href="../783/228783.xml">logic bicondit</link></entry><entry level="1" type="number">symbol denot quantifi<math>foral</math><link ns0:type="simple" ns0:href="../174/76174.xml">univers quantif</link>typic read<math>exist</math><link ns0:type="simple" ns0:href="../420/91420.xml">existenti quantif</link>typic read exist</entry><entry level="1" type="number">left parenthesi mani differ convent parenthes exampl write<math>foral</math><math>foral</math>sometim colon full parenthes formula unambigu interest unusu convent<notation wordnetid="106808493" confidence="0.9508927676800064"><link ns0:type="simple" ns0:href="../056/25056.xml">polish notat</link></notation>omit parenthes write<math>rightarrow</math><math>wedg</math>front argument polish notat compact eleg rare becaus hard human read</entry><entry level="1" type="number">ident symbol equal symbol syntact behav binari predic</entry></list></p><p><list><entry level="1" type="definition">variat</entry></list>firstord logic describ call firstord logic ident becaus presenc ident symbol special semant firstord logic ident thi symbol omit<ref ns0:type="simple" ns0:href="#xpointer(//reflist/entry[@id=%223%22])" /></p><p>numer minor variat defin addit logic symbol<list><entry level="1" type="bullet">sometim truth constant true fals includ ani logic oper valenc possibl express constant otherwis quantifi</entry><entry level="1" type="bullet">sometim<link ns0:type="simple" ns0:href="../388/29388.xml">sheffer stroke</link>aka nand includ logic symbol</entry><entry level="1" type="bullet"><link ns0:type="simple" ns0:href="../979/105979.xml">exclusiveor</link>oper xor anoth logic connect occur logic symbol</entry><entry level="1" type="bullet">sometim hold exactli express<math>exist</math>thi notat call<link ns0:type="simple" ns0:href="../894/276894.xml">uniqu quantif</link>abbrevi formula<math>exist</math><math>wedgeforal</math><math>rightarrow</math></entry></list></p><p>logic symbol defin abov occur exampl<list><entry level="1" type="bullet">sinc<math>exist</math>express<math>neg</math><math>foral</math><math>neg</math><math>foral</math>express<math>neg</math><math>exist</math><math>neg</math>quantifi<math>exist</math><math>foral</math>drop</entry><entry level="1" type="bullet">sinc<math>vee</math>express<math>neg</math><math>neg</math><math>wedg</math><math>neg</math><math>wedg</math>express<math>neg</math><math>neg</math><math>vee</math><math>neg</math><math>vee</math><math>wedg</math>drop word suffici<math>neg vee</math><math>neg wedg</math>onli logic connect logic symbol</entry><entry level="1" type="bullet">similarli suffici<math>neg rightarrow</math>sheffer stroke onli logic connect</entry></list></p><p>frequent variant notat<list><entry level="1" type="bullet">book paper notat<math>rightarrow</math><math>rightarrow</math>thi especi common proof theori<math>rightarrow</math>easili confus sequent arrow</entry><entry level="1" type="bullet">sometim<math>neg</math><math>wedg</math></entry><entry level="1" type="bullet">wealth altern notat<link ns0:type="simple" ns0:href="../806/228806.xml">quantifi</link>eg<math>foral</math>written thi notat common text recurs theori</entry></list></p></ss2></ss1><ss1><st>format rule</st><p>format rule defin term formula order logic term formula repres string symbol rule write<link ns0:type="simple" ns0:href="../716/18020716.xml">formal grammar</link>term formula concept free variabl defin sentenc subset formula</p><ss2><st>term</st><p>set<link ns0:type="simple" ns0:href="../665/668665.xml">term</link>recurs defin follow rule<list><entry level="1" type="number">ani variabl term</entry><entry level="1" type="number">ani express tn argument argument ti term function symbol valenc term</entry><entry level="1" type="number">closur claus noth els term exampl predic term</entry></list></p></ss2><ss2><st>formula</st><p>set<link ns0:type="simple" ns0:href="../582/404582.xml">wellform formula</link>usual call wff<link ns0:type="simple" ns0:href="../382/4230382.xml">formula</link>recurs defin follow rule<list><entry level="1" type="number">simpl complex predic relat valenc term wellform formula equal consid logic wellform formula formula<link ns0:type="simple" ns0:href="../066/4472066.xml">atom</link></entry><entry level="1" type="number">induct claus wff<math>neg</math>wff</entry><entry level="1" type="number">induct claus ii wff<math>rightarrow</math>wff</entry><entry level="1" type="number">induct claus iii wff variabl<math>foral</math>wff</entry><entry level="1" type="number">closur claus noth els wff</entry></list></p><p>exampl<math>foral</math><math>foral</math><math>rightarrowneg</math><math>rightarrow</math>wellform formula function valenc predic valenc predic valenc<math>foral</math><math>rightarrow</math>wellform formula</p><p><link ns0:type="simple" ns0:href="../323/5323.xml">comput scienc</link>terminolog formula implement builtin boolean type term implement type</p></ss2></ss1><ss1><st>exampl</st><p>mathemat languag order abelian group ha constant unari function minu binari function binari relat<list><entry level="1" type="bullet">atom term</entry><entry level="1" type="bullet">minu term usual written minu</entry><entry level="1" type="bullet">minu atom formula usual written</entry><entry level="1" type="bullet"><math>foral</math><math>foral</math><math>rightarrow</math><math>foral</math>formula usual written<math>foral</math><math>foral</math><math>rightarrow</math><math>foral</math></entry></list></p></ss1></sec><sec><st>addit syntact concept</st><ss1><st>free bound variabl</st><p><indent level="1">main articl<link ns0:type="simple" ns0:href="../460/147460.xml">free variabl bound variabl</link></indent>formula variabl occur free bound intuit variabl free formula quantifi<math>foral</math>variabl free bound</p><p><list><entry level="1" type="number">atom formula atom formula<link ns0:type="simple" ns0:href="../460/147460.xml">free</link>onli occur</entry><entry level="1" type="number">induct claus free<math>neg</math>onli free</entry><entry level="1" type="number">induct claus ii free<math>rightarrow</math>onli free</entry><entry level="1" type="number">induct claus iii free<math>foral</math>onli free differ symbol</entry><entry level="1" type="number">closur claus bound onli occur free</entry></list></p><p>exampl<math>foral</math><math>foral</math><math>rightarrow</math>bound variabl free variabl becaus doe occur formula</p><p>freeness bound special specif occurr variabl formula exampl<math>rightarrow foral</math>occurr free second bound word<math />free<math /><math>foral</math>bound</p></ss1><ss1><st>substitut</st><p>term formula possibl variabl tx result replac free instanc</p><p>thi replac result formula logic follow origin provid free variabl becom bound thi process free variabl becom bound substitut necessari chang bound variabl someth free variabl</p><p>whi thi condit necessari consid formula<math>foral</math>maxim term free variabl maxim howev formula<math>foral</math>doe maxim problem free variabl becam bound substitut intend replac renam bound variabl someth els formula<math>foral</math>forget thi condit notori caus error</p></ss1></sec><sec><st>proof theori</st><ss1><st>infer rule</st><p><link ns0:type="simple" ns0:href="../311/252311.xml">infer rule</link>function set wellform formula call<link ns0:type="simple" ns0:href="../337/7993337.xml">premis</link>set formula call conclus wellknown deduct system infer rule set formula singl conclus notic thi true case<link ns0:type="simple" ns0:href="../329/252329.xml">sequent calculi</link></p><p>infer rule prove<link ns0:type="simple" ns0:href="../977/30977.xml">theorem</link>formula provabl member theori<link ns0:type="simple" ns0:href="../337/7993337.xml">premis</link>infer rule theorem conclus theorem well word infer rule gener theorem theoremhood preserv system gener theori call predic calculi describ</p><p>import infer rule<link ns0:type="simple" ns0:href="../900/18900.xml">modu ponen</link><math>rightarrow</math>theorem theorem thi written follow<indent level="1"><math>vdash varphi</math><math>vdash varphirightarrowpsi</math><math>vdash psi</math></indent><math>vdash varphi</math>indic<math>varphi</math>provabl theori deduct system<link ns0:type="simple" ns0:href="../655/8529655.xml">hilbertstyl deduct system</link>modu ponen sole rule infer system lack infer rule offset abund logic axiom scheme</p><p>second import infer rule<idea wordnetid="105833840" confidence="0.8"><concept wordnetid="105835747" confidence="0.8"><rule wordnetid="105846054" confidence="0.8"><link ns0:type="simple" ns0:href="../333/939333.xml">univers gener</link></rule></concept></idea><indent level="1"><math>vdash varphi</math><math>vdash foral varphi</math></indent>read theorem everi theorem well similarlook schema<math>varphirightarrowforal varphi</math>sound gener doe howev valid instanc doe occur free<idea wordnetid="105833840" confidence="0.8"><concept wordnetid="105835747" confidence="0.8"><rule wordnetid="105846054" confidence="0.8"><link ns0:type="simple" ns0:href="../333/939333.xml">gener logic</link></rule></concept></idea></p></ss1><ss1><st>axiom</st><p>follow descript axiom firstord logic explain abov firstord theori ha nonlog axiom follow logic axiom character predic calculu thi articl exampl firstord logic<ref ns0:type="simple" ns0:href="#xpointer(//reflist/entry[@id=%224%22])" /></p><p>ani theori interest set axiom gener algorithm algorithm determin wellform formula axiom</p><p>algorithm gener axiom set axiom<link ns0:type="simple" ns0:href="../090/332090.xml">recurs enumer</link></p><p>algorithm determin finit number step formula axiom set axiom<link ns0:type="simple" ns0:href="../264/332264.xml">recurs</link>decid case construct algorithm gener axiom thi algorithm simpli build possibl formula grow length formula algorithm determin axiom</p><p>axiom firstord logic alway decid howev firstord theori nonlog axiom necessarili</p><ss2><st>quantifi axiom</st><p>quantifi axiom chang accord vocabulari defin substitut procedur work format rule infer rule follow specif exampl axiom</p><p><list><entry level="1" type="bullet"><math>foral rightarrow</math></entry><entry level="1" type="bullet"><math>rightarrow exist</math></entry><entry level="1" type="bullet"><math>foral rightarrow rightarrow rightarrow foral</math></entry><entry level="1" type="bullet"><math>foral rightarrow rightarrow exist rightarrow</math></entry></list>actual<link ns0:type="simple" ns0:href="../613/764613.xml">axiom schema</link>ta express stand ani wff free express stand ani wff addit convent stand result substitut term thu thi<link ns0:type="simple" ns0:href="../264/332264.xml">recurs set</link>axiom</p><p>anoth axiom<math>rightarrow foral</math>doe occur free sometim ad</p></ss2><ss2><st>equal axiom</st><p>sever differ convent equal ident firstord logic thi summar main variou convent essenti result amount work differ mainli terminolog</p><p><list><entry level="1" type="bullet">common convent equal includ equal symbol primit logic symbol add axiom equal axiom firstord logic equal axiom</entry><entry level="2" type="indent" /><entry level="2" type="indent">ani function</entry><entry level="2" type="indent">ani relat includ equal relat</entry><entry level="1" type="indent"><link ns0:type="simple" ns0:href="../613/764613.xml">axiom schema</link>ta defin algorithm decid formula axiom thu thi<link ns0:type="simple" ns0:href="../264/332264.xml">recurs set</link>axiom</entry><entry level="1" type="bullet">common convent includ equal symbol relat theori add equal axiom axiom theori practic thi indistinguish previou convent unusu case theori notion equal axiom onli differ call logic axiom axiom theori</entry><entry level="1" type="bullet">theori function finit number relat possibl defin equal term relat defin term equal ani relat unchang chang ani argument</entry><entry level="2" type="indent">exampl set theori relat<math>in</math>defin abbrevi<math>foral</math><math>in</math><math>leftrightarrow</math><math>in</math><math>wedg</math><math>foral</math><math>in</math><math>leftrightarrow</math><math>in</math>thi definit equal automat satisfi axiom equal thi case replac usual<link ns0:type="simple" ns0:href="../376/52376.xml">axiom extension</link><math>foral foral foral in leftrightarrow in rightarrow</math><math>foral foral foral in leftrightarrow in rightarrow foral in leftrightarrow in</math>ie element belong set</entry><entry level="1" type="bullet">theori possibl ad hoc definit equal exampl theori partial order relat defin abbrevi<math>wedg</math></entry></list></p></ss2></ss1></sec><sec><st>semant</st><ss1><st>interpret</st><p><indent level="1">main articl<language wordnetid="106282651" confidence="0.8"><link ns0:type="simple" ns0:href="../671/14511671.xml">interpret logic</link></language></indent>logic mathemat interpret mathemat interpret logicomathemat interpret commonli model artifici formal languag assign denot nonlog constant languag sentenc languag</p><p>formal languag sentenc interpret assign denot nonlog constant occur individu constant assign individu univers discours predic degre assign properti precis set predic degre assign binari relat individu predic degre assign ternari relat individu sententi letter assign truthvalu</p><p>precis interpret formal languag sentenc consist nonempti domain ie nonempti set univers discours togeth assign associ nari oper function symbol nari oper respect ie function<math>dn</math><math />nari predic nari relat element option binari predic ident relat element</p><p>thi interpret provid semant valu term formula languag studi interpret formal languag call formal semant mathemat logic interpret mathemat object necessari inform interpret sens</p><p>symbol formal languag includ variabl logicalconst quantifi punctuat symbol well nonlog constant interpret sentenc languag therefor depend nonlog constant languag sententi proposit calculu allow sententi symbol nonlog constant languag order predic calculu allow addit predic symbol oper function symbol</p></ss1><ss1><st>model</st><p>model pair<math>langl rangl</math>set element call domain interpret element signatur function predic</p><p><list><entry level="1" type="bullet">domain set element</entry><entry level="1" type="bullet">interpret function assign someth constant function predic</entry><entry level="2" type="bullet">function symbol ariti assign function<math>dn</math><math /></entry><entry level="2" type="bullet">predic symbol ariti assign relat<math>dn</math>equival function<math>dn</math><math>true false</math></entry></list></p><p>follow intuit explan element</p><p>domain set object kind intuit firstord formula statement object exampl<math>exist</math>exist object predic true refer domain set consid object exampl<math />set integ number</p><p>model includ interpret signatur sinc element signatur function symbol predic symbol interpret valu function predic</p><p>interpret function symbol function exampl function symbol<math />ariti interpret function sum argument word symbol<math />associ function addit thi interpret interpret constant function oneel set simpli identifi object exampl interpret assign valu<math />constant<math /></p><p>interpret predic ariti set ntupl element domain thi interpret predic element domain predic true element accord interpret exampl interpret predic ariti set pair integ second accord thi interpret predic true argument second</p></ss1><ss1><st>evalu</st><p>formula evalu true fals model interpret valu variabl interpret<math>mu</math>associ everi variabl valu domain</p><p>evalu formula model<math>mlangl rangl</math>interpret<math>mu</math>variabl defin evalu term pair note model interpret evalu function predic addit separ model interpret</p><p><list><entry level="1" type="bullet">everi variabl associ valu accord<math>mu</math></entry><entry level="1" type="bullet">term<math>ldot t_n</math>associ valu interpret function interpret term<math>ldot v_n</math>valu associ<math>ldot t_n</math>term associ valu<math>ldot v_n</math>recal<math />interpret function<math>dn</math></entry></list></p><p>interpret formula follow</p><p><list><entry level="1" type="bullet">formula<math>ldot t_n</math>associ valu true fals depend<math>ldot v_n in</math><math>ldot v_n</math>evalu term<math>ldot t_n</math><math />interpret<math />assumpt subset<math>dn</math></entry><entry level="1" type="bullet">formula form<math>neg</math><math>rightarrow</math>evalu obviou</entry><entry level="1" type="bullet">formula<math>exist</math>true accord<math>mu</math>exist evalu<math>mu</math>variabl onli differ<math>mu</math>regard evalu true accord model interpret<math>mu</math></entry><entry level="1" type="bullet">formula<math>foral</math>true accord<math>mu</math>true everi pair compos model interpret<math>mu</math>differ<math>mu</math>onli valu</entry></list></p><p>formula doe free variabl evalu variabl doe affect truth word thi case true accord<math>mu</math>onli true accord differ interpret variabl<math>mu</math></p></ss1><ss1><st>valid satisfi</st><p>model satisfi formula thi formula true accord everi possibl evalu variabl formula valid true everi possibl model interpret variabl</p><p>formula satisfi exist model interpret variabl satisfi formula</p></ss1></sec><sec><st>predic calculu</st><p>predic calculu proper extens<link ns0:type="simple" ns0:href="../335/5597335.xml">proposit calculu</link>defin statement firstord logic provabl mani<link ns0:type="simple" ns0:href="../746/30746.xml">mathemat theori</link>formul predic calculu proposit calculu defin suitabl set axiom singl rule infer<link ns0:type="simple" ns0:href="../900/18900.xml">modu ponen</link>thi mani predic calculu defin append proposit calculu sever axiom infer rule call univers gener axiom predic calculu<list><entry level="1" type="bullet">tautolog proposit calculu schemat uniform replac schemat letter formula allow</entry><entry level="1" type="bullet">quantifi axiom abov</entry><entry level="1" type="bullet">abov axiom equal equal regard logic concept</entry></list>sentenc defin provabl firstord logic deriv axiom predic calculu repeatedli appli infer rule modu ponen univers gener word<list><entry level="1" type="bullet">axiom predic calculu provabl firstord logic definit</entry><entry level="1" type="bullet"><link ns0:type="simple" ns0:href="../337/7993337.xml">premis</link>infer rule provabl firstord logic<link ns0:type="simple" ns0:href="../907/307907.xml">conclus</link></entry></list></p><p>theori set statement call axiom languag sentenc defin provabl theori</p><p><indent level="1"><math>wedg wedg ldot wedg a_n rightarrow varphi</math></indent>provabl firstord logic finit set axiom<math>ldot a_n</math>theori word prove firstord logic follow axiom thi replac abov procedur find provabl sentenc follow<list><entry level="1" type="bullet">axiom provabl</entry><entry level="1" type="bullet">axiom predic calculu provabl</entry><entry level="1" type="bullet"><link ns0:type="simple" ns0:href="../337/7993337.xml">premis</link>infer rule provabl<link ns0:type="simple" ns0:href="../907/307907.xml">conclus</link></entry></list></p><p>appar problem thi definit provabl ad hoc appar random collect axiom rule infer unclear accident vital axiom rule<link>gdel complet theorem</link>assur thi realli problem ani statement true model semant true provabl firstord logic syntact true ani reason definit provabl firstord logic equival abov possibl length proof differ vastli differ definit provabl</p><p>mani differ equival defin provabl abov definit typic hilbert style calculu ha mani axiom veri rule infer contrast<link ns0:type="simple" ns0:href="../329/252329.xml">gentzen style predic calculu</link>ha axiom mani rule infer</p><ss1><st>provabl ident</st><p>follow sentenc call ident becaus main connect<link ns0:type="simple" ns0:href="../783/228783.xml">bicondit</link>provabl fol manipul quantifi<indent level="1"><math>lnot foral leftrightarrow exist lnot</math></indent><math>lnot exist leftrightarrow foral lnot</math><indent level="1"><math>foral foral leftrightarrow foral foral</math></indent><math>exist exist leftrightarrow exist exist</math><indent level="1"><math>foral land foral leftrightarrow foral land</math></indent><math>exist lor exist leftrightarrow exist lor</math><indent level="1"><math>land exist leftrightarrow exist land</math><math />occur free<math /></indent><math>lor foral leftrightarrow foral lor</math><math />occur free<math /></p></ss1><ss1><st>provabl infer rule</st><p>main connect follow sentenc provabl fol<link ns0:type="simple" ns0:href="../808/658808.xml">condit</link>sentenc justif infer rule addit<link ns0:type="simple" ns0:href="../900/18900.xml">modu ponen</link>univers gener discuss abov assum valid<indent level="1"><math>exist foral rightarrow foral exist</math></indent><math>foral lor foral rightarrow foral lor</math><indent level="1"><math>exist land rightarrow exist land exist</math></indent><math>exist land foral rightarrow exist land</math><indent level="1"><math>foral rightarrow</math>variabl previous quantifi</indent><math>rightarrow exist</math>free instanc</p></ss1></sec><sec><st>metalog theorem firstord logic</st><p>import metalog theorem list bullet form roughli sentenc valid onli provabl furthermor construct program work follow sentenc provabl program will alway answer provabl unknown possibl veri larg amount time sentenc provabl program forev case will sentenc provabl sinc program answer word valid sentenc<link ns0:type="simple" ns0:href="../118/913118.xml#xpointer(//*[./st=%22Semidecidability%22])">semidecid</link></p><p>construct algorithm will determin finit number step sentenc provabl<link ns0:type="simple" ns0:href="../118/913118.xml">decid</link>algorithm onli simpl class firstord logic</p><p><list><entry level="1" type="number">decis problem valid<link ns0:type="simple" ns0:href="../090/332090.xml">recurs enumer</link>word<invention wordnetid="105633385" confidence="0.8"><know-how wordnetid="105616786" confidence="0.8"><method wordnetid="105660268" confidence="0.8"><link ns0:type="simple" ns0:href="../403/30403.xml">ture machin</link></method></know-how></invention>ani sentenc input will halt onli sentenc valid true model</entry><entry level="2" type="bullet"><link>gdel complet theorem</link>ani valid formula provabl convers assum consist logic ani provabl formula valid</entry><entry level="2" type="bullet">ture machin gener provabl formula follow manner finit<link ns0:type="simple" ns0:href="../090/332090.xml">recurs enumer set</link>axiom machin gener axiom gener provabl formula applic axiom infer rule alreadi gener gener anoth axiom sentenc input ture machin simpli gener provabl formula will halt gener sentenc</entry><entry level="1" type="number">unlik<link ns0:type="simple" ns0:href="../335/5597335.xml">proposit logic</link>firstord logic<link ns0:type="simple" ns0:href="../118/913118.xml">undecid</link>semidecid provid languag ha predic valenc equal thi<link ns0:type="simple" ns0:href="../336/8336.xml">decis procedur</link>determin arbitrari formula valid becaus ture machin describ abov undecid relat unsolv<link ns0:type="simple" ns0:href="../668/13668.xml">halt problem</link>algorithm determin finit number step ture machin will halt sentenc input henc sentenc provabl thi result wa establish independ<scientist wordnetid="110560637" confidence="0.9508927676800064"><link ns0:type="simple" ns0:href="../731/49731.xml">church</link></scientist><person wordnetid="100007846" confidence="0.9508927676800064"><scientist wordnetid="110560637" confidence="0.9508927676800064"><link ns0:type="simple" ns0:href="../208/1208.xml">ture</link></scientist></person></entry><entry level="1" type="number"><link ns0:type="simple" ns0:href="../680/8015680.xml">monad predic logic</link>ie predic logic onli predic argument function decid</entry><entry level="1" type="number"><link>bernaysschnfinkel class</link>firstord formula decid</entry></list></p></sec><sec><st>translat natur languag firstord logic</st><p>concept express natur languag translat firstord logic fol befor fol address number potenti pitfal thi translat fol<math>or</math>inclus english word sometim inclus eg cream sugar sometim exclus eg coffe tea usual intend similarli english word possibl time possibl english word sometim translat eg men women appli<ref ns0:type="simple" ns0:href="#xpointer(//reflist/entry[@id=%225%22])" /></p></sec><sec><st>limit firstord logic</st><p>mathemat notat strength weak issu firstord logic</p><ss1><st>difficulti character finit countabl</st><p>follow<link>lwenheimskolem theorem</link>possibl defin finit countabl firstord languag firstord formula ani model model iff extens finit case countabl firstord logic ident situat wors sinc firstord formula defin exist element satisfi finit cardin number properti defin firstord languag defin stronger languag exampl firstord logic assert<link ns0:type="simple" ns0:href="../692/42692.xml">leastupperbound</link>properti set<link ns0:type="simple" ns0:href="../491/19725491.xml">real number</link>everi bound nonempti set real number ha<link ns0:type="simple" ns0:href="../692/42692.xml">supremum</link><link ns0:type="simple" ns0:href="../428/341428.xml">secondord logic</link></p></ss1><ss1><st>difficulti repres ifthenels</st><p>oddli fol equal typic defin doe includ permit defin ifthenels predic function condit express formula term formula result true fals problem fol predic function onli accept term nonboolean paramet obviou represent condit formula boolean thi unfortun sinc mani mathemat function conveni express term ifthenels ifthenels fundament describ comput program</p><p>mathemat possibl redefin complet set function match formula oper thi quit clumsi<ref ns0:type="simple" ns0:href="#xpointer(//reflist/entry[@id=%226%22])" />predic express fol rewritten<math>wedg or neg wedg</math>equival<math>rightarrow wedg neg rightarrow</math>thi clumsi condit complex mani extend fol add specialcas predic condit formula andor function ite condit term accept formula condit equal condit true fals extens fol easier problem kind automat theoremprov easier<ref ns0:type="simple" ns0:href="#xpointer(//reflist/entry[@id=%227%22])" />extend fol function predic accept term formula ani posit</p></ss1><ss1><st>type sort</st><p>fol doe includ type sort notat differ formula boolean term nonboolean argu thi lack type great advantag<ref ns0:type="simple" ns0:href="#xpointer(//reflist/entry[@id=%228%22])" />mani find advantag defin type sort help reject erron undesir specif<ref ns0:type="simple" ns0:href="#xpointer(//reflist/entry[@id=%229%22])" />indic type provid inform notat avail fol express complex easi wrong</p><p>singleparamet predic implement notion type appropri exampl<math>foral mathit man rightarrow mathit mortal</math>predic<math>mathit man</math>consid kind type assert<math />man predic exist quantifi identifi type thi usual oper eg<math>exist mathit man wedg mathit mortal</math>exist someth man mortal easi write<math>exist mathit man rightarrow mathit mortal</math>thi equival<math>exist neg mathit man or exist mathit mortal</math>someth man andor exist someth mortal usual wa intend similarli assert type subtyp anoth type eg<math>foral mathit man rightarrow mathit mammal</math><math /><math />man<math />mammal</p></ss1><ss1><st>graph reachabl express</st><p>mani situat model<link ns0:type="simple" ns0:href="../986/19721986.xml">graph</link>node direct connect edg exampl valid mani system requir bad reach good interconnect model graph howev prove connected fulli express predic logic word predicatelog formula<math>phi</math><math />onli predic symbol ariti<math>phi</math>hold interpret<math />onli extens<math /><math />describ connect graph connect graph axiomat</p><p>note binari relat<math />encod graph describ<math />term conjunct order formula write formula<math>phi_</math>satisfi onli<math />connect<ref ns0:type="simple" ns0:href="#xpointer(//reflist/entry[@id=%2210%22])" /></p></ss1></sec><sec><st>comparison logic</st><p><list><entry level="1" type="bullet">type firstord logic allow variabl term variou type sort onli finit number type thi doe realli differ firstord logic becaus describ type finit number unari predic axiom sometim special type truth valu case formula term type</entry><entry level="1" type="bullet">firstord logic domain condit add domain condit dc classic firstord logic enabl handl partial function condit proven side manner<language wordnetid="106282651" confidence="0.8"><link ns0:type="simple" ns0:href="../947/1848947.xml">pv</link></language>type correct condit add ifthenels definit proof manag becam complex<ref ns0:type="simple" ns0:href="#xpointer(//reflist/entry[@id=%2211%22])" /></entry><entry level="1" type="bullet">smtlib standard defin languag mani group satisfi modulo theori full logic base fol equal add sort type ifthenels term formula ite els construct term formula flet distinct construct declar set list valu distinct connect impli xor iff<ref ns0:type="simple" ns0:href="#xpointer(//reflist/entry[@id=%2212%22])" /></entry><entry level="1" type="bullet">weak secondord logic allow quantif finit subset</entry><entry level="1" type="bullet">monad secondord logic allow quantif subset unari predic</entry><entry level="1" type="bullet"><system wordnetid="104377057" confidence="0.8"><artifact wordnetid="100021939" confidence="0.8"><instrumentality wordnetid="103575240" confidence="0.8"><link ns0:type="simple" ns0:href="../428/341428.xml">secondord logic</link></instrumentality></artifact></system>allow quantif subset relat predic exampl<link ns0:type="simple" ns0:href="../376/52376.xml">axiom extension</link>secondord logic def<math>foral</math>strong semant secondord logic sentenc stronger firstord semant</entry><entry level="1" type="bullet"><system wordnetid="104377057" confidence="0.8"><artifact wordnetid="100021939" confidence="0.8"><instrumentality wordnetid="103575240" confidence="0.8"><link ns0:type="simple" ns0:href="../883/562883.xml">higherord logic</link></instrumentality></artifact></system>allow quantif higher type secondord logic permit higher type includ relat relat function relat relat relat</entry><entry level="1" type="bullet"><link ns0:type="simple" ns0:href="../262/169262.xml">intuitionist firstord logic</link>intuitionist classic proposit calculu exampl equival similarli<link ns0:type="simple" ns0:href="../501/13727501.xml">firstord fuzzi logic</link>firstord extens proposit fuzzi logic classic logic</entry><entry level="1" type="bullet"><link ns0:type="simple" ns0:href="../365/333365.xml">modal logic</link>ha extra modal oper characteris inform exampl necessari possibl</entry><entry level="1" type="bullet"><link ns0:type="simple" ns0:href="../680/8015680.xml">monad predic calculu</link>predic restrict onli argument</entry><entry level="1" type="bullet"><system wordnetid="104377057" confidence="0.8"><artifact wordnetid="100021939" confidence="0.8"><instrumentality wordnetid="103575240" confidence="0.8"><link ns0:type="simple" ns0:href="../478/630478.xml">infinitari logic</link></instrumentality></artifact></system>allow infinit long sentenc exampl allow conjunct disjunct infinit mani formula quantif infinit mani variabl infinit long sentenc aris area mathemat includ<link ns0:type="simple" ns0:href="../954/29954.xml">topolog</link><link ns0:type="simple" ns0:href="../858/19858.xml">model theori</link></entry><entry level="1" type="bullet">firstord logic extra quantifi ha quantifi qx mani<link ns0:type="simple" ns0:href="../834/3573834.xml">branch quantifi</link><link ns0:type="simple" ns0:href="../789/444789.xml">plural quantifi</link><person wordnetid="100007846" confidence="0.9508927676800064"><link ns0:type="simple" ns0:href="../621/340621.xml">georg boolo</link></person></entry><entry level="1" type="bullet">predic logic definit pld dlogic modifi fol formal ad syntact definit type valu addit formula term definit insid term formula<ref ns0:type="simple" ns0:href="#xpointer(//reflist/entry[@id=%2213%22])" /></entry><entry level="1" type="bullet"><system wordnetid="104377057" confidence="0.8"><artifact wordnetid="100021939" confidence="0.8"><instrumentality wordnetid="103575240" confidence="0.8"><link ns0:type="simple" ns0:href="../007/1974007.xml">independencefriendli logic</link></instrumentality></artifact></system>character<link ns0:type="simple" ns0:href="../834/3573834.xml">branch quantifi</link>allow express independ quantifi variabl</entry></list></p><p>logic sens extens fol includ quantifi logic oper fol lindstrm fol ha extens satisfi<link ns0:type="simple" ns0:href="../207/152207.xml">compact theorem</link>downward<link>lwenheimskolem theorem</link>precis statement<link>lindstrm theorem</link>requir technic condit logic assum satisfi exampl chang symbol languag essenti differ sentenc true</p><ss1><st>algebra</st><p>three elimin quantifi variabl fol involv replac quantifi variabl bind term oper<list><entry level="1" type="bullet"><link ns0:type="simple" ns0:href="../887/7852887.xml">cylindr algebra</link><citizen wordnetid="109923673" confidence="0.8"><expert wordnetid="109617867" confidence="0.8"><physical_entity wordnetid="100001930" confidence="0.8"><disbeliever wordnetid="110015897" confidence="0.8"><person wordnetid="100007846" confidence="0.8"><philosopher wordnetid="110423589" confidence="0.8"><national wordnetid="109625401" confidence="0.8"><intellectual wordnetid="109621545" confidence="0.8"><scientist wordnetid="110560637" confidence="0.8"><causal_agent wordnetid="100007347" confidence="0.8"><atheist wordnetid="109820044" confidence="0.8"><nonreligious_person wordnetid="109625789" confidence="0.8"><logician wordnetid="110269785" confidence="0.8"><mathematician wordnetid="110301261" confidence="0.8"><scholar wordnetid="110557854" confidence="0.8"><link ns0:type="simple" ns0:href="../920/59920.xml">alfr tarski</link></scholar></mathematician></logician></nonreligious_person></atheist></causal_agent></scientist></intellectual></national></philosopher></person></disbeliever></physical_entity></expert></citizen>cowork</entry><entry level="1" type="bullet"><link>polyad algebra</link><analyst wordnetid="109790482" confidence="0.8"><citizen wordnetid="109923673" confidence="0.8"><expert wordnetid="109617867" confidence="0.8"><peer wordnetid="109626238" confidence="0.8"><physical_entity wordnetid="100001930" confidence="0.8"><person wordnetid="100007846" confidence="0.8"><national wordnetid="109625401" confidence="0.8"><colleague wordnetid="109935990" confidence="0.8"><scientist wordnetid="110560637" confidence="0.8"><associate wordnetid="109816771" confidence="0.8"><statistician wordnetid="110653238" confidence="0.8"><causal_agent wordnetid="100007347" confidence="0.8"><mathematician wordnetid="110301261" confidence="0.8"><link ns0:type="simple" ns0:href="../598/318598.xml">paul halmo</link></mathematician></causal_agent></statistician></associate></scientist></colleague></national></person></physical_entity></peer></expert></citizen></analyst></entry><entry level="1" type="bullet"><maxim wordnetid="107152948" confidence="0.8"><speech wordnetid="107109196" confidence="0.8"><saying wordnetid="107151380" confidence="0.8"><auditory_communication wordnetid="107109019" confidence="0.8"><link ns0:type="simple" ns0:href="../871/15282871.xml">predic functor logic</link></auditory_communication></saying></speech></maxim>mainli<person wordnetid="100007846" confidence="0.9508927676800064"><philosopher wordnetid="110423589" confidence="0.9508927676800064"><link ns0:type="simple" ns0:href="../833/33833.xml">willard quin</link></philosopher></person></entry></list><link ns0:type="simple" ns0:href="../923/18716923.xml">algebra</link><list><entry level="1" type="bullet">proper extens<link ns0:type="simple" ns0:href="../449/2584449.xml">twoel boolean algebra</link>thu<link ns0:type="simple" ns0:href="../304/469304.xml">lattic</link></entry><entry level="1" type="bullet">fol<link ns0:type="simple" ns0:href="../343/990343.xml">lindenbaumtarski algebra</link>doe<link ns0:type="simple" ns0:href="../154/18154.xml">sententi logic</link></entry><entry level="1" type="bullet">allow result<link ns0:type="simple" ns0:href="../384/19616384.xml">abstract algebra</link><link ns0:type="simple" ns0:href="../200/45200.xml">univers algebra</link><link ns0:type="simple" ns0:href="../924/361924.xml">order theori</link>brought bear fol</entry></list></p><p>tarski givant fragment fol ha<link ns0:type="simple" ns0:href="../457/943457.xml">atom sentenc</link>lie scope three quantifi ha express power<link ns0:type="simple" ns0:href="../670/4363670.xml">relat algebra</link>thi fragment great interest becaus suffic<link ns0:type="simple" ns0:href="../005/25005.xml">peano arithmet</link><link ns0:type="simple" ns0:href="../553/27553.xml">axiomat set theori</link>includ canon<link>zfc</link>prove fol primit<link ns0:type="simple" ns0:href="../362/22362.xml">order pair</link>equival relat algebra order pair<link>project function</link></p></ss1></sec><sec><st>autom</st><p>theorem prove firstord logic matur subfield<link ns0:type="simple" ns0:href="../546/2546.xml">autom theorem prove</link>logic express allow specif arbitrari problem reason natur intuit hand<link ns0:type="simple" ns0:href="../090/332090.xml">semidecid</link>number sound complet calculi develop enabl fulli autom system<skilled_worker wordnetid="110605985" confidence="0.8"><peer wordnetid="109626238" confidence="0.8"><physical_entity wordnetid="100001930" confidence="0.8"><person wordnetid="100007846" confidence="0.8"><intellectual wordnetid="109621545" confidence="0.8"><traveler wordnetid="109629752" confidence="0.8"><colleague wordnetid="109935990" confidence="0.8"><scientist wordnetid="110560637" confidence="0.8"><exile wordnetid="110071332" confidence="0.8"><absentee wordnetid="109757653" confidence="0.8"><associate wordnetid="109816771" confidence="0.8"><editor wordnetid="110044879" confidence="0.8"><worker wordnetid="109632518" confidence="0.8"><alumnus wordnetid="109786338" confidence="0.8"><causal_agent wordnetid="100007347" confidence="0.8"><mathematician wordnetid="110301261" confidence="0.8"><scholar wordnetid="110557854" confidence="0.8"><link ns0:type="simple" ns0:href="../114/8895114.xml">alan robinson</link></scholar></mathematician></causal_agent></alumnus></worker></editor></associate></absentee></exile></scientist></colleague></traveler></intellectual></person></physical_entity></peer></skilled_worker>achiev import breakthrough<link ns0:type="simple" ns0:href="../082/2724082.xml">resolut</link>approach prove theorem tri refut negat theorem goaldirect result effici method automat prove theorem fol express logic higherord modal logic allow conveni express wider rang problem firstord logic theorem prove logic well develop</p><p>modern particularli disrupt technolog<condition wordnetid="113920835" confidence="0.8"><know-how wordnetid="105616786" confidence="0.8"><state wordnetid="100024720" confidence="0.8"><problem wordnetid="114410605" confidence="0.8"><method wordnetid="105660268" confidence="0.8"><difficulty wordnetid="114408086" confidence="0.8"><link ns0:type="simple" ns0:href="../563/5138563.xml">smt solver</link></difficulty></method></problem></state></know-how></condition>add arithmet proposit support power class<link>sat solver</link></p></sec><sec><st /><p><list><entry level="1" type="bullet"><know-how wordnetid="105616786" confidence="0.8"><method wordnetid="105660268" confidence="0.8"><link ns0:type="simple" ns0:href="../546/2546.xml">autom theorem prove</link></method></know-how></entry><entry level="1" type="bullet"><link ns0:type="simple" ns0:href="../887/7852887.xml">cylindr algebra</link></entry><entry level="1" type="bullet"><link>gdel complet theorem</link></entry><entry level="1" type="bullet"><link>gdel incomplet theorem</link></entry><entry level="1" type="bullet"><link ns0:type="simple" ns0:href="../584/3690584.xml">list firstord theori</link></entry><entry level="1" type="bullet"><link ns0:type="simple" ns0:href="../285/354285.xml">list rule infer</link></entry><entry level="1" type="bullet"><link ns0:type="simple" ns0:href="../636/19636.xml">mathemat logic</link></entry><entry level="1" type="bullet"><maxim wordnetid="107152948" confidence="0.8"><speech wordnetid="107109196" confidence="0.8"><saying wordnetid="107151380" confidence="0.8"><auditory_communication wordnetid="107109019" confidence="0.8"><link ns0:type="simple" ns0:href="../871/15282871.xml">predic functor logic</link></auditory_communication></saying></speech></maxim></entry><entry level="1" type="bullet"><link ns0:type="simple" ns0:href="../388/2498388.xml">tabl logic symbol</link></entry><entry level="1" type="bullet"><idea wordnetid="105833840" confidence="0.8"><concept wordnetid="105835747" confidence="0.8"><link ns0:type="simple" ns0:href="../805/961805.xml">algebra set</link></concept></idea></entry></list></p></sec><sec><st>refer</st><p><reflist><entry id="1">word languag sometim synonym signatur thi confus becaus languag refer set formula</entry><entry id="2">precis onli languag variant onesort firstord logic equal function proposit variabl</entry><entry id="3">work firstord logic ident includ binari predic symbol signatur differ firstord logic ident firstord logic ident nonlog symbol case special restrict semant exampl differ element relat hold</entry><entry id="4">anoth wellwork exampl<weblink ns0:type="simple" ns0:href="http://us.metamath.org/mpegif/mmset.html">metamath proof explor</weblink></entry><entry id="5"><cite id="CITEREFSuber" style="font-style:normal">suber peter<weblink ns0:type="simple" ns0:href="http://www.earlham.edu/~peters/courses/log/transtip.htm">translat</weblink>retriev septemb</cite></entry><entry id="6"><cite id="CITEREF" style="font-style:normal"><weblink ns0:type="simple" ns0:href="http://www-unix.mcs.anl.gov/AR/otter/examples33/fringe/if.in">otter exampl ifin</weblink>retriev septemb</cite></entry><entry id="7"><cite id="CITEREFManna1974" style="font-style:normal">manna zohar mathemat theori comput mcgrawhil comput scienc seri york york mcgrawhil book compani isbn</cite></entry><entry id="8">lesli lamport lawrenc paulson specif languag type acm transact program languag system http</entry><entry id="9">rushbi john subtyp specif proceed sixth european softwar engin confer esecfs http</entry><entry id="10"><p><cite id="CITEREFHuthRyan2004" style="font-style:normal">huth michael ryan mark logic comput scienc edit isbn</cite></p></entry><entry id="11">freek wiedijk jan zwanenburg order logic domain condit theorem prove higher order logic book seri lectur note comput scienc springer berlin heidelberg issn print onlin volum isbn http</entry><entry id="12">ranis silvio cesar tinelli smtlib standard version aug http smtliborg</entry><entry id="13">makarov victor predic logic definit http</entry></reflist><list><entry level="1" type="bullet"><physical_entity wordnetid="100001930" confidence="0.8"><expert wordnetid="109617867" confidence="0.8"><person wordnetid="100007846" confidence="0.8"><causal_agent wordnetid="100007347" confidence="0.8"><logician wordnetid="110269785" confidence="0.8"><link ns0:type="simple" ns0:href="../858/912858.xml">jon barwis</link></logician></causal_agent></person></expert></physical_entity><physical_entity wordnetid="100001930" confidence="0.8"><expert wordnetid="109617867" confidence="0.8"><philosopher wordnetid="110423589" confidence="0.8"><person wordnetid="100007846" confidence="0.8"><intellectual wordnetid="109621545" confidence="0.8"><causal_agent wordnetid="100007347" confidence="0.8"><logician wordnetid="110269785" confidence="0.8"><scholar wordnetid="110557854" confidence="0.8"><link ns0:type="simple" ns0:href="../538/5503538.xml">john etchemendi</link></scholar></logician></causal_agent></intellectual></person></philosopher></expert></physical_entity>languag proof logic csli univers chicago press york bridg press</entry><entry level="1" type="bullet"><person wordnetid="100007846" confidence="0.9508927676800064"><scientist wordnetid="110560637" confidence="0.9508927676800064"><link ns0:type="simple" ns0:href="../302/8302.xml">david hilbert</link></scientist></person><person wordnetid="100007846" confidence="0.9508927676800064"><link ns0:type="simple" ns0:href="../727/62727.xml">wilhelm ackermann</link></person><work wordnetid="104599396" confidence="0.8"><product wordnetid="104007894" confidence="0.8"><creation wordnetid="103129123" confidence="0.8"><artifact wordnetid="100021939" confidence="0.8"><book wordnetid="106410904" confidence="0.8"><publication wordnetid="106589574" confidence="0.8"><link ns0:type="simple" ns0:href="../047/2134047.xml">principl theoret logic</link></publication></book></artifact></creation></product></work>english translat chelsea german edit wa titl grundzg der theoretischen logik</entry><entry level="1" type="bullet"><physical_entity wordnetid="100001930" confidence="0.8"><person wordnetid="100007846" confidence="0.8"><causal_agent wordnetid="100007347" confidence="0.8"><academician wordnetid="109759069" confidence="0.8"><scientist wordnetid="110560637" confidence="0.8"><adult wordnetid="109605289" confidence="0.8"><professional wordnetid="110480253" confidence="0.8"><mathematician wordnetid="110301261" confidence="0.8"><educator wordnetid="110045713" confidence="0.8"><link ns0:type="simple" ns0:href="../771/1789771.xml">wilfrid hodg</link></educator></mathematician></professional></adult></scientist></academician></causal_agent></person></physical_entity>classic logic order logic lou gobl ed blackwel guid philosoph logic blackwel</entry></list></p></sec><sec><st>extern link</st><p><list><entry level="1" type="bullet"><work wordnetid="104599396" confidence="0.8"><product wordnetid="104007894" confidence="0.8"><encyclopedia wordnetid="106427387" confidence="0.8"><creation wordnetid="103129123" confidence="0.8"><artifact wordnetid="100021939" confidence="0.8"><book wordnetid="106410904" confidence="0.8"><reference_book wordnetid="106417598" confidence="0.8"><publication wordnetid="106589574" confidence="0.8"><link ns0:type="simple" ns0:href="../356/357356.xml">stanford encyclopedia philosophi</link></publication></reference_book></book></artifact></creation></encyclopedia></product></work><weblink ns0:type="simple" ns0:href="http://plato.stanford.edu/entries/logic-classical/">classic logic</weblink>stewart shapiro cover syntax model theori metatheori firstord logic natur deduct style</entry><entry level="1" type="bullet"><weblink ns0:type="simple" ns0:href="http://www.fecundity.com/logic/">foral introduct formal logic</weblink>pd magnu cover formal semant proof theori firstord logic</entry><entry level="1" type="bullet"><weblink ns0:type="simple" ns0:href="http://us.metamath.org/index.html">metamath</weblink>ongo onlin project reconstruct mathemat huge firstord theori firstord logic<link ns0:type="simple" ns0:href="../553/27553.xml">axiomat set theori</link><link>zfc</link><work wordnetid="104599396" confidence="0.8"><product wordnetid="104007894" confidence="0.8"><creation wordnetid="103129123" confidence="0.8"><artifact wordnetid="100021939" confidence="0.8"><book wordnetid="106410904" confidence="0.8"><publication wordnetid="106589574" confidence="0.8"><link ns0:type="simple" ns0:href="../133/24133.xml">principia mathematica</link></publication></book></artifact></creation></product></work>modern</entry><entry level="1" type="bullet">podniek karl<weblink ns0:type="simple" ns0:href="http://www.ltn.lv/~podnieks/">introduct mathemat logic</weblink></entry><entry level="1" type="bullet"><link>cambridg mathemat tripo note</link><weblink ns0:type="simple" ns0:href="http://john.fremlin.de/schoolwork/logic/index.html">http johnfremlindeschoolworklogicindexhtml</weblink>note typeset john fremlin note cover cambridg mathemat tripo cours taught undergradu student usual third year cours entitl logic comput set theori cover ordin cardin poset zorn lemma proposit logic predic logic set theori consist issu relat zfc set theori</entry></list></p><p><table style="background:#f9f9f9; font-size:85%; line-height:110%; "><row><col><image width="32x28px" src="Portal.svg" /></col><col style="padding:0 0.2em;">logic portal</col></row></table></p><p><table style=";" class="navbox" cellspacing="0"><row><col style="padding:2px;"><table style="width:100%;background:transparent;color:inherit;;" class="nowraplinks collapsible collapsed " cellspacing="0"><row><header colspan="2" style=";" class="navbox-title"><link ns0:type="simple" ns0:href="../225/3729225.xml">logic</link></header></row><row style="height:2px;" /><row><col colspan="2" style="width:100%;padding:0px;;;" class="navbox-list navbox-odd"><table style="width:100%;;;;" class="nowraplinks collapsible collapsed navbox-subgroup" cellspacing="0"><row><header colspan="2" style=";;" class="navbox-title">histori core topic</header></row><row style="height:2px;" /><row><col colspan="2" style="width:100%;padding:0px;padding:0.25em 0; line-height:1.4em;padding:0;;;" class="navbox-list navbox-odd"><table style="width:100%;;;;" class="nowraplinks  navbox-subgroup" cellspacing="0"><row><col style=";padding:0.35em 1.0em; line-height:1.1em;  width:8.0em;;" class="navbox-group">histori</col><col style="text-align:left;border-left:2px solid #fdfdfd;width:100%;padding:0px;padding:0.25em 0; line-height:1.4em;  width:auto;;;" class="navbox-list navbox-odd"><link ns0:type="simple" ns0:href="../945/59945.xml">gener</link><link ns0:type="simple" ns0:href="../752/1978752.xml">chines</link><link ns0:type="simple" ns0:href="../019/499019.xml">greek</link><link ns0:type="simple" ns0:href="../980/2015980.xml">indian</link><link ns0:type="simple" ns0:href="../133/1978133.xml">islam</link></col></row><row style="height:2px" /><row><col style=";padding:0.35em 1.0em; line-height:1.1em;  width:8.0em;;" class="navbox-group">core topic</col><col style="text-align:left;border-left:2px solid #fdfdfd;width:100%;padding:0px;padding:0.25em 0; line-height:1.4em;  width:auto;;;" class="navbox-list navbox-even"><link ns0:type="simple" ns0:href="../446/42446.xml">reason</link><link ns0:type="simple" ns0:href="../939/304939.xml">philosoph logic</link><division wordnetid="108220714" confidence="0.8"><administrative_unit wordnetid="108077292" confidence="0.8"><branch wordnetid="108401248" confidence="0.8"><link ns0:type="simple" ns0:href="../317/1251317.xml">philosophi logic</link></branch></administrative_unit></division><link ns0:type="simple" ns0:href="../636/19636.xml">mathemat logic</link><link ns0:type="simple" ns0:href="../934/387934.xml">metalog</link><know-how wordnetid="105616786" confidence="0.8"><method wordnetid="105660268" confidence="0.8"><link ns0:type="simple" ns0:href="../991/1151991.xml">logic comput scienc</link></method></know-how></col></row></table></col></row></table></col></row><row style="height:2px" /><row><col colspan="2" style="width:100%;padding:0px;;;" class="navbox-list navbox-even"><table style="width:100%;;;;" class="nowraplinks collapsible collapsed navbox-subgroup" cellspacing="0"><row><header colspan="2" style=";;" class="navbox-title">key concept logic</header></row><row style="height:2px;" /><row><col colspan="2" style="width:100%;padding:0px;padding:0.25em 0; line-height:1.4em;padding:0;;;" class="navbox-list navbox-odd"><table style="width:100%;;;;" class="nowraplinks  navbox-subgroup" cellspacing="0"><row><col style=";padding:0.35em 1.0em; line-height:1.1em; width:8.0em;;" class="navbox-group"><link ns0:type="simple" ns0:href="../755/89755.xml">reason</link></col><col style="text-align:left;border-left:2px solid #fdfdfd;width:100%;padding:0px;padding:0.25em 0; line-height:1.4em; width:auto;;;" class="navbox-list navbox-odd"><link ns0:type="simple" ns0:href="../093/61093.xml">deduct</link><link ns0:type="simple" ns0:href="../736/393736.xml">induct</link><link ns0:type="simple" ns0:href="../459/60459.xml">abduct</link></col></row><row style="height:2px" /><row><col style=";padding:0.35em 1.0em; line-height:1.1em; width:8.0em;;" class="navbox-group"><link ns0:type="simple" ns0:href="../398/14122398.xml">inform</link></col><col style="text-align:left;border-left:2px solid #fdfdfd;width:100%;padding:0px;padding:0.25em 0; line-height:1.4em; width:auto;;;" class="navbox-list navbox-even"><link ns0:type="simple" ns0:href="../094/81094.xml">proposit</link><link ns0:type="simple" ns0:href="../465/317465.xml">infer</link><link ns0:type="simple" ns0:href="../310/13018310.xml">argument</link><link ns0:type="simple" ns0:href="../366/32366.xml">valid</link><link ns0:type="simple" ns0:href="../296/5296.xml">cogenc</link><link ns0:type="simple" ns0:href="../652/321652.xml">term logic</link><qualification wordnetid="104717139" confidence="0.8"><fitness wordnetid="104716864" confidence="0.8"><suitability wordnetid="104715487" confidence="0.8"><link ns0:type="simple" ns0:href="../872/276872.xml">critic</link></suitability></fitness></qualification><link ns0:type="simple" ns0:href="../986/53986.xml">fallaci</link><link ns0:type="simple" ns0:href="../046/48046.xml">syllog</link><link ns0:type="simple" ns0:href="../383/1317383.xml">argument theori</link></col></row><row style="height:2px" /><row><col style=";padding:0.35em 1.0em; line-height:1.1em; width:8.0em;;" class="navbox-group"><division wordnetid="108220714" confidence="0.8"><administrative_unit wordnetid="108077292" confidence="0.8"><branch wordnetid="108401248" confidence="0.8"><link ns0:type="simple" ns0:href="../317/1251317.xml">philosophi logic</link></branch></administrative_unit></division></col><col style="text-align:left;border-left:2px solid #fdfdfd;width:100%;padding:0px;padding:0.25em 0; line-height:1.4em; width:auto;;;" class="navbox-list navbox-odd"><event wordnetid="100029378" confidence="0.8"><change wordnetid="100191142" confidence="0.8"><action wordnetid="100037396" confidence="0.8"><motion wordnetid="100331950" confidence="0.8"><act wordnetid="100030358" confidence="0.8"><psychological_feature wordnetid="100023100" confidence="0.8"><link ns0:type="simple" ns0:href="../513/24513.xml">platon realism</link></psychological_feature></act></motion></action></change></event><link ns0:type="simple" ns0:href="../529/622529.xml">logic atom</link><link ns0:type="simple" ns0:href="../672/350672.xml">logic</link><idea wordnetid="105833840" confidence="0.8"><concept wordnetid="105835747" confidence="0.8"><link ns0:type="simple" ns0:href="../863/324863.xml">formal</link></concept></idea><link ns0:type="simple" ns0:href="../176/21176.xml">nomin</link><link ns0:type="simple" ns0:href="../731/1535731.xml">fiction</link><link ns0:type="simple" ns0:href="../121/1271121.xml">realism</link><link ns0:type="simple" ns0:href="../513/19513.xml">intuition</link><link ns0:type="simple" ns0:href="../059/21059.xml">constructiv</link><link ns0:type="simple" ns0:href="../900/152900.xml">finit</link></col></row><row style="height:2px" /><row><col style=";padding:0.35em 1.0em; line-height:1.1em; width:8.0em;;" class="navbox-group"><link ns0:type="simple" ns0:href="../636/19636.xml">mathemat</link></col><col style="text-align:left;border-left:2px solid #fdfdfd;width:100%;padding:0px;padding:0.25em 0; line-height:1.4em; width:auto;;;" class="navbox-list navbox-even"><link ns0:type="simple" ns0:href="../939/10939.xml">formal languag</link><language wordnetid="106282651" confidence="0.8"><link ns0:type="simple" ns0:href="../716/18020716.xml">formal grammar</link></language><know-how wordnetid="105616786" confidence="0.8"><method wordnetid="105660268" confidence="0.8"><language wordnetid="106282651" confidence="0.8"><link ns0:type="simple" ns0:href="../102/396102.xml">formal system</link></language></method></know-how><language wordnetid="106282651" confidence="0.8"><link ns0:type="simple" ns0:href="../822/15285822.xml">deduct system</link></language><language wordnetid="106282651" confidence="0.8"><link ns0:type="simple" ns0:href="../184/1197184.xml">formal proof</link></language><language wordnetid="106282651" confidence="0.8"><link ns0:type="simple" ns0:href="../968/693968.xml">formal interpret</link></language><link ns0:type="simple" ns0:href="../888/909888.xml">formal semant</link><link ns0:type="simple" ns0:href="../382/4230382.xml">formula</link><link ns0:type="simple" ns0:href="../582/404582.xml">wff</link><link ns0:type="simple" ns0:href="../691/26691.xml">set</link><idea wordnetid="105833840" confidence="0.8"><concept wordnetid="105835747" confidence="0.8"><link ns0:type="simple" ns0:href="../629/682629.xml">element</link></concept></idea><link ns0:type="simple" ns0:href="../696/20696.xml">class</link><link ns0:type="simple" ns0:href="../928/928.xml">axiom</link><idea wordnetid="105833840" confidence="0.8"><concept wordnetid="105835747" confidence="0.8"><rule wordnetid="105846054" confidence="0.8"><link ns0:type="simple" ns0:href="../311/252311.xml">rule infer</link></rule></concept></idea><link ns0:type="simple" ns0:href="../509/19509.xml">relat</link><link ns0:type="simple" ns0:href="../977/30977.xml">theorem</link><link ns0:type="simple" ns0:href="../361/3674361.xml">logic consequ</link><link ns0:type="simple" ns0:href="../802/75802.xml">consist</link><link ns0:type="simple" ns0:href="../819/26819.xml">sound</link><link ns0:type="simple" ns0:href="../054/56054.xml">complet</link><link ns0:type="simple" ns0:href="../118/913118.xml">decid</link><condition wordnetid="113920835" confidence="0.8"><know-how wordnetid="105616786" confidence="0.8"><state wordnetid="100024720" confidence="0.8"><problem wordnetid="114410605" confidence="0.8"><method wordnetid="105660268" confidence="0.8"><difficulty wordnetid="114408086" confidence="0.8"><link ns0:type="simple" ns0:href="../715/4715.xml">satisfi</link></difficulty></method></problem></state></know-how></condition><link ns0:type="simple" ns0:href="../208/1141208.xml">independ</link><link ns0:type="simple" ns0:href="../553/27553.xml">set theori</link><system wordnetid="104377057" confidence="0.8"><artifact wordnetid="100021939" confidence="0.8"><instrumentality wordnetid="103575240" confidence="0.8"><link ns0:type="simple" ns0:href="../401/188401.xml">axiomat system</link></instrumentality></artifact></system><link ns0:type="simple" ns0:href="../478/183478.xml">proof theori</link><link ns0:type="simple" ns0:href="../858/19858.xml">model theori</link><link ns0:type="simple" ns0:href="../414/155414.xml">recurs theori</link><system wordnetid="104377057" confidence="0.8"><artifact wordnetid="100021939" confidence="0.8"><instrumentality wordnetid="103575240" confidence="0.8"><link ns0:type="simple" ns0:href="../282/40282.xml">type theori</link></instrumentality></artifact></system><language wordnetid="106282651" confidence="0.8"><link ns0:type="simple" ns0:href="../039/546039.xml">syntax</link></language></col></row><row style="height:2px" /><row><col style=";padding:0.35em 1.0em; line-height:1.1em; width:8.0em;;" class="navbox-group"><link ns0:type="simple" ns0:href="../335/5597335.xml">proposit</link></col><col style="text-align:left;border-left:2px solid #fdfdfd;width:100%;padding:0px;padding:0.25em 0; line-height:1.4em; width:auto;;;" class="navbox-list navbox-odd"><link ns0:type="simple" ns0:href="../349/753349.xml">boolean function</link><link ns0:type="simple" ns0:href="../680/8015680.xml">monad predic calculu</link><link ns0:type="simple" ns0:href="../154/18154.xml">proposit calculu</link><link ns0:type="simple" ns0:href="../153/18153.xml">logic connect</link><link ns0:type="simple" ns0:href="../806/228806.xml">quantifi</link><arrangement wordnetid="107938773" confidence="0.8"><table wordnetid="108266235" confidence="0.8"><group wordnetid="100031264" confidence="0.8"><array wordnetid="107939382" confidence="0.8"><link ns0:type="simple" ns0:href="../362/30362.xml">truth tabl</link></array></group></table></arrangement></col></row><row style="height:2px" /><row><col style=";padding:0.35em 1.0em; line-height:1.1em; width:8.0em;;" class="navbox-group"><system wordnetid="104377057" confidence="0.8"><artifact wordnetid="100021939" confidence="0.8"><instrumentality wordnetid="103575240" confidence="0.8"><link ns0:type="simple" ns0:href="../970/74970.xml">predic</link></instrumentality></artifact></system></col><col style="text-align:left;border-left:2px solid #fdfdfd;width:100%;padding:0px;padding:0.25em 0; line-height:1.4em; width:auto;;;" class="navbox-list navbox-even"><system wordnetid="104377057" confidence="0.8"><artifact wordnetid="100021939" confidence="0.8"><instrumentality wordnetid="103575240" confidence="0.8"><link ns0:type="simple" ns0:href="../983/10983.xml">firstord</link></instrumentality></artifact></system><link ns0:type="simple" ns0:href="../806/228806.xml">quantifi</link><system wordnetid="104377057" confidence="0.8"><artifact wordnetid="100021939" confidence="0.8"><instrumentality wordnetid="103575240" confidence="0.8"><link ns0:type="simple" ns0:href="../428/341428.xml">secondord</link></instrumentality></artifact></system></col></row><row style="height:2px" /><row><col style=";padding:0.35em 1.0em; line-height:1.1em; width:8.0em;;" class="navbox-group"><link ns0:type="simple" ns0:href="../365/333365.xml">modal</link></col><col style="text-align:left;border-left:2px solid #fdfdfd;width:100%;padding:0px;padding:0.25em 0; line-height:1.4em; width:auto;;;" class="navbox-list navbox-odd"><link ns0:type="simple" ns0:href="../365/333365.xml#xpointer(//*[./st=%22Alethic+modalities%22])">aleth</link><link ns0:type="simple" ns0:href="../714/3832714.xml#xpointer(//*[./st=%22Axiological%22])">axiolog</link><link ns0:type="simple" ns0:href="../980/1343980.xml">deontic</link><link ns0:type="simple" ns0:href="../590/12065590.xml">doxast</link><link ns0:type="simple" ns0:href="../197/3827197.xml">epistem</link><know-how wordnetid="105616786" confidence="0.8"><method wordnetid="105660268" confidence="0.8"><link ns0:type="simple" ns0:href="../481/321481.xml">tempor</link></method></know-how></col></row><row style="height:2px" /><row><col style=";padding:0.35em 1.0em; line-height:1.1em; width:8.0em;;" class="navbox-group"><link ns0:type="simple" ns0:href="../868/55868.xml">classic</link></col><col style="text-align:left;border-left:2px solid #fdfdfd;width:100%;padding:0px;padding:0.25em 0; line-height:1.4em; width:auto;;;" class="navbox-list navbox-even"><system wordnetid="104377057" confidence="0.8"><artifact wordnetid="100021939" confidence="0.8"><instrumentality wordnetid="103575240" confidence="0.8"><link ns0:type="simple" ns0:href="../985/616985.xml">comput</link></instrumentality></artifact></system><link ns0:type="simple" ns0:href="../180/49180.xml">fuzzi</link><link ns0:type="simple" ns0:href="../675/579675.xml">linear</link><link ns0:type="simple" ns0:href="../076/185076.xml">relev</link><link ns0:type="simple" ns0:href="../086/341086.xml">nonmonoton</link></col></row></table></col></row></table></col></row><row style="height:2px" /><row><col colspan="2" style="width:100%;padding:0px;;;" class="navbox-list navbox-odd"><table style="width:100%;;;;" class="nowraplinks collapsible collapsed navbox-subgroup" cellspacing="0"><row><header colspan="2" style=";;" class="navbox-title">controversi</header></row><row style="height:2px;" /><row><col colspan="2" style="width:100%;padding:0px;padding:0.25em 0; line-height:1.4em;;;" class="navbox-list navbox-odd"><system wordnetid="104377057" confidence="0.8"><artifact wordnetid="100021939" confidence="0.8"><instrumentality wordnetid="103575240" confidence="0.8"><link ns0:type="simple" ns0:href="../085/421085.xml">paraconsist logic</link></instrumentality></artifact></system><link ns0:type="simple" ns0:href="../359/591359.xml">dialeth</link><system wordnetid="104377057" confidence="0.8"><artifact wordnetid="100021939" confidence="0.8"><instrumentality wordnetid="103575240" confidence="0.8"><link ns0:type="simple" ns0:href="../262/169262.xml">intuitionist logic</link></instrumentality></artifact></system><link ns0:type="simple" ns0:href="../390/24390.xml">paradox</link>es<link ns0:type="simple" ns0:href="../175/3175.xml">antinomi</link><link ns0:type="simple" ns0:href="../402/1166402.xml">logic empir</link></col></row></table></col></row><row style="height:2px" /><row><col colspan="2" style="width:100%;padding:0px;;;" class="navbox-list navbox-even"><table style="width:100%;;;;" class="nowraplinks collapsible collapsed navbox-subgroup" cellspacing="0"><row><header colspan="2" style=";;" class="navbox-title">key figur</header></row><row style="height:2px;" /><row><col colspan="2" style="width:100%;padding:0px;padding:0.25em 0; line-height:1.4em;;;" class="navbox-list navbox-odd"><scholar wordnetid="110557854" confidence="0.9508927676800064"><link ns0:type="simple" ns0:href="../040/175040.xml">alfarabi</link></scholar><philosopher wordnetid="110423589" confidence="0.9508927676800064"><link ns0:type="simple" ns0:href="../607/146607.xml">algazel</link></philosopher><philosopher wordnetid="110423589" confidence="0.9508927676800064"><link ns0:type="simple" ns0:href="../065/272065.xml">alkindu</link></philosopher><scholar wordnetid="110557854" confidence="0.9508927676800064"><link ns0:type="simple" ns0:href="../595/326595.xml">alrazi</link></scholar><person wordnetid="100007846" confidence="0.9508927676800064"><philosopher wordnetid="110423589" confidence="0.9508927676800064"><link ns0:type="simple" ns0:href="../308/308.xml">aristotl</link></philosopher></person><philosopher wordnetid="110423589" confidence="0.9508927676800064"><link ns0:type="simple" ns0:href="../836/47836.xml">averro</link></philosopher><scholar wordnetid="110557854" confidence="0.9508927676800064"><link ns0:type="simple" ns0:href="../130/1130.xml">avicenna</link></scholar><philosopher wordnetid="110423589" confidence="0.9508927676800064"><link ns0:type="simple" ns0:href="../298/38298.xml">bool</link></philosopher><person wordnetid="100007846" confidence="0.9508927676800064"><scientist wordnetid="110560637" confidence="0.9508927676800064"><link ns0:type="simple" ns0:href="../216/12216.xml">cantor</link></scientist></person><citizen wordnetid="109923673" confidence="0.8"><physical_entity wordnetid="100001930" confidence="0.8"><disbeliever wordnetid="110015897" confidence="0.8"><person wordnetid="100007846" confidence="0.8"><philosopher wordnetid="110423589" confidence="0.8"><immigrant wordnetid="110199489" confidence="0.8"><national wordnetid="109625401" confidence="0.8"><intellectual wordnetid="109621545" confidence="0.8"><migrant wordnetid="110314952" confidence="0.8"><traveler wordnetid="109629752" confidence="0.8"><causal_agent wordnetid="100007347" confidence="0.8"><atheist wordnetid="109820044" confidence="0.8"><nonreligious_person wordnetid="109625789" confidence="0.8"><scholar wordnetid="110557854" confidence="0.8"><link ns0:type="simple" ns0:href="../987/57987.xml">carnap</link></scholar></nonreligious_person></atheist></causal_agent></traveler></migrant></intellectual></national></immigrant></philosopher></person></disbeliever></physical_entity></citizen><scientist wordnetid="110560637" confidence="0.9508927676800064"><link ns0:type="simple" ns0:href="../731/49731.xml">church</link></scientist><physical_entity wordnetid="100001930" confidence="0.8"><expert wordnetid="109617867" confidence="0.8"><communicator wordnetid="109610660" confidence="0.8"><philosopher wordnetid="110423589" confidence="0.8"><person wordnetid="100007846" confidence="0.8"><intellectual wordnetid="109621545" confidence="0.8"><causal_agent wordnetid="100007347" confidence="0.8"><writer wordnetid="110794014" confidence="0.8"><logician wordnetid="110269785" confidence="0.8"><scholar wordnetid="110557854" confidence="0.8"><link ns0:type="simple" ns0:href="../748/1893748.xml">dharmakirti</link></scholar></logician></writer></causal_agent></intellectual></person></philosopher></communicator></expert></physical_entity><link>dignga</link><person wordnetid="100007846" confidence="0.9508927676800064"><philosopher wordnetid="110423589" confidence="0.9508927676800064"><link ns0:type="simple" ns0:href="../416/48416.xml">frege</link></philosopher></person><physical_entity wordnetid="100001930" confidence="0.8"><expert wordnetid="109617867" confidence="0.8"><person wordnetid="100007846" confidence="0.8"><causal_agent wordnetid="100007347" confidence="0.8"><academician wordnetid="109759069" confidence="0.8"><scientist wordnetid="110560637" confidence="0.8"><adult wordnetid="109605289" confidence="0.8"><professional wordnetid="110480253" confidence="0.8"><mathematician wordnetid="110301261" confidence="0.8"><logician wordnetid="110269785" confidence="0.8"><educator wordnetid="110045713" confidence="0.8"><link ns0:type="simple" ns0:href="../027/46027.xml">gentzen</link></educator></logician></mathematician></professional></adult></scientist></academician></causal_agent></person></expert></physical_entity><physical_entity wordnetid="100001930" confidence="0.8"><mentor wordnetid="110309496" confidence="0.8"><sage wordnetid="110546202" confidence="0.8"><philosopher wordnetid="110423589" confidence="0.8"><person wordnetid="100007846" confidence="0.8"><intellectual wordnetid="109621545" confidence="0.8"><capitalist wordnetid="109609232" confidence="0.8"><causal_agent wordnetid="100007347" confidence="0.8"><materialist wordnetid="110300963" confidence="0.8"><scholar wordnetid="110557854" confidence="0.8"><link ns0:type="simple" ns0:href="../941/561941.xml">kanada</link></scholar></materialist></causal_agent></capitalist></intellectual></person></philosopher></sage></mentor></physical_entity><link>gdel</link><link>gotama</link><person wordnetid="100007846" confidence="0.9508927676800064"><scientist wordnetid="110560637" confidence="0.9508927676800064"><link ns0:type="simple" ns0:href="../302/8302.xml">hilbert</link></scientist></person><scholar wordnetid="110557854" confidence="0.9508927676800064"><link ns0:type="simple" ns0:href="../527/2426527.xml">ibn alnafi</link></scholar><philosopher wordnetid="110423589" confidence="0.9508927676800064"><link ns0:type="simple" ns0:href="../830/1467830.xml">ibn hazm</link></philosopher><philosopher wordnetid="110423589" confidence="0.9508927676800064"><link ns0:type="simple" ns0:href="../074/272074.xml">ibn taymiyyah</link></philosopher><philosopher wordnetid="110423589" confidence="0.9508927676800064"><link ns0:type="simple" ns0:href="../039/48039.xml">kripk</link></philosopher><physical_entity wordnetid="100001930" confidence="0.8"><physicist wordnetid="110428004" confidence="0.8"><philosopher wordnetid="110423589" confidence="0.8"><person wordnetid="100007846" confidence="0.8"><intellectual wordnetid="109621545" confidence="0.8"><causal_agent wordnetid="100007347" confidence="0.8"><scientist wordnetid="110560637" confidence="0.8"><scholar wordnetid="110557854" confidence="0.8"><link ns0:type="simple" ns0:href="../578/196578.xml">mozi</link></scholar></scientist></causal_agent></intellectual></person></philosopher></physicist></physical_entity><physical_entity wordnetid="100001930" confidence="0.8"><person wordnetid="100007846" confidence="0.8"><philosopher wordnetid="110423589" confidence="0.8"><intellectual wordnetid="109621545" confidence="0.8"><adult wordnetid="109605289" confidence="0.8"><professional wordnetid="110480253" confidence="0.8"><educator wordnetid="110045713" confidence="0.8"><leader wordnetid="109623038" confidence="0.8"><spiritual_leader wordnetid="109505153" confidence="0.8"><causal_agent wordnetid="100007347" confidence="0.8"><patriarch wordnetid="110406905" confidence="0.8"><teacher wordnetid="110694258" confidence="0.8"><scholar wordnetid="110557854" confidence="0.8"><link ns0:type="simple" ns0:href="../149/22149.xml">nagarjuna</link></scholar></teacher></patriarch></causal_agent></spiritual_leader></leader></educator></professional></adult></intellectual></philosopher></person></physical_entity><link>pini</link><scientist wordnetid="110560637" confidence="0.9508927676800064"><link ns0:type="simple" ns0:href="../043/13043.xml">peano</link></scientist><scientist wordnetid="110560637" confidence="0.9508927676800064"><link ns0:type="simple" ns0:href="../117/6117.xml">peirc</link></scientist><person wordnetid="100007846" confidence="0.9508927676800064"><philosopher wordnetid="110423589" confidence="0.9508927676800064"><link ns0:type="simple" ns0:href="../233/75233.xml">putnam</link></philosopher></person><person wordnetid="100007846" confidence="0.9508927676800064"><philosopher wordnetid="110423589" confidence="0.9508927676800064"><link ns0:type="simple" ns0:href="../833/33833.xml">quin</link></philosopher></person><person wordnetid="100007846" confidence="0.9508927676800064"><philosopher wordnetid="110423589" confidence="0.9508927676800064"><link ns0:type="simple" ns0:href="../163/4163.xml">russel</link></philosopher></person><person wordnetid="100007846" confidence="0.9508927676800064"><scientist wordnetid="110560637" confidence="0.9508927676800064"><link ns0:type="simple" ns0:href="../765/453765.xml">skolem</link></scientist></person><physical_entity wordnetid="100001930" confidence="0.8"><philosopher wordnetid="110423589" confidence="0.8"><person wordnetid="100007846" confidence="0.8"><intellectual wordnetid="109621545" confidence="0.8"><causal_agent wordnetid="100007347" confidence="0.8"><scientist wordnetid="110560637" confidence="0.8"><scholar wordnetid="110557854" confidence="0.8"><link ns0:type="simple" ns0:href="../443/971443.xml">suhrawardi</link></scholar></scientist></causal_agent></intellectual></person></philosopher></physical_entity><citizen wordnetid="109923673" confidence="0.8"><expert wordnetid="109617867" confidence="0.8"><physical_entity wordnetid="100001930" confidence="0.8"><disbeliever wordnetid="110015897" confidence="0.8"><person wordnetid="100007846" confidence="0.8"><philosopher wordnetid="110423589" confidence="0.8"><national wordnetid="109625401" confidence="0.8"><intellectual wordnetid="109621545" confidence="0.8"><scientist wordnetid="110560637" confidence="0.8"><causal_agent wordnetid="100007347" confidence="0.8"><atheist wordnetid="109820044" confidence="0.8"><nonreligious_person wordnetid="109625789" confidence="0.8"><logician wordnetid="110269785" confidence="0.8"><mathematician wordnetid="110301261" confidence="0.8"><scholar wordnetid="110557854" confidence="0.8"><link ns0:type="simple" ns0:href="../920/59920.xml">tarski</link></scholar></mathematician></logician></nonreligious_person></atheist></causal_agent></scientist></intellectual></national></philosopher></person></disbeliever></physical_entity></expert></citizen><person wordnetid="100007846" confidence="0.9508927676800064"><scientist wordnetid="110560637" confidence="0.9508927676800064"><link ns0:type="simple" ns0:href="../208/1208.xml">ture</link></scientist></person><person wordnetid="100007846" confidence="0.9508927676800064"><philosopher wordnetid="110423589" confidence="0.9508927676800064"><link ns0:type="simple" ns0:href="../395/43395.xml">whitehead</link></philosopher></person><scientist wordnetid="110560637" confidence="0.9508927676800064"><link ns0:type="simple" ns0:href="../155/201155.xml">zadeh</link></scientist></col></row></table></col></row><row style="height:2px" /><row><col colspan="2" style="width:100%;padding:0px;;;" class="navbox-list navbox-odd"><table style="width:100%;;;;" class="nowraplinks collapsible collapsed navbox-subgroup" cellspacing="0"><row><header colspan="2" style=";;" class="navbox-title">list</header></row><row style="height:2px;" /><row><col colspan="2" style="width:100%;padding:0px;padding:0.25em 0; line-height:1.4em;padding:0;;;" class="navbox-list navbox-odd"><table style="width:100%;;;;" class="nowraplinks  navbox-subgroup" cellspacing="0"><row><col style=";padding:0.35em 1.0em; line-height:1.1em; width:8.0em;;" class="navbox-group">topic</col><col style="text-align:left;border-left:2px solid #fdfdfd;width:100%;padding:0px;padding:0.25em 0; line-height:1.4em; width:auto;;;" class="navbox-list navbox-odd"><link ns0:type="simple" ns0:href="../178/302178.xml">gener</link><link ns0:type="simple" ns0:href="../271/6306271.xml">basic</link><link ns0:type="simple" ns0:href="../167/346167.xml">mathemat logic</link><link ns0:type="simple" ns0:href="../872/794872.xml">boolean algebra</link><link ns0:type="simple" ns0:href="../448/2059448.xml">set theori</link></col></row><row style="height:2px" /><row><col style=";padding:0.35em 1.0em; line-height:1.1em; width:8.0em;;" class="navbox-group" /><col style="text-align:left;border-left:2px solid #fdfdfd;width:100%;padding:0px;padding:0.25em 0; line-height:1.4em; width:auto;;;" class="navbox-list navbox-even"><link ns0:type="simple" ns0:href="../213/356213.xml">logician</link><link ns0:type="simple" ns0:href="../285/354285.xml">rule infer</link><link ns0:type="simple" ns0:href="../201/3575201.xml">paradox</link><link ns0:type="simple" ns0:href="../940/8042940.xml">fallaci</link><link ns0:type="simple" ns0:href="../388/2498388.xml">logic symbol</link></col></row></table></col></row></table></col></row><row style="height:2px;" /><row><col colspan="2" style=";" class="navbox-abovebelow">portal logiccategori logic stubslog stub mathemat logic stubsmathlog stub</col></row></table></col></row></table></p></sec></bdy></instrumentality></artifact></system></article>