<article xmlns:ns0="http://www.w3.org/1999/xlink"><work confidence="0.8" wordnetid="100575741"><know-how confidence="0.8" wordnetid="105616786"><event confidence="0.8" wordnetid="100029378"><undertaking confidence="0.8" wordnetid="100795720"><method confidence="0.8" wordnetid="105660268"><act confidence="0.8" wordnetid="100030358"><psychological_feature confidence="0.8" wordnetid="100023100"><activity confidence="0.8" wordnetid="100407535"><header><title>mont carlo project</title><id /><revision><id /><timestamp /><contributor><username>jpbowen</username><id /></contributor></revision><categories><category>comput physic</category><category>mont carlo method</category><category>project</category></categories></header><bdy>mont carlo project wa project carri framework programm<link ns0:type="simple" ns0:href="../726/8015726.xml" /><link ns0:type="simple" ns0:href="../974/9974.xml">eu commiss</link>wa aim develop valid appli probabilist model human exposur food chemic nutrient project<link ns0:type="simple" ns0:href="../198/452198.xml">nondeterminist</link>approach<technique wordnetid="105665146" confidence="0.8"><know-how wordnetid="105616786" confidence="0.8"><method wordnetid="105660268" confidence="0.8"><link ns0:type="simple" ns0:href="../098/56098.xml">mont carlo method</link></method></know-how></technique>assess human exposur food chemic<link ns0:type="simple" ns0:href="../575/66575.xml">nutrient</link><sec><st>particip</st><p>follow european institut particip project</p><p><list><entry level="1" type="bullet">institut european food studi<link ns0:type="simple" ns0:href="../788/230788.xml">tcd</link><island wordnetid="109316454" confidence="0.9508927676800064"><link ns0:type="simple" ns0:href="../575/147575.xml">ireland</link></island></entry><entry level="1" type="bullet"><link>creme softwar</link>triniti centr high perform comput<link>tchpc</link><island wordnetid="109316454" confidence="0.9508927676800064"><link ns0:type="simple" ns0:href="../575/147575.xml">ireland</link></island></entry><entry level="1" type="bullet">nation institut food nutrit<link>inran</link><system wordnetid="108435388" confidence="0.8"><economy wordnetid="108366753" confidence="0.8"><group wordnetid="100031264" confidence="0.8"><link ns0:type="simple" ns0:href="../532/14532.xml">itali</link></group></economy></system></entry><entry level="1" type="bullet">dutch institut qualiti control agricultur<link>rikilt</link><link ns0:type="simple" ns0:href="../148/21148.xml">netherland</link></entry><entry level="1" type="bullet">dutch food nutrit institut<link ns0:type="simple" ns0:href="../773/2459773.xml">tno</link><link ns0:type="simple" ns0:href="../148/21148.xml">netherland</link></entry><entry level="1" type="bullet">institut human nutrit<link>iohn</link><autocracy wordnetid="108361001" confidence="0.8"><system wordnetid="108435388" confidence="0.8"><social_group wordnetid="107950920" confidence="0.8"><political_orientation wordnetid="106212839" confidence="0.8"><monarchy wordnetid="108363812" confidence="0.8"><state wordnetid="108168978" confidence="0.8"><political_unit wordnetid="108359949" confidence="0.8"><political_system wordnetid="108367880" confidence="0.8"><economy wordnetid="108366753" confidence="0.8"><group wordnetid="100031264" confidence="0.8"><democracy wordnetid="106217103" confidence="0.8"><link ns0:type="simple" ns0:href="../717/31717.xml">unit kingdom</link></democracy></group></economy></political_system></political_unit></state></monarchy></political_orientation></social_group></system></autocracy></entry><entry level="1" type="bullet"><link>gobierno vasco</link><system wordnetid="108435388" confidence="0.8"><economy wordnetid="108366753" confidence="0.8"><group wordnetid="100031264" confidence="0.8"><link ns0:type="simple" ns0:href="../667/26667.xml">spain</link></group></economy></system></entry></list></p></sec><sec><st>achiev</st><p>mont carlo project develop<link ns0:type="simple" ns0:href="../783/5783.xml">softwar program</link><link ns0:type="simple" ns0:href="../934/22934.xml">probabilist</link>model chemic food intak data set perform<link ns0:type="simple" ns0:href="../354/2080354.xml">probabilist risk assess</link>collect result project enabl european govern agenc univers depart food compani valid peerreview exposur model food chemic<link ns0:type="simple" ns0:href="../575/66575.xml">nutrient</link></p></sec><sec><st>extern link</st><p><list><entry level="1" type="bullet"><weblink ns0:type="simple" ns0:href="http://montecarlo.tchpc.tcd.ie/">mont carlo project offici websit</weblink></entry><entry level="1" type="bullet"><weblink ns0:type="simple" ns0:href="http://www.ncbi.nlm.nih.gov/entrez/query.fcgi?cmd=Retrieve db=PubMed list_uids=14555354 dopt=Abstract">paper summar mont carlo result</weblink></entry></list></p><p>softwar<list><entry level="1" type="bullet"><weblink ns0:type="simple" ns0:href="http://www.cremesoftware.com">softwar develop dure mont carlo project</weblink></entry></list></p></sec></bdy></activity></psychological_feature></act></method></undertaking></event></know-how></work></article>