<article xmlns:ns0="http://www.w3.org/1999/xlink"><company confidence="0.9508927676800064" wordnetid="108058098"><header><title>fsecur</title><id /><revision><id /><timestamp /><contributor><username>cydebot</username><id /></contributor></revision><categories><category>softwar compani finland</category><category>compani list omx exchang</category><category>secur softwar compani</category><category>compani list helsinki stock exchang</category><category>compani establish</category><category>antiviru softwar</category></categories></header><bdy><template><name>infobox compani</name><parameters><location><image width="22x20px" src="Flag_of_Finland.svg"><caption>flag finland</caption></image><village wordnetid="108672738" confidence="0.9508927676800064"><link ns0:type="simple" ns0:href="../696/13696.xml">helsinki</link></village><country wordnetid="108544813" confidence="0.9508927676800064"><link ns0:type="simple" ns0:href="../577/10577.xml">finland</link></country></location><company_type><idea wordnetid="105833840" confidence="0.8"><concept wordnetid="105835747" confidence="0.8"><category wordnetid="105838765" confidence="0.8"><company wordnetid="108058098" confidence="0.8"><type wordnetid="105840188" confidence="0.8"><kind wordnetid="105839024" confidence="0.8"><institution wordnetid="108053576" confidence="0.8"><link ns0:type="simple" ns0:href="../293/262293.xml">public</link></institution></kind></type></company></category></concept></idea><company wordnetid="108058098" confidence="0.9508927676800064"><link ns0:type="simple" ns0:href="../880/275880.xml">omx</link></company><weblink ns0:type="simple" ns0:href="http://www.omxnordicexchange.com/priceinformation/microsite/Shareinformation/?InstrumentIdHEX24270" /></company_type><homepage><weblink ns0:type="simple" ns0:href="http://www.f-secure.com/">wwwfsecurecom</weblink></homepage><key_people><person wordnetid="100007846" confidence="0.9508927676800064"><link ns0:type="simple" ns0:href="../929/17542929.xml">risto siilasmaa</link></person>founder<link ns0:type="simple" ns0:href="../243/3452243.xml">chairman</link>kimmo alkio<link ns0:type="simple" ns0:href="../234/52234.xml">ceo</link>mikko hyppnen chief offic</key_people><company_name>fsecur corpor</company_name><company_logo><image width="120px" src="F-Secure_logo.svg" /></company_logo><foundation><link ns0:type="simple" ns0:href="../670/34670.xml" /></foundation><industry><link ns0:type="simple" ns0:href="../650/517650.xml">comput</link></industry><products>fsecur antivirusfsecur internet secur</products></parameters></template><image location="right" width="300px" src="FSIS08.jpg" type="thumb"><caption>user interfac fsecur internet secur</caption></image><p>fsecur<idea wordnetid="105833840" confidence="0.8"><concept wordnetid="105835747" confidence="0.8"><category wordnetid="105838765" confidence="0.8"><type wordnetid="105840188" confidence="0.8"><kind wordnetid="105839024" confidence="0.8"><link ns0:type="simple" ns0:href="../109/25109.xml">plc</link></kind></type></category></concept></idea>formerli data fellow<link ns0:type="simple" ns0:href="../622/268622.xml">antiviru</link><link ns0:type="simple" ns0:href="../398/7398.xml">comput secur</link>softwar compani base<village wordnetid="108672738" confidence="0.9508927676800064"><link ns0:type="simple" ns0:href="../696/13696.xml">helsinki</link></village><country wordnetid="108544813" confidence="0.9508927676800064"><link ns0:type="simple" ns0:href="../577/10577.xml">finland</link></country>compani ha larg branch offic usa japan antiviru analysi softwar develop work undertaken fsecur corp publicli trade<company wordnetid="108058098" confidence="0.8"><institution wordnetid="108053576" confidence="0.8"><link ns0:type="simple" ns0:href="../847/246847.xml">helsinki stock exchang</link></institution></company>symbol fsc</p><p><link>mikko hyppnen</link>chief offic</p><sec><st>product</st><p>compani sell secur softwar fight malici code divers platform<list><entry level="1" type="bullet">fsecur<link ns0:type="simple" ns0:href="../032/15032.xml">ibm pc</link>compat offer tradit emphasi protect<link ns0:type="simple" ns0:href="../890/18890.xml">microsoft window</link>platform<O wordnetid="106832680" confidence="0.9508927676800064"><link ns0:type="simple" ns0:href="../297/6097297.xml">linux</link></O>version compar function introduc dure</entry><entry level="2" type="bullet">fsecur user soho orient allencompass protect window desktop laptop central manag vendor rebadg version avail mani isp sell monthli yearli subscript plan includ power childlock webcensorship filter function parent</entry><entry level="2" type="bullet">fsecur protect servic integr protect suit smaller compani full defens featur set host webbas central manag</entry><entry level="2" type="bullet">fsecur antiviru tradit antiviru defenc corpor window workstat server javabas unifi central manag</entry><entry level="2" type="bullet">fsecur client secur integr protect suit corpor window workstat antiviru behaviour analysi<link ns0:type="simple" ns0:href="../991/1291991.xml">sandbox</link>ing anti<link ns0:type="simple" ns0:href="../942/223942.xml">rootkit</link>person firewal technolog total secur javabas central manag</entry><entry level="2" type="bullet">fsecur linux secur integr protect corpor linux server workstat avail rpm deb packag support popular linux distribut javabas central manag</entry><entry level="2" type="bullet">fsecur exchang antiviru antispam defenc corpor exchang mail server cluster instal javabas central manag</entry><entry level="2" type="bullet">fsecur polici manag framework combin<link ns0:type="simple" ns0:href="../446/4718446.xml">sun java</link>base platform independ<link ns0:type="simple" ns0:href="../293/12293.xml">gui</link>custom<link ns0:type="simple" ns0:href="../581/2581.xml">apach webserv</link>central manag seat fsecur corpor instal</entry><entry level="2" type="bullet">fsecur messag secur gateway famili rebadg<company wordnetid="108058098" confidence="0.9508927676800064"><link ns0:type="simple" ns0:href="../480/17815480.xml">proofpoint</link></company>intellig spamfilt applianc extra layer fsecur antiviru protect custom linuxbas<standard wordnetid="107260623" confidence="0.8"><system_of_measurement wordnetid="113577171" confidence="0.8"><link ns0:type="simple" ns0:href="../836/35836.xml">rackmount</link></system_of_measurement></standard>server hardwar manag local rich web interfac</entry></list></p><p><list><entry level="1" type="bullet">fsecur leader fight mobil malwar threat secur softwar<O wordnetid="106832680" confidence="0.9508927676800064"><link ns0:type="simple" ns0:href="../360/230360.xml">window ce</link></O>deriv handheld<link ns0:type="simple" ns0:href="../446/72446.xml">symbian</link><link ns0:type="simple" ns0:href="../079/167079.xml">smartphon</link>avail compani public weblog close follow mobil malwar situat ha vote web<weblink ns0:type="simple" ns0:href="http://top500.feedster.com/">read</weblink>blog sourc compani claim antiviru vendor establish<invention wordnetid="105633385" confidence="0.8"><link ns0:type="simple" ns0:href="../139/33139.xml">wide web</link></invention>presenc</entry><entry level="1" type="bullet">fsecur ha build relationship mobil phone network oper isp provid manag secur solut blanket protect carrier client thi strongli grow market segment</entry></list></p></sec><sec><st>technolog</st><p>fsecur product pc tradit featur<link>countersign</link>exclus antiviru technolog integr multipl<link>scan engin</link>onaccess<link ns0:type="simple" ns0:href="../901/20901.xml">malwar</link><link ns0:type="simple" ns0:href="../616/2616.xml">adwar</link>identif well runtim detect<link ns0:type="simple" ns0:href="../942/223942.xml">root kit</link>fsecur ha<link ns0:type="simple" ns0:href="../922/69922.xml">oem</link>agreement sever secur vendor integr lead detect technolog engin offer includ longstand cooper<company wordnetid="108058098" confidence="0.9508927676800064"><link ns0:type="simple" ns0:href="../619/584619.xml">kasperski lab</link></company><country wordnetid="108544813" confidence="0.9508927676800064"><link ns0:type="simple" ns0:href="../391/25391.xml">russia</link></country>frisk<system wordnetid="108435388" confidence="0.8"><economy wordnetid="108366753" confidence="0.8"><group wordnetid="100031264" confidence="0.8"><link ns0:type="simple" ns0:href="../531/14531.xml">iceland</link></group></economy></system>sandbox specialist norman ab product previous includ kasperski orion pegasu draco libra hydra gemini norman fprot blacklight deepguard fsecur product howev newest version includ onli kasperski extend base engin hydra deepguard blacklight order lighter system resourc thi choic result improv detect rate<ref ns0:type="simple" ns0:href="#xpointer(//reflist/entry[@id=%221%22])" /></p><p>deepguard incarn fsecur inhous develop hip advanc system monitor technolog detect unknown malwar intrus base unusu suspici chang window system automat block process caught solut featur well<link ns0:type="simple" ns0:href="../462/169462.xml">ct</link>magazin januari compar test uniqu test threat tradit antiviru signatur deepguard howev resourc intens requir fairli strong hardwar work affect custom experi cpu ram better recommend</p><p>fsecur patent workstat side email web traffic filter method unusu solut reli wedgeandpump softwar modul syphon traffic<link ns0:type="simple" ns0:href="../684/650684.xml">ndi</link>layer befor inspect reinsert content thi venu theoret safer local proxi base solut competitor strictli onlin natur check caus timeout issu larg complex file attach lowerend hardwar base system</p></sec><sec><st>histori</st><p>fsecur histor relat<company wordnetid="108058098" confidence="0.8"><institution wordnetid="108053576" confidence="0.8"><link ns0:type="simple" ns0:href="../840/3775840.xml">frisk softwar intern</link></institution></company>compani base<system wordnetid="108435388" confidence="0.8"><economy wordnetid="108366753" confidence="0.8"><group wordnetid="100031264" confidence="0.8"><link ns0:type="simple" ns0:href="../531/14531.xml">iceland</link></group></economy></system>publish<link ns0:type="simple" ns0:href="../840/3775840.xml">fprot</link>antiviru origin fprot<idea wordnetid="105833840" confidence="0.8"><concept wordnetid="105835747" confidence="0.8"><category wordnetid="105838765" confidence="0.8"><type wordnetid="105840188" confidence="0.8"><kind wordnetid="105839024" confidence="0.8"><link ns0:type="simple" ns0:href="../308/64308.xml">conglomer</link></kind></type></category></concept></idea>iceland finnish american comput antiviru fell apart dure earli result compani divid global market data fellow product wa market fprot profession macroviru detect capabl frisk fprot scan engin fsecur product</p><p>novemb fsecur purchas<link>rommon</link>informationtechnolog secur group control<link ns0:type="simple" ns0:href="../847/459847.xml">email spam</link>system attack network abus<ref ns0:type="simple" ns0:href="#xpointer(//reflist/entry[@id=%222%22])" /></p></sec><sec><st>shaw secur</st><p>bundl<company wordnetid="108058098" confidence="0.9508927676800064"><link ns0:type="simple" ns0:href="../975/952975.xml">shaw</link></company>cabl internet custom receiv program fsecur essenti ani fsecur applic thi version nt well mani comput user wa onli releas year ago</p><p>fsecur power isp secur suit charter commun dish network cincinnati bell embarq formerli sprint liberti media airtel pcsecur cogeco franc telecom deutsch telekom optusnet<weblink ns0:type="simple" ns0:href="http://www.f-secure.com/f-secure/pressroom/">fsecur press room</weblink></p></sec><sec><st>academia</st><p>cooper<university wordnetid="108286163" confidence="0.9508927676800064"><link ns0:type="simple" ns0:href="../816/60816.xml">helsinki univers technolog</link></university>fsecur specialist educ futur viru analyst semest cours materi avail onlin<weblink ns0:type="simple" ns0:href="http://www.tml.tkk.fi/Opinnot/T-110.6220/">http</weblink></p></sec><sec><st>award</st><p>fsecur antiviru wa recipi<weblink ns0:type="simple" ns0:href="http://anti-virus-software-review.toptenreviews.com/f-secure-review.html">toptenreview bronz award</weblink></p><p>fsecur antiviru wa award best user interfac award<weblink ns0:type="simple" ns0:href="http://www.virussoftwarereviews.com/">best user interfac award</weblink></p><p>fsecur internet secur won<magazine wordnetid="106595351" confidence="0.9508927676800064"><link ns0:type="simple" ns0:href="../922/796922.xml">mikrobitti</link></magazine>test antiviru softwar ahead norton mcafe panda trendmicro</p><p>fsecur wa rank consum report secur round</p><p>fsecur typic rank top secur product fsecur websit</p></sec><sec><st>refer</st><p><reflist><entry id="1">http</entry><entry id="2"><weblink ns0:type="simple" ns0:href="http://www.physorg.com/news8612.html">physorg fsecur buy rommon</weblink></entry></reflist></p></sec><sec><st>extern link</st><p><list><entry level="1" type="bullet"><weblink ns0:type="simple" ns0:href="http://www.f-secure.com/">offici websit</weblink></entry><entry level="1" type="bullet"><weblink ns0:type="simple" ns0:href="http://www.f-secure.com/weblog">antiviru lab weblog</weblink></entry><entry level="1" type="bullet"><weblink ns0:type="simple" ns0:href="http://www.europe.f-secure.com/exclude/blacklight/index.shtml">rootkit detect util blacklight window platform</weblink></entry></list></p></sec></bdy></company></article>