<article xmlns:ns0="http://www.w3.org/1999/xlink"><O confidence="0.9508927676800064" wordnetid="106832680"><header><title>flex oper system</title><id /><revision><id /><timestamp /><contributor><username>dumzibot</username><id /></contributor></revision><categories><category>color comput</category><category>disk oper system</category></categories></header><bdy><template><name>infobox os</name><parameters><ui><link ns0:type="simple" ns0:href="../707/6707.xml">command interfac</link></ui><prog_language><link ns0:type="simple" ns0:href="../015/4015.xml">basic</link><link ns0:type="simple" ns0:href="../012/11012.xml" /><programming_language wordnetid="106898352" confidence="0.9508927676800064"><link ns0:type="simple" ns0:href="../021/6021.xml" /></programming_language><programming_language wordnetid="106898352" confidence="0.9508927676800064"><link ns0:type="simple" ns0:href="../168/11168.xml">fortran</link></programming_language><programming_language wordnetid="106898352" confidence="0.9508927676800064"><link ns0:type="simple" ns0:href="../773/23773.xml">pascal</link></programming_language></prog_language><supported_platforms><artifact wordnetid="100021939" confidence="0.8"><merchandise wordnetid="103748886" confidence="0.8"><commodity wordnetid="103076708" confidence="0.8"><link ns0:type="simple" ns0:href="../301/20301.xml">motorola</link></commodity></merchandise></artifact><artifact wordnetid="100021939" confidence="0.8"><merchandise wordnetid="103748886" confidence="0.8"><commodity wordnetid="103076708" confidence="0.8"><link ns0:type="simple" ns0:href="../326/20326.xml">motorola</link></commodity></merchandise></artifact></supported_platforms><working_state>histor</working_state><released /><developer><link ns0:type="simple" ns0:href="../053/6486053.xml">technic system consult</link></developer><name>flex</name><language><language wordnetid="106282651" confidence="0.8"><link ns0:type="simple" ns0:href="../916/8569916.xml">english</link></language></language></parameters></template><p>flex singletask<link ns0:type="simple" ns0:href="../194/22194.xml">oper system</link>wa develop<link ns0:type="simple" ns0:href="../053/6486053.xml">technic system consult</link>tsc<link ns0:type="simple" ns0:href="../633/112633.xml">west lafayett</link><region wordnetid="108630985" confidence="0.8"><administrative_district wordnetid="108491826" confidence="0.8"><location wordnetid="100027167" confidence="0.8"><district wordnetid="108552138" confidence="0.8"><country wordnetid="108544813" confidence="0.8"><link ns0:type="simple" ns0:href="../853/14853.xml">indiana</link></country></district></location></administrative_district></region><artifact wordnetid="100021939" confidence="0.8"><merchandise wordnetid="103748886" confidence="0.8"><commodity wordnetid="103076708" confidence="0.8"><link ns0:type="simple" ns0:href="../301/20301.xml">motorola</link></commodity></merchandise></artifact><ref ns0:type="simple" ns0:href="#xpointer(//reflist/entry[@id=%221%22])" />origin version wa<artifact wordnetid="100021939" confidence="0.8"><instrumentality wordnetid="103575240" confidence="0.8"><medium wordnetid="106254669" confidence="0.8"><link ns0:type="simple" ns0:href="../759/3795759.xml">floppi disk</link></medium></instrumentality></artifact>smaller version floppi wa call miniflex wa port<artifact wordnetid="100021939" confidence="0.8"><merchandise wordnetid="103748886" confidence="0.8"><commodity wordnetid="103076708" confidence="0.8"><link ns0:type="simple" ns0:href="../326/20326.xml">motorola</link></commodity></merchandise></artifact>version wa call<ref ns0:type="simple" ns0:href="#xpointer(//reflist/entry[@id=%222%22])" />version textbas intend display devic rang print termin<link ns0:type="simple" ns0:href="../684/1507684.xml" />smart termin graphic display support tsc softwar hardwar manufactur support elementari graphic point devic</p><p>wa diskbas oper system sector softsector floppi disk structur linkag byte sector indic sector file free list directori structur wa simplifi result tsc provid sever program languag includ<link ns0:type="simple" ns0:href="../015/4015.xml">basic</link>flavor standard extend token version extend basic call precompil basic<link ns0:type="simple" ns0:href="../012/11012.xml" /><programming_language wordnetid="106898352" confidence="0.9508927676800064"><link ns0:type="simple" ns0:href="../021/6021.xml" /></programming_language><programming_language wordnetid="106898352" confidence="0.9508927676800064"><link ns0:type="simple" ns0:href="../168/11168.xml">fortran</link></programming_language><programming_language wordnetid="106898352" confidence="0.9508927676800064"><link ns0:type="simple" ns0:href="../773/23773.xml">pascal</link></programming_language></p><p>tsc wrote version flex smoke signal california hardwar manufactur<link>smoke signal broadcast</link>thi version forward linkag byte sector increas disk reliabl expens compat speed</p><p>tsc introduc<link ns0:type="simple" ns0:href="../126/20126.xml">multitask</link><link ns0:type="simple" ns0:href="../751/39751.xml">multius</link><family wordnetid="108078020" confidence="0.8"><link ns0:type="simple" ns0:href="../815/31815.xml">unixlik</link></family><link ns0:type="simple" ns0:href="../641/2360641.xml">uniflex</link>oper system requir dma disk control disk sold onli small number sever tsc comput languag port uniflex</p><p>dure earli flex wa offer<link>compusens</link>oper system<computer wordnetid="103082979" confidence="0.9508927676800064"><link ns0:type="simple" ns0:href="../650/8650.xml">dragon</link></computer><link ns0:type="simple" ns0:href="../950/13950.xml">comput</link></p><sec><st>refer</st><p><reflist><entry id="1"><weblink ns0:type="simple" ns0:href="http://www.flexusergroup.com/flexusergroup/fug3.htm">flex user group histori</weblink></entry><entry id="2"><weblink ns0:type="simple" ns0:href="http://www.flexusergroup.com/flexusergroup/fug10.htm">flex user group faq</weblink></entry></reflist></p></sec><sec><st>extern link</st><p><list><entry level="1" type="bullet"><weblink ns0:type="simple" ns0:href="http://www.evenson-consulting.com/flexusergroup/fug1.htm">flex user group</weblink></entry><entry level="1" type="bullet"><weblink ns0:type="simple" ns0:href="http://www.rtmx.com/UniFLEX">uniflex archiv</weblink></entry></list></p></sec></bdy></O></article>