<article xmlns:ns0="http://www.w3.org/1999/xlink"><physical_entity confidence="0.8" wordnetid="100001930"><person confidence="0.8" wordnetid="100007846"><intellectual confidence="0.8" wordnetid="109621545"><causal_agent confidence="0.8" wordnetid="100007347"><scholar confidence="0.8" wordnetid="110557854"><header><title>johnni ryan academ</title><id /><revision><id /><timestamp /><contributor><username /><id /></contributor></revision><categories><category>institut european affair</category><category>live peopl</category><category>reilli foundat</category><category>articl merg</category><category>irish scholar academ</category><category>articl merg sinc june</category></categories></header><bdy><table class="metadata plainlinks ambox "><row><col>amboxmov style</col></row><row><col class="mbox-image"><p><image width="50px" src="Mergefrom.svg" /></p></col><col style="" class="mbox-text">ha thi articl</col></row></table><p>johnni ryan born polit topic includ impact internet work senior<link ns0:type="simple" ns0:href="../884/18392884.xml">institut intern european affair</link>polici<link ns0:type="simple" ns0:href="../101/37101.xml">tank</link>forum base<site wordnetid="108651247" confidence="0.9508927676800064"><link ns0:type="simple" ns0:href="../504/8504.xml">dublin</link></site><country wordnetid="108544813" confidence="0.9508927676800064"><link ns0:type="simple" ns0:href="../560/14560.xml">ireland</link></country>work ha quot wide media ha inform<economy wordnetid="108366753" confidence="0.9508927676800064"><link ns0:type="simple" ns0:href="../317/9317.xml">eu</link></economy>polici posit</p><sec><st>life</st><p>ryan wa educ<university wordnetid="108286163" confidence="0.9508927676800064"><link ns0:type="simple" ns0:href="../095/738095.xml">univers colleg dublin</link></university>earn ba ma<link ns0:type="simple" ns0:href="../796/31796.xml">cambridg univers</link>hold mphil<link ns0:type="simple" ns0:href="../826/15614826.xml">oreilli scholar</link>resum earlier work prof<peer wordnetid="109626238" confidence="0.8"><physical_entity wordnetid="100001930" confidence="0.8"><skilled_worker wordnetid="110605985" confidence="0.8"><person wordnetid="100007846" confidence="0.8"><intellectual wordnetid="109621545" confidence="0.8"><colleague wordnetid="109935990" confidence="0.8"><serviceman wordnetid="110582746" confidence="0.8"><associate wordnetid="109816771" confidence="0.8"><military_officer wordnetid="110317007" confidence="0.8"><worker wordnetid="109632518" confidence="0.8"><causal_agent wordnetid="100007347" confidence="0.8"><historian wordnetid="110177150" confidence="0.8"><scholar wordnetid="110557854" confidence="0.8"><link ns0:type="simple" ns0:href="../050/2807050.xml">christoph andrew</link></scholar></historian></causal_agent></worker></military_officer></associate></serviceman></colleague></intellectual></person></skilled_worker></physical_entity></peer>offici historian<agency wordnetid="108337324" confidence="0.9508927676800064"><link ns0:type="simple" ns0:href="../076/100076.xml" /></agency>phd candid<body wordnetid="107965085" confidence="0.8"><social_group wordnetid="107950920" confidence="0.8"><college wordnetid="108278169" confidence="0.8"><group wordnetid="100031264" confidence="0.8"><administration wordnetid="108164585" confidence="0.8"><link ns0:type="simple" ns0:href="../369/201369.xml">magdalen colleg cambridg</link></administration></group></college></social_group></body><ref ns0:type="simple" ns0:href="#xpointer(//reflist/entry[@id=%221%22])" />live<region wordnetid="108630985" confidence="0.8"><administrative_district wordnetid="108491826" confidence="0.8"><location wordnetid="100027167" confidence="0.8"><municipality wordnetid="108626283" confidence="0.8"><geographical_area wordnetid="108574314" confidence="0.8"><town wordnetid="108665504" confidence="0.8"><district wordnetid="108552138" confidence="0.8"><urban_area wordnetid="108675967" confidence="0.8"><link ns0:type="simple" ns0:href="../218/39218.xml">ballsbridg</link></urban_area></district></town></geographical_area></municipality></location></administrative_district></region><site wordnetid="108651247" confidence="0.9508927676800064"><link ns0:type="simple" ns0:href="../504/8504.xml">dublin</link></site><ref ns0:type="simple" ns0:href="#xpointer(//reflist/entry[@id=%221%22])" /></p></sec><sec><st>work</st><ss1><st>current</st><ss2><st>digit futur project</st><p>ryan current project manag digit futur project<weblink ns0:type="simple" ns0:href="http://www.iiea.com/digital/">http wwwiieacomdigital</weblink>institut intern european affair draft digit competit report<ref ns0:type="simple" ns0:href="#xpointer(//reflist/entry[@id=%222%22])" /><ref ns0:type="simple" ns0:href="#xpointer(//reflist/entry[@id=%223%22])" /><ref ns0:type="simple" ns0:href="#xpointer(//reflist/entry[@id=%224%22])" />meet dure thi project includ<person wordnetid="100007846" confidence="0.9508927676800064"><professor wordnetid="110480730" confidence="0.9173553029164789"><link ns0:type="simple" ns0:href="../197/213197.xml">jonathan zittrain</link></professor></person><link>fabio colasanti</link><physical_entity wordnetid="100001930" confidence="0.8"><person wordnetid="100007846" confidence="0.8"><intellectual wordnetid="109621545" confidence="0.8"><causal_agent wordnetid="100007347" confidence="0.8"><scholar wordnetid="110557854" confidence="0.8"><link ns0:type="simple" ns0:href="../321/11517321.xml">linnar viik</link></scholar></causal_agent></intellectual></person></physical_entity><link ns0:type="simple" ns0:href="../320/1193320.xml">tooma ilv</link><person wordnetid="100007846" confidence="0.9508927676800064"><link ns0:type="simple" ns0:href="../502/17502.xml">larri sanger</link></person><link>peter fleischer</link>susann dirk<company wordnetid="108058098" confidence="0.9508927676800064"><link ns0:type="simple" ns0:href="../259/18622259.xml">ibm</link></company>institut busi valu project launch digit competit stakehold consult will initi report irish govern septemb</p></ss2><ss2><st>current work</st><p>ryan paid project manag european biometr forum</p><p>voluntari basi member peerreview pannel euromesco consortium advisor onlin campaign design senat<physical_entity wordnetid="100001930" confidence="0.8"><member wordnetid="110307234" confidence="0.8"><peer wordnetid="109626238" confidence="0.8"><person wordnetid="100007846" confidence="0.8"><civil_authority wordnetid="110541833" confidence="0.8"><mayor wordnetid="110303814" confidence="0.8"><adult wordnetid="109605289" confidence="0.8"><professional wordnetid="110480253" confidence="0.8"><council_member wordnetid="109944763" confidence="0.8"><associate wordnetid="109816771" confidence="0.8"><politician wordnetid="110451263" confidence="0.8"><authority wordnetid="109824609" confidence="0.8"><leader wordnetid="109623038" confidence="0.8"><barrister wordnetid="109840963" confidence="0.8"><causal_agent wordnetid="100007347" confidence="0.8"><lawyer wordnetid="110249950" confidence="0.8"><link ns0:type="simple" ns0:href="../157/5418157.xml">eugen regan</link></lawyer></causal_agent></barrister></leader></authority></politician></associate></council_member></professional></adult></mayor></civil_authority></person></peer></member></physical_entity>member european secur innov forum work group deal secur critic infrastructur</p></ss2></ss1><ss1><st>previou work</st><ss2><st>iea</st><p>ryan join institut european affair august achiev promot senior april ha led programm counterterror secur aspect affair polici digit polici ha particip public report organis seminar confer associ network high level</p></ss2><ss2><st>iwar</st><p>follow seri cyber attack estonian bank govern websit ryan coin<ref ns0:type="simple" ns0:href="#xpointer(//reflist/entry[@id=%225%22])" /><ref ns0:type="simple" ns0:href="#xpointer(//reflist/entry[@id=%226%22])" />term iwar<link ns0:type="simple" ns0:href="../618/3599618.xml">tc daili</link>describ seriou lowlevel cyber conflict threaten econom life impact highsecur critic infrastructur<ref ns0:type="simple" ns0:href="#xpointer(//reflist/entry[@id=%227%22])" />publish lightli refin version thi concept winter edit nato review<ref ns0:type="simple" ns0:href="#xpointer(//reflist/entry[@id=%228%22])" />longer treatment<link ns0:type="simple" ns0:href="../604/2570604.xml">opendemocraci</link><ref ns0:type="simple" ns0:href="#xpointer(//reflist/entry[@id=%229%22])" /></p></ss2></ss1><ss1><st>regul internet content</st><p><indent level="1"><link ns0:type="simple" ns0:href="../513/11108513.xml">user driven strategi recov web</link></indent><image location="right" width="150px" src="Alan_Dukes_and_Johnny_Ryan_and_Larry_Sanger_thumb.jpg" type="thumb"><caption>ryan centr<physical_entity wordnetid="100001930" confidence="0.8"><person wordnetid="100007846" confidence="0.8"><clergyman wordnetid="109927451" confidence="0.8"><leader wordnetid="109623038" confidence="0.8"><spiritual_leader wordnetid="109505153" confidence="0.8"><causal_agent wordnetid="100007347" confidence="0.8"><curate wordnetid="109983572" confidence="0.8"><link ns0:type="simple" ns0:href="../919/204919.xml">alan duke</link></curate></causal_agent></spiritual_leader></leader></clergyman></person></physical_entity>left<person wordnetid="100007846" confidence="0.9508927676800064"><link ns0:type="simple" ns0:href="../502/17502.xml">larri sanger</link></person><link ns0:type="simple" ns0:href="../884/18392884.xml">iiea</link></caption></image>book counter milit islamist radicalis internet userdriven strategi recov web<ref ns0:type="simple" ns0:href="#xpointer(//reflist/entry[@id=%2210%22])" />wa heavili cite european commiss dg fsj impact assess com_sec novemb decid propos euwid internet censorship system limit access illeg content<ref ns0:type="simple" ns0:href="#xpointer(//reflist/entry[@id=%2211%22])" />primari concept book commun internet principl open commun circumst limit harm violent extrem internet better attempt censorship<ref ns0:type="simple" ns0:href="#xpointer(//reflist/entry[@id=%2212%22])" />ryan ha thi concept meet<link ns0:type="simple" ns0:href="../796/22796.xml">osc</link>annual ct expert meet<ref ns0:type="simple" ns0:href="#xpointer(//reflist/entry[@id=%2213%22])" /><link ns0:type="simple" ns0:href="../319/553319.xml">irish govern</link>eurom confer annual swiss feder govern ct confer pluscarden confer organis st anthoni oxford<ref ns0:type="simple" ns0:href="#xpointer(//reflist/entry[@id=%2214%22])" />ha promot userdriven approach variou media outlet</p></ss1><ss1><st>voluntari work</st><p>ryan serv select committe irish postgradu applic colleg europ</p></ss1><ss1><st>earli career</st><p>ryan work project coordin digit publish innov ltd month previous tutor univers colleg dublin school histori month editor histori review time</p></ss1></sec><sec><st>public</st><p>asid current book referenc abov ryan sign contract reaktion book write histori polit impact internet<physical_entity wordnetid="100001930" confidence="0.8"><person wordnetid="100007846" confidence="0.8"><pioneer wordnetid="110434725" confidence="0.8"><intellectual wordnetid="109621545" confidence="0.8"><alumnus wordnetid="109786338" confidence="0.8"><causal_agent wordnetid="100007347" confidence="0.8"><inventor wordnetid="110214637" confidence="0.8"><originator wordnetid="110383816" confidence="0.8"><scholar wordnetid="110557854" confidence="0.8"><creator wordnetid="109614315" confidence="0.8"><link ns0:type="simple" ns0:href="../348/1016348.xml">paul baran</link></creator></scholar></originator></inventor></causal_agent></alumnus></intellectual></pioneer></person></physical_entity>memo<link ns0:type="simple" ns0:href="../944/214944.xml">rand</link><link>distribut network</link>impact<link ns0:type="simple" ns0:href="../749/249749.xml">microfin</link><link ns0:type="simple" ns0:href="../887/1145887.xml">mobil telephoni</link>remot commun develop ha publish rang paper relat terror antiterror aspect internet</p><p>previou work befor includ paper ireland presid secur council dure sieg beirut anoth<social_group wordnetid="107950920" confidence="0.8"><society wordnetid="107966140" confidence="0.8"><group wordnetid="100031264" confidence="0.8"><link ns0:type="simple" ns0:href="../512/646512.xml">royal irish academi</link></group></society></social_group><link ns0:type="simple" ns0:href="../653/59653.xml">foreign commonwealth offic</link>failur relat<country wordnetid="108544813" confidence="0.9508927676800064"><link ns0:type="simple" ns0:href="../219/26219.xml">rhodesia</link></country></p></sec><sec><st>media</st><p>ryan ha appear contribut expertis<company wordnetid="108058098" confidence="0.9508927676800064"><link ns0:type="simple" ns0:href="../750/18998750.xml">reuter</link></company><commercial_enterprise wordnetid="108065093" confidence="0.8"><cooperative wordnetid="101100877" confidence="0.8"><enterprise wordnetid="108056231" confidence="0.8"><link ns0:type="simple" ns0:href="../732/18935732.xml">associ press</link></enterprise></cooperative></commercial_enterprise><link ns0:type="simple" ns0:href="../378/147378.xml">irish time</link><newspaper wordnetid="106267145" confidence="0.9508927676800064"><link ns0:type="simple" ns0:href="../544/169544.xml">irish independ</link></newspaper><newspaper wordnetid="106267145" confidence="0.9508927676800064"><link ns0:type="simple" ns0:href="../127/39127.xml">time</link></newspaper>london<network wordnetid="108434259" confidence="0.9508927676800064"><link ns0:type="simple" ns0:href="../654/19344654.xml">bbc</link></network><network wordnetid="108434259" confidence="0.9508927676800064"><link ns0:type="simple" ns0:href="../627/37627.xml">servic</link></network>bbc<link ns0:type="simple" ns0:href="../912/233912.xml">radio live</link>austrian broadcast corpor newstalk<radio_station wordnetid="104044119" confidence="0.9508927676800064"><link ns0:type="simple" ns0:href="../120/853120.xml">today fm</link></radio_station><link ns0:type="simple" ns0:href="../442/180442.xml">rte</link>prime time<work wordnetid="104599396" confidence="0.8"><product wordnetid="104007894" confidence="0.8"><magazine wordnetid="106595351" confidence="0.8"><print_media wordnetid="106263609" confidence="0.8"><creation wordnetid="103129123" confidence="0.8"><press wordnetid="106263369" confidence="0.8"><artifact wordnetid="100021939" confidence="0.8"><instrumentality wordnetid="103575240" confidence="0.8"><medium wordnetid="106254669" confidence="0.8"><publication wordnetid="106589574" confidence="0.8"><link ns0:type="simple" ns0:href="../058/16159058.xml">busi financ</link></publication></medium></instrumentality></artifact></press></creation></print_media></magazine></product></work><newspaper wordnetid="106267145" confidence="0.9508927676800064"><link ns0:type="simple" ns0:href="../076/3141076.xml">magil</link></newspaper>magazin</p></sec><sec><st>award</st><ss1><st>academ award</st><p>ryan current<link ns0:type="simple" ns0:href="../826/15614826.xml">oreilli foundat</link>scholar previous graduat student cambridg ucd won partial cambridg european trust bursari</p></ss1><ss1><st>media award</st><p>ryan ha won three award ireland nation student media award editor featur writer</p></ss1></sec><sec><st>note refer</st><p><reflist><entry id="1">dublin ireland irish independ friday januari spi help student unlock terrorist web walsh john includ photograph subject group</entry><entry id="2">digit futur project websit http wwwiieacomdigital</entry><entry id="3">major digit sector report plan govern siliconrepubl http</entry><entry id="4">new input govern digit polici cork june http wwwitcorkieindexcfm pagenew</entry><entry id="5">author phrase thi context tc daili http wwwtcsdailycomarticleaspx</entry><entry id="6">arbor network analysi http</entry><entry id="7">report<newspaper wordnetid="106267145" confidence="0.9508927676800064"><link ns0:type="simple" ns0:href="../463/208463.xml">usa today</link></newspaper>april http</entry><entry id="8">nato review winter http</entry><entry id="9">opendemocraci iwar pirat internet februari http wwwopendemocracynetarticleiwar_pirates_states_and_the_internet</entry><entry id="10">dublin ireland ryan johnni counter milit islamist radicalis internet user driven strategi recov web isbn amazon list http</entry><entry id="11">assess document com_sec http</entry><entry id="12">larri sanger wikipedia cofound comment book blog octob http</entry><entry id="13">reuter coverag novemb http sptrue</entry><entry id="14">pluscarden programm http wwwsantoxacukeventspp_conf_programmepdf</entry></reflist></p></sec><sec><st>extern link</st><p><list><entry level="1" type="bullet">ryan<weblink ns0:type="simple" ns0:href="http://books.google.com/books?id=hsUGK-PpEuUC">book</weblink>avail freetoview print volum googl book</entry></list></p><p><list><entry level="1" type="bullet">ryan<weblink ns0:type="simple" ns0:href="http://www.youtube.com/watch?v=HYMviULDr-8">dorm room</weblink>avail freetoview enter video youtub video</entry></list></p></sec><sec><st>background sourc</st><p><list><entry level="1" type="bullet"><weblink ns0:type="simple" ns0:href="http://www.linkedin.com/in/johnnyryan1">person selfwritten profil profession social network site</weblink></entry><entry level="1" type="bullet"><weblink ns0:type="simple" ns0:href="http://johnnyryan.wordpress.com">person blog onlin cv resum</weblink></entry></list></p></sec></bdy></scholar></causal_agent></intellectual></person></physical_entity></article>