<article xmlns:ns0="http://www.w3.org/1999/xlink"><university confidence="0.9508927676800064" wordnetid="108286163"><header><title>sampurnanand sanskrit univers</title><id /><revision><id /><timestamp /><contributor><username>manumana</username><id /></contributor></revision><categories><category>varanasi</category><category>univers colleg uttar pradesh</category></categories></header><bdy><template><name>infobox_univers</name><parameters><image width="150px" src="" /><affiliations><link ns0:type="simple" ns0:href="../142/1906142.xml">ugc</link></affiliations><chancellor>mr rajeswar</chancellor><website><weblink ns0:type="simple" ns0:href="http://ssvv.up.nic.in">http ssvvupnicin</weblink></website><vice_chancellor>prof vkutumbh shastri</vice_chancellor><name>sampurnanand sanskrit univers</name><established /><type><idea wordnetid="105833840" confidence="0.8"><concept wordnetid="105835747" confidence="0.8"><category wordnetid="105838765" confidence="0.8"><type wordnetid="105840188" confidence="0.8"><kind wordnetid="105839024" confidence="0.8"><link ns0:type="simple" ns0:href="../986/1640986.xml">public</link></kind></type></category></concept></idea></type><campus><link ns0:type="simple" ns0:href="../593/764593.xml">urban</link></campus><city><site wordnetid="108651247" confidence="0.8"><region wordnetid="108630985" confidence="0.8"><administrative_district wordnetid="108491826" confidence="0.8"><location wordnetid="100027167" confidence="0.8"><tract wordnetid="108673395" confidence="0.8"><municipality wordnetid="108626283" confidence="0.8"><geographical_area wordnetid="108574314" confidence="0.8"><district wordnetid="108552138" confidence="0.8"><urban_area wordnetid="108675967" confidence="0.8"><country wordnetid="108544813" confidence="0.8"><city wordnetid="108524735" confidence="0.8"><link ns0:type="simple" ns0:href="../177/236177.xml">varanasi</link></city></country></urban_area></district></geographical_area></municipality></tract></location></administrative_district></region></site><legal_power wordnetid="105198427" confidence="0.9508927676800064"><link ns0:type="simple" ns0:href="../623/231623.xml">uttar pradesh</link></legal_power><country wordnetid="108544813" confidence="0.9508927676800064"><link ns0:type="simple" ns0:href="../533/14533.xml">india</link></country></city></parameters></template><p>sampurnanand sanskrit univers institut higher learn orient learn<language wordnetid="106282651" confidence="0.9508927676800064"><link ns0:type="simple" ns0:href="../698/27698.xml">sanskrit</link></language>alli area locat<link ns0:type="simple" ns0:href="../177/236177.xml">benar</link><site wordnetid="108651247" confidence="0.8"><region wordnetid="108630985" confidence="0.8"><administrative_district wordnetid="108491826" confidence="0.8"><location wordnetid="100027167" confidence="0.8"><tract wordnetid="108673395" confidence="0.8"><municipality wordnetid="108626283" confidence="0.8"><geographical_area wordnetid="108574314" confidence="0.8"><district wordnetid="108552138" confidence="0.8"><urban_area wordnetid="108675967" confidence="0.8"><country wordnetid="108544813" confidence="0.8"><city wordnetid="108524735" confidence="0.8"><link ns0:type="simple" ns0:href="../177/236177.xml">varanasi</link></city></country></urban_area></district></geographical_area></municipality></tract></location></administrative_district></region></site>uttar pradesh<country wordnetid="108544813" confidence="0.9508927676800064"><link ns0:type="simple" ns0:href="../533/14533.xml">india</link></country></p><sec><st>histori</st><p>year dure<link ns0:type="simple" ns0:href="../436/2281436.xml">british rule</link>india jonathan duncan resid<company wordnetid="108058098" confidence="0.9508927676800064"><link ns0:type="simple" ns0:href="../281/43281.xml">honour east india compani</link></company>propos establish sanskrit colleg develop preserv sanskrit vangmaya english peopl favour develop india peopl thi wa sanction governor gener<link ns0:type="simple" ns0:href="../269/38269.xml">lord cornwal</link>teacher thi institut wa pandit kashinath governor gener sanction budget rs annum time princip<link ns0:type="simple" ns0:href="../871/11567871.xml">govern sanskrit colleg</link>wa famou sanskrit professor<person wordnetid="100007846" confidence="0.9508927676800064"><writer wordnetid="110794014" confidence="0.9173553029164789"><link ns0:type="simple" ns0:href="../148/215148.xml">john muir</link></writer></person>ic follow dr jr ballentien<person wordnetid="100007846" confidence="0.9638700866880419"><link ns0:type="simple" ns0:href="../166/865166.xml">ralph griffith</link></person>dr thevo dr aurthor venic<person wordnetid="100007846" confidence="0.9508927676800064"><scholar wordnetid="110557854" confidence="0.9173553029164789"><link ns0:type="simple" ns0:href="../354/11505354.xml">sir ganganath jha</link></scholar></person><physical_entity wordnetid="100001930" confidence="0.8"><philosopher wordnetid="110423589" confidence="0.8"><person wordnetid="100007846" confidence="0.8"><intellectual wordnetid="109621545" confidence="0.8"><alumnus wordnetid="109786338" confidence="0.8"><causal_agent wordnetid="100007347" confidence="0.8"><scholar wordnetid="110557854" confidence="0.8"><link ns0:type="simple" ns0:href="../521/3939521.xml">gopinath kaviraj</link></scholar></causal_agent></alumnus></intellectual></person></philosopher></physical_entity><ref ns0:type="simple" ns0:href="#xpointer(//reflist/entry[@id=%221%22])" /></p><p>thi colleg start postgradu teach wherea examin system wa adopt famou build saraswati bhavan granthalaya wa built manuscript preserv manuscript edit princip colleg publish form book seri book sarasvati bhavana text book publish thi seri</p><p>independ india year effort<politician wordnetid="110451263" confidence="0.9508927676800064"><link ns0:type="simple" ns0:href="../743/10419743.xml">sampurnanand</link></politician>chang statu thi institut colleg sanskrit univers year wa chang sampurnanand sanskrit univers<ref ns0:type="simple" ns0:href="#xpointer(//reflist/entry[@id=%222%22])" /></p></sec><sec><st>faculti</st><ss1><st>vedavedanga</st><p>thi faculti three depart depart<link ns0:type="simple" ns0:href="../181/1527181.xml">veda</link><link ns0:type="simple" ns0:href="../569/12569.xml">vyakarna</link>depart<link ns0:type="simple" ns0:href="../ury/22nd_century.xml">jyotish</link></p></ss1><ss1><st>sahitya sanskriti</st><p>thi faculti depart depart<link>sahitya</link>puranetiha</p></ss1><ss1><st>darshana philosophi</st><p>thi faculti depart depart<link ns0:type="simple" ns0:href="../389/223389.xml">vedant</link>sankhyayogtantram</p></ss1><ss1><st>shraman vidya</st><p>thi faculti depart depart<language wordnetid="106282651" confidence="0.9508927676800064"><link ns0:type="simple" ns0:href="../337/38337.xml">pali</link></language><link>thevad</link></p></ss1><ss1><st>adhunik jyan vigyan</st><p>thi faculti depart depart modern languag<link ns0:type="simple" ns0:href="../526/17526.xml">linguist</link></p></ss1><ss1><st>ayurveda</st><p>thi faculti mani depart<link>kayachikitsa tantra</link>intern medicin<link>shalya tantra</link>surgeri<link>shalakya tantra</link>ent<link>kaumarabhritya tantra</link>pediatr<link>agada tantra</link>toxicolog<link>bajikarana tantra</link>purif genet organ<link>rasayana tantra</link>health longev propos depart thi faculti bhuta vidya spiritu heal</p></ss1></sec><sec><st>institut</st><p>earlier time statu thi institut wa sanskrit colleg activ wa carri princip colleg includ work<link ns0:type="simple" ns0:href="../167/19167.xml">manuscript</link>saraswati bhavan granthalaya statu institut becom univers work univers wa supervis director institut director chief editor famou book seri<text wordnetid="106387980" confidence="0.8"><link ns0:type="simple" ns0:href="../855/11100855.xml">sarasvati bhavana granthamala</link></text>chief editor journal<work wordnetid="104599396" confidence="0.8"><product wordnetid="104007894" confidence="0.8"><creation wordnetid="103129123" confidence="0.8"><artifact wordnetid="100021939" confidence="0.8"><periodical wordnetid="106593296" confidence="0.8"><publication wordnetid="106589574" confidence="0.8"><link ns0:type="simple" ns0:href="../768/11052768.xml">sarasvati susama</link></publication></periodical></artifact></creation></product></work>ha supervis activ univers director academ head univers<ref ns0:type="simple" ns0:href="#xpointer(//reflist/entry[@id=%223%22])" /></p></sec><sec><st>affil</st><p>sanskritmedium schoolcolleg affili thi univers thi onli univers india ha widespread affili countri statist affili colleg follow<table class="wikitable"><row><header>sno</header><header /><header>affili colleg</header></row><row><col /><col><legal_power wordnetid="105198427" confidence="0.9508927676800064"><link ns0:type="simple" ns0:href="../623/231623.xml">uttar pradesh</link></legal_power></col><col /></row><row><col /><col><legal_power wordnetid="105198427" confidence="0.9508927676800064"><link ns0:type="simple" ns0:href="../291/26291.xml">rajasthan</link></legal_power></col><col /></row><row><col /><col><link ns0:type="simple" ns0:href="../629/20629.xml">maharastra</link></col><col /></row><row><col /><col><legal_power wordnetid="105198427" confidence="0.9508927676800064"><link ns0:type="simple" ns0:href="../707/53707.xml">gujarat</link></legal_power></col><col /></row><row><col /><col><region wordnetid="108630985" confidence="0.8"><site wordnetid="108651247" confidence="0.8"><administrative_district wordnetid="108491826" confidence="0.8"><location wordnetid="100027167" confidence="0.8"><municipality wordnetid="108626283" confidence="0.8"><capital wordnetid="108518505" confidence="0.8"><city wordnetid="108524735" confidence="0.8"><center wordnetid="108523483" confidence="0.8"><area wordnetid="108497294" confidence="0.8"><seat wordnetid="108647945" confidence="0.8"><tract wordnetid="108673395" confidence="0.8"><geographical_area wordnetid="108574314" confidence="0.8"><district wordnetid="108552138" confidence="0.8"><urban_area wordnetid="108675967" confidence="0.8"><link ns0:type="simple" ns0:href="../756/37756.xml">delhi</link></urban_area></district></geographical_area></tract></seat></area></center></city></capital></municipality></location></administrative_district></site></region></col><col /></row><row><col /><col><region wordnetid="108630985" confidence="0.8"><region wordnetid="108630039" confidence="0.8"><location wordnetid="100027167" confidence="0.8"><district wordnetid="108552138" confidence="0.8"><link ns0:type="simple" ns0:href="../337/17337.xml">kashmir</link></district></location></region></region></col><col /></row><row><col /><col><legal_power wordnetid="105198427" confidence="0.9508927676800064"><link ns0:type="simple" ns0:href="../190/14190.xml">himach pradesh</link></legal_power></col><col /></row><row><col /><col><region wordnetid="108630985" confidence="0.8"><administrative_district wordnetid="108491826" confidence="0.8"><location wordnetid="100027167" confidence="0.8"><district wordnetid="108552138" confidence="0.8"><country wordnetid="108544813" confidence="0.8"><link ns0:type="simple" ns0:href="../372/140372.xml">sikkim</link></country></district></location></administrative_district></region></col><col /></row></table></p></sec><sec><st>refer</st><p><reflist><entry id="1"><weblink ns0:type="simple" ns0:href="http://ssvv.up.nic.in/historyweb.htm">histori pf sampurnanand sanskrit univers</weblink></entry><entry id="2">univers circular sampurnanand sanskrit univers</entry><entry id="3">acharya baldeva upadhyay kashi ki panditya parampara vishwavidyalaya prakashan varanasi</entry></reflist></p></sec><sec><st>link</st><p><list><entry level="1" type="bullet"><weblink ns0:type="simple" ns0:href="http://www.ssvv.up.nic.in">offici websit sampurnanand sanskrit univers</weblink></entry><entry level="1" type="bullet"><weblink ns0:type="simple" ns0:href="http://www.gavaksha.org/default.html">gavaksha ejourn site</weblink></entry></list></p><p><table style=";" class="navbox" cellspacing="0"><row><col style="padding:2px;"><table style="width:100%;background:transparent;color:inherit;;" class="nowraplinks collapsible autocollapse " cellspacing="0"><row><header colspan="2" style=";background:silver" class="navbox-title">univers uttar pradesh</header></row><row style="height:2px;" /><row><col colspan="2" style="width:100%;padding:0px;;;" class="navbox-list navbox-odd"><p><university wordnetid="108286163" confidence="0.9508927676800064"><link ns0:type="simple" ns0:href="../463/461463.xml">aligarh muslim univers</link></university><university wordnetid="108286163" confidence="0.9508927676800064"><link ns0:type="simple" ns0:href="../081/1595081.xml">allahabad univers</link></university><university wordnetid="108286163" confidence="0.9508927676800064"><link ns0:type="simple" ns0:href="../696/2993696.xml">amiti univers</link></university><university wordnetid="108286163" confidence="0.9508927676800064"><link ns0:type="simple" ns0:href="../625/12640625.xml">babasaheb bhimrao ambedkar univers</link></university><university wordnetid="108286163" confidence="0.9508927676800064"><link ns0:type="simple" ns0:href="../696/922696.xml">banara hindu univers</link></university><university wordnetid="108286163" confidence="0.9508927676800064"><link ns0:type="simple" ns0:href="../025/11522025.xml">bundelkhand univers</link></university><university wordnetid="108286163" confidence="0.9508927676800064"><link ns0:type="simple" ns0:href="../822/9385822.xml">chandra shekhar azad univers agricultur technolog</link></university><link ns0:type="simple" ns0:href="../007/11522007.xml">chaudhari charan singh univers</link><link ns0:type="simple" ns0:href="../117/11522117.xml">chhatrapati sahu ji maharaj univers</link><body wordnetid="107965085" confidence="0.8"><university wordnetid="108286163" confidence="0.8"><social_group wordnetid="107950920" confidence="0.8"><school wordnetid="108276720" confidence="0.8"><college wordnetid="108278169" confidence="0.8"><educational_institution wordnetid="108276342" confidence="0.8"><group wordnetid="100031264" confidence="0.8"><institution wordnetid="108053576" confidence="0.8"><link ns0:type="simple" ns0:href="../918/12637918.xml">chhatrapati shahuji maharaj medic univers</link></institution></group></educational_institution></college></school></social_group></university></body><university wordnetid="108286163" confidence="0.9508927676800064"><link ns0:type="simple" ns0:href="../639/11521639.xml">deen dayal upadhyay gorakhpur univers</link></university><university wordnetid="108286163" confidence="0.9508927676800064"><link ns0:type="simple" ns0:href="../280/10780280.xml">dr bhim rao ambedkar univers</link></university><university wordnetid="108286163" confidence="0.9508927676800064"><link ns0:type="simple" ns0:href="../594/13401594.xml">dr ram manohar lohia avadh univers</link></university><university wordnetid="108286163" confidence="0.9508927676800064"><link ns0:type="simple" ns0:href="../840/10491840.xml">dr ram manohar lohia nation law univers</link></university><university wordnetid="108286163" confidence="0.9508927676800064"><link ns0:type="simple" ns0:href="../040/11522040.xml">rohilkhand univers</link></university><link ns0:type="simple" ns0:href="../049/11522049.xml">purvanch univers</link><body wordnetid="107965085" confidence="0.8"><university wordnetid="108286163" confidence="0.8"><social_group wordnetid="107950920" confidence="0.8"><group wordnetid="100031264" confidence="0.8"><link ns0:type="simple" ns0:href="../975/11218975.xml">rohilkhand univers</link></group></social_group></university></body><university wordnetid="108286163" confidence="0.9508927676800064"><link ns0:type="simple" ns0:href="../404/11155404.xml">sampurnanand sanskrit univers</link></university><university wordnetid="108286163" confidence="0.9508927676800064"><link ns0:type="simple" ns0:href="../808/10020808.xml">univers lucknow</link></university><university wordnetid="108286163" confidence="0.9508927676800064"><link ns0:type="simple" ns0:href="../989/13401989.xml">uttar pradesh rajarshi tandon open univers</link></university><university wordnetid="108286163" confidence="0.9508927676800064"><link ns0:type="simple" ns0:href="../072/3489072.xml">uttar pradesh technic univers</link></university></p></col></row><row style="height:2px" /><row><col colspan="2" style="width:100%;padding:0px;;;" class="navbox-list navbox-even"><p /><p>complet list indian univers</p></col></row></table></col></row></table></p></sec></bdy></university></article>