<article xmlns:ns0="http://www.w3.org/1999/xlink"><entity confidence="0.9511911446218017" wordnetid="100001740"><header><title>elaeagnu</title><id /><revision><id /><timestamp /><contributor><username /><id /></contributor></revision><categories><category>elaeagnacea</category></categories></header><bdy><table style="text-align:center; padding:2.5px; width:200px;" class="infobox biota"><row style="text-align:center;"><header style="background:#90EE90;">elaeagnu</header></row><row style="text-align:center;"><col><image width="240px" src="Elaeagnus_commutata_USDA.jpg"><caption>elaeagnu commutata</caption></image>elaeagnu commutata</col></row><row style="background:#90EE90;" /><row style="text-align:center;"><header style="background:#90EE90;"><link ns0:type="simple" ns0:href="../581/53581.xml">scientif classif</link></header></row><row style="text-align:center;"><col><table style="margin:0 auto; text-align:left; background:transparent;" cellpadding="2"><row valign="top" /><row valign="top" /><row valign="top" /><row valign="top" /><row valign="top" /><row valign="top"><col>kingdom</col><col><link ns0:type="simple" ns0:href="../208/23208.xml">plant</link>ae</col></row><row valign="top" /><row valign="top" /><row valign="top" /><row valign="top" /><row valign="top"><col>divis</col><col><link ns0:type="simple" ns0:href="../967/18967.xml">magnoliophyta</link></col></row><row valign="top" /><row valign="top" /><row valign="top" /><row valign="top" /><row valign="top" /><row valign="top" /><row valign="top" /><row valign="top" /><row valign="top" /><row valign="top"><col>class</col><col><link ns0:type="simple" ns0:href="../111/67111.xml">magnoliopsida</link></col></row><row valign="top" /><row valign="top" /><row valign="top" /><row valign="top" /><row valign="top" /><row valign="top"><col>order</col><col><link ns0:type="simple" ns0:href="../486/25486.xml">rosal</link></col></row><row valign="top" /><row valign="top" /><row valign="top" /><row valign="top" /><row valign="top" /><row valign="top" /><row valign="top" /><row valign="top" /><row valign="top"><col>famili</col><col><link ns0:type="simple" ns0:href="../288/194288.xml">elaeagnacea</link></col></row><row valign="top" /><row valign="top" /><row valign="top" /><row valign="top" /><row valign="top" /><row valign="top" /><row valign="top"><col>genu</col><col>elaeagnu<link ns0:type="simple" ns0:href="../233/5233.xml" /></col></row><row valign="top" /><row valign="top" /><row valign="top" /><row valign="top" /><row valign="top" /><row valign="top" /><row valign="top" /><row valign="top" /><row valign="top" /><row valign="top" /></table></col></row><row style="background:#90EE90;" /><row style="background:#90EE90;" /><row style="background:#90EE90;" /><row style="background:#90EE90;" /><row style="background:#90EE90;" /><row style="text-align:center;" /><row style="text-align:center;" /><row style="text-align:center;" /><row style="text-align:center;" /><row style="text-align:center;" /><row style="text-align:center;" /><row style="text-align:center;" /><row style="text-align:center;" /><row style="text-align:center;" /><row style="text-align:center;" /><row style="background:#90EE90;"><header>speci</header></row><row><col style="padding:0 .5em; text-align:left;">text</col></row></table><p>elaeagnu silverberri oleast genu speci<link ns0:type="simple" ns0:href="../967/18967.xml">flower plant</link><link ns0:type="simple" ns0:href="../288/194288.xml">elaeagnacea</link>vast major speci nativ temper subtrop region<system wordnetid="108435388" confidence="0.8"><economy wordnetid="108366753" confidence="0.8"><group wordnetid="100031264" confidence="0.8"><link ns0:type="simple" ns0:href="../689/689.xml">asia</link></group></economy></system>speci triflora extend south northeastern<country wordnetid="108544813" confidence="0.9508927676800064"><link ns0:type="simple" ns0:href="../264/4689264.xml">australia</link></country>anoth speci commutata restrict<system wordnetid="108435388" confidence="0.8"><economy wordnetid="108366753" confidence="0.8"><group wordnetid="100031264" confidence="0.8"><link ns0:type="simple" ns0:href="../139/21139.xml">north america</link></group></economy></system>third speci angustifolia nativ southeasternmost<link ns0:type="simple" ns0:href="../239/9239.xml">europ</link>earli human introduct</p><p><link ns0:type="simple" ns0:href="../722/66722.xml">decidu</link><link ns0:type="simple" ns0:href="../719/66719.xml">evergreen</link><link ns0:type="simple" ns0:href="../708/61708.xml">shrub</link>small<link ns0:type="simple" ns0:href="../875/18955875.xml">tree</link>altern<link ns0:type="simple" ns0:href="../622/18973622.xml">leav</link>leav shoot usual cover tini silveri brownish scale plant whitish greybrown colour distanc<link ns0:type="simple" ns0:href="../465/4576465.xml">flower</link>small fourlob<link ns0:type="simple" ns0:href="../505/211505.xml">calyx</link>petal fragrant<link ns0:type="simple" ns0:href="../843/10843.xml">fruit</link>fleshi<link ns0:type="simple" ns0:href="../425/57425.xml">drupe</link>singl<link ns0:type="simple" ns0:href="../694/37694.xml">seed</link>edibl mani speci gener lack good flavour sever speci cultiv fruit includ angustifolia umbellata multiflora gumi cultiv china elsewher grow popular rest</p><p>umbellata reput high amount<link ns0:type="simple" ns0:href="../943/294943.xml">carotenoid</link><link ns0:type="simple" ns0:href="../277/3277.xml">antioxid</link><link ns0:type="simple" ns0:href="../735/18735.xml">lycopen</link>ha display antioxid properti<link ns0:type="simple" ns0:href="../219/105219.xml">cancer</link>mechan<link ns0:type="simple" ns0:href="../188/15188.xml">vitro</link><ref ns0:type="simple" ns0:href="#xpointer(//reflist/entry[@id=%221%22])" />multiflora<link ns0:type="simple" ns0:href="../381/1221381.xml">nutraceut</link>plant chines food medicin berri small tasti abund</p><p>elaeagnu speci food plant<link ns0:type="simple" ns0:href="../357/50357.xml">larva</link><link ns0:type="simple" ns0:href="../307/53307.xml">lepidoptera</link>speci includ<link ns0:type="simple" ns0:href="../350/4025350.xml">coleophora elaeagnisella</link><link ns0:type="simple" ns0:href="../312/2143312.xml">gothic</link></p><sec><st>select speci</st><p><table><row><col><list><entry level="1" type="bullet"><link>elaeagnu angustata</link>rehd chang<link ns0:type="simple" ns0:href="../862/5042862.xml">china</link></entry><entry level="1" type="bullet"><link ns0:type="simple" ns0:href="../768/507768.xml">elaeagnu angustifolia</link>oleast russian silverberri russianol western asia</entry><entry level="1" type="bullet"><link>elaeagnu argyi</link>levl china</entry><entry level="1" type="bullet"><link>elaeagnu bambusetorum</link>handmazz china</entry><entry level="1" type="bullet"><link>elaeagnu bockii</link>diel china</entry><entry level="1" type="bullet"><link>elaeagnu cinnamomifolia</link>hu chow china</entry><entry level="1" type="bullet"><link ns0:type="simple" ns0:href="../070/8763070.xml">elaeagnu commutata</link>bernh american silverberri wolfwillow<system wordnetid="108435388" confidence="0.8"><economy wordnetid="108366753" confidence="0.8"><group wordnetid="100031264" confidence="0.8"><link ns0:type="simple" ns0:href="../139/21139.xml">north america</link></group></economy></system></entry><entry level="1" type="bullet"><link>elaeagnu conferta</link>roxb southern asia</entry><entry level="1" type="bullet"><link>elaeagnu courtoisi</link>belval china</entry><entry level="1" type="bullet"><link>elaeagnu davidii</link>franch china</entry><entry level="1" type="bullet"><link>elaeagnu delavayi</link>lecomt china</entry><entry level="1" type="bullet"><link>elaeagnu difficili</link>serv china</entry><entry level="1" type="bullet"><link>elaeagnu formosana</link>nakai<island wordnetid="109316454" confidence="0.9508927676800064"><link ns0:type="simple" ns0:href="../107/30107.xml">taiwan</link></island></entry><entry level="1" type="bullet"><link>elaeagnu glabra</link>thunb eastern asia</entry><entry level="1" type="bullet"><link>elaeagnu gonyanth</link>benth china</entry><entry level="1" type="bullet"><link>elaeagnu griffithii</link>serv china</entry><entry level="1" type="bullet"><link>elaeagnu grijsii</link>hanc china</entry><entry level="1" type="bullet"><link>elaeagnu guizhouensi</link>ci chang china</entry><entry level="1" type="bullet"><link>elaeagnu henryi</link>warb china</entry><entry level="1" type="bullet"><link>elaeagnu jiangxiensi</link>ci chang china</entry><entry level="1" type="bullet"><link>elaeagnu jingdonensi</link>ci chang china</entry></list></col><col><list><entry level="1" type="bullet"><link>elaeagnu kanaii</link>momili china</entry><entry level="1" type="bullet"><link>elaeagnu lanceolata</link>warb china</entry><entry level="1" type="bullet"><link>elaeagnu lanpingensi</link>ci chang china</entry><entry level="1" type="bullet"><link>elaeagnu latifolia</link>southern asia</entry><entry level="1" type="bullet"><link>elaeagnu liuzhouensi</link>ci chang china</entry><entry level="1" type="bullet"><link>elaeagnu longiloba</link>ci chang china</entry><entry level="1" type="bullet"><link>elaeagnu loureirii</link>champ southern china</entry><entry level="1" type="bullet"><link>elaeagnu luoxiangensi</link>ci chang china</entry><entry level="1" type="bullet"><link>elaeagnu luxiensi</link>ci chang china</entry><entry level="1" type="bullet"><link>elaeagnu macrantha</link>rehd china</entry><entry level="1" type="bullet"><link>elaeagnu macrophylla</link>thunb eastern asia</entry><entry level="1" type="bullet"><link>elaeagnu magna</link>rehd china</entry><entry level="1" type="bullet"><link>elaeagnu micrantha</link>ci chang china</entry><entry level="1" type="bullet"><link>elaeagnu molli</link>diel china</entry><entry level="1" type="bullet"><link>elaeagnu morrisonensi</link>hayata<island wordnetid="109316454" confidence="0.9508927676800064"><link ns0:type="simple" ns0:href="../107/30107.xml">taiwan</link></island></entry></list></col><col><list><entry level="1" type="bullet"><link ns0:type="simple" ns0:href="../653/6232653.xml">elaeagnu multiflora</link>thunb cherri silverberri gumi eastern asia</entry><entry level="1" type="bullet"><link>elaeagnu nanchuanensi</link>ci chang china</entry><entry level="1" type="bullet"><link>elaeagnu obovata</link>li china</entry><entry level="1" type="bullet"><link>elaeagnu obtusa</link>ci chang china</entry><entry level="1" type="bullet"><link>elaeagnu oldhami</link>maxim china</entry><entry level="1" type="bullet"><link>elaeagnu ovata</link>serv china</entry><entry level="1" type="bullet"><link>elaeagnu oxycarpa</link>schltdl china</entry><entry level="1" type="bullet"><link>elaeagnu pallidiflora</link>ci chang china</entry><entry level="1" type="bullet"><link>elaeagnu parvifolia</link>wallich royl central asia</entry><entry level="1" type="bullet"><link>elaeagnu pauciflora</link>ci chang china</entry><entry level="1" type="bullet"><link>elaeagnu philippinensi</link>perrott<country wordnetid="108544813" confidence="0.9508927676800064"><link ns0:type="simple" ns0:href="../440/23440.xml">philippin</link></country></entry><entry level="1" type="bullet"><link>elaeagnu pilostyla</link>ci chang china</entry><entry level="1" type="bullet"><link>elaeagnu pingnanensi</link>ci chang china</entry><entry level="1" type="bullet"><link>elaeagnu pungen</link>thunb silverthorn<link ns0:type="simple" ns0:href="../573/15573.xml">japan</link></entry><entry level="1" type="bullet"><link>elaeagnu pyriformi</link>hookf eastern himalaya</entry><entry level="1" type="bullet"><link>elaeagnu retrostyla</link>ci chang china</entry><entry level="1" type="bullet"><link>elaeagnu sarmentosa</link>rehd china</entry><entry level="1" type="bullet"><link>elaeagnu schlechtendalii</link>serv china</entry></list></col><col><list><entry level="1" type="bullet"><link>elaeagnu stellipila</link>rehd china</entry><entry level="1" type="bullet"><link>elaeagnu taliensi</link>ci chang china</entry><entry level="1" type="bullet"><link>elaeagnu thunbergii</link>serv china</entry><entry level="1" type="bullet"><link>elaeagnu tonkinensi</link>serv southeastern asia</entry><entry level="1" type="bullet"><link>elaeagnu triflora</link>roxb southeastern asia northeast australia</entry><entry level="1" type="bullet"><link>elaeagnu tubiflora</link>ci chang china</entry><entry level="1" type="bullet"><link>elaeagnu tutcheri</link>dunn southern china</entry><entry level="1" type="bullet"><link ns0:type="simple" ns0:href="../744/507744.xml">elaeagnu umbellata</link>thunb japanes silverberri autumnol eastern asia</entry><entry level="1" type="bullet"><link>elaeagnu viridi</link>serv china</entry><entry level="1" type="bullet"><link>elaeagnu wenshanensi</link>ci chang china</entry><entry level="1" type="bullet"><link>elaeagnu wilsonii</link>li china</entry><entry level="1" type="bullet"><link>elaeagnu wushanensi</link>ci chang china</entry><entry level="1" type="bullet"><link>elaeagnu xichouensi</link>ci chang china</entry><entry level="1" type="bullet"><link>elaeagnu xizangensi</link>ci chang china</entry></list></col></row></table></p><p><list><entry level="1" type="definition">hybrid</entry><entry level="1" type="bullet">elaeagnu ebbingei macrophylla pungen</entry><entry level="1" type="bullet">elaeagnu pyramidali commutata multiflora</entry><entry level="1" type="bullet">elaeagnu reflexa pugen glabra</entry></list></p></sec><sec><st /><p><list><entry level="1" type="bullet"><link ns0:type="simple" ns0:href="../676/69676.xml">oiltre</link></entry></list></p></sec><sec><st>note</st><p><reflist><entry id="1">wang sy bowman ding variat free radic scaveng capac antiprolif activ differ genotyp autumn oliv elaeagnu umbellata planta med<weblink ns0:type="simple" ns0:href="http://www.ncbi.nlm.nih.gov/pubmed/17566149">http</weblink></entry></reflist></p></sec><sec><st>extern link</st><p><list><entry level="1" type="bullet"><weblink ns0:type="simple" ns0:href="http://www.efloras.org/browse.aspx?flora_id=3 start_taxon_id=111375">eflora chines plant list elaeagnu</weblink></entry><entry level="1" type="bullet"><weblink ns0:type="simple" ns0:href="http://www.herbier.ulaval.ca/specimens_types/template.php?pid=0259259">elaeagnu veteriscastelli holotyp</weblink>sheet louismari herbarium<link ns0:type="simple" ns0:href="../708/352708.xml">laval univers</link></entry></list></p></sec><sec><st>galleri</st><p><image location="left" width="150px" src="Elaeagnus.jpg" type="thumb"><caption>elaeagnu ebbingei</caption></image><image location="right" width="250px" src="Elaeagnus_pungens_-_JBM.jpg" type="thumb"><caption>pungen bonsai</caption></image></p></sec></bdy></entity></article>