<article xmlns:ns0="http://www.w3.org/1999/xlink"><header><title>list anarchopunk band</title><id /><revision><id /><timestamp /><contributor><username>txikibot</username><id /></contributor></revision><categories><category>anarch list</category><category>list musician genr</category><category>anarchopunk</category></categories></header><bdy><table style=" margin:0 0 1.0em 1.0em; text-align:center; line-height:1.4em; font-size:88%; width:18.0em; " cellpadding="0" class="infobox  " cellspacing="0"><row><col style="padding-top:0.2em; padding-bottom:0; font-size:85%; line-height:1.2em; ">philosophyth philosophi serieson</col></row><row><col style="padding:0.1em 0.4em 0.2em; line-height:1.1em; font-size:145%; font-weight:bold; border-bottom:1px solid #aaa; font-size:220%;  border:none;" class=""><link ns0:type="simple" ns0:href="../012/12.xml">anarch</link></col></row><row><col style="padding-top:0.4em; padding-right:0.4em; padding-left:0.4em; padding-bottom:0.4em; border-bottom:1px solid #aaa; padding-bottom:0.8em;" class=""><image width="110px" src="Anarchy-symbol.svg"><caption>circlea anarchi symbol</caption></image></col></row><row><col style=" padding-right:0.4em; padding-bottom:0.4em; padding-left:0.4em; padding-bottom:0.4em; border-bottom:solid 1px #aaa; padding-top:0.4em; "><p><event wordnetid="100029378" confidence="0.8"><change wordnetid="100191142" confidence="0.8"><issue wordnetid="105814650" confidence="0.8"><action wordnetid="100037396" confidence="0.8"><motion wordnetid="100331950" confidence="0.8"><act wordnetid="100030358" confidence="0.8"><psychological_feature wordnetid="100023100" confidence="0.8"><link ns0:type="simple" ns0:href="../456/13550456.xml">school</link></psychological_feature></act></motion></action></issue></change></event><school wordnetid="108276720" confidence="0.8"><educational_institution wordnetid="108276342" confidence="0.8"><institution wordnetid="108053576" confidence="0.8"><link ns0:type="simple" ns0:href="../975/770975.xml">agor</link></institution></educational_institution></school><position wordnetid="106208751" confidence="0.8"><link ns0:type="simple" ns0:href="../171/4563171.xml">buddhist</link></position><school wordnetid="108276720" confidence="0.8"><political_orientation wordnetid="106212839" confidence="0.8"><educational_institution wordnetid="108276342" confidence="0.8"><institution wordnetid="108053576" confidence="0.8"><link ns0:type="simple" ns0:href="../023/1023.xml">capitalist</link></institution></educational_institution></political_orientation></school><controversy wordnetid="107183151" confidence="0.8"><event wordnetid="100029378" confidence="0.8"><dispute wordnetid="107181935" confidence="0.8"><change wordnetid="100191142" confidence="0.8"><action wordnetid="100037396" confidence="0.8"><disagreement wordnetid="107180787" confidence="0.8"><motion wordnetid="100331950" confidence="0.8"><act wordnetid="100030358" confidence="0.8"><psychological_feature wordnetid="100023100" confidence="0.8"><speech_act wordnetid="107160883" confidence="0.8"><link ns0:type="simple" ns0:href="../351/371351.xml">christian</link></speech_act></psychological_feature></act></motion></disagreement></action></change></dispute></event></controversy><school wordnetid="108276720" confidence="0.8"><educational_institution wordnetid="108276342" confidence="0.8"><institution wordnetid="108053576" confidence="0.8"><link ns0:type="simple" ns0:href="../326/4450326.xml">collectivist</link></institution></educational_institution></school><school wordnetid="108276720" confidence="0.8"><political_orientation wordnetid="106212839" confidence="0.8"><educational_institution wordnetid="108276342" confidence="0.8"><institution wordnetid="108053576" confidence="0.8"><link ns0:type="simple" ns0:href="../865/17865.xml">communist</link></institution></educational_institution></political_orientation></school><software wordnetid="106566077" confidence="0.8"><application wordnetid="106570110" confidence="0.8"><program wordnetid="106568978" confidence="0.8"><written_communication wordnetid="106349220" confidence="0.8"><writing wordnetid="106359877" confidence="0.8"><code wordnetid="106355894" confidence="0.8"><coding_system wordnetid="106353757" confidence="0.8"><link ns0:type="simple" ns0:href="../427/222427.xml">cryptoanarch</link></coding_system></code></writing></written_communication></program></application></software><link ns0:type="simple" ns0:href="../074/222074.xml">feminist</link><link ns0:type="simple" ns0:href="../052/470052.xml">free market</link><right wordnetid="105174653" confidence="0.8"><link ns0:type="simple" ns0:href="../514/98514.xml">green</link></right><link ns0:type="simple" ns0:href="../936/14936.xml">individualist</link><event wordnetid="100029378" confidence="0.8"><change wordnetid="100191142" confidence="0.8"><action wordnetid="100037396" confidence="0.8"><motion wordnetid="100331950" confidence="0.8"><act wordnetid="100030358" confidence="0.8"><psychological_feature wordnetid="100023100" confidence="0.8"><link ns0:type="simple" ns0:href="../486/1113486.xml">infoanarch</link></psychological_feature></act></motion></action></change></event><link ns0:type="simple" ns0:href="../779/2836779.xml">insurrectionari</link><link ns0:type="simple" ns0:href="../661/1710661.xml">leftist</link><school wordnetid="108276720" confidence="0.8"><political_orientation wordnetid="106212839" confidence="0.8"><educational_institution wordnetid="108276342" confidence="0.8"><institution wordnetid="108053576" confidence="0.8"><link ns0:type="simple" ns0:href="../997/1799997.xml">mutualist</link></institution></educational_institution></political_orientation></school><link ns0:type="simple" ns0:href="../735/179735.xml">pacifist</link><link ns0:type="simple" ns0:href="../796/23796.xml">pananarchist</link><political_orientation wordnetid="106212839" confidence="0.8"><link ns0:type="simple" ns0:href="../545/8817545.xml">philosoph</link></political_orientation><link ns0:type="simple" ns0:href="../888/2419888.xml">platformist</link><link ns0:type="simple" ns0:href="../010/2557010.xml">postanarchist</link><link ns0:type="simple" ns0:href="../863/11630863.xml">postcoloni</link><link ns0:type="simple" ns0:href="../266/1547266.xml">postleftist</link><political_orientation wordnetid="106212839" confidence="0.8"><link ns0:type="simple" ns0:href="../405/98405.xml">primitivist</link></political_orientation><link ns0:type="simple" ns0:href="../465/3535465.xml">social anarch</link><school wordnetid="108276720" confidence="0.8"><political_orientation wordnetid="106212839" confidence="0.8"><educational_institution wordnetid="108276342" confidence="0.8"><institution wordnetid="108053576" confidence="0.8"><link ns0:type="simple" ns0:href="../938/49938.xml">syndicalist</link></institution></educational_institution></political_orientation></school><link ns0:type="simple" ns0:href="../697/2052697.xml">anarch adject</link><political_orientation wordnetid="106212839" confidence="0.8"><link ns0:type="simple" ns0:href="../445/4716445.xml">zen</link></political_orientation></p></col></row><row><col style=" padding-right:0.4em; padding-bottom:0.4em; padding-left:0.4em; border-bottom:solid 1px #aaa; padding-top:0.4em; "><p>theori practic<link ns0:type="simple" ns0:href="../784/3857784.xml">anarch</link><link ns0:type="simple" ns0:href="../466/2594466.xml">anarchi</link><link ns0:type="simple" ns0:href="../543/172543.xml">black bloc</link><link ns0:type="simple" ns0:href="../298/13887298.xml">commun</link><link ns0:type="simple" ns0:href="../903/165903.xml">consensu democraci</link><link ns0:type="simple" ns0:href="../139/49139.xml">decentr</link><link ns0:type="simple" ns0:href="../109/172109.xml">deep ecolog</link><link ns0:type="simple" ns0:href="../976/105976.xml">direct action</link><politics wordnetid="113840719" confidence="0.8"><social_relation wordnetid="100032823" confidence="0.8"><link ns0:type="simple" ns0:href="../816/95816.xml">direct democraci</link></social_relation></politics><link ns0:type="simple" ns0:href="../163/745163.xml">dual power</link><link ns0:type="simple" ns0:href="../558/6205558.xml">especifismo</link><politics wordnetid="113840719" confidence="0.8"><social_relation wordnetid="100032823" confidence="0.8"><link ns0:type="simple" ns0:href="../097/9698097.xml">horizontalidad</link></social_relation></politics><event wordnetid="100029378" confidence="0.8"><change wordnetid="100191142" confidence="0.8"><action wordnetid="100037396" confidence="0.8"><motion wordnetid="100331950" confidence="0.8"><act wordnetid="100030358" confidence="0.8"><psychological_feature wordnetid="100023100" confidence="0.8"><link ns0:type="simple" ns0:href="../799/2616799.xml">illeg</link></psychological_feature></act></motion></action></change></event><link ns0:type="simple" ns0:href="../455/16064455.xml">individu reclam</link><issue wordnetid="105814650" confidence="0.8"><link ns0:type="simple" ns0:href="../237/5483237.xml">law</link></issue><link ns0:type="simple" ns0:href="../499/2450499.xml">participatori polit</link><social_group wordnetid="107950920" confidence="0.8"><gathering wordnetid="107975026" confidence="0.8"><community wordnetid="108223802" confidence="0.8"><group wordnetid="100031264" confidence="0.8"><link ns0:type="simple" ns0:href="../174/1128174.xml">perman autonom zone</link></group></community></gathering></social_group><link ns0:type="simple" ns0:href="../453/10796453.xml">prefigur polit</link><idea wordnetid="105833840" confidence="0.8"><concept wordnetid="105835747" confidence="0.8"><category wordnetid="105838765" confidence="0.8"><type wordnetid="105840188" confidence="0.8"><kind wordnetid="105839024" confidence="0.8"><link ns0:type="simple" ns0:href="../130/8233130.xml">privat defens agenc</link></kind></type></category></concept></idea><technique wordnetid="105665146" confidence="0.8"><know-how wordnetid="105616786" confidence="0.8"><method wordnetid="105660268" confidence="0.8"><link ns0:type="simple" ns0:href="../776/400776.xml">propaganda deed</link></method></know-how></technique><link ns0:type="simple" ns0:href="../646/760646.xml">refus work</link><link ns0:type="simple" ns0:href="../858/2159858.xml">rewild</link><link ns0:type="simple" ns0:href="../286/156286.xml">social ecolog</link><link ns0:type="simple" ns0:href="../764/866764.xml">spontan order</link></p></col></row><row><col style=" padding-right:0.4em; padding-bottom:0.4em; padding-left:0.4em; border-bottom:solid 1px #aaa; padding-top:0.4em; "><p><link ns0:type="simple" ns0:href="../736/5773736.xml">issu</link><link ns0:type="simple" ns0:href="../125/1905125.xml">anarchocapit</link><link ns0:type="simple" ns0:href="../733/4398733.xml">anim</link><link ns0:type="simple" ns0:href="../918/1249918.xml">capit</link><issue wordnetid="105814650" confidence="0.8"><link ns0:type="simple" ns0:href="../432/5349432.xml">critic</link></issue><link ns0:type="simple" ns0:href="../710/2112710.xml">islam</link><link ns0:type="simple" ns0:href="../469/1211469.xml">lifestyl</link><link ns0:type="simple" ns0:href="../804/381804.xml">marxism</link><link ns0:type="simple" ns0:href="../358/2382358.xml">nation</link><link ns0:type="simple" ns0:href="../409/8364409.xml">orthodox judaism</link><link ns0:type="simple" ns0:href="../770/1332770.xml">religion</link><link ns0:type="simple" ns0:href="../859/105859.xml">violenc</link></p></col></row><row><col style="  padding-right:0.4em; padding-bottom:0.4em; padding-left:0.4em; border-bottom:solid 1px #aaa; padding-top:0.4em; "><p><link ns0:type="simple" ns0:href="../286/1063286.xml">histori</link><link ns0:type="simple" ns0:href="../524/2590524.xml">amakasu incid</link><social_group wordnetid="107950920" confidence="0.8"><gathering wordnetid="107975026" confidence="0.8"><community wordnetid="108223802" confidence="0.8"><group wordnetid="100031264" confidence="0.8"><link ns0:type="simple" ns0:href="../391/6552391.xml">anarchist catalonia</link></group></community></gathering></social_group><link ns0:type="simple" ns0:href="../166/14602166.xml">anarchist exclus</link><politics wordnetid="113840719" confidence="0.8"><social_relation wordnetid="100032823" confidence="0.8"><link ns0:type="simple" ns0:href="../209/5675209.xml">anarchi somalia</link></social_relation></politics><link ns0:type="simple" ns0:href="../791/10995791.xml">australian anarchist centenari</link><link ns0:type="simple" ns0:href="../834/817834.xml">barcelona day</link><objection wordnetid="107208338" confidence="0.8"><event wordnetid="100029378" confidence="0.8"><protest wordnetid="107210225" confidence="0.8"><act wordnetid="100030358" confidence="0.8"><psychological_feature wordnetid="100023100" confidence="0.8"><speech_act wordnetid="107160883" confidence="0.8"><link ns0:type="simple" ns0:href="../069/5523069.xml">carniv capit</link></speech_act></psychological_feature></act></protest></event></objection><educational_institution wordnetid="108276342" confidence="0.8"><institution wordnetid="108053576" confidence="0.8"><link ns0:type="simple" ns0:href="../282/190282.xml">escuela moderna</link></institution></educational_institution><social_group wordnetid="107950920" confidence="0.8"><congress wordnetid="108308800" confidence="0.8"><meeting wordnetid="108307589" confidence="0.8"><gathering wordnetid="107975026" confidence="0.8"><group wordnetid="100031264" confidence="0.8"><link ns0:type="simple" ns0:href="../832/1915832.xml">hagu congress</link></group></gathering></meeting></congress></social_group><aggression wordnetid="100964569" confidence="0.8"><violence wordnetid="100965404" confidence="0.8"><event wordnetid="100029378" confidence="0.8"><action wordnetid="100037396" confidence="0.8"><riot wordnetid="101170502" confidence="0.8"><act wordnetid="100030358" confidence="0.8"><psychological_feature wordnetid="100023100" confidence="0.8"><link ns0:type="simple" ns0:href="../497/2012497.xml">haymarket affair</link></psychological_feature></act></riot></action></event></violence></aggression><link ns0:type="simple" ns0:href="../676/3716676.xml">high treason incid</link><social_group wordnetid="107950920" confidence="0.8"><congress wordnetid="108308800" confidence="0.8"><meeting wordnetid="108307589" confidence="0.8"><gathering wordnetid="107975026" confidence="0.8"><group wordnetid="100031264" confidence="0.8"><link ns0:type="simple" ns0:href="../117/13222117.xml">congress amsterdam</link></group></gathering></meeting></congress></social_group><link ns0:type="simple" ns0:href="../916/3273916.xml">kate sharpley librari</link><conflict wordnetid="100958896" confidence="0.9508927676800064"><link ns0:type="simple" ns0:href="../899/287899.xml">kronstadt rebellion</link></conflict><structure wordnetid="104341686" confidence="0.8"><artifact wordnetid="100021939" confidence="0.8"><area wordnetid="102735688" confidence="0.8"><facility wordnetid="103315023" confidence="0.8"><library wordnetid="103660909" confidence="0.8"><depository wordnetid="103177349" confidence="0.8"><archive wordnetid="102735086" confidence="0.8"><room wordnetid="104105893" confidence="0.8"><link ns0:type="simple" ns0:href="../773/3832773.xml">labadi collect</link></room></archive></depository></library></facility></area></artifact></structure><plant wordnetid="103956922" confidence="0.8"><structure wordnetid="104341686" confidence="0.8"><artifact wordnetid="100021939" confidence="0.8"><factory wordnetid="103316406" confidence="0.8"><building_complex wordnetid="102914991" confidence="0.8"><link ns0:type="simple" ns0:href="../837/10793837.xml">lip</link></building_complex></factory></artifact></structure></plant><link ns0:type="simple" ns0:href="../205/311205.xml" /><look wordnetid="100877127" confidence="0.8"><time_off wordnetid="115118453" confidence="0.8"><observation wordnetid="100879759" confidence="0.8"><leisure wordnetid="115137676" confidence="0.8"><sensory_activity wordnetid="100876737" confidence="0.8"><sensing wordnetid="100876874" confidence="0.8"><fundamental_quantity wordnetid="113575869" confidence="0.8"><time_period wordnetid="115113229" confidence="0.8"><vacation wordnetid="115137890" confidence="0.8"><event wordnetid="100029378" confidence="0.8"><act wordnetid="100030358" confidence="0.8"><psychological_feature wordnetid="100023100" confidence="0.8"><activity wordnetid="100407535" confidence="0.8"><link ns0:type="simple" ns0:href="../829/19829.xml">day</link></activity></psychological_feature></act></event></vacation></time_period></fundamental_quantity></sensing></sensory_activity></leisure></observation></time_off></look><aggression wordnetid="100964569" confidence="0.8"><violence wordnetid="100965404" confidence="0.8"><happening wordnetid="107283608" confidence="0.8"><event wordnetid="100029378" confidence="0.8"><change wordnetid="107296428" confidence="0.8"><revolution wordnetid="107424109" confidence="0.8"><action wordnetid="100037396" confidence="0.8"><riot wordnetid="101170502" confidence="0.8"><act wordnetid="100030358" confidence="0.8"><psychological_feature wordnetid="100023100" confidence="0.8"><link ns0:type="simple" ns0:href="../134/59134.xml">pari commun</link></psychological_feature></act></riot></action></revolution></change></event></happening></violence></aggression><politics wordnetid="113840719" confidence="0.8"><event wordnetid="100029378" confidence="0.8"><change wordnetid="100191142" confidence="0.8"><social_relation wordnetid="100032823" confidence="0.8"><action wordnetid="100037396" confidence="0.8"><motion wordnetid="100331950" confidence="0.8"><act wordnetid="100030358" confidence="0.8"><psychological_feature wordnetid="100023100" confidence="0.8"><link ns0:type="simple" ns0:href="../264/632264.xml">provo</link></psychological_feature></act></motion></action></social_relation></change></event></politics><link ns0:type="simple" ns0:href="../163/2747163.xml">red invert triangl</link><military_unit wordnetid="108198398" confidence="0.8"><group_action wordnetid="101080366" confidence="0.8"><event wordnetid="100029378" confidence="0.8"><change wordnetid="100191142" confidence="0.8"><action wordnetid="100037396" confidence="0.8"><conflict wordnetid="100958896" confidence="0.8"><rebellion wordnetid="100962129" confidence="0.8"><motion wordnetid="100331950" confidence="0.8"><act wordnetid="100030358" confidence="0.8"><psychological_feature wordnetid="100023100" confidence="0.8"><link ns0:type="simple" ns0:href="../725/4139725.xml">revolutionari insurrectionari armi ukrain</link></psychological_feature></act></motion></rebellion></conflict></action></change></event></group_action></military_unit><happening wordnetid="107283608" confidence="0.8"><event wordnetid="100029378" confidence="0.8"><change wordnetid="107296428" confidence="0.8"><revolution wordnetid="107424109" confidence="0.8"><psychological_feature wordnetid="100023100" confidence="0.8"><link ns0:type="simple" ns0:href="../459/88459.xml">spanish revolut</link></psychological_feature></revolution></change></event></happening><group_action wordnetid="101080366" confidence="0.8"><event wordnetid="100029378" confidence="0.8"><conflict wordnetid="100958896" confidence="0.8"><act wordnetid="100030358" confidence="0.8"><psychological_feature wordnetid="100023100" confidence="0.8"><link ns0:type="simple" ns0:href="../807/16980807.xml">third russian revolut</link></psychological_feature></act></conflict></event></group_action><aggression wordnetid="100964569" confidence="0.8"><violence wordnetid="100965404" confidence="0.8"><event wordnetid="100029378" confidence="0.8"><action wordnetid="100037396" confidence="0.8"><riot wordnetid="101170502" confidence="0.8"><act wordnetid="100030358" confidence="0.8"><psychological_feature wordnetid="100023100" confidence="0.8"><link ns0:type="simple" ns0:href="../521/3015521.xml">tragic week</link></psychological_feature></act></riot></action></event></violence></aggression><aggression wordnetid="100964569" confidence="0.8"><violence wordnetid="100965404" confidence="0.8"><objection wordnetid="107208338" confidence="0.8"><event wordnetid="100029378" confidence="0.8"><protest wordnetid="107210225" confidence="0.8"><action wordnetid="100037396" confidence="0.8"><riot wordnetid="101170502" confidence="0.8"><act wordnetid="100030358" confidence="0.8"><psychological_feature wordnetid="100023100" confidence="0.8"><speech_act wordnetid="107160883" confidence="0.8"><link ns0:type="simple" ns0:href="../622/312622.xml">wto confer protest</link></speech_act></psychological_feature></act></riot></action></protest></event></objection></violence></aggression></p></col></row><row><col style=" padding-right:0.4em; padding-bottom:0.4em; padding-left:0.4em; border-bottom:solid 1px #aaa; padding-top:0.4em; "><p>cultur<music_genre wordnetid="107071942" confidence="0.9508927676800064"><link ns0:type="simple" ns0:href="../676/80676.xml">anarchopunk</link></music_genre><link ns0:type="simple" ns0:href="../940/1325940.xml">art</link><politics wordnetid="113840719" confidence="0.8"><event wordnetid="100029378" confidence="0.8"><change wordnetid="100191142" confidence="0.8"><social_relation wordnetid="100032823" confidence="0.8"><action wordnetid="100037396" confidence="0.8"><motion wordnetid="100331950" confidence="0.8"><act wordnetid="100030358" confidence="0.8"><psychological_feature wordnetid="100023100" confidence="0.8"><link ns0:type="simple" ns0:href="../742/2287742.xml">black anarch</link></psychological_feature></act></motion></action></social_relation></change></event></politics><work wordnetid="100575741" confidence="0.8"><examination wordnetid="100635850" confidence="0.8"><event wordnetid="100029378" confidence="0.8"><survey wordnetid="100644503" confidence="0.8"><investigation wordnetid="100633864" confidence="0.8"><act wordnetid="100030358" confidence="0.8"><psychological_feature wordnetid="100023100" confidence="0.8"><activity wordnetid="100407535" confidence="0.8"><link ns0:type="simple" ns0:href="../889/15197889.xml">celtic anarch</link></activity></psychological_feature></act></investigation></survey></event></examination></work><link ns0:type="simple" ns0:href="../565/162565.xml">cultur jam</link><link ns0:type="simple" ns0:href="../399/2377399.xml">diy cultur</link><link ns0:type="simple" ns0:href="../313/185313.xml">freegan</link><link ns0:type="simple" ns0:href="../488/44488.xml">independ media center</link><event wordnetid="100029378" confidence="0.8"><change wordnetid="100191142" confidence="0.8"><action wordnetid="100037396" confidence="0.8"><motion wordnetid="100331950" confidence="0.8"><act wordnetid="100030358" confidence="0.8"><psychological_feature wordnetid="100023100" confidence="0.8"><link ns0:type="simple" ns0:href="../985/1446985.xml">infoshop</link></psychological_feature></act></motion></action></change></event><anthem wordnetid="107048928" confidence="0.9508927676800064"><link ns0:type="simple" ns0:href="../637/269637.xml">international</link></anthem><event wordnetid="100029378" confidence="0.8"><change wordnetid="100191142" confidence="0.8"><action wordnetid="100037396" confidence="0.8"><motion wordnetid="100331950" confidence="0.8"><act wordnetid="100030358" confidence="0.8"><psychological_feature wordnetid="100023100" confidence="0.8"><link ns0:type="simple" ns0:href="../867/4532867.xml">jewish anarch</link></psychological_feature></act></motion></action></change></event><link ns0:type="simple" ns0:href="../469/1211469.xml">lifestyl</link><link ns0:type="simple" ns0:href="../066/3859066.xml">popular educ</link><link ns0:type="simple" ns0:href="../640/1830640.xml">radic cheerlead</link><link ns0:type="simple" ns0:href="../869/70869.xml">radic environment</link><link ns0:type="simple" ns0:href="../685/28685.xml">squat</link><issue wordnetid="105814650" confidence="0.8"><link ns0:type="simple" ns0:href="../360/903360.xml">symbol</link></issue><music wordnetid="107020895" confidence="0.8"><song wordnetid="107048000" confidence="0.8"><auditory_communication wordnetid="107109019" confidence="0.8"><musical_composition wordnetid="107037465" confidence="0.8"><link ns0:type="simple" ns0:href="../822/648822.xml">barricad</link></musical_composition></auditory_communication></song></music><link ns0:type="simple" ns0:href="../282/18017282.xml">anarchist terminolog</link></p></col></row><row><col style=" padding-right:0.4em; padding-bottom:0.4em; padding-left:0.4em; border-bottom:solid 1px #aaa; padding-top:0.4em; "><p><issue wordnetid="105814650" confidence="0.8"><link ns0:type="simple" ns0:href="../884/1228884.xml">econom</link></issue><school wordnetid="108276720" confidence="0.8"><educational_institution wordnetid="108276342" confidence="0.8"><institution wordnetid="108053576" confidence="0.8"><link ns0:type="simple" ns0:href="../975/770975.xml">agor</link></institution></educational_institution></school><school wordnetid="108276720" confidence="0.8"><political_orientation wordnetid="106212839" confidence="0.8"><educational_institution wordnetid="108276342" confidence="0.8"><institution wordnetid="108053576" confidence="0.8"><link ns0:type="simple" ns0:href="../023/1023.xml">capit</link></institution></educational_institution></political_orientation></school><school wordnetid="108276720" confidence="0.8"><educational_institution wordnetid="108276342" confidence="0.8"><institution wordnetid="108053576" confidence="0.8"><link ns0:type="simple" ns0:href="../326/4450326.xml">collectiv</link></institution></educational_institution></school><school wordnetid="108276720" confidence="0.8"><political_orientation wordnetid="106212839" confidence="0.8"><educational_institution wordnetid="108276342" confidence="0.8"><institution wordnetid="108053576" confidence="0.8"><link ns0:type="simple" ns0:href="../865/17865.xml">commun</link></institution></educational_institution></political_orientation></school><link ns0:type="simple" ns0:href="../313/89313.xml">coop</link><link ns0:type="simple" ns0:href="../491/4821491.xml">countereconom</link><link ns0:type="simple" ns0:href="../052/470052.xml">free market</link><body wordnetid="107965085" confidence="0.8"><university wordnetid="108286163" confidence="0.8"><social_group wordnetid="107950920" confidence="0.8"><event wordnetid="100029378" confidence="0.8"><change wordnetid="100191142" confidence="0.8"><action wordnetid="100037396" confidence="0.8"><motion wordnetid="100331950" confidence="0.8"><group wordnetid="100031264" confidence="0.8"><act wordnetid="100030358" confidence="0.8"><psychological_feature wordnetid="100023100" confidence="0.8"><link ns0:type="simple" ns0:href="../863/4913863.xml">free school</link></psychological_feature></act></group></motion></action></change></event></social_group></university></body><event wordnetid="100029378" confidence="0.8"><change wordnetid="100191142" confidence="0.8"><action wordnetid="100037396" confidence="0.8"><motion wordnetid="100331950" confidence="0.8"><act wordnetid="100030358" confidence="0.8"><psychological_feature wordnetid="100023100" confidence="0.8"><link ns0:type="simple" ns0:href="../152/1029152.xml">free store</link></psychological_feature></act></motion></action></change></event><link ns0:type="simple" ns0:href="../329/368329.xml">georgism</link><link ns0:type="simple" ns0:href="../588/126588.xml">gift economi</link><political_orientation wordnetid="106212839" confidence="0.8"><link ns0:type="simple" ns0:href="../225/2451225.xml">market abolition</link></political_orientation><link ns0:type="simple" ns0:href="../474/11419474.xml">mutual aid</link><school wordnetid="108276720" confidence="0.8"><political_orientation wordnetid="106212839" confidence="0.8"><educational_institution wordnetid="108276342" confidence="0.8"><institution wordnetid="108053576" confidence="0.8"><link ns0:type="simple" ns0:href="../997/1799997.xml">mutual</link></institution></educational_institution></political_orientation></school><idea wordnetid="105833840" confidence="0.8"><concept wordnetid="105835747" confidence="0.8"><category wordnetid="105838765" confidence="0.8"><school wordnetid="108276720" confidence="0.8"><political_orientation wordnetid="106212839" confidence="0.8"><educational_institution wordnetid="108276342" confidence="0.8"><type wordnetid="105840188" confidence="0.8"><kind wordnetid="105839024" confidence="0.8"><institution wordnetid="108053576" confidence="0.8"><link ns0:type="simple" ns0:href="../393/76393.xml">participatori econom</link></institution></kind></type></educational_institution></political_orientation></school></category></concept></idea><school wordnetid="108276720" confidence="0.8"><event wordnetid="100029378" confidence="0.8"><change wordnetid="100191142" confidence="0.8"><action wordnetid="100037396" confidence="0.8"><educational_institution wordnetid="108276342" confidence="0.8"><motion wordnetid="100331950" confidence="0.8"><act wordnetid="100030358" confidence="0.8"><psychological_feature wordnetid="100023100" confidence="0.8"><institution wordnetid="108053576" confidence="0.8"><link ns0:type="simple" ns0:href="../451/2946451.xml">realli realli free market</link></institution></psychological_feature></act></motion></educational_institution></action></change></event></school><political_orientation wordnetid="106212839" confidence="0.8"><link ns0:type="simple" ns0:href="../834/766834.xml">selfownership</link></political_orientation><school wordnetid="108276720" confidence="0.8"><political_orientation wordnetid="106212839" confidence="0.8"><educational_institution wordnetid="108276342" confidence="0.8"><institution wordnetid="108053576" confidence="0.8"><link ns0:type="simple" ns0:href="../938/49938.xml">syndic</link></institution></educational_institution></political_orientation></school><practice wordnetid="100410247" confidence="0.8"><event wordnetid="100029378" confidence="0.8"><act wordnetid="100030358" confidence="0.8"><psychological_feature wordnetid="100023100" confidence="0.8"><activity wordnetid="100407535" confidence="0.8"><link ns0:type="simple" ns0:href="../706/53706.xml">wage slaveri</link></activity></psychological_feature></act></event></practice><link ns0:type="simple" ns0:href="../690/1864690.xml">worker selfmanag</link></p></col></row><row><col style=" padding-right:0.4em; padding-bottom:0.4em; padding-left:0.4em; border-bottom:solid 1px #aaa; padding-top:0.4em; "><p><link ns0:type="simple" ns0:href="../696/6205696.xml">region</link><link ns0:type="simple" ns0:href="../310/1433310.xml">africa</link><politics wordnetid="113840719" confidence="0.8"><social_relation wordnetid="100032823" confidence="0.8"><link ns0:type="simple" ns0:href="../653/7195653.xml">austriahungari</link></social_relation></politics><politics wordnetid="113840719" confidence="0.8"><social_relation wordnetid="100032823" confidence="0.8"><link ns0:type="simple" ns0:href="../671/8874671.xml">brazil</link></social_relation></politics><event wordnetid="100029378" confidence="0.8"><change wordnetid="100191142" confidence="0.8"><action wordnetid="100037396" confidence="0.8"><motion wordnetid="100331950" confidence="0.8"><act wordnetid="100030358" confidence="0.8"><psychological_feature wordnetid="100023100" confidence="0.8"><link ns0:type="simple" ns0:href="../019/14603019.xml">canada</link></psychological_feature></act></motion></action></change></event><physical_entity wordnetid="100001930" confidence="0.8"><person wordnetid="100007846" confidence="0.8"><worker wordnetid="109632518" confidence="0.8"><causal_agent wordnetid="100007347" confidence="0.8"><anarchist wordnetid="109791816" confidence="0.8"><radical wordnetid="110503452" confidence="0.8"><link ns0:type="simple" ns0:href="../561/4977561.xml">china</link></radical></anarchist></causal_agent></worker></person></physical_entity><link ns0:type="simple" ns0:href="../176/8784176.xml">cuba</link><politics wordnetid="113840719" confidence="0.8"><social_relation wordnetid="100032823" confidence="0.8"><link ns0:type="simple" ns0:href="../063/673063.xml">england</link></social_relation></politics><link ns0:type="simple" ns0:href="../365/5658365.xml">franc</link><link ns0:type="simple" ns0:href="../745/6244745.xml">greec</link><politics wordnetid="113840719" confidence="0.8"><social_relation wordnetid="100032823" confidence="0.8"><link ns0:type="simple" ns0:href="../954/14526954.xml">india</link></social_relation></politics><link ns0:type="simple" ns0:href="../320/10403320.xml">ireland</link><link ns0:type="simple" ns0:href="../302/8360302.xml">israel</link><link ns0:type="simple" ns0:href="../567/10304567.xml">itali</link><politics wordnetid="113840719" confidence="0.8"><social_relation wordnetid="100032823" confidence="0.8"><link ns0:type="simple" ns0:href="../723/15481723.xml">japan</link></social_relation></politics><politics wordnetid="113840719" confidence="0.8"><social_relation wordnetid="100032823" confidence="0.8"><link ns0:type="simple" ns0:href="../159/15475159.xml">korea</link></social_relation></politics><physical_entity wordnetid="100001930" confidence="0.8"><politics wordnetid="113840719" confidence="0.8"><person wordnetid="100007846" confidence="0.8"><social_relation wordnetid="100032823" confidence="0.8"><causal_agent wordnetid="100007347" confidence="0.8"><anarchist wordnetid="109791816" confidence="0.8"><radical wordnetid="110503452" confidence="0.8"><link ns0:type="simple" ns0:href="../528/4117528.xml">mexico</link></radical></anarchist></causal_agent></social_relation></person></politics></physical_entity><politics wordnetid="113840719" confidence="0.8"><social_relation wordnetid="100032823" confidence="0.8"><link ns0:type="simple" ns0:href="../386/15499386.xml">poland</link></social_relation></politics><link ns0:type="simple" ns0:href="../769/7475769.xml">russia</link><link ns0:type="simple" ns0:href="../586/805586.xml">spain</link><politics wordnetid="113840719" confidence="0.8"><social_relation wordnetid="100032823" confidence="0.8"><link ns0:type="simple" ns0:href="../268/7080268.xml">sweden</link></social_relation></politics><politics wordnetid="113840719" confidence="0.8"><social_relation wordnetid="100032823" confidence="0.8"><link ns0:type="simple" ns0:href="../912/15484912.xml">turkey</link></social_relation></politics><link ns0:type="simple" ns0:href="../267/7066267.xml">ukrain</link><link ns0:type="simple" ns0:href="../182/2274182.xml">unit</link><physical_entity wordnetid="100001930" confidence="0.8"><person wordnetid="100007846" confidence="0.8"><worker wordnetid="109632518" confidence="0.8"><causal_agent wordnetid="100007347" confidence="0.8"><link ns0:type="simple" ns0:href="../615/16032615.xml">vietnam</link></causal_agent></worker></person></physical_entity></p></col></row><row><col style=" padding-right:0.4em; padding-bottom:0.4em; padding-left:0.4em; border-bottom:solid 1px #aaa; padding-top:0.4em; "><p><link ns0:type="simple" ns0:href="../461/14946461.xml">list</link><link ns0:type="simple" ns0:href="../086/1121086.xml">anarchopunk band</link><link ns0:type="simple" ns0:href="../104/3786104.xml">book</link><link ns0:type="simple" ns0:href="../185/218185.xml">commun</link><link ns0:type="simple" ns0:href="../843/4507843.xml">fiction charact</link><link ns0:type="simple" ns0:href="../009/9465009.xml">jewish anarchist</link><link ns0:type="simple" ns0:href="../081/1548081.xml">musician</link><link ns0:type="simple" ns0:href="../960/773960.xml">organ</link><link ns0:type="simple" ns0:href="../080/11836080.xml">period</link><link ns0:type="simple" ns0:href="../989/4758989.xml">poet</link><link ns0:type="simple" ns0:href="../706/5225706.xml">russian anarchist</link></p></col></row><row><col style=" padding-right:0.4em; padding-bottom:0.4em; padding-left:0.4em; border-bottom:solid 1px #aaa; padding-top:0.4em; "><p>relat topic<link ns0:type="simple" ns0:href="../443/44443.xml">anticapit</link><link ns0:type="simple" ns0:href="../658/18940658.xml#xpointer(//*[./st=%22Anarchist+anti-communism%22])">anticommun</link><link ns0:type="simple" ns0:href="../109/3942109.xml">anticonsumer</link><link ns0:type="simple" ns0:href="../803/715803.xml">anticorporat</link><information wordnetid="105816287" confidence="0.8"><political_orientation wordnetid="106212839" confidence="0.8"><example wordnetid="105820620" confidence="0.8"><link ns0:type="simple" ns0:href="../816/93816.xml">antiglob</link></example></political_orientation></information><link ns0:type="simple" ns0:href="../698/3483698.xml">antimilitar</link><link ns0:type="simple" ns0:href="../771/2029771.xml">antistat</link><link ns0:type="simple" ns0:href="../091/214091.xml">antiwar</link><school wordnetid="108276720" confidence="0.8"><political_orientation wordnetid="106212839" confidence="0.8"><educational_institution wordnetid="108276342" confidence="0.8"><institution wordnetid="108053576" confidence="0.8"><link ns0:type="simple" ns0:href="../659/5170659.xml">autarch</link></institution></educational_institution></political_orientation></school><link ns0:type="simple" ns0:href="../264/4685264.xml">autonom</link><link ns0:type="simple" ns0:href="../687/19287687.xml">labour movement</link><link ns0:type="simple" ns0:href="../162/408162.xml">left commun</link><link ns0:type="simple" ns0:href="../498/3225498.xml">libertarian</link><link ns0:type="simple" ns0:href="../358/19134358.xml">libertarian perspect revolut</link><political_orientation wordnetid="106212839" confidence="0.8"><link ns0:type="simple" ns0:href="../048/18048.xml">libertarian social</link></political_orientation><group wordnetid="100031264" confidence="0.8"><link ns0:type="simple" ns0:href="../521/57521.xml">situationist intern</link></group></p></col></row><row><col style=" padding-right:0.4em; padding-bottom:0.4em; padding-left:0.4em; border-bottom:solid 1px #aaa; padding-top:0.4em; ">anarch portal philosophi portal polit portal</col></row><row><col style="" /></row></table><p>thi list<link ns0:type="simple" ns0:href="../676/80676.xml">anarchopunk</link>band includ anarchist band label<link ns0:type="simple" ns0:href="../705/586705.xml">crust punk</link><music_genre wordnetid="107071942" confidence="0.9508927676800064"><link ns0:type="simple" ns0:href="../416/1045416.xml">dbeat</link></music_genre><link ns0:type="simple" ns0:href="../010/73010.xml">hardcor</link><link ns0:type="simple" ns0:href="../905/1754905.xml">folk punk</link></p><p><table summary="Contents" id="toc" class="toc"><row><col style="width:4.5em;">content</col><col><link ns0:type="simple" ns0:href="#xpointer(//*[./st=%22top%22])">top</link><link ns0:type="simple" ns0:href="#xpointer(//*[./st=%220=E2=80=939%22])" /><link ns0:type="simple" ns0:href="#xpointer(//*[./st=%22A%22])" /><link ns0:type="simple" ns0:href="#xpointer(//*[./st=%22B%22])" /><link ns0:type="simple" ns0:href="#xpointer(//*[./st=%22C%22])" /><link ns0:type="simple" ns0:href="#xpointer(//*[./st=%22D%22])" /><link ns0:type="simple" ns0:href="#xpointer(//*[./st=%22E%22])" /><link ns0:type="simple" ns0:href="#xpointer(//*[./st=%22F%22])" /><link ns0:type="simple" ns0:href="#xpointer(//*[./st=%22G%22])" /><link ns0:type="simple" ns0:href="#xpointer(//*[./st=%22H%22])" /><link ns0:type="simple" ns0:href="#xpointer(//*[./st=%22I%22])" /><link ns0:type="simple" ns0:href="#xpointer(//*[./st=%22J%22])" /><link ns0:type="simple" ns0:href="#xpointer(//*[./st=%22K%22])" /><link ns0:type="simple" ns0:href="#xpointer(//*[./st=%22L%22])" /><link ns0:type="simple" ns0:href="#xpointer(//*[./st=%22M%22])" /><link ns0:type="simple" ns0:href="#xpointer(//*[./st=%22N%22])" /><link ns0:type="simple" ns0:href="#xpointer(//*[./st=%22O%22])" /><link ns0:type="simple" ns0:href="#xpointer(//*[./st=%22P%22])" /><link ns0:type="simple" ns0:href="#xpointer(//*[./st=%22Q%22])" /><link ns0:type="simple" ns0:href="#xpointer(//*[./st=%22R%22])" /><link ns0:type="simple" ns0:href="#xpointer(//*[./st=%22S%22])" /><link ns0:type="simple" ns0:href="#xpointer(//*[./st=%22T%22])" /><link ns0:type="simple" ns0:href="#xpointer(//*[./st=%22U%22])" /><link ns0:type="simple" ns0:href="#xpointer(//*[./st=%22V%22])" /><link ns0:type="simple" ns0:href="#xpointer(//*[./st=%22W%22])" /><link ns0:type="simple" ns0:href="#xpointer(//*[./st=%22X%22])" /><link ns0:type="simple" ns0:href="#xpointer(//*[./st=%22Y%22])" /><link ns0:type="simple" ns0:href="#xpointer(//*[./st=%22Z%22])" />__notoc__</col></row></table></p><sec><st /><p><list><entry level="1" type="bullet"><social_group wordnetid="107950920" confidence="0.8"><set wordnetid="108240169" confidence="0.8"><group wordnetid="100031264" confidence="0.8"><link ns0:type="simple" ns0:href="../256/1363256.xml">apolit</link></group></set></social_group></entry><entry level="1" type="bullet"><link ns0:type="simple" ns0:href="../ury/24th_century.xml">adhes</link>especi materi</entry><entry level="1" type="bullet"><social_group wordnetid="107950920" confidence="0.8"><set wordnetid="108240169" confidence="0.8"><group wordnetid="100031264" confidence="0.8"><link ns0:type="simple" ns0:href="../106/622106.xml">author</link></group></set></social_group></entry><entry level="1" type="bullet"><link ns0:type="simple" ns0:href="../704/288704.xml" />earli</entry><entry level="1" type="bullet"><link>american cultur experi</link></entry><entry level="1" type="bullet"><social_group wordnetid="107950920" confidence="0.8"><set wordnetid="108240169" confidence="0.8"><musical_organization wordnetid="108246613" confidence="0.8"><group wordnetid="100031264" confidence="0.8"><link ns0:type="simple" ns0:href="../762/1583762.xml">amebix</link></group></musical_organization></set></social_group></entry><entry level="1" type="bullet"><link ns0:type="simple" ns0:href="../508/43508.xml">amen</link></entry><entry level="1" type="bullet"><link>anarchoi</link></entry><entry level="1" type="bullet"><link>anarcho folko</link></entry><entry level="1" type="bullet"><group wordnetid="100031264" confidence="0.8"><link ns0:type="simple" ns0:href="../020/16816020.xml">andrew jackson jihad</link></group></entry><entry level="1" type="bullet"><link ns0:type="simple" ns0:href="../844/2151844.xml">anima mundi</link></entry><entry level="1" type="bullet"><link ns0:type="simple" ns0:href="../253/247253.xml">anthrax</link></entry><entry level="1" type="bullet"><link ns0:type="simple" ns0:href="../100/2131100.xml">anticimex</link></entry><entry level="1" type="bullet"><artist wordnetid="109812338" confidence="0.9508927676800064"><link ns0:type="simple" ns0:href="../683/157683.xml">antiflag</link></artist></entry><entry level="1" type="bullet"><link ns0:type="simple" ns0:href="../655/8233655.xml">antiproduct</link></entry><entry level="1" type="bullet"><social_group wordnetid="107950920" confidence="0.8"><set wordnetid="108240169" confidence="0.8"><group wordnetid="100031264" confidence="0.8"><link ns0:type="simple" ns0:href="../990/9993990.xml">antisch</link></group></set></social_group></entry><entry level="1" type="bullet"><social_group wordnetid="107950920" confidence="0.8"><set wordnetid="108240169" confidence="0.8"><musical_organization wordnetid="108246613" confidence="0.8"><group wordnetid="100031264" confidence="0.8"><link ns0:type="simple" ns0:href="../885/1702885.xml">antisect</link></group></musical_organization></set></social_group></entry><entry level="1" type="bullet"><link ns0:type="simple" ns0:href="../640/1312640.xml">antisystem</link></entry><entry level="1" type="bullet"><social_group wordnetid="107950920" confidence="0.8"><set wordnetid="108240169" confidence="0.8"><musical_organization wordnetid="108246613" confidence="0.8"><group wordnetid="100031264" confidence="0.8"><link ns0:type="simple" ns0:href="../124/12549124.xml" /></group></musical_organization></set></social_group></entry><entry level="1" type="bullet"><social_group wordnetid="107950920" confidence="0.8"><set wordnetid="108240169" confidence="0.8"><group wordnetid="100031264" confidence="0.8"><link ns0:type="simple" ns0:href="../398/183398.xml">apf brigad</link></group></set></social_group></entry><entry level="1" type="bullet"><social_group wordnetid="107950920" confidence="0.8"><set wordnetid="108240169" confidence="0.8"><group wordnetid="100031264" confidence="0.8"><link ns0:type="simple" ns0:href="../136/2639136.xml">apostl</link></group></set></social_group></entry><entry level="1" type="bullet"><link ns0:type="simple" ns0:href="../560/3468560.xml">appl</link></entry><entry level="1" type="bullet"><link ns0:type="simple" ns0:href="../682/321682.xml">assuck</link></entry><entry level="1" type="bullet"><social_group wordnetid="107950920" confidence="0.8"><set wordnetid="108240169" confidence="0.8"><musical_organization wordnetid="108246613" confidence="0.8"><group wordnetid="100031264" confidence="0.8"><link ns0:type="simple" ns0:href="../255/796255.xml">ausrotten</link></group></musical_organization></set></social_group></entry><entry level="1" type="bullet"><social_group wordnetid="107950920" confidence="0.8"><set wordnetid="108240169" confidence="0.8"><group wordnetid="100031264" confidence="0.8"><link ns0:type="simple" ns0:href="../461/1465461.xml">autumn poison</link></group></set></social_group></entry><entry level="1" type="bullet"><social_group wordnetid="107950920" confidence="0.8"><set wordnetid="108240169" confidence="0.8"><group wordnetid="100031264" confidence="0.8"><link ns0:type="simple" ns0:href="../163/2372163.xml">avskum</link></group></set></social_group></entry></list></p></sec><sec><st /><p><list><entry level="1" type="bullet"><social_group wordnetid="107950920" confidence="0.8"><set wordnetid="108240169" confidence="0.8"><musical_organization wordnetid="108246613" confidence="0.8"><group wordnetid="100031264" confidence="0.8"><link ns0:type="simple" ns0:href="../142/8168142.xml">enemi</link></group></musical_organization></set></social_group></entry><entry level="1" type="bullet"><link ns0:type="simple" ns0:href="../165/4957165.xml">blatz</link></entry><entry level="1" type="bullet"><social_group wordnetid="107950920" confidence="0.8"><set wordnetid="108240169" confidence="0.8"><group wordnetid="100031264" confidence="0.8"><link ns0:type="simple" ns0:href="../943/2633943.xml">blyth power</link></group></set></social_group></entry><entry level="1" type="bullet"><link>bb gat</link></entry><entry level="1" type="bullet"><link>bread water</link></entry><entry level="1" type="bullet"><social_group wordnetid="107950920" confidence="0.8"><set wordnetid="108240169" confidence="0.8"><group wordnetid="100031264" confidence="0.8"><link ns0:type="simple" ns0:href="../516/2377516.xml">bu station looni</link></group></set></social_group></entry></list></p></sec><sec><st /><p><list><entry level="1" type="bullet"><social_group wordnetid="107950920" confidence="0.8"><set wordnetid="108240169" confidence="0.8"><group wordnetid="100031264" confidence="0.8"><link ns0:type="simple" ns0:href="../879/2817879.xml">capitalist casualti</link></group></set></social_group></entry><entry level="1" type="bullet"><group wordnetid="100031264" confidence="0.8"><link ns0:type="simple" ns0:href="../995/4036995.xml">caustic christ</link></group></entry><entry level="1" type="bullet"><social_group wordnetid="107950920" confidence="0.8"><set wordnetid="108240169" confidence="0.8"><group wordnetid="100031264" confidence="0.8"><link ns0:type="simple" ns0:href="../437/8553437.xml">concret sox</link></group></set></social_group></entry><entry level="1" type="bullet"><social_group wordnetid="107950920" confidence="0.8"><set wordnetid="108240169" confidence="0.8"><musical_organization wordnetid="108246613" confidence="0.8"><group wordnetid="100031264" confidence="0.8"><link ns0:type="simple" ns0:href="../500/11858500.xml">chao uk</link></group></musical_organization></set></social_group></entry><entry level="1" type="bullet"><group wordnetid="100031264" confidence="0.8"><link ns0:type="simple" ns0:href="../579/563579.xml">choke victim</link></group></entry><entry level="1" type="bullet"><artist wordnetid="109812338" confidence="0.9508927676800064"><link ns0:type="simple" ns0:href="../606/145606.xml">chumbawamba</link></artist></entry><entry level="1" type="bullet"><group wordnetid="100031264" confidence="0.8"><link ns0:type="simple" ns0:href="../339/567339.xml">citizen fish</link></group></entry><entry level="1" type="bullet"><social_group wordnetid="107950920" confidence="0.8"><set wordnetid="108240169" confidence="0.8"><musical_organization wordnetid="108246613" confidence="0.8"><group wordnetid="100031264" confidence="0.8"><link ns0:type="simple" ns0:href="../666/238666.xml">conflict</link></group></musical_organization></set></social_group></entry><entry level="1" type="bullet"><group wordnetid="100031264" confidence="0.8"><link ns0:type="simple" ns0:href="../746/5800746.xml">cooter</link></group></entry><entry level="1" type="bullet"><social_group wordnetid="107950920" confidence="0.8"><set wordnetid="108240169" confidence="0.8"><musical_organization wordnetid="108246613" confidence="0.8"><group wordnetid="100031264" confidence="0.8"><link ns0:type="simple" ns0:href="../424/5870424.xml">crass</link></group></musical_organization></set></social_group></entry><entry level="1" type="bullet"><link ns0:type="simple" ns0:href="../897/1607897.xml">cress</link></entry><entry level="1" type="bullet"><social_group wordnetid="107950920" confidence="0.8"><set wordnetid="108240169" confidence="0.8"><group wordnetid="100031264" confidence="0.8"><link ns0:type="simple" ns0:href="../269/88269.xml">crucifix</link></group></set></social_group></entry><entry level="1" type="bullet"><group wordnetid="100031264" confidence="0.8"><link ns0:type="simple" ns0:href="../714/894714.xml">crucifuck</link></group></entry><entry level="1" type="bullet"><social_group wordnetid="107950920" confidence="0.8"><set wordnetid="108240169" confidence="0.8"><musical_organization wordnetid="108246613" confidence="0.8"><group wordnetid="100031264" confidence="0.8"><link ns0:type="simple" ns0:href="../986/1593986.xml">cultur shock</link></group></musical_organization></set></social_group></entry></list></p></sec><sec><st /><p><list><entry level="1" type="bullet"><social_group wordnetid="107950920" confidence="0.8"><set wordnetid="108240169" confidence="0.8"><musical_organization wordnetid="108246613" confidence="0.8"><group wordnetid="100031264" confidence="0.8"><link ns0:type="simple" ns0:href="../954/7954.xml">dead kennedi</link></group></musical_organization></set></social_group></entry><entry level="1" type="bullet"><social_group wordnetid="107950920" confidence="0.8"><set wordnetid="108240169" confidence="0.8"><group wordnetid="100031264" confidence="0.8"><link ns0:type="simple" ns0:href="../836/2558836.xml">defianc ohio</link></group></set></social_group></entry><entry level="1" type="bullet"><link ns0:type="simple" ns0:href="../975/9703975.xml">diatrib</link></entry><entry level="1" type="bullet"><social_group wordnetid="107950920" confidence="0.8"><set wordnetid="108240169" confidence="0.8"><group wordnetid="100031264" confidence="0.8"><link ns0:type="simple" ns0:href="../549/1563549.xml">dirt</link></group></set></social_group></entry><entry level="1" type="bullet"><social_group wordnetid="107950920" confidence="0.8"><set wordnetid="108240169" confidence="0.8"><group wordnetid="100031264" confidence="0.8"><link ns0:type="simple" ns0:href="../518/965518.xml">discharg</link></group></set></social_group></entry><entry level="1" type="bullet"><social_group wordnetid="107950920" confidence="0.8"><set wordnetid="108240169" confidence="0.8"><group wordnetid="100031264" confidence="0.8"><link ns0:type="simple" ns0:href="../399/1419399.xml">disclos</link></group></set></social_group></entry><entry level="1" type="bullet"><social_group wordnetid="107950920" confidence="0.8"><set wordnetid="108240169" confidence="0.8"><group wordnetid="100031264" confidence="0.8"><link ns0:type="simple" ns0:href="../210/4107210.xml">disfear</link></group></set></social_group></entry><entry level="1" type="bullet"><link ns0:type="simple" ns0:href="../984/196984.xml">disord</link></entry><entry level="1" type="bullet"><link ns0:type="simple" ns0:href="../110/1356110.xml">disrupt</link></entry><entry level="1" type="bullet"><social_group wordnetid="107950920" confidence="0.8"><set wordnetid="108240169" confidence="0.8"><group wordnetid="100031264" confidence="0.8"><link ns0:type="simple" ns0:href="../969/5171969.xml">disrupt</link></group></set></social_group></entry><entry level="1" type="bullet"><social_group wordnetid="107950920" confidence="0.8"><set wordnetid="108240169" confidence="0.8"><group wordnetid="100031264" confidence="0.8"><link ns0:type="simple" ns0:href="../730/401730.xml">doa</link></group></set></social_group></entry><entry level="1" type="bullet"><social_group wordnetid="107950920" confidence="0.8"><set wordnetid="108240169" confidence="0.8"><musical_organization wordnetid="108246613" confidence="0.8"><group wordnetid="100031264" confidence="0.8"><link ns0:type="simple" ns0:href="../098/1595098.xml">doom</link></group></musical_organization></set></social_group></entry><entry level="1" type="bullet"><group wordnetid="100031264" confidence="0.8"><link ns0:type="simple" ns0:href="../912/1356912.xml">dropdead</link></group></entry><entry level="1" type="bullet"><social_group wordnetid="107950920" confidence="0.8"><set wordnetid="108240169" confidence="0.8"><musical_organization wordnetid="108246613" confidence="0.8"><group wordnetid="100031264" confidence="0.8"><link ns0:type="simple" ns0:href="../076/1545076.xml">dystopia</link></group></musical_organization></set></social_group></entry><entry level="1" type="bullet"><musical_organization wordnetid="108246613" confidence="0.8"><group wordnetid="100031264" confidence="0.8"><link ns0:type="simple" ns0:href="../310/254310.xml">dead boy</link></group></musical_organization></entry></list></p></sec><sec><st /><p><list><entry level="1" type="bullet"><link ns0:type="simple" ns0:href="../821/787821.xml">ekkaia</link></entry><entry level="1" type="bullet"><social_group wordnetid="107950920" confidence="0.8"><set wordnetid="108240169" confidence="0.8"><musical_organization wordnetid="108246613" confidence="0.8"><group wordnetid="100031264" confidence="0.8"><link ns0:type="simple" ns0:href="../659/6986659.xml">electro hippi</link></group></musical_organization></set></social_group></entry><entry level="1" type="bullet"><social_group wordnetid="107950920" confidence="0.8"><set wordnetid="108240169" confidence="0.8"><group wordnetid="100031264" confidence="0.8"><link ns0:type="simple" ns0:href="../349/1567349.xml" /></group></set></social_group></entry><entry level="1" type="bullet"><social_group wordnetid="107950920" confidence="0.8"><set wordnetid="108240169" confidence="0.8"><group wordnetid="100031264" confidence="0.8"><link ns0:type="simple" ns0:href="../202/5194202.xml">exitst</link></group></set></social_group></entry><entry level="1" type="bullet"><social_group wordnetid="107950920" confidence="0.8"><set wordnetid="108240169" confidence="0.8"><musical_organization wordnetid="108246613" confidence="0.8"><group wordnetid="100031264" confidence="0.8"><link ns0:type="simple" ns0:href="../868/3633868.xml">extinct mankind</link></group></musical_organization></set></social_group></entry><entry level="1" type="bullet"><musical_organization wordnetid="108246613" confidence="0.8"><group wordnetid="100031264" confidence="0.8"><link ns0:type="simple" ns0:href="../354/1008354.xml">extrem nois terror</link></group></musical_organization></entry></list></p></sec><sec><st /><p><list><entry level="1" type="bullet"><social_group wordnetid="107950920" confidence="0.8"><set wordnetid="108240169" confidence="0.8"><group wordnetid="100031264" confidence="0.8"><link ns0:type="simple" ns0:href="../005/3023005.xml">feederz</link></group></set></social_group></entry><entry level="1" type="bullet"><group wordnetid="100031264" confidence="0.8"><link ns0:type="simple" ns0:href="../336/1956336.xml">fartz</link></group></entry><entry level="1" type="bullet"><social_group wordnetid="107950920" confidence="0.8"><set wordnetid="108240169" confidence="0.8"><group wordnetid="100031264" confidence="0.8"><link ns0:type="simple" ns0:href="../841/230841.xml">fatal microb</link></group></set></social_group></entry><entry level="1" type="bullet"><link ns0:type="simple" ns0:href="../823/1936823.xml">flea lice</link></entry><entry level="1" type="bullet"><record wordnetid="106647206" confidence="0.8"><social_group wordnetid="107950920" confidence="0.8"><set wordnetid="108240169" confidence="0.8"><indication wordnetid="106797169" confidence="0.8"><evidence wordnetid="106643408" confidence="0.8"><group wordnetid="100031264" confidence="0.8"><link ns0:type="simple" ns0:href="../303/4163303.xml">fleshi</link></group></evidence></indication></set></social_group></record></entry><entry level="1" type="bullet"><link ns0:type="simple" ns0:href="../667/1224667.xml">flux pink indian</link></entry></list></p></sec><sec><st /><p><list><entry level="1" type="bullet"><musical_organization wordnetid="108246613" confidence="0.8"><group wordnetid="100031264" confidence="0.8"><link ns0:type="simple" ns0:href="../852/9198852.xml">gallow</link></group></musical_organization></entry><entry level="1" type="bullet"><social_group wordnetid="107950920" confidence="0.8"><set wordnetid="108240169" confidence="0.8"><group wordnetid="100031264" confidence="0.8"><link ns0:type="simple" ns0:href="../266/1574266.xml">ghost mice</link></group></set></social_group></entry></list></p></sec><sec><st /><p><list><entry level="1" type="bullet"><social_group wordnetid="107950920" confidence="0.8"><set wordnetid="108240169" confidence="0.8"><group wordnetid="100031264" confidence="0.8"><link ns0:type="simple" ns0:href="../943/6002943.xml">hagar womb</link></group></set></social_group></entry><entry level="1" type="bullet"><social_group wordnetid="107950920" confidence="0.8"><set wordnetid="108240169" confidence="0.8"><group wordnetid="100031264" confidence="0.8"><link ns0:type="simple" ns0:href="../707/5627707.xml">heart attack</link></group></set></social_group></entry><entry level="1" type="bullet"><social_group wordnetid="107950920" confidence="0.8"><set wordnetid="108240169" confidence="0.8"><group wordnetid="100031264" confidence="0.8"><link ns0:type="simple" ns0:href="../027/5746027.xml">heyoka</link></group></set></social_group></entry><entry level="1" type="bullet"><social_group wordnetid="107950920" confidence="0.8"><set wordnetid="108240169" confidence="0.8"><group wordnetid="100031264" confidence="0.8"><link ns0:type="simple" ns0:href="../259/8312259.xml">hope bomb</link></group></set></social_group></entry><entry level="1" type="bullet"><musical_organization wordnetid="108246613" confidence="0.8"><group wordnetid="100031264" confidence="0.8"><link ns0:type="simple" ns0:href="../194/12627194.xml">hydra</link></group></musical_organization></entry><entry level="1" type="bullet"><fictional_character wordnetid="109587565" confidence="0.8"><imaginary_being wordnetid="109483738" confidence="0.8"><link ns0:type="simple" ns0:href="../918/7984918.xml">hevn</link></imaginary_being></fictional_character></entry></list></p></sec><sec><st /><p><list><entry level="1" type="bullet"><social_group wordnetid="107950920" confidence="0.8"><set wordnetid="108240169" confidence="0.8"><group wordnetid="100031264" confidence="0.8"><link ns0:type="simple" ns0:href="../581/1554581.xml">icon filth</link></group></set></social_group></entry><entry level="1" type="bullet"><link ns0:type="simple" ns0:href="../307/1929307.xml">ire</link></entry><entry level="1" type="bullet"><work wordnetid="104599396" confidence="0.8"><product wordnetid="104007894" confidence="0.8"><print_media wordnetid="106263609" confidence="0.8"><creation wordnetid="103129123" confidence="0.8"><press wordnetid="106263369" confidence="0.8"><artifact wordnetid="100021939" confidence="0.8"><instrumentality wordnetid="103575240" confidence="0.8"><medium wordnetid="106254669" confidence="0.8"><publication wordnetid="106589574" confidence="0.8"><newspaper wordnetid="106267145" confidence="0.8"><link ns0:type="simple" ns0:href="../268/385268.xml">iskra</link></newspaper></publication></medium></instrumentality></artifact></press></creation></print_media></product></work></entry></list></p></sec><sec><st /><p><list><entry level="1" type="bullet"><social_group wordnetid="107950920" confidence="0.8"><set wordnetid="108240169" confidence="0.8"><group wordnetid="100031264" confidence="0.8"><link ns0:type="simple" ns0:href="../193/5575193.xml">kaao</link></group></set></social_group></entry><entry level="1" type="bullet"><social_group wordnetid="107950920" confidence="0.8"><set wordnetid="108240169" confidence="0.8"><group wordnetid="100031264" confidence="0.8"><link ns0:type="simple" ns0:href="../387/353387.xml">krondstadt upris</link></group></set></social_group></entry><entry level="1" type="bullet"><social_group wordnetid="107950920" confidence="0.8"><set wordnetid="108240169" confidence="0.8"><group wordnetid="100031264" confidence="0.8"><link ns0:type="simple" ns0:href="../851/2109851.xml">kukl</link></group></set></social_group></entry></list></p></sec><sec><st /><p><list><entry level="1" type="bullet"><link>resist</link></entry><entry level="1" type="bullet"><link>leftver crack</link></entry><entry level="1" type="bullet"><social_group wordnetid="107950920" confidence="0.8"><set wordnetid="108240169" confidence="0.8"><group wordnetid="100031264" confidence="0.8"><link ns0:type="simple" ns0:href="../810/5270810.xml">lost cherre</link></group></set></social_group></entry><entry level="1" type="bullet"><link ns0:type="simple" ns0:href="../461/1465461.xml">love law</link></entry><entry level="1" type="bullet"><social_group wordnetid="107950920" confidence="0.8"><set wordnetid="108240169" confidence="0.8"><group wordnetid="100031264" confidence="0.8"><link ns0:type="simple" ns0:href="../272/2156272.xml">lo crudo</link></group></set></social_group></entry></list></p></sec><sec><st /><p><list><entry level="1" type="bullet"><link>middl finger treatment</link></entry><entry level="1" type="bullet"><link ns0:type="simple" ns0:href="../515/415515.xml">dead cop</link></entry><entry level="1" type="bullet"><artist wordnetid="109812338" confidence="0.9508927676800064"><link ns0:type="simple" ns0:href="../967/8050967.xml">mischief brew</link></artist></entry><entry level="1" type="bullet"><link ns0:type="simple" ns0:href="../260/894260.xml">mob</link></entry><entry level="1" type="bullet"><musical_organization wordnetid="108246613" confidence="0.8"><group wordnetid="100031264" confidence="0.8"><link ns0:type="simple" ns0:href="../180/2305180.xml">mob</link></group></musical_organization></entry></list></p></sec><sec><st /><p><list><entry level="1" type="bullet"><social_group wordnetid="107950920" confidence="0.8"><set wordnetid="108240169" confidence="0.8"><group wordnetid="100031264" confidence="0.8"><link ns0:type="simple" ns0:href="../984/2820984.xml">nake aggress</link></group></set></social_group></entry><entry level="1" type="bullet"><social_group wordnetid="107950920" confidence="0.8"><set wordnetid="108240169" confidence="0.8"><musical_organization wordnetid="108246613" confidence="0.8"><group wordnetid="100031264" confidence="0.8"><link ns0:type="simple" ns0:href="../362/2518362.xml">nausea</link></group></musical_organization></set></social_group></entry><entry level="1" type="bullet"><social_group wordnetid="107950920" confidence="0.8"><set wordnetid="108240169" confidence="0.8"><group wordnetid="100031264" confidence="0.8"><link ns0:type="simple" ns0:href="../685/7669685.xml" /></group></set></social_group></entry></list></p></sec><sec><st /><p><list><entry level="1" type="bullet"><social_group wordnetid="107950920" confidence="0.8"><set wordnetid="108240169" confidence="0.8"><group wordnetid="100031264" confidence="0.8"><link ns0:type="simple" ns0:href="../099/240099.xml">oi polloi</link></group></set></social_group></entry><entry level="1" type="bullet"><artist wordnetid="109812338" confidence="0.9508927676800064"><link ns0:type="simple" ns0:href="../914/6542914.xml">omega tribe</link></artist></entry></list></p></sec><sec><st /><p><list><entry level="1" type="bullet"><link>partner</link></entry><entry level="1" type="bullet"><link>pancrea checker rectum</link></entry><entry level="1" type="bullet"><group wordnetid="100031264" confidence="0.8"><link ns0:type="simple" ns0:href="../245/12603245.xml">phobia</link></group></entry><entry level="1" type="bullet"><social_group wordnetid="107950920" confidence="0.8"><set wordnetid="108240169" confidence="0.8"><group wordnetid="100031264" confidence="0.8"><link ns0:type="simple" ns0:href="../332/536332.xml">pictur frame seduct</link></group></set></social_group></entry><entry level="1" type="bullet"><link>pinkerton thug</link></entry><entry level="1" type="bullet"><social_group wordnetid="107950920" confidence="0.8"><set wordnetid="108240169" confidence="0.8"><group wordnetid="100031264" confidence="0.8"><link ns0:type="simple" ns0:href="../749/1523749.xml">poison girl</link></group></set></social_group></entry><entry level="1" type="bullet"><social_group wordnetid="107950920" confidence="0.8"><set wordnetid="108240169" confidence="0.8"><group wordnetid="100031264" confidence="0.8"><link ns0:type="simple" ns0:href="../002/2939002.xml">politicid</link></group></set></social_group></entry><entry level="1" type="bullet"><social_group wordnetid="107950920" confidence="0.8"><set wordnetid="108240169" confidence="0.8"><musical_organization wordnetid="108246613" confidence="0.8"><group wordnetid="100031264" confidence="0.8"><link ns0:type="simple" ns0:href="../923/763923.xml">propagandhi</link></group></musical_organization></set></social_group></entry></list></p></sec><sec><st /><p><list><entry level="1" type="bullet"><social_group wordnetid="107950920" confidence="0.8"><set wordnetid="108240169" confidence="0.8"><musical_organization wordnetid="108246613" confidence="0.8"><group wordnetid="100031264" confidence="0.8"><link ns0:type="simple" ns0:href="../530/336530.xml">reagan youth</link></group></musical_organization></set></social_group></entry><entry level="1" type="bullet"><social_group wordnetid="107950920" confidence="0.8"><set wordnetid="108240169" confidence="0.8"><group wordnetid="100031264" confidence="0.8"><link ns0:type="simple" ns0:href="../170/10219170.xml">riot</link></group></set></social_group></entry><entry level="1" type="bullet"><social_group wordnetid="107950920" confidence="0.8"><set wordnetid="108240169" confidence="0.8"><group wordnetid="100031264" confidence="0.8"><link ns0:type="simple" ns0:href="../459/81459.xml">riotclon</link></group></set></social_group></entry><entry level="1" type="bullet"><social_group wordnetid="107950920" confidence="0.8"><set wordnetid="108240169" confidence="0.8"><group wordnetid="100031264" confidence="0.8"><link ns0:type="simple" ns0:href="../037/3841037.xml">rubella ballet</link></group></set></social_group></entry><entry level="1" type="bullet"><social_group wordnetid="107950920" confidence="0.8"><set wordnetid="108240169" confidence="0.8"><musical_organization wordnetid="108246613" confidence="0.8"><group wordnetid="100031264" confidence="0.8"><link ns0:type="simple" ns0:href="../056/236056.xml">rudimentari peni</link></group></musical_organization></set></social_group></entry></list></p></sec><sec><st /><p><list><entry level="1" type="bullet"><social_group wordnetid="107950920" confidence="0.8"><set wordnetid="108240169" confidence="0.8"><group wordnetid="100031264" confidence="0.8"><link ns0:type="simple" ns0:href="../339/6571339.xml">sedit</link></group></set></social_group></entry><entry level="1" type="bullet"><social_group wordnetid="107950920" confidence="0.8"><set wordnetid="108240169" confidence="0.8"><group wordnetid="100031264" confidence="0.8"><link ns0:type="simple" ns0:href="../408/3174408.xml">sin dio</link></group></set></social_group></entry><entry level="1" type="bullet"><musical_organization wordnetid="108246613" confidence="0.8"><group wordnetid="100031264" confidence="0.8"><link ns0:type="simple" ns0:href="../789/7957789.xml">skitsystem</link></group></musical_organization></entry><entry level="1" type="bullet"><link ns0:type="simple" ns0:href="../112/3080112.xml">sore throat</link></entry><entry level="1" type="bullet"><social_group wordnetid="107950920" confidence="0.8"><set wordnetid="108240169" confidence="0.8"><group wordnetid="100031264" confidence="0.8"><link ns0:type="simple" ns0:href="../700/4119700.xml">stalag</link></group></set></social_group></entry><entry level="1" type="bullet"><social_group wordnetid="107950920" confidence="0.8"><set wordnetid="108240169" confidence="0.8"><musical_organization wordnetid="108246613" confidence="0.8"><group wordnetid="100031264" confidence="0.8"><link ns0:type="simple" ns0:href="../631/208631.xml">subhuman</link></group></musical_organization></set></social_group></entry><entry level="1" type="bullet"><link>scatha scotland</link></entry></list></p></sec><sec><st /><p><list><entry level="1" type="bullet"><social_group wordnetid="107950920" confidence="0.8"><set wordnetid="108240169" confidence="0.8"><group wordnetid="100031264" confidence="0.8"><link ns0:type="simple" ns0:href="../143/8819143.xml">thatcher acid</link></group></set></social_group></entry><entry level="1" type="bullet"><link ns0:type="simple" ns0:href="../521/864521.xml">thi bike pipe bomb</link></entry><entry level="1" type="bullet"><musical_organization wordnetid="108246613" confidence="0.8"><group wordnetid="100031264" confidence="0.8"><link ns0:type="simple" ns0:href="../337/757337.xml">toxic narcot</link></group></musical_organization></entry><entry level="1" type="bullet"><social_group wordnetid="107950920" confidence="0.8"><set wordnetid="108240169" confidence="0.8"><group wordnetid="100031264" confidence="0.8"><link ns0:type="simple" ns0:href="../892/1764892.xml">toxic wast</link></group></set></social_group></entry><entry level="1" type="bullet"><artist wordnetid="109812338" confidence="0.9508927676800064"><link ns0:type="simple" ns0:href="../724/1005724.xml">tragedi</link></artist></entry></list></p></sec><sec><st /><p><list><entry level="1" type="bullet"><social_group wordnetid="107950920" confidence="0.8"><set wordnetid="108240169" confidence="0.8"><group wordnetid="100031264" confidence="0.8"><link ns0:type="simple" ns0:href="../910/757910.xml">varuk</link></group></set></social_group></entry><entry level="1" type="bullet"><social_group wordnetid="107950920" confidence="0.8"><set wordnetid="108240169" confidence="0.8"><musical_organization wordnetid="108246613" confidence="0.8"><group wordnetid="100031264" confidence="0.8"><link ns0:type="simple" ns0:href="../534/3013534.xml">vennaskond</link></group></musical_organization></set></social_group></entry><entry level="1" type="bullet"><link>vernix</link></entry></list></p></sec><sec><st /><p><list><entry level="1" type="bullet"><social_group wordnetid="107950920" confidence="0.8"><set wordnetid="108240169" confidence="0.8"><musical_organization wordnetid="108246613" confidence="0.8"><group wordnetid="100031264" confidence="0.8"><link ns0:type="simple" ns0:href="../104/4107104.xml">wolfbrigad</link></group></musical_organization></set></social_group>formerli wolfpack</entry><entry level="1" type="bullet"><link ns0:type="simple" ns0:href="../929/58929.xml">witch hunt</link></entry><entry level="1" type="bullet"><link ns0:type="simple" ns0:href="../277/465277.xml">wizo</link>deutsch punk</entry><entry level="1" type="bullet"><link>wochati</link></entry><entry level="1" type="bullet"><link ns0:type="simple" ns0:href="../789/1637789.xml">worldinferno friendship societi</link></entry></list></p></sec><sec><st /><p><list><entry level="1" type="bullet"><social_group wordnetid="107950920" confidence="0.8"><set wordnetid="108240169" confidence="0.8"><group wordnetid="100031264" confidence="0.8"><link ns0:type="simple" ns0:href="../708/454708.xml">youth asia</link></group></set></social_group></entry></list></p></sec><sec><st /><p><list><entry level="1" type="bullet"><social_group wordnetid="107950920" confidence="0.8"><set wordnetid="108240169" confidence="0.8"><group wordnetid="100031264" confidence="0.8"><link ns0:type="simple" ns0:href="../942/1324942.xml">zegota</link></group></set></social_group></entry><entry level="1" type="bullet"><link ns0:type="simple" ns0:href="../752/326752.xml">zound</link></entry></list></p></sec><sec><st /><p><list><entry level="1" type="bullet"><link ns0:type="simple" ns0:href="../705/395705.xml">list musician genr</link></entry><entry level="1" type="bullet"><link ns0:type="simple" ns0:href="../081/1548081.xml">list anarchist musician</link></entry><entry level="1" type="bullet"><link ns0:type="simple" ns0:href="../911/14555911.xml">list crust punk band</link></entry></list></p></sec></bdy></article>