<article xmlns:ns0="http://www.w3.org/1999/xlink"><organization confidence="0.9511911446218017" wordnetid="108008335"><header><title>chariti badg</title><id /><revision><id /><timestamp /><contributor><username>scapler</username><id /></contributor></revision><categories><category>nonprofit organ</category><category>philanthrop organ</category><category>chariti</category><category>social economi</category><category /></categories></header><bdy>chariti badg<link ns0:type="simple" ns0:href="../554/33554.xml">widget</link><link ns0:type="simple" ns0:href="../898/33898.xml">websit</link><link ns0:type="simple" ns0:href="../645/33645.xml">blog</link><link ns0:type="simple" ns0:href="../726/325726.xml">social network</link><link ns0:type="simple" ns0:href="../738/9738.xml">email</link>promot humanitarian initi mainli gather donat<link ns0:type="simple" ns0:href="../362/9728362.xml">chariti</link>project<p>idea wa initi<company wordnetid="108058098" confidence="0.9508927676800064"><link ns0:type="simple" ns0:href="../213/188213.xml">yahoo</link></company>search engin<link ns0:type="simple" ns0:href="../662/8988662.xml">network good</link>chariti<link ns0:type="simple" ns0:href="../677/2351677.xml">aggreg</link></p><p>compani allow websit owner<link ns0:type="simple" ns0:href="../645/33645.xml">blogger</link>person badg set link favourit chariti creat possibl wide social involv donat</p><p>survey peopl chariti becaus person connect ha contribut<ref ns0:type="simple" ns0:href="#xpointer(//reflist/entry[@id=%221%22])" /></p><p>chariti badg method ha gain popular commun onlin user yahoo promot contest gather biggest quantiti onetim donat<ref ns0:type="simple" ns0:href="#xpointer(//reflist/entry[@id=%222%22])" /></p><sec><st /><p><list><entry level="1" type="bullet"><link ns0:type="simple" ns0:href="../662/8988662.xml">network good</link></entry><entry level="1" type="bullet"><link ns0:type="simple" ns0:href="../845/8988845.xml">sixdegreesorg</link></entry></list></p></sec><sec><st>refer</st><p><reflist><entry id="1"><weblink ns0:type="simple" ns0:href="http://www.readwriteweb.com/archives/charity_badge.php">chariti badg power social network good</weblink>readwrit web</entry><entry id="2"><weblink ns0:type="simple" ns0:href="http://promotions.yahoo.com/giving/topten.php">top chariti badg</weblink>yahoo good</entry></reflist></p></sec><sec><st>extern link</st><p><list><entry level="1" type="bullet"><weblink ns0:type="simple" ns0:href="http://promotions.yahoo.com/giving/topten.php">chariti badg power social network good</weblink></entry><entry level="1" type="bullet"><weblink ns0:type="simple" ns0:href="http://www.networkforgood.org/">network good chariti badg aggreg</weblink></entry></list></p><p><table style=";" class="navbox" cellspacing="0"><row><col style="padding:2px;"><table style="width:100%;background:transparent;color:inherit;;" class="nowraplinks collapsible autocollapse " cellspacing="0"><row><header colspan="2" style=";background:#FFFF00;" class="navbox-title">topic relat<link ns0:type="simple" ns0:href="../362/9728362.xml">chariti</link></header></row><row style="height:2px;" /><row><col style=";background:#FFFF00;;" class="navbox-group">main topic</col><col style="text-align:left;border-left:2px solid #fdfdfd;width:100%;padding:0px;;;" class="navbox-list navbox-odd"><link ns0:type="simple" ns0:href="../050/220050.xml">philanthropi</link><link ns0:type="simple" ns0:href="../636/68636.xml">alm</link><link ns0:type="simple" ns0:href="../952/438952.xml">tzedakah</link><link ns0:type="simple" ns0:href="../455/34455.xml">zakat</link><link ns0:type="simple" ns0:href="../336/336.xml">altruism</link><link ns0:type="simple" ns0:href="../021/50021.xml">gift</link><link ns0:type="simple" ns0:href="../725/367725.xml">donat</link><link ns0:type="simple" ns0:href="../181/7902181.xml">altern</link><link ns0:type="simple" ns0:href="../437/11050437.xml">youth philanthropi</link><link ns0:type="simple" ns0:href="../705/32705.xml">volunt</link><link ns0:type="simple" ns0:href="../649/596649.xml">charit contribut</link><link ns0:type="simple" ns0:href="../385/603385.xml">nobless oblig</link></col></row><row style="height:2px" /><row><col style=";background:#FFFF00;;" class="navbox-group">organ type</col><col style="text-align:left;border-left:2px solid #fdfdfd;width:100%;padding:0px;;;" class="navbox-list navbox-even"><idea wordnetid="105833840" confidence="0.8"><concept wordnetid="105835747" confidence="0.8"><category wordnetid="105838765" confidence="0.8"><type wordnetid="105840188" confidence="0.8"><kind wordnetid="105839024" confidence="0.8"><link ns0:type="simple" ns0:href="../539/46539.xml">nongovernment organ</link></kind></type></category></concept></idea><link ns0:type="simple" ns0:href="../565/148565.xml">regist chariti charit trust</link><link ns0:type="simple" ns0:href="../306/693306.xml">foundat</link><link ns0:type="simple" ns0:href="../749/11727749.xml">privat foundat</link><idea wordnetid="105833840" confidence="0.8"><concept wordnetid="105835747" confidence="0.8"><category wordnetid="105838765" confidence="0.8"><type wordnetid="105840188" confidence="0.8"><kind wordnetid="105839024" confidence="0.8"><link ns0:type="simple" ns0:href="../487/72487.xml">nonprofit organ</link></kind></type></category></concept></idea><link ns0:type="simple" ns0:href="../487/72487.xml">notforprofit corpor</link><idea wordnetid="105833840" confidence="0.8"><concept wordnetid="105835747" confidence="0.8"><category wordnetid="105838765" confidence="0.8"><type wordnetid="105840188" confidence="0.8"><volition wordnetid="105652593" confidence="0.8"><kind wordnetid="105839024" confidence="0.8"><faculty wordnetid="105650329" confidence="0.8"><link ns0:type="simple" ns0:href="../679/1176679.xml">charit organ</link></faculty></kind></volition></type></category></concept></idea></col></row><row style="height:2px" /><row><col style=";background:#FFFF00;;" class="navbox-group">addit topic</col><col style="text-align:left;border-left:2px solid #fdfdfd;width:100%;padding:0px;;;" class="navbox-list navbox-odd"><link ns0:type="simple" ns0:href="../998/3549998.xml">chariti navig</link><link ns0:type="simple" ns0:href="../662/8988662.xml">network good</link><link ns0:type="simple" ns0:href="../159/11221159.xml">chariti badg</link><link ns0:type="simple" ns0:href="../306/10803306.xml">list charit foundat</link><link ns0:type="simple" ns0:href="../140/70140.xml">clicktodon site</link><link ns0:type="simple" ns0:href="../732/17623732.xml">pushka</link><link ns0:type="simple" ns0:href="../823/4610823.xml">halukka</link><link ns0:type="simple" ns0:href="../002/18011002.xml">meshulach</link></col></row></table></col></row></table></p></sec></bdy></organization></article>