<article xmlns:ns0="http://www.w3.org/1999/xlink"><police_department confidence="0.9508927676800064" wordnetid="108121542"><department confidence="0.9511911446218017" wordnetid="108114861"><header><title>univers california polic depart</title><id /><revision><id /><timestamp /><contributor><username /><id /></contributor></revision><categories><category>specialist polic depart california</category><category>univers california</category><category>school polic depart unit</category></categories></header><bdy><template><name>infobox polic depart</name><parameters><jurisdiction>univers</jurisdiction><non-sworn /><name>univers california polic depart davi</name><CSO /><sworn /><chief>annett</chief></parameters></template><template><name>infobox polic depart</name><parameters><established /><jurisdiction>univers</jurisdiction><non-sworn /><name>univers california polic depart berkeley</name><CSO /><sworn /><chief>victoria harrison</chief></parameters></template><template><name>infobox polic depart</name><parameters><established /><jurisdiction>univers</jurisdiction><name>univers california polic depart santa barbara</name><CSO /><sworn /><chief>bill bean</chief></parameters></template><template><name>infobox law enforc agenc</name><parameters><stations /><sworntype>offic</sworntype><agencyname>univers california polic depart</agencyname><sworn /><divtype /><logo>univers california polic depart</logo><speciality>educ</speciality><abbreviation>ucpd</abbreviation><formedyear /><police /><country>unit</country><legaljuris>univers california</legaljuris><divname>california</divname></parameters></template><template><name>infobox polic depart</name><parameters><stations /><established /><jurisdiction>univers</jurisdiction><non-sworn /><name>univers california polic depart riversid</name><CSO /><sworn>includ offic</sworn><chief>mike lane</chief></parameters></template><template><name>infobox polic depart</name><parameters><established /><jurisdiction>univers</jurisdiction><name>univers california polic depart merc</name><sworn /><chief>rita spaur</chief></parameters></template><template><name>infobox polic depart</name><parameters><jurisdiction>univers</jurisdiction><name>univers california polic depart angel</name><CSO /><sworn /><chief>karl ross</chief></parameters></template><template><name>infobox polic depart</name><parameters><established /><jurisdiction>univers</jurisdiction><name>univers california polic depart irvin</name><sworn /><chief>paul</chief></parameters></template><template><name>infobox polic depart</name><parameters><jurisdiction>univers</jurisdiction><name>univers california polic depart san francisco</name><sworn /><chief>pamela</chief></parameters></template><template><name>infobox polic depart</name><parameters><established /><jurisdiction>univers</jurisdiction><name>univers california polic depart san diego</name><sworn /><chief>orvil king</chief></parameters></template><template><name>infobox polic depart</name><parameters><established /><jurisdiction>univers</jurisdiction><name>univers california polic depart santa cruz</name><sworn /><chief>mickey</chief></parameters></template><p>univers california polic depart ucpd<link ns0:type="simple" ns0:href="../627/23627.xml">polic</link>agenc charg provid law enforc campus<university wordnetid="108286163" confidence="0.9508927676800064"><link ns0:type="simple" ns0:href="../921/31921.xml">univers california</link></university>system</p><sec><st>histori</st><p>univers california establish move campu berkeley san francisco angel campus shortli origin ucpd depart berkeley found<conflict wordnetid="100958896" confidence="0.9508927676800064"><link ns0:type="simple" ns0:href="../461/4764461.xml">war</link></conflict>septemb regent univers california establish ucpd law enforc agenc</p></sec><sec><st>author jurisdict</st><p>ucpd polic agenc california statewid jurisdict author exampl includ<law_enforcement_agency wordnetid="108348815" confidence="0.9508927676800064"><link ns0:type="simple" ns0:href="../561/432561.xml">california highway patrol</link></law_enforcement_agency><police_department wordnetid="108121542" confidence="0.9508927676800064"><link ns0:type="simple" ns0:href="../982/10059982.xml">california univers polic depart</link></police_department><link ns0:type="simple" ns0:href="../191/8000191.xml">california depart fish game</link>ucpd offic california polic offic empow<written_communication wordnetid="106349220" confidence="0.8"><code wordnetid="106667317" confidence="0.8"><link ns0:type="simple" ns0:href="../687/1167687.xml">california penal code</link></code></written_communication>author duli sworn<link ns0:type="simple" ns0:href="../263/1876263.xml">peac offic</link><country wordnetid="108544813" confidence="0.9508927676800064"><link ns0:type="simple" ns0:href="../407/5407.xml">california</link></country><ref ns0:type="simple" ns0:href="#xpointer(//reflist/entry[@id=%221%22])" />california educ code wide geograph rang enforc law<ref ns0:type="simple" ns0:href="#xpointer(//reflist/entry[@id=%222%22])" /></p></sec><sec><st>organ</st><p>depart consist ten depart campu led<link ns0:type="simple" ns0:href="../281/764281.xml">chief polic</link>depart singl chief ucpd chief select depart central coordin current chief karl ross ucla coordin respons compil<link ns0:type="simple" ns0:href="../487/177487.xml">crime statist</link>campu requir<link ns0:type="simple" ns0:href="../329/2251329.xml" />ensur depart oper ucpd mission coordin dictat day day oper depart depart set<link ns0:type="simple" ns0:href="../853/3969853.xml">standard oper polici</link></p><p>ucpd coordin organ depart share central mission philosophi includ<link ns0:type="simple" ns0:href="../277/1510277.xml">commun orient polic</link>depart maintain commun frequent call<link ns0:type="simple" ns0:href="../228/62228.xml">mutual aid</link>facilit depart standard uniform duti gear includ trunk radio system depart allow personnel issu radio campu</p><p>depart<link ns0:type="simple" ns0:href="../788/9127788.xml">commun servic offic</link>cso program cso student employe perform task depart job descript vari depart depart util cso perform night escort build check gener citizen assist cso legal author main purpos addit eye ear depart</p><p>ten ucpd depart<artifact wordnetid="100021939" confidence="0.8"><instrumentality wordnetid="103575240" confidence="0.8"><weapon wordnetid="104565375" confidence="0.8"><device wordnetid="103183080" confidence="0.8"><instrument wordnetid="103574816" confidence="0.8"><link ns0:type="simple" ns0:href="../746/237746.xml">taser</link></instrument></device></weapon></instrumentality></artifact>angel san diego irvin riversid davi merc san francisco santa barbara santa cruz berkeley current intend purchas taser<ref ns0:type="simple" ns0:href="#xpointer(//reflist/entry[@id=%223%22])" /><ref ns0:type="simple" ns0:href="#xpointer(//reflist/entry[@id=%224%22])" /><ref ns0:type="simple" ns0:href="#xpointer(//reflist/entry[@id=%225%22])" /><ref ns0:type="simple" ns0:href="#xpointer(//reflist/entry[@id=%226%22])" /></p><ss1><st>special divis</st><p>addit cso program ucpd depart commun divis polic dispatch center access point campu depart staff detect divis investig crime case report citizen patrol offic</p><p>addit standard polic bureau ucpd depart staff special polic public safeti unit includ emerg medic servic bomb squad crime prevent unit special respons team crime lab dignitari protect unit negoti entri team</p></ss1></sec><sec><st>individu depart</st><ss1><st>ucpd berkeley</st><p>addit cso<university wordnetid="108286163" confidence="0.9508927676800064"><ranking wordnetid="114429484" confidence="0.9508927676800064"><link ns0:type="simple" ns0:href="../922/31922.xml">ucb</link></ranking></university>polic depart employ fulltim secur patrol offic spo spo fulltim member polic depart perform duti write polic report employe escort build secur current spo station northwest anim facil richmond field station marchant build physic plant facil</p><p>ucb polic depart<link ns0:type="simple" ns0:href="../279/1018279.xml">memorandum understand</link><village wordnetid="108672738" confidence="0.9508927676800064"><link ns0:type="simple" ns0:href="../860/4860.xml">citi berkeley</link></village><police_department wordnetid="108121542" confidence="0.9508927676800064"><link ns0:type="simple" ns0:href="../644/10301644.xml">polic depart</link></police_department></p><p>ucb polic depart locat hall berkeley</p></ss1><ss1><st>ucpd davi</st><p><university wordnetid="108286163" confidence="0.9508927676800064"><ranking wordnetid="114429484" confidence="0.9508927676800064"><link ns0:type="simple" ns0:href="../924/31924.xml">ucd</link></ranking></university>polic depart locat shield ave davi emerg dispatch<link ns0:type="simple" ns0:href="../886/10698886.xml">davi fire depart</link></p></ss1><ss1><st>ucpd irvin</st><p><university wordnetid="108286163" confidence="0.9508927676800064"><ranking wordnetid="114429484" confidence="0.9508927676800064"><link ns0:type="simple" ns0:href="../757/44757.xml">uci</link></ranking></university>polic depart locat public servic build irvin</p></ss1><ss1><st>ucpd angel</st><p><university wordnetid="108286163" confidence="0.9508927676800064"><ranking wordnetid="114429484" confidence="0.9508927676800064"><link ns0:type="simple" ns0:href="../765/37765.xml">ucla</link></ranking></university>polic depart temporarili locat kinross ave modern polic station construct depart origin locat westwood plaza angel</p><p>addit<link>ucla commun servic offic program ucla cso</link><weblink ns0:type="simple" ns0:href="http://www.ucpd.ucla.edu/ucpd/cso/" />ucla polic depart oper<link ns0:type="simple" ns0:href="../772/11956772.xml">ucla emerg medic servic ucla</link><weblink ns0:type="simple" ns0:href="http://www.ems.ucla.edu" /><link ns0:type="simple" ns0:href="../475/9008475.xml" />program respond medic call campu well surround<region wordnetid="108630985" confidence="0.8"><vicinity wordnetid="108641113" confidence="0.8"><area wordnetid="108497294" confidence="0.8"><location wordnetid="100027167" confidence="0.8"><section wordnetid="108648322" confidence="0.8"><link ns0:type="simple" ns0:href="../370/8002370.xml">westwood villag</link></section></location></area></vicinity></region>commun hour day day year employe ucla ucla student<respondent wordnetid="110524413" confidence="0.8"><physical_entity wordnetid="100001930" confidence="0.8"><communicator wordnetid="109610660" confidence="0.8"><person wordnetid="100007846" confidence="0.8"><occupation wordnetid="100582388" confidence="0.8"><event wordnetid="100029378" confidence="0.8"><causal_agent wordnetid="100007347" confidence="0.8"><act wordnetid="100030358" confidence="0.8"><psychological_feature wordnetid="100023100" confidence="0.8"><activity wordnetid="100407535" confidence="0.8"><link ns0:type="simple" ns0:href="../ris/5th_arrondissement_of_P$aris.xml">emt</link></activity></psychological_feature></act></causal_agent></event></occupation></person></communicator></physical_entity></respondent>train program own three type<link ns0:type="simple" ns0:href="../317/146317.xml">ambul</link>electr cart special event</p></ss1><ss1><st>ucpd merc</st><p><university wordnetid="108286163" confidence="0.9508927676800064"><link ns0:type="simple" ns0:href="../644/477644.xml" /></university>polic depart locat lake road merc</p></ss1><ss1><st>ucpd riversid</st><p><university wordnetid="108286163" confidence="0.9508927676800064"><ranking wordnetid="114429484" confidence="0.9508927676800064"><link ns0:type="simple" ns0:href="../311/230311.xml" /></ranking></university>polic depart locat canyon crest riversid</p></ss1><ss1><st>ucpd san diego</st><p><university wordnetid="108286163" confidence="0.9508927676800064"><ranking wordnetid="114429484" confidence="0.9508927676800064"><link ns0:type="simple" ns0:href="../927/31927.xml">ucsd</link></ranking></university>polic depart locat gilman drive jolla campu servic complex build</p></ss1><ss1><st>ucpd san francisco</st><p><university wordnetid="108286163" confidence="0.9508927676800064"><link ns0:type="simple" ns0:href="../920/31920.xml">ucsf</link></university>polic depart locat san francisco</p><ss2><st>hast school law</st><p>provid polic servic<link ns0:type="simple" ns0:href="../044/507044.xml">hast school law</link>campu downtown san francisco hast intern secur depart</p></ss2></ss1><ss1><st>ucpd santa barbara</st><p><university wordnetid="108286163" confidence="0.9508927676800064"><ranking wordnetid="114429484" confidence="0.9508927676800064"><link ns0:type="simple" ns0:href="../917/211917.xml">ucsb</link></ranking></university>polic depart locat public safeti build santa barbara</p><p>addit cso program ucsb polic depart oper ucsb paramed rescu unit<weblink ns0:type="simple" ns0:href="http://police.ucsb.edu/paramedics.html" /><link ns0:type="simple" ns0:href="../475/9008475.xml" />program respond medic call campu well surround<village wordnetid="108672738" confidence="0.9508927676800064"><link ns0:type="simple" ns0:href="../132/108132.xml">isla vista</link></village>commun hour day day week day year student employe<respondent wordnetid="110524413" confidence="0.8"><physical_entity wordnetid="100001930" confidence="0.8"><communicator wordnetid="109610660" confidence="0.8"><person wordnetid="100007846" confidence="0.8"><occupation wordnetid="100582388" confidence="0.8"><event wordnetid="100029378" confidence="0.8"><causal_agent wordnetid="100007347" confidence="0.8"><act wordnetid="100030358" confidence="0.8"><psychological_feature wordnetid="100023100" confidence="0.8"><activity wordnetid="100407535" confidence="0.8"><link ns0:type="simple" ns0:href="../ris/5th_arrondissement_of_P$aris.xml">emt</link></activity></psychological_feature></act></causal_agent></event></occupation></person></communicator></physical_entity></respondent>train<work wordnetid="100575741" confidence="0.8"><event wordnetid="100029378" confidence="0.8"><service wordnetid="100577525" confidence="0.8"><act wordnetid="100030358" confidence="0.8"><psychological_feature wordnetid="100023100" confidence="0.8"><activity wordnetid="100407535" confidence="0.8"><link ns0:type="simple" ns0:href="../958/4291958.xml">paramed</link></activity></psychological_feature></act></service></event></work>train<county wordnetid="108546183" confidence="0.9508927676800064"><link ns0:type="simple" ns0:href="../068/82068.xml">santa barbara counti</link></county>allow ambul consid<link ns0:type="simple" ns0:href="../880/1811880.xml" />provid program util type iii<link ns0:type="simple" ns0:href="../317/146317.xml">ambul</link></p></ss1><ss1><st>ucpd santa cruz</st><p><university wordnetid="108286163" confidence="0.9508927676800064"><link ns0:type="simple" ns0:href="../923/31923.xml">ucsc</link></university>polic depart locat barn high santa cruz</p></ss1></sec><sec><st /><p><list><entry level="1" type="bullet"><police_department wordnetid="108121542" confidence="0.9508927676800064"><link ns0:type="simple" ns0:href="../982/10059982.xml">california univers polic depart</link></police_department></entry></list></p></sec><sec><st>extern link</st><p>depart websit<list><entry level="1" type="bullet"><weblink ns0:type="simple" ns0:href="http://police.berkeley.edu/">ucpd berkeley offici websit</weblink></entry><entry level="1" type="bullet"><weblink ns0:type="simple" ns0:href="http://www.police.ucdavis.edu/">ucpd davi offici websit</weblink></entry><entry level="1" type="bullet"><weblink ns0:type="simple" ns0:href="http://www.police.uci.edu/">ucpd irvin offici websit</weblink></entry><entry level="1" type="bullet"><weblink ns0:type="simple" ns0:href="http://www.ucpd.ucla.edu/">ucpd angel offici websit</weblink></entry><entry level="1" type="bullet"><weblink ns0:type="simple" ns0:href="http://police.ucmerced.edu/">ucpd merc offici websit</weblink></entry><entry level="1" type="bullet"><weblink ns0:type="simple" ns0:href="http://police.ucr.edu/">ucpd riversid offici websit</weblink></entry><entry level="1" type="bullet"><weblink ns0:type="simple" ns0:href="http://police.ucsd.edu/">ucpd san diego offici websit</weblink></entry><entry level="1" type="bullet"><weblink ns0:type="simple" ns0:href="http://www.police.ucsf.edu/">ucpd san francisco offici websit</weblink></entry><entry level="1" type="bullet"><weblink ns0:type="simple" ns0:href="http://police.ucsb.edu/">ucpd santa barbara offici websit</weblink></entry><entry level="1" type="bullet"><weblink ns0:type="simple" ns0:href="http://www2.ucsc.edu/police/">ucpd santa cruz offici websit</weblink></entry></list>annual report<list><entry level="1" type="bullet"><weblink ns0:type="simple" ns0:href="http://police.berkeley.edu/annual_report/2005/">annual report</weblink></entry></list></p></sec><sec><st>refer</st><p><reflist><entry id="1"><weblink ns0:type="simple" ns0:href="http://www.leginfo.ca.gov/cgi-bin/waisgate?WAISdocID=8600961058+0+0+0 WAISaction=retrieve">wai document retriev</weblink></entry><entry id="2"><weblink ns0:type="simple" ns0:href="http://www.leginfo.ca.gov/cgi-bin/waisgate?WAISdocID=8601971222+0+0+0 WAISaction=retrieve">wai document retriev</weblink></entry><entry id="3"><weblink ns0:type="simple" ns0:href="http://www.dailybruin.com/news/2006/nov/29/a-closer-look-uc-campuses-exhi/">daili bruin closer campus exhibit vari taser usag guidelin</weblink></entry><entry id="4"><weblink ns0:type="simple" ns0:href="http://www.dailybruin.com/news/2004/apr/16/ucpd-no-plans-to-buy-tasers/">daili bruin ucpd plan buy taser</weblink></entry><entry id="5"><weblink ns0:type="simple" ns0:href="http://www.dailynexus.com/article.php?a=12661">ucpd stun gun spark protest daili nexu</weblink></entry><entry id="6">lin<link />taser limit campus angel time</entry></reflist></p><p><table style=";" class="navbox" cellspacing="0"><row><col style="padding:2px;"><table style="width:100%;background:transparent;color:inherit;;" class="nowraplinks collapsible expanded " cellspacing="0"><row><header colspan="3" style=";background:#0038A8;color:#F2D13D;" class="navbox-title"><university wordnetid="108286163" confidence="0.9508927676800064"><link ns0:type="simple" ns0:href="../921/31921.xml">univers california</link></university><link ns0:type="simple" ns0:href="../225/429225.xml">regent univers california</link></header></row><row style="height:2px;" /><row><col style="width:0%;padding:0px 2px 0px 0px;" rowspan="5"><image width="98px" src="Uc_seal_black.png" /></col><col style=";text-align:center;background:transparent;color:#AAAAAA;;" class="navbox-group">campus</col><col style="text-align:left;border-left:2px solid #fdfdfd;width:100%;padding:0px;text-align:center;;;" class="navbox-list navbox-odd"><university wordnetid="108286163" confidence="0.9508927676800064"><ranking wordnetid="114429484" confidence="0.9508927676800064"><link ns0:type="simple" ns0:href="../922/31922.xml">berkeley</link></ranking></university><university wordnetid="108286163" confidence="0.9508927676800064"><ranking wordnetid="114429484" confidence="0.9508927676800064"><link ns0:type="simple" ns0:href="../924/31924.xml">davi</link></ranking></university><law_school wordnetid="108283051" confidence="0.9508927676800064"><link ns0:type="simple" ns0:href="../044/507044.xml">hast</link></law_school><university wordnetid="108286163" confidence="0.9508927676800064"><ranking wordnetid="114429484" confidence="0.9508927676800064"><link ns0:type="simple" ns0:href="../757/44757.xml">irvin</link></ranking></university><university wordnetid="108286163" confidence="0.9508927676800064"><ranking wordnetid="114429484" confidence="0.9508927676800064"><link ns0:type="simple" ns0:href="../765/37765.xml">angel</link></ranking></university><university wordnetid="108286163" confidence="0.9508927676800064"><link ns0:type="simple" ns0:href="../644/477644.xml">merc</link></university><university wordnetid="108286163" confidence="0.9508927676800064"><ranking wordnetid="114429484" confidence="0.9508927676800064"><link ns0:type="simple" ns0:href="../311/230311.xml">riversid</link></ranking></university><university wordnetid="108286163" confidence="0.9508927676800064"><ranking wordnetid="114429484" confidence="0.9508927676800064"><link ns0:type="simple" ns0:href="../927/31927.xml">san diego</link></ranking></university><university wordnetid="108286163" confidence="0.9508927676800064"><link ns0:type="simple" ns0:href="../920/31920.xml">san francisco</link></university><university wordnetid="108286163" confidence="0.9508927676800064"><ranking wordnetid="114429484" confidence="0.9508927676800064"><link ns0:type="simple" ns0:href="../917/211917.xml">santa barbara</link></ranking></university><university wordnetid="108286163" confidence="0.9508927676800064"><link ns0:type="simple" ns0:href="../923/31923.xml">santa cruz</link></university></col></row><row style="height:2px" /><row><col style=";text-align:center;background:transparent;color:#AAAAAA;;" class="navbox-group">hospit</col><col style="text-align:left;border-left:2px solid #fdfdfd;width:100%;padding:0px;text-align:center;;;" class="navbox-list navbox-even"><hospital wordnetid="103540595" confidence="0.9508927676800064"><link ns0:type="simple" ns0:href="../052/2632052.xml">davi medic center</link></hospital><hospital wordnetid="103540595" confidence="0.9508927676800064"><link ns0:type="simple" ns0:href="../410/2533410.xml">irvin medic center</link></hospital><link ns0:type="simple" ns0:href="../738/1185738.xml">ucla medic center</link><hospital wordnetid="103540595" confidence="0.9508927676800064"><link ns0:type="simple" ns0:href="../979/2651979.xml">ucsd medic center</link></hospital><link ns0:type="simple" ns0:href="../619/2610619.xml">ucsf medic center</link></col></row><row style="height:2px" /><row><col style=";text-align:center;background:transparent;color:#AAAAAA;;" class="navbox-group" /><col style="text-align:left;border-left:2px solid #fdfdfd;width:100%;padding:0px;text-align:center;;;" class="navbox-list navbox-odd"><lab wordnetid="103629986" confidence="0.9508927676800064"><link ns0:type="simple" ns0:href="../214/62214.xml">lawrenc berkeley nation laboratori</link></lab><lab wordnetid="103629986" confidence="0.9508927676800064"><link ns0:type="simple" ns0:href="../039/39039.xml">lawrenc livermor nation laboratori</link></lab><site wordnetid="108651247" confidence="0.8"><region wordnetid="108630985" confidence="0.8"><position wordnetid="108621598" confidence="0.8"><center wordnetid="108523483" confidence="0.8"><point wordnetid="108620061" confidence="0.8"><landmark wordnetid="108624891" confidence="0.8"><area wordnetid="108497294" confidence="0.8"><location wordnetid="100027167" confidence="0.8"><tract wordnetid="108673395" confidence="0.8"><geographical_area wordnetid="108574314" confidence="0.8"><link ns0:type="simple" ns0:href="../145/38145.xml">alamo nation laboratori</link></geographical_area></tract></location></area></landmark></point></center></position></region></site><telescope wordnetid="104403638" confidence="0.9508927676800064"><link ns0:type="simple" ns0:href="../314/203314.xml">keck observatori</link></telescope><observatory wordnetid="103839671" confidence="0.9508927676800064"><link ns0:type="simple" ns0:href="../521/213521.xml">jame lick observatori</link></observatory></col></row></table></col></row></table></p></sec></bdy></department></police_department></article>