<article xmlns:ns0="http://www.w3.org/1999/xlink"><header><title>algorithm engin</title><id /><revision><id /><timestamp /><contributor><username /><id /></contributor></revision><categories><category>algorithm</category><category>theoret comput scienc</category><category>softwar engin</category></categories></header><bdy>algorithm engin combin theoret<link ns0:type="simple" ns0:href="../312/10433312.xml">algorithm design</link>realworld data<link ns0:type="simple" ns0:href="../775/775.xml">algorithm</link>combin<link ns0:type="simple" ns0:href="../615/13615.xml">hardwar</link>devic connect real accur verifi valid algorithm behavior realworld devic simpl data acquisit stimulu devic algorithm implement embed platform fpga<link ns0:type="simple" ns0:href="../553/19553.xml">microprocessor</link>final system design<p><image width="400px" src="AlgorithmEngineering.jpg" /></p><p>term algorithm engin specif organ workshop algorithm engin wae</p><p>help describ step graphic system design modern approach design prototyp deploy embed system combin open graphic program cot hardwar dramat simplifi develop design migrat custom design</p><p>articl discuss algorithm engin respect<link /></p><p>algorithm engin refer process requir transform algorithm robust effici well test easili usabl implement encompass number topic model cach behavior principl good softwar engin main focu experiment algorithm engin parallel comput<person wordnetid="100007846" confidence="0.9508927676800064"><scientist wordnetid="110560637" confidence="0.9508927676800064"><link ns0:type="simple" ns0:href="../647/1759647.xml">david bader</link></scientist></person>bernard moret peter sander<weblink ns0:type="simple" ns0:href="http://lcbb.epfl.ch/~moret/dagstuhl2.pdf" /></p></bdy></article>