<article xmlns:ns0="http://www.w3.org/1999/xlink"><school confidence="0.9508927676800064" wordnetid="108276720"><mathematics confidence="0.9511911446218017" wordnetid="106000644"><header><title>christleton high school</title><id /><revision><id /><timestamp /><contributor><username>keith</username><id /></contributor></revision><categories><category>comprehens school cheshir</category><category>busi enterpris colleg england</category><category>mathemat comput colleg england</category></categories></header><bdy><template><name>infobox school</name><parameters><image width="150px" src="CHS_logo.gif"><caption /></image><ofsted /><street>villag road</street><specialist><link ns0:type="simple" ns0:href="../954/3359954.xml">busi enterpris colleg</link><link ns0:type="simple" ns0:href="../917/9932917.xml">math comput colleg</link></specialist><dms /><type><link ns0:type="simple" ns0:href="../350/699350.xml">comprehens</link><link ns0:type="simple" ns0:href="../442/555442.xml">commun school</link></type><chair_label>chair</chair_label><upper_age /><city><site wordnetid="108651247" confidence="0.9508927676800064"><link ns0:type="simple" ns0:href="../928/4415928.xml">christleton</link></site></city><staff /><name>christleton high school</name><gender><link ns0:type="simple" ns0:href="../118/364118.xml">coeduc</link></gender><enrollment /><longitude /><head>toni</head><lower_age /><head_label>headteach</head_label><website /><established>septemb</established><postcode /><LEA><county wordnetid="108546183" confidence="0.9508927676800064"><link ns0:type="simple" ns0:href="../406/7406.xml">cheshir</link></county></LEA><publication>swan<ref ns0:type="simple" ns0:href="#xpointer(//reflist/entry[@id=%226%22])" /></publication><country><country wordnetid="108544813" confidence="0.9508927676800064"><link ns0:type="simple" ns0:href="../316/9316.xml">england</link></country></country><size /><chair>leak</chair><county><county wordnetid="108546183" confidence="0.9508927676800064"><link ns0:type="simple" ns0:href="../406/7406.xml">cheshir</link></county></county><specialist_pl>true</specialist_pl><motto>strive happi hardwork school<ref ns0:type="simple" ns0:href="#xpointer(//reflist/entry[@id=%225%22])" /></motto><latitude /></parameters></template><p>christleton high school larg comprehens school locat small villag<site wordnetid="108651247" confidence="0.9508927676800064"><link ns0:type="simple" ns0:href="../928/4415928.xml">christleton</link></site>outskirt<site wordnetid="108651247" confidence="0.9508927676800064"><link ns0:type="simple" ns0:href="../718/153718.xml">chester</link></site>current headmast toni school specialist statu math comput busi enterpris<link ns0:type="simple" ns0:href="../641/163641.xml">sixth form</link>offer<link ns0:type="simple" ns0:href="../238/164238.xml">alevel</link>qualif</p><sec><st>school uniform</st><p>current<link ns0:type="simple" ns0:href="../237/38237.xml">uniform</link>school consist white<link ns0:type="simple" ns0:href="../117/264117.xml">shirt</link>polo shirt summer term grey black<link ns0:type="simple" ns0:href="../105/19150105.xml">trouser</link><link ns0:type="simple" ns0:href="../676/231676.xml">skirt</link>tie option summer term blue<link ns0:type="simple" ns0:href="../337/185337.xml" />sixth form relax<link ns0:type="simple" ns0:href="../237/38237.xml">uniform</link>consist male top collar<link ns0:type="simple" ns0:href="../117/264117.xml">shirt</link><link ns0:type="simple" ns0:href="../916/151916.xml">tshirt</link><link ns0:type="simple" ns0:href="../105/19150105.xml">trouser</link>exclud<link ns0:type="simple" ns0:href="../165/1503165.xml">bottom</link>femal sleev top cover shoulder<link ns0:type="simple" ns0:href="../105/19150105.xml">trouser</link><link ns0:type="simple" ns0:href="../676/231676.xml">skirt</link>exclud<link ns0:type="simple" ns0:href="../165/1503165.xml">bottom</link>sex wear top larg logo write cloth impract</p></sec><sec><st>sport facil</st><p>site<link>christleton sport centr</link><link />chester district sport recreat trust facil includ sport hall<link ns0:type="simple" ns0:href="../008/171008.xml">gym</link><diversion wordnetid="100426928" confidence="0.8"><event wordnetid="100029378" confidence="0.8"><sport wordnetid="100523513" confidence="0.8"><act wordnetid="100030358" confidence="0.8"><psychological_feature wordnetid="100023100" confidence="0.8"><activity wordnetid="100407535" confidence="0.8"><link ns0:type="simple" ns0:href="../653/52653.xml">squash</link></activity></psychological_feature></act></sport></event></diversion>court danc room larg outdoor court suitabl<link ns0:type="simple" ns0:href="../773/29773.xml">tenni</link><link ns0:type="simple" ns0:href="../435/185435.xml">footbal</link><ref ns0:type="simple" ns0:href="#xpointer(//reflist/entry[@id=%221%22])" /><link ns0:type="simple" ns0:href="../681/18582681.xml">swim pool</link>built student school free facil<link ns0:type="simple" ns0:href="../324/217324.xml">physic educ</link>lesson break lesson</p></sec><sec><st>school news</st><p>school headlin headteach geoff lawson introduc experi aim help pupil quit<link ns0:type="simple" ns0:href="../052/12254052.xml">smoke</link><ref ns0:type="simple" ns0:href="#xpointer(//reflist/entry[@id=%222%22])" />pupil school permit<link ns0:type="simple" ns0:href="../327/38327.xml">cigarett</link>break day strict supervis teacher</p><p>school news numer time good exam<link ns0:type="simple" ns0:href="../712/151712.xml">gcse</link>level<link ns0:type="simple" ns0:href="../238/164238.xml">level</link>achiev nation averag<ref ns0:type="simple" ns0:href="#xpointer(//reflist/entry[@id=%223%22])" /><link ns0:type="simple" ns0:href="../712/151712.xml">gcse</link>grade<link ns0:type="simple" ns0:href="../238/164238.xml">level</link>grade</p></sec><sec><st>ofst</st><p>school<link ns0:type="simple" ns0:href="../482/301482.xml">ofst</link>inspect june followup previou inspect februari school notic improv inspect school lowest grade grade inadequ effect school sixth form grade satisfactori<ref ns0:type="simple" ns0:href="#xpointer(//reflist/entry[@id=%224%22])" /></p><p>ofst school improv grade effect school grade good sixth form<ref ns0:type="simple" ns0:href="#xpointer(//reflist/entry[@id=%224%22])" /></p></sec><sec><st>improv</st><p>build work complet larg block hous math depart connect school cover area junior student break lunch swim pool describ librari renov number ict facil lot furnitur replac</p></sec><sec><st>refer</st><p><reflist><entry id="1"><weblink ns0:type="simple" ns0:href="http://www.cadsart.co.uk/html/chris.htm">christleton sport centr offici websit</weblink>retriev septemb</entry><entry id="2"><weblink ns0:type="simple" ns0:href="http://news.bbc.co.uk/1/hi/england/1770453.stm">bbc news articl smoke school</weblink>retriev septemb</entry><entry id="3"><weblink ns0:type="simple" ns0:href="http://schoolsfinder.direct.gov.uk/8754149/overview/">school statist</weblink>govern websit septemb</entry><entry id="4"><weblink ns0:type="simple" ns0:href="http://www.ofsted.gov.uk/reports/index.cfm?fuseaction=summary id=111421">ofst report school</weblink>offici websit retriev septemb</entry><entry id="5"><weblink ns0:type="simple" ns0:href="http://www.christletonhigh.co.uk">christleton high school offici websit</weblink>retriev septemb</entry><entry id="6"><weblink ns0:type="simple" ns0:href="http://www.christletonhigh.co.uk/C5/The%20Swan%20Newsletter/default.aspx">swan</weblink>christleton high school magazin retriev septemb</entry></reflist></p></sec><sec><st>extern link</st><p><list><entry level="1" type="bullet"><weblink ns0:type="simple" ns0:href="http://www.christletonhigh.co.uk">christleton high school offici websit</weblink></entry><entry level="1" type="bullet"><weblink ns0:type="simple" ns0:href="http://www.cadsart.co.uk/html/chris.htm">christleton sport centr offici websit</weblink></entry></list></p><p><table style=";" class="navbox" cellspacing="0"><row><col style="padding:2px;"><table style="width:100%;background:transparent;color:inherit;;" class="nowraplinks collapsible autocollapse " cellspacing="0"><row><header colspan="2" style=";" class="navbox-title"><link ns0:type="simple" ns0:href="../022/28022.xml">school</link><county wordnetid="108546183" confidence="0.9508927676800064"><link ns0:type="simple" ns0:href="../406/7406.xml">cheshir</link></county></header></row><row style="height:2px;" /><row><col style=";;" class="navbox-group">primari</col><col style="text-align:left;border-left:2px solid #fdfdfd;width:100%;padding:0px;;;" class="navbox-list navbox-odd"><school wordnetid="108276720" confidence="0.8"><educational_institution wordnetid="108276342" confidence="0.8"><institution wordnetid="108053576" confidence="0.8"><link ns0:type="simple" ns0:href="../680/11964680.xml">brereton church england primari school</link></institution></educational_institution></school><school wordnetid="108276720" confidence="0.8"><educational_institution wordnetid="108276342" confidence="0.8"><institution wordnetid="108053576" confidence="0.8"><link ns0:type="simple" ns0:href="../399/16577399.xml">primari school</link></institution></educational_institution></school><school wordnetid="108276720" confidence="0.8"><educational_institution wordnetid="108276342" confidence="0.8"><institution wordnetid="108053576" confidence="0.8"><link ns0:type="simple" ns0:href="../354/14249354.xml">clare cathol primari school</link></institution></educational_institution></school><school wordnetid="108276720" confidence="0.8"><educational_institution wordnetid="108276342" confidence="0.8"><grade_school wordnetid="108412749" confidence="0.8"><institution wordnetid="108053576" confidence="0.8"><link ns0:type="simple" ns0:href="../176/3941176.xml">thoma wedg church england primari school</link></institution></grade_school></educational_institution></school><school wordnetid="108276720" confidence="0.9508927676800064"><link ns0:type="simple" ns0:href="../429/11501429.xml">church lane primari school</link></school><school wordnetid="108276720" confidence="0.8"><educational_institution wordnetid="108276342" confidence="0.8"><grade_school wordnetid="108412749" confidence="0.8"><institution wordnetid="108053576" confidence="0.8"><link ns0:type="simple" ns0:href="../684/8353684.xml">junior school</link></institution></grade_school></educational_institution></school></col></row><row style="height:2px" /><row><col style=";;" class="navbox-group">comprehens</col><col style="text-align:left;border-left:2px solid #fdfdfd;width:100%;padding:0px;;;" class="navbox-list navbox-even"><school wordnetid="108276720" confidence="0.9508927676800064"><link ns0:type="simple" ns0:href="../523/14017523.xml">hallow cathol colleg macclesfield</link></school><school wordnetid="108276720" confidence="0.9508927676800064"><link ns0:type="simple" ns0:href="../836/17913836.xml">alsag school</link></school><school wordnetid="108276720" confidence="0.9508927676800064"><link ns0:type="simple" ns0:href="../713/11928713.xml">bishop heber high school</link></school><link ns0:type="simple" ns0:href="../873/9356873.xml">bishop blue coat church england high school</link><school wordnetid="108276720" confidence="0.8"><educational_institution wordnetid="108276342" confidence="0.8"><institution wordnetid="108053576" confidence="0.8"><link ns0:type="simple" ns0:href="../122/5235122.xml">cardin newman cathol high school</link></institution></educational_institution></school><school wordnetid="108276720" confidence="0.9508927676800064"><link ns0:type="simple" ns0:href="../509/10143509.xml">christleton high school</link></school><school wordnetid="108276720" confidence="0.9508927676800064"><link ns0:type="simple" ns0:href="../640/5235640.xml">counti high school</link></school><school wordnetid="108276720" confidence="0.9508927676800064"><link ns0:type="simple" ns0:href="../569/14543569.xml">eaton bank school</link></school><school wordnetid="108276720" confidence="0.9508927676800064"><link ns0:type="simple" ns0:href="../977/9592977.xml">ellesmer port specialist school perform art</link></school><school wordnetid="108276720" confidence="0.9508927676800064"><link ns0:type="simple" ns0:href="../884/4605884.xml">fallibroom high school</link></school><school wordnetid="108276720" confidence="0.9508927676800064"><link ns0:type="simple" ns0:href="../918/5748918.xml">frodsham school</link></school><school wordnetid="108276720" confidence="0.8"><educational_institution wordnetid="108276342" confidence="0.8"><institution wordnetid="108053576" confidence="0.8"><link ns0:type="simple" ns0:href="../884/3167884.xml">golborn high school</link></institution></educational_institution></school><school wordnetid="108276720" confidence="0.9508927676800064"><link ns0:type="simple" ns0:href="../748/3660748.xml">great sankey high school</link></school><school wordnetid="108276720" confidence="0.8"><educational_institution wordnetid="108276342" confidence="0.8"><institution wordnetid="108053576" confidence="0.8"><link ns0:type="simple" ns0:href="../985/15753985.xml">halton school</link></institution></educational_institution></school><school wordnetid="108276720" confidence="0.9508927676800064"><link ns0:type="simple" ns0:href="../488/9483488.xml">hartford high school</link></school><school wordnetid="108276720" confidence="0.9508927676800064"><link ns0:type="simple" ns0:href="../824/5230824.xml">helsbi high school</link></school><school wordnetid="108276720" confidence="0.9508927676800064"><link ns0:type="simple" ns0:href="../127/4263127.xml">holm chapel comprehens school</link></school><school wordnetid="108276720" confidence="0.9508927676800064"><link ns0:type="simple" ns0:href="../720/10890720.xml">king grove high school</link></school><body wordnetid="107965085" confidence="0.8"><social_group wordnetid="107950920" confidence="0.8"><school wordnetid="108276720" confidence="0.8"><college wordnetid="108278169" confidence="0.8"><educational_institution wordnetid="108276342" confidence="0.8"><group wordnetid="100031264" confidence="0.8"><institution wordnetid="108053576" confidence="0.8"><link ns0:type="simple" ns0:href="../713/7726713.xml">knutsford high school</link></institution></group></educational_institution></college></school></social_group></body><school wordnetid="108276720" confidence="0.9508927676800064"><link ns0:type="simple" ns0:href="../983/3644983.xml">lymm high school</link></school><school wordnetid="108276720" confidence="0.9508927676800064"><link ns0:type="simple" ns0:href="../411/4788411.xml">middlewich high school</link></school><body wordnetid="107965085" confidence="0.8"><social_group wordnetid="107950920" confidence="0.8"><school wordnetid="108276720" confidence="0.8"><college wordnetid="108278169" confidence="0.8"><educational_institution wordnetid="108276342" confidence="0.8"><group wordnetid="100031264" confidence="0.8"><institution wordnetid="108053576" confidence="0.8"><link ns0:type="simple" ns0:href="../185/7742185.xml">penketh high school</link></institution></group></educational_institution></college></school></social_group></body><body wordnetid="107965085" confidence="0.8"><social_group wordnetid="107950920" confidence="0.8"><school wordnetid="108276720" confidence="0.8"><college wordnetid="108278169" confidence="0.8"><educational_institution wordnetid="108276342" confidence="0.8"><group wordnetid="100031264" confidence="0.8"><institution wordnetid="108053576" confidence="0.8"><link ns0:type="simple" ns0:href="../597/4479597.xml">poynton high school</link></institution></group></educational_institution></college></school></social_group></body><school wordnetid="108276720" confidence="0.9508927676800064"><link ns0:type="simple" ns0:href="../573/2921573.xml">queen park high school</link></school><body wordnetid="107965085" confidence="0.8"><social_group wordnetid="107950920" confidence="0.8"><school wordnetid="108276720" confidence="0.8"><college wordnetid="108278169" confidence="0.8"><educational_institution wordnetid="108276342" confidence="0.8"><group wordnetid="100031264" confidence="0.8"><institution wordnetid="108053576" confidence="0.8"><link ns0:type="simple" ns0:href="../265/14024265.xml">commun high school</link></institution></group></educational_institution></college></school></social_group></body><school wordnetid="108276720" confidence="0.9508927676800064"><link ns0:type="simple" ns0:href="../835/12039835.xml">ruskin sport colleg</link></school><body wordnetid="107965085" confidence="0.8"><social_group wordnetid="107950920" confidence="0.8"><school wordnetid="108276720" confidence="0.8"><college wordnetid="108278169" confidence="0.8"><educational_institution wordnetid="108276342" confidence="0.8"><group wordnetid="100031264" confidence="0.8"><institution wordnetid="108053576" confidence="0.8"><link ns0:type="simple" ns0:href="../430/5235430.xml">gregori cathol high school</link></institution></group></educational_institution></college></school></social_group></body><school wordnetid="108276720" confidence="0.9508927676800064"><link ns0:type="simple" ns0:href="../114/5354114.xml">nichola cathol high school</link></school><school wordnetid="108276720" confidence="0.9508927676800064"><link ns0:type="simple" ns0:href="../780/8032780.xml">thoma school crew</link></school><school wordnetid="108276720" confidence="0.9508927676800064"><link ns0:type="simple" ns0:href="../121/3768121.xml">sandbach school</link></school><school wordnetid="108276720" confidence="0.9508927676800064"><link ns0:type="simple" ns0:href="../660/14417660.xml">sir william commun school</link></school><school wordnetid="108276720" confidence="0.9508927676800064"><link ns0:type="simple" ns0:href="../206/8844206.xml">commun high school</link></school><school wordnetid="108276720" confidence="0.9508927676800064"><link ns0:type="simple" ns0:href="../548/9132548.xml">tytherington high school</link></school><school wordnetid="108276720" confidence="0.9508927676800064"><link ns0:type="simple" ns0:href="../087/11952087.xml">high school</link></school><school wordnetid="108276720" confidence="0.9508927676800064"><link ns0:type="simple" ns0:href="../357/7970357.xml">high school</link></school><body wordnetid="107965085" confidence="0.8"><social_group wordnetid="107950920" confidence="0.8"><school wordnetid="108276720" confidence="0.8"><college wordnetid="108278169" confidence="0.8"><educational_institution wordnetid="108276342" confidence="0.8"><group wordnetid="100031264" confidence="0.8"><institution wordnetid="108053576" confidence="0.8"><link ns0:type="simple" ns0:href="../299/9609299.xml">wilmslow high school</link></institution></group></educational_institution></college></school></social_group></body></col></row><row style="height:2px" /><row><col style=";;" class="navbox-group">sixth form colleg</col><col style="text-align:left;border-left:2px solid #fdfdfd;width:100%;padding:0px;;;" class="navbox-list navbox-even"><school wordnetid="108276720" confidence="0.9508927676800064"><link ns0:type="simple" ns0:href="../697/1476697.xml">sir john dean colleg</link></school></col></row><row style="height:2px" /><row><col style=";;" class="navbox-group">educ sixth form colleg</col><col style="text-align:left;border-left:2px solid #fdfdfd;width:100%;padding:0px;;;" class="navbox-list navbox-odd"><body wordnetid="107965085" confidence="0.8"><social_group wordnetid="107950920" confidence="0.8"><school wordnetid="108276720" confidence="0.8"><college wordnetid="108278169" confidence="0.8"><educational_institution wordnetid="108276342" confidence="0.8"><group wordnetid="100031264" confidence="0.8"><institution wordnetid="108053576" confidence="0.8"><link ns0:type="simple" ns0:href="../967/14527967.xml">macclesfield colleg</link></institution></group></educational_institution></college></school></social_group></body></col></row><row style="height:2px" /><row><col style=";;" class="navbox-group">independ senior</col><col style="text-align:left;border-left:2px solid #fdfdfd;width:100%;padding:0px;;;" class="navbox-list navbox-odd"><school wordnetid="108276720" confidence="0.9508927676800064"><link ns0:type="simple" ns0:href="../379/2455379.xml">king school chester</link></school><school wordnetid="108276720" confidence="0.9508927676800064"><link ns0:type="simple" ns0:href="../032/1009032.xml">king school macclesfield</link></school></col></row><row style="height:2px" /><row><col style=";;" class="navbox-group">independ age</col><col style="text-align:left;border-left:2px solid #fdfdfd;width:100%;padding:0px;;;" class="navbox-list navbox-even"><school wordnetid="108276720" confidence="0.8"><educational_institution wordnetid="108276342" confidence="0.8"><institution wordnetid="108053576" confidence="0.8"><link ns0:type="simple" ns0:href="../996/13125996.xml">hulm hall grammar school</link></institution></educational_institution></school></col></row><row style="height:2px" /><row><col style=";;" class="navbox-group" /><col style="text-align:left;border-left:2px solid #fdfdfd;width:100%;padding:0px;;;" class="navbox-list navbox-odd"><school wordnetid="108276720" confidence="0.9508927676800064"><link ns0:type="simple" ns0:href="../200/5235200.xml">coppenhal high school</link></school><body wordnetid="107965085" confidence="0.8"><social_group wordnetid="107950920" confidence="0.8"><school wordnetid="108276720" confidence="0.8"><college wordnetid="108278169" confidence="0.8"><educational_institution wordnetid="108276342" confidence="0.8"><group wordnetid="100031264" confidence="0.8"><institution wordnetid="108053576" confidence="0.8"><link ns0:type="simple" ns0:href="../993/3957993.xml">henburi high school</link></institution></group></educational_institution></college></school></social_group></body></col></row></table></col></row></table></p><p><table style=";" class="navbox" cellspacing="0"><row><col style="padding:2px;"><table style="width:100%;background:transparent;color:inherit;;" class="nowraplinks collapsible autocollapse " cellspacing="0"><row><header colspan="2" style=";" class="navbox-title"><link ns0:type="simple" ns0:href="../484/4052484.xml">cheshir counti council</link>maintain<link ns0:type="simple" ns0:href="../992/554992.xml">secondari school</link><county wordnetid="108546183" confidence="0.9508927676800064"><link ns0:type="simple" ns0:href="../406/7406.xml">cheshir</link></county><country wordnetid="108544813" confidence="0.9508927676800064"><link ns0:type="simple" ns0:href="../316/9316.xml">england</link></country></header></row><row style="height:2px;" /><row><col colspan="2" style=";" class="navbox-abovebelow"><image width="20px" src="portal.svg" />cheshir portal</col></row><row style="height:2px;" /><row><col style=";;" class="navbox-group"><site wordnetid="108651247" confidence="0.9508927676800064"><link ns0:type="simple" ns0:href="../718/153718.xml">chester</link></site></col><col style="text-align:left;border-left:2px solid #fdfdfd;width:100%;padding:0px;;;" class="navbox-list navbox-odd"><school wordnetid="108276720" confidence="0.9508927676800064"><link ns0:type="simple" ns0:href="../713/11928713.xml">bishop heber high school</link></school><link>high school</link><school wordnetid="108276720" confidence="0.9508927676800064"><link ns0:type="simple" ns0:href="../509/10143509.xml">christleton high school</link></school><link>queen park high school</link><link ns0:type="simple" ns0:href="../873/9356873.xml">bishop blue coat church england high school</link><link>cathol high school chester</link><school wordnetid="108276720" confidence="0.9508927676800064"><link ns0:type="simple" ns0:href="../087/11952087.xml">high school</link></school></col></row><row style="height:2px" /><row><col style=";;" class="navbox-group"><link ns0:type="simple" ns0:href="../775/632775.xml">congleton</link></col><col style="text-align:left;border-left:2px solid #fdfdfd;width:100%;padding:0px;;;" class="navbox-list navbox-even"><school wordnetid="108276720" confidence="0.9508927676800064"><link ns0:type="simple" ns0:href="../836/17913836.xml">alsag school</link></school><link>congleton high school</link><school wordnetid="108276720" confidence="0.9508927676800064"><link ns0:type="simple" ns0:href="../569/14543569.xml">eaton bank school</link></school><school wordnetid="108276720" confidence="0.9508927676800064"><link ns0:type="simple" ns0:href="../127/4263127.xml">holm chapel comprehens school</link></school><school wordnetid="108276720" confidence="0.9508927676800064"><link ns0:type="simple" ns0:href="../411/4788411.xml">middlewich high school</link></school><link ns0:type="simple" ns0:href="../915/17571915.xml">sandbach high school sixth form colleg</link><school wordnetid="108276720" confidence="0.9508927676800064"><link ns0:type="simple" ns0:href="../121/3768121.xml">sandbach school</link></school></col></row><row style="height:2px" /><row><col style=";;" class="navbox-group"><link ns0:type="simple" ns0:href="../882/186882.xml">crew nantwich</link></col><col style="text-align:left;border-left:2px solid #fdfdfd;width:100%;padding:0px;;;" class="navbox-list navbox-odd"><link>brine lea high school</link><school wordnetid="108276720" confidence="0.9508927676800064"><link ns0:type="simple" ns0:href="../200/5235200.xml">coppenhal high school</link></school><link ns0:type="simple" ns0:href="../720/10890720.xml">king grove school</link><link>school sixth form colleg</link><school wordnetid="108276720" confidence="0.9508927676800064"><link ns0:type="simple" ns0:href="../835/12039835.xml">ruskin sport colleg</link></school><link>high school</link><school wordnetid="108276720" confidence="0.9508927676800064"><link ns0:type="simple" ns0:href="../780/8032780.xml">thoma cathol high school</link></school><link>victoria commun technolog school</link></col></row><row style="height:2px" /><row><col style=";;" class="navbox-group"><link ns0:type="simple" ns0:href="../446/314446.xml">ellesmer port neston</link></col><col style="text-align:left;border-left:2px solid #fdfdfd;width:100%;padding:0px;;;" class="navbox-list navbox-even"><link>cheshir oak high school</link><link>ellesmer port cathol high school</link><school wordnetid="108276720" confidence="0.9508927676800064"><link ns0:type="simple" ns0:href="../977/9592977.xml">ellesmer port specialist school perform art</link></school><link>neston high school</link><school wordnetid="108276720" confidence="0.9508927676800064"><link ns0:type="simple" ns0:href="../357/7970357.xml">high school</link></school></col></row><row style="height:2px" /><row><col style=";;" class="navbox-group"><village wordnetid="108672738" confidence="0.9508927676800064"><link ns0:type="simple" ns0:href="../718/396718.xml">halton</link></village></col><col style="text-align:left;border-left:2px solid #fdfdfd;width:100%;padding:0px;;;" class="navbox-list navbox-odd"><school wordnetid="108276720" confidence="0.8"><educational_institution wordnetid="108276342" confidence="0.8"><institution wordnetid="108053576" confidence="0.8"><link ns0:type="simple" ns0:href="../993/11510993.xml">fairfield high school</link></institution></educational_institution></school><school wordnetid="108276720" confidence="0.8"><educational_institution wordnetid="108276342" confidence="0.8"><institution wordnetid="108053576" confidence="0.8"><link ns0:type="simple" ns0:href="../479/14432479.xml">halton high school</link></institution></educational_institution></school><link ns0:type="simple" ns0:href="../733/14431733.xml">saint peter paul cathol colleg</link><school wordnetid="108276720" confidence="0.8"><educational_institution wordnetid="108276342" confidence="0.8"><institution wordnetid="108053576" confidence="0.8"><link ns0:type="simple" ns0:href="../143/14432143.xml">chad cathol high school</link></institution></educational_institution></school><school wordnetid="108276720" confidence="0.8"><educational_institution wordnetid="108276342" confidence="0.8"><institution wordnetid="108053576" confidence="0.8"><link ns0:type="simple" ns0:href="../257/14432257.xml">school</link></institution></educational_institution></school><school wordnetid="108276720" confidence="0.8"><educational_institution wordnetid="108276342" confidence="0.8"><institution wordnetid="108053576" confidence="0.8"><link ns0:type="simple" ns0:href="../510/14432510.xml">grang comprehens school</link></institution></educational_institution></school><school wordnetid="108276720" confidence="0.8"><educational_institution wordnetid="108276342" confidence="0.8"><institution wordnetid="108053576" confidence="0.8"><link ns0:type="simple" ns0:href="../673/5692673.xml">heath school</link></institution></educational_institution></school><school wordnetid="108276720" confidence="0.8"><educational_institution wordnetid="108276342" confidence="0.8"><institution wordnetid="108053576" confidence="0.8"><link ns0:type="simple" ns0:href="../412/14432412.xml">wade deacon high school</link></institution></educational_institution></school></col></row><row style="height:2px" /><row><col style=";;" class="navbox-group"><link ns0:type="simple" ns0:href="../923/621923.xml">macclesfield</link></col><col style="text-align:left;border-left:2px solid #fdfdfd;width:100%;padding:0px;;;" class="navbox-list navbox-even"><link ns0:type="simple" ns0:href="../523/14017523.xml">hallow cathol high school</link><school wordnetid="108276720" confidence="0.9508927676800064"><link ns0:type="simple" ns0:href="../884/4605884.xml">fallibroom high school</link></school><body wordnetid="107965085" confidence="0.8"><social_group wordnetid="107950920" confidence="0.8"><school wordnetid="108276720" confidence="0.8"><college wordnetid="108278169" confidence="0.8"><educational_institution wordnetid="108276342" confidence="0.8"><group wordnetid="100031264" confidence="0.8"><institution wordnetid="108053576" confidence="0.8"><link ns0:type="simple" ns0:href="../993/3957993.xml">henburi high school</link></institution></group></educational_institution></college></school></social_group></body><body wordnetid="107965085" confidence="0.8"><social_group wordnetid="107950920" confidence="0.8"><school wordnetid="108276720" confidence="0.8"><college wordnetid="108278169" confidence="0.8"><educational_institution wordnetid="108276342" confidence="0.8"><group wordnetid="100031264" confidence="0.8"><institution wordnetid="108053576" confidence="0.8"><link ns0:type="simple" ns0:href="../713/7726713.xml">knutsford high school</link></institution></group></educational_institution></college></school></social_group></body><link ns0:type="simple" ns0:href="../816/19454816.xml">macclesfield high school</link><body wordnetid="107965085" confidence="0.8"><social_group wordnetid="107950920" confidence="0.8"><school wordnetid="108276720" confidence="0.8"><college wordnetid="108278169" confidence="0.8"><educational_institution wordnetid="108276342" confidence="0.8"><group wordnetid="100031264" confidence="0.8"><institution wordnetid="108053576" confidence="0.8"><link ns0:type="simple" ns0:href="../597/4479597.xml">poynton high school</link></institution></group></educational_institution></college></school></social_group></body><school wordnetid="108276720" confidence="0.9508927676800064"><link ns0:type="simple" ns0:href="../548/9132548.xml">tytherington high school</link></school><body wordnetid="107965085" confidence="0.8"><social_group wordnetid="107950920" confidence="0.8"><school wordnetid="108276720" confidence="0.8"><college wordnetid="108278169" confidence="0.8"><educational_institution wordnetid="108276342" confidence="0.8"><group wordnetid="100031264" confidence="0.8"><institution wordnetid="108053576" confidence="0.8"><link ns0:type="simple" ns0:href="../299/9609299.xml">wilmslow high school</link></institution></group></educational_institution></college></school></social_group></body></col></row><row style="height:2px" /><row><col style=";;" class="navbox-group"><district wordnetid="108552138" confidence="0.9508927676800064"><link ns0:type="simple" ns0:href="../222/442222.xml">vale royal</link></district></col><col style="text-align:left;border-left:2px solid #fdfdfd;width:100%;padding:0px;;;" class="navbox-list navbox-odd"><school wordnetid="108276720" confidence="0.9508927676800064"><link ns0:type="simple" ns0:href="../918/5748918.xml">frodsham school</link></school><school wordnetid="108276720" confidence="0.9508927676800064"><link ns0:type="simple" ns0:href="../488/9483488.xml">hartford high school</link></school><school wordnetid="108276720" confidence="0.9508927676800064"><link ns0:type="simple" ns0:href="../824/5230824.xml">helsbi high school</link></school><link ns0:type="simple" ns0:href="../265/14024265.xml">commun high school</link><school wordnetid="108276720" confidence="0.9508927676800064"><link ns0:type="simple" ns0:href="../114/5354114.xml">nichola cathol high school</link></school><school wordnetid="108276720" confidence="0.9508927676800064"><link ns0:type="simple" ns0:href="../206/8844206.xml">commun high school</link></school><school wordnetid="108276720" confidence="0.9508927676800064"><link ns0:type="simple" ns0:href="../640/5235640.xml">counti high school</link></school><link>high school</link><link>high school</link><link>woodford lodg high school</link></col></row><row style="height:2px" /><row><col style=";;" class="navbox-group"><link ns0:type="simple" ns0:href="../738/411738.xml">warrington</link></col><col style="text-align:left;border-left:2px solid #fdfdfd;width:100%;padding:0px;;;" class="navbox-list navbox-even"><link>bridgewat high school</link><link>birchwood commun high school</link><link>culcheth high school</link><school wordnetid="108276720" confidence="0.8"><educational_institution wordnetid="108276342" confidence="0.8"><institution wordnetid="108053576" confidence="0.8"><link ns0:type="simple" ns0:href="../122/5235122.xml">cardin newman cathol high school</link></institution></educational_institution></school><school wordnetid="108276720" confidence="0.8"><educational_institution wordnetid="108276342" confidence="0.8"><institution wordnetid="108053576" confidence="0.8"><link ns0:type="simple" ns0:href="../884/3167884.xml">golborn high school</link></institution></educational_institution></school><school wordnetid="108276720" confidence="0.9508927676800064"><link ns0:type="simple" ns0:href="../748/3660748.xml">great sankey high school</link></school><link>commun high school</link><school wordnetid="108276720" confidence="0.9508927676800064"><link ns0:type="simple" ns0:href="../983/3644983.xml">lymm high school</link></school><school wordnetid="108276720" confidence="0.9508927676800064"><link ns0:type="simple" ns0:href="../517/17606517.xml">high school</link></school><body wordnetid="107965085" confidence="0.8"><social_group wordnetid="107950920" confidence="0.8"><school wordnetid="108276720" confidence="0.8"><college wordnetid="108278169" confidence="0.8"><educational_institution wordnetid="108276342" confidence="0.8"><group wordnetid="100031264" confidence="0.8"><institution wordnetid="108053576" confidence="0.8"><link ns0:type="simple" ns0:href="../185/7742185.xml">penketh high school</link></institution></group></educational_institution></college></school></social_group></body><body wordnetid="107965085" confidence="0.8"><social_group wordnetid="107950920" confidence="0.8"><school wordnetid="108276720" confidence="0.8"><college wordnetid="108278169" confidence="0.8"><educational_institution wordnetid="108276342" confidence="0.8"><group wordnetid="100031264" confidence="0.8"><institution wordnetid="108053576" confidence="0.8"><link ns0:type="simple" ns0:href="../430/5235430.xml">gregori cathol high school</link></institution></group></educational_institution></college></school></social_group></body><link>sir thoma high school</link><link>william commun high school</link><link>woolston commun high school</link></col></row><row style="height:2px;" /><row><col colspan="2" style=";" class="navbox-abovebelow"><link ns0:type="simple" ns0:href="../454/9467454.xml">list school cheshir</link></col></row></table></col></row></table></p></sec></bdy></mathematics></school></article>