<article xmlns:ns0="http://www.w3.org/1999/xlink"><entity confidence="0.9511911446218017" wordnetid="100001740"><header><title>cayleypurs algorithm</title><id /><revision><id /><timestamp /><contributor><username /><id /></contributor></revision><categories><category>asymmetrickey cryptosystem</category></categories></header><bdy>cayleypurs algorithm<link ns0:type="simple" ns0:href="../222/24222.xml">publickey cryptographi</link><link ns0:type="simple" ns0:href="../775/775.xml">algorithm</link>publish earli<link ns0:type="simple" ns0:href="../553/34553.xml" />yearold<island wordnetid="109316454" confidence="0.9508927676800064"><link ns0:type="simple" ns0:href="../575/147575.xml" /></island><physical_entity wordnetid="100001930" confidence="0.8"><person wordnetid="100007846" confidence="0.8"><causal_agent wordnetid="100007347" confidence="0.8"><scientist wordnetid="110560637" confidence="0.8"><mathematician wordnetid="110301261" confidence="0.8"><link ns0:type="simple" ns0:href="../380/360380.xml">sarah flanneri</link></mathematician></scientist></causal_agent></person></physical_entity>base unpublish work<link>michael purser</link>founder<company wordnetid="108058098" confidence="0.9508927676800064"><link ns0:type="simple" ns0:href="../845/741845.xml">baltimor technolog</link></company><site wordnetid="108651247" confidence="0.9508927676800064"><link ns0:type="simple" ns0:href="../504/8504.xml">dublin</link></site>data secur compani flanneri name<link ns0:type="simple" ns0:href="../902/18902.xml">mathematician</link><person wordnetid="100007846" confidence="0.9508927676800064"><scientist wordnetid="110560637" confidence="0.9508927676800064"><link ns0:type="simple" ns0:href="../034/311034.xml">arthur cayley</link></scientist></person>flaw publickey algorithm subject consider media attent<sec><st>histori</st><p>placement baltimor technolog flanneri unpublish paper michael purser outlin<link ns0:type="simple" ns0:href="../222/24222.xml">publickey</link>cryptograph scheme<link ns0:type="simple" ns0:href="../390/294390.xml">noncommut</link>multipl ask write implement scheme<software wordnetid="106566077" confidence="0.9508927676800064"><link ns0:type="simple" ns0:href="../024/49024.xml">mathematica</link></software></p><p>placement flanneri attend<link ns0:type="simple" ns0:href="../374/360374.xml">young scientist technolog exhibit</link>project describ exist techniqu<cipher wordnetid="106254239" confidence="0.9508927676800064"><link ns0:type="simple" ns0:href="../405/48405.xml">caesar cipher</link></cipher><link ns0:type="simple" ns0:href="../385/25385.xml">rsa</link>won intel student award includ opportun compet<link ns0:type="simple" ns0:href="../522/1889522.xml">intel intern scienc engin fair</link>unit feel need origin work add exhibit project flanneri ask michael purser permiss includ work base cryptograph scheme</p><p>advic mathematician father flanneri decid<link ns0:type="simple" ns0:href="../728/19008728.xml">matric</link>implement purser scheme<link ns0:type="simple" ns0:href="../280/125280.xml">matrix multipl</link>properti noncommut algorithm depend multipl great deal faster<link ns0:type="simple" ns0:href="../385/25385.xml">rsa</link>algorithm<link ns0:type="simple" ns0:href="../491/99491.xml">expon</link>step intel scienc fair project flanneri prepar demonstr plaintext enciph rsa cayleypurs algorithm time improv</p><p>return young scientist technolog exhibit flanneri formalis cayleypurs runtim analyz varieti attack determin effect</p><p>flanneri claim cayleypurs algorithm replac rsa know cryptograph system stand test time acknowledg secur system media receiv prize exhibit newspap report stori young girl geniu cryptographi</p><p>fact attack algorithm discov shortli analyz includ appendix competit includ competit won major award</p></sec><sec><st>overview</st><p>notat discuss flanneri origin paper</p><ss1><st>key gener</st><p><link ns0:type="simple" ns0:href="../385/25385.xml">rsa</link>cayleypurs gener larg prime product<link ns0:type="simple" ns0:href="../542/339542.xml">semiprim</link>consid<link ns0:type="simple" ns0:href="../564/113564.xml" /><link ns0:type="simple" ns0:href="../564/113564.xml">gener linear group</link>time matric integ element<link ns0:type="simple" ns0:href="../087/20087.xml">modular arithmet</link>mod exampl write</p><p><indent level="1"><math>leftbeginmatrix endmatrixright leftbeginmatrix endmatrixright leftbeginmatrix endmatrixright leftbeginmatrix endmatrixright</math></indent><math>leftbeginmatrix endmatrixright leftbeginmatrix endmatrixright leftbeginmatrix endmatrixright</math></p><p>group chosen larg order larg semiprim equal</p><p><indent level="1"><math /></indent><math>phi</math><mathematical_relation wordnetid="113783581" confidence="0.8"><function wordnetid="113783816" confidence="0.8"><link ns0:type="simple" ns0:href="../452/53452.xml">euler totient function</link></function></mathematical_relation></p><p><math>chi</math><math>alpha</math>matric chosen<math />choos natur number comput</p><p><indent level="1"><math>beta</math></indent><math>gamma</math></p><p>public key<math /><math>alpha</math><math>beta</math><math>gamma</math>privat key<math>chi</math></p></ss1><ss1><st>encrypt</st><p>sender gener random natur number comput</p><p><indent level="1"><math>delta gamma</math></indent><math>epsilon</math><indent level="1"><math>kappa</math></indent>encrypt messag messag block encod number rsa time element plaintext matrix<math /><math />encrypt</p><p><indent level="1"><math /></indent><math /><math>epsilon</math>receiv</p></ss1><ss1><st>decrypt</st><p>receiv recov origin plaintext matrix<math /></p><p><indent level="1"><math>lambda</math></indent><math /></p></ss1></sec><sec><st>secur</st><p>recov privat key<math>chi</math><math>gamma</math>comput infeas hard find squar root mod<link ns0:type="simple" ns0:href="../091/200091.xml">quadrat residu</link>recov<math>alpha</math><math>beta</math>system<math />solv number solut system larg long element group larg order guarante element</p><p>system broken method find multipl<math>chi</math><math>chi</math>public paramet solv congruenc</p><p><indent level="1"><math>equiv epsilon pmod</math></indent><math>delta</math><math />element<math>alpha beta</math>multipl<math>chi</math>deciph present fatal weak system reconcil</p><p>flaw preclud algorithm mix algorithm sender transmit<math>epsilon</math>secretli approach present advantag common approach transmit<link ns0:type="simple" ns0:href="../042/53042.xml">symmetr encrypt</link>key publickey encrypt scheme switch symmetr encrypt faster cayleypurs</p></sec><sec><st>refer</st><p><list><entry level="1" type="bullet">sarah flanneri<weblink ns0:type="simple" ns0:href="http://cryptome.org/flannery-cp.htm">cryptographi investig algorithm rsa</weblink><weblink ns0:type="simple" ns0:href="http://cryptome.org/flannery-cp.pdf">origin pdf</weblink></entry><entry level="1" type="bullet">sarah flanneri david flanneri code mathemat journey isbn</entry></list></p></sec></bdy></entity></article>