<article xmlns:ns0="http://www.w3.org/1999/xlink"><header><title>quantil function</title><id /><revision><id /><timestamp /><contributor><username /><id /></contributor></revision><categories><category>theori probabl distribut</category></categories></header><bdy><indent level="1"><link ns0:type="simple" ns0:href="../184/25184.xml">quantil</link></indent><link ns0:type="simple" ns0:href="../542/23542.xml">probabl theori</link>quantil function<link ns0:type="simple" ns0:href="../543/23543.xml">probabl distribut</link><link ns0:type="simple" ns0:href="../907/14907.xml">invers</link>minu<link ns0:type="simple" ns0:href="../793/5793.xml">cumul distribut function</link>cdf assum continu strictli monoton distribut function<math>scriptstyl</math>quantil function return random draw distribut fall time percent time return<p><indent level="1"><math>prx</math></indent>probabl distribut discret continu gap valu domain cdf cdf weakli monoton flat spot rang case quantil function</p><p><indent level="1"><math>xin</math></indent>probabl quantil function return minimum previou probabl statement hold</p><sec><st>simpl exampl</st><p>exampl quantil function exponenti lambda</p><p><indent level="1"><math /></indent><link ns0:type="simple" ns0:href="../170/25170.xml">quartil</link></p><p><list><entry level="1" type="definition">quartil<math /></entry><entry level="1" type="definition"><link ns0:type="simple" ns0:href="../837/18837.xml">median</link><math /></entry><entry level="1" type="definition">third quartil<math /></entry></list></p></sec><sec><st>applic</st><p>quantil function statist applic<link ns0:type="simple" ns0:href="../098/56098.xml">montecarlo method</link></p><p>statist applic user key percentag point distribut exampl requir median quartil exampl level applic assess<link ns0:type="simple" ns0:href="../995/160995.xml">statist signific</link>observ distribut<link ns0:type="simple" ns0:href="../184/25184.xml">quantil</link>entri statist applic quantil function discuss extens gilchrist</p><p>montecarlo simul employ quantil function produc nonuniform random<link ns0:type="simple" ns0:href="../210/23210.xml">pseudorandom number</link>divers type simul calcul sampl distribut principl appli quantil function sampl uniform distribut demand exampl simul method modern<link ns0:type="simple" ns0:href="../837/2910837.xml">comput financ</link>focus increas attent method base quantil function work well<link ns0:type="simple" ns0:href="../384/19384.xml">multivari</link>techniqu base<link ns0:type="simple" ns0:href="../695/7998695.xml">copula</link>method<know-how wordnetid="105616786" confidence="0.8"><method wordnetid="105660268" confidence="0.8"><link ns0:type="simple" ns0:href="../940/1358940.xml">mont carlo method financ</link></method></know-how></p></sec><sec><st>calcul</st><p>evalu quantil function involv<link ns0:type="simple" ns0:href="../506/21506.xml">numer method</link>exampl exponenti distribut distribut<link ns0:type="simple" ns0:href="../143/585143.xml">closedform express</link>includ<link ns0:type="simple" ns0:href="../835/5509835.xml">uniform</link><structure wordnetid="105726345" confidence="0.8"><arrangement wordnetid="105726596" confidence="0.8"><distribution wordnetid="105729036" confidence="0.8"><link ns0:type="simple" ns0:href="../948/206948.xml">weibul</link></distribution></arrangement></structure><link ns0:type="simple" ns0:href="../666/542666.xml">logist</link><link ns0:type="simple" ns0:href="../106/15657106.xml">loglogist</link>cdf closedform express numer<link ns0:type="simple" ns0:href="../299/153299.xml">rootfind algorithm</link><link ns0:type="simple" ns0:href="../651/646651.xml">bisect method</link>invert cdf algorithm evalu quantil function<work wordnetid="104599396" confidence="0.8"><product wordnetid="104007894" confidence="0.8"><creation wordnetid="103129123" confidence="0.8"><artifact wordnetid="100021939" confidence="0.8"><book wordnetid="106410904" confidence="0.8"><publication wordnetid="106589574" confidence="0.8"><link ns0:type="simple" ns0:href="../539/632539.xml">numer recip</link></publication></book></artifact></creation></product></work>seri book algorithm common distribut built<link ns0:type="simple" ns0:href="../847/3932847.xml">statist softwar</link>packag</p><p>quantil function character solut nonlinear ordinari partial<link ns0:type="simple" ns0:href="../309/1424309.xml">differenti equat</link><link ns0:type="simple" ns0:href="../297/8297.xml">ordinari differenti equat</link>case<link ns0:type="simple" ns0:href="../462/21462.xml">normal</link><link ns0:type="simple" ns0:href="../375/105375.xml">student</link><link ns0:type="simple" ns0:href="../074/207074.xml">beta</link><link ns0:type="simple" ns0:href="../079/207079.xml">gamma</link>distribut solv shaw</p></sec><sec><st>normal distribut</st><p><link ns0:type="simple" ns0:href="../462/21462.xml">normal distribut</link>case absenc simpl formula approxim represent thorough composit ration polynomi approxim web site extern link entri<link ns0:type="simple" ns0:href="../101/1689101.xml">probit</link>function</p><ss1><st>ordinari differenti equat normal quantil</st><p>nonlinear ordinari differenti equat normal quantil</p><p><indent level="1"><math>fracd</math></indent>centr boundari condit</p><p><indent level="1"><math /></indent><indent level="1"><math /></indent>equat solv method includ classic power seri approach solut arbitrarili high accuraci develop shaw</p></ss1></sec><sec><st>student tdistribut</st><p><indent level="1">main articl<mathematical_relation wordnetid="113783581" confidence="0.8"><structure wordnetid="105726345" confidence="0.8"><arrangement wordnetid="105726596" confidence="0.8"><distribution wordnetid="105729036" confidence="0.8"><function wordnetid="113783816" confidence="0.8"><link ns0:type="simple" ns0:href="../375/105375.xml">student tdistribut</link></function></distribution></arrangement></structure></mathematical_relation></indent>histor intract case presenc paramet degre freedom ration approxim awkward simpl formula exist problem reduc solut polynomi case quantil function develop power seri shaw detail simpl case</p><ss1><st>cauchi distribut</st><p /><p><indent level="1">main articl<structure wordnetid="105726345" confidence="0.8"><arrangement wordnetid="105726596" confidence="0.8"><distribution wordnetid="105729036" confidence="0.8"><link ns0:type="simple" ns0:href="../003/7003.xml">cauchi distribut</link></distribution></arrangement></structure></indent><math>tan pip</math></p></ss1><ss1><st /><p /><p><indent level="1"><math /></indent></p></ss1><ss1><st /><p /><p><indent level="1"><math /></indent></p><p><indent level="1"><math>left frac left</math></indent></p><p><indent level="1"><math>alpha</math></indent></p></ss1></sec><sec><st /><p><list><entry level="1" type="bullet"><know-how wordnetid="105616786" confidence="0.8"><method wordnetid="105660268" confidence="0.8"><link ns0:type="simple" ns0:href="../705/45705.xml">invers transform sampl</link></method></know-how></entry></list></p></sec><sec><st>refer</st><p><list><entry level="1" type="bullet"><cite style="font-style:normal" class="book">gilchrist statist model quantil function</cite></entry><entry level="1" type="bullet"><cite style="font-style:normal" class="book">mont carlo method financ</cite></entry><entry level="1" type="bullet"><cite style="font-style:normal">algorithm percentag point normal distribut appli statist<document wordnetid="106470073" confidence="0.8"><written_communication wordnetid="106349220" confidence="0.8"><writing wordnetid="106362953" confidence="0.8"><link ns0:type="simple" ns0:href="../994/422994.xml">doi</link></writing></written_communication></document><weblink ns0:type="simple" ns0:href="http://dx.doi.org/10.2307%2F2347330" /></cite></entry><entry level="1" type="bullet"><cite style="font-style:normal">shaw sampl student distribut invers cumul distribut function journal comput financ</cite></entry><entry level="1" type="bullet"><cite style="font-style:normal">shaw quantil mechan european journal appli mathemat<document wordnetid="106470073" confidence="0.8"><written_communication wordnetid="106349220" confidence="0.8"><writing wordnetid="106362953" confidence="0.8"><link ns0:type="simple" ns0:href="../994/422994.xml">doi</link></writing></written_communication></document><weblink ns0:type="simple" ns0:href="http://dx.doi.org/10.1017%2FS0956792508007341" /></cite></entry></list></p></sec><sec><st>extern link</st><p><list><entry level="1" type="bullet"><weblink ns0:type="simple" ns0:href="http://home.online.no/~pjacklam/notes/invnorm/" />algorithm comput invers normal cumul distribut function</entry></list></p><p><list><entry level="1" type="bullet"><weblink ns0:type="simple" ns0:href="http://www.mth.kcl.ac.uk/~shaww/web_page/papers/NormalQuantile1.pdf" />refin normal quantil</entry></list></p><p><list><entry level="1" type="bullet"><weblink ns0:type="simple" ns0:href="http://www.mth.kcl.ac.uk/~shaww/web_page/papers/Tdistribution06.pdf" />method manag student distribut</entry></list></p><p><list><entry level="1" type="bullet"><weblink ns0:type="simple" ns0:href="http://portal.acm.org/citation.cfm?id=355600">httpportalacmorgcitationcfmid</weblink>acm algorithm student</entry></list></p><p><list><entry level="1" type="bullet"><weblink ns0:type="simple" ns0:href="http://portal.acm.org/citation.cfm?id=168387">httpportalacmorgcitationcfmid</weblink>appli seri expans invers beta distribut find percentil fdistribut</entry></list></p><p><table style=";" class="navbox" cellspacing="0"><row><col style="padding:2px;"><table style="width:100%;background:transparent;color:inherit;;" class="nowraplinks collapsible autocollapse " cellspacing="0"><row><header colspan="3" style=";" class="navbox-title">theori<link ns0:type="simple" ns0:href="../543/23543.xml">probabl distribut</link></header></row><row style="height:2px;" /><row><col colspan="2" style="width:100%;padding:0px;;;" class="navbox-list navbox-odd"><link ns0:type="simple" ns0:href="../725/154725.xml">probabl mass function</link><link ns0:type="simple" ns0:href="../487/43487.xml">probabl densiti function</link>pdf<link ns0:type="simple" ns0:href="../793/5793.xml">cumul distribut function</link>cdf<link ns0:type="simple" ns0:href="../616/10167616.xml">quantil function</link></col><col style="width:0%;padding:0px 0px 0px 2px;" rowspan="5"><image width="90px" src="Loglogisticpdf.svg" /></col></row><row style="height:2px" /><row><col colspan="2" style="width:100%;padding:0px;;;" class="navbox-list navbox-even"><link ns0:type="simple" ns0:href="../684/368684.xml">raw moment</link><link ns0:type="simple" ns0:href="../983/19983.xml">central moment</link><link ns0:type="simple" ns0:href="../653/9653.xml" /><link ns0:type="simple" ns0:href="../344/32344.xml">varianc</link><link ns0:type="simple" ns0:href="../590/27590.xml">standard deviat</link><link ns0:type="simple" ns0:href="../212/28212.xml">skew</link><link ns0:type="simple" ns0:href="../848/16848.xml">kurtosi</link></col></row><row style="height:2px" /><row><col colspan="2" style="width:100%;padding:0px;;;" class="navbox-list navbox-odd"><link ns0:type="simple" ns0:href="../634/194634.xml">function</link><link ns0:type="simple" ns0:href="../401/3229401.xml">characterist function</link><link ns0:type="simple" ns0:href="../841/236841.xml">function</link>pgf<link ns0:type="simple" ns0:href="../684/359684.xml">cumul</link></col></row></table></col></row></table></p></sec></bdy></article>