<article xmlns:ns0="http://www.w3.org/1999/xlink"><site confidence="0.8" wordnetid="108651247"><region confidence="0.8" wordnetid="108630985"><location confidence="0.8" wordnetid="100027167"><tract confidence="0.8" wordnetid="108673395"><entity confidence="0.9511911446218017" wordnetid="100001740"><geographical_area confidence="0.8" wordnetid="108574314"><city confidence="0.9511911446218017" wordnetid="108524735"><header><title>trevi</title><id /><revision><id /><timestamp /><contributor><username /><id /></contributor></revision><categories><category>roman site umbria</category><category>umbria</category><category /><category>commun provinc perugia</category><category>citi town umbria</category><category>trevi</category><category>romanesqu site umbria</category></categories></header><bdy><template><name>infobox cityit</name><parameters><region><region wordnetid="108630039" confidence="0.9508927676800064"><link ns0:type="simple" ns0:href="../590/51590.xml">umbria</link></region></region><postalcode>hillsid valley</postalcode><website><weblink ns0:type="simple" ns0:href="http://www.comune.trevi.pg.it/" /></website><mayor /><population_as_of>dec</population_as_of><saint /><population_density_km2 /><frazioni>borgo<site wordnetid="108651247" confidence="0.8"><region wordnetid="108630985" confidence="0.8"><location wordnetid="100027167" confidence="0.8"><tract wordnetid="108673395" confidence="0.8"><geographical_area wordnetid="108574314" confidence="0.8"><link ns0:type="simple" ns0:href="../683/1024683.xml" /></geographical_area></tract></location></region></site><region wordnetid="108630985" confidence="0.8"><administrative_district wordnetid="108491826" confidence="0.8"><location wordnetid="100027167" confidence="0.8"><municipality wordnetid="108626283" confidence="0.8"><geographical_area wordnetid="108574314" confidence="0.8"><district wordnetid="108552138" confidence="0.8"><urban_area wordnetid="108675967" confidence="0.8"><city wordnetid="108524735" confidence="0.8"><link ns0:type="simple" ns0:href="../218/1040218.xml" /></city></urban_area></district></geographical_area></municipality></location></administrative_district></region>cost<site wordnetid="108651247" confidence="0.8"><region wordnetid="108630985" confidence="0.8"><location wordnetid="100027167" confidence="0.8"><tract wordnetid="108673395" confidence="0.8"><geographical_area wordnetid="108574314" confidence="0.8"><link ns0:type="simple" ns0:href="../346/1074346.xml" /></geographical_area></tract></location></region></site><site wordnetid="108651247" confidence="0.8"><region wordnetid="108630985" confidence="0.8"><location wordnetid="100027167" confidence="0.8"><tract wordnetid="108673395" confidence="0.8"><geographical_area wordnetid="108574314" confidence="0.8"><link ns0:type="simple" ns0:href="../579/1041579.xml" /></geographical_area></tract></location></region></site><site wordnetid="108651247" confidence="0.8"><region wordnetid="108630985" confidence="0.8"><administrative_district wordnetid="108491826" confidence="0.8"><location wordnetid="100027167" confidence="0.8"><tract wordnetid="108673395" confidence="0.8"><municipality wordnetid="108626283" confidence="0.8"><geographical_area wordnetid="108574314" confidence="0.8"><district wordnetid="108552138" confidence="0.8"><urban_area wordnetid="108675967" confidence="0.8"><city wordnetid="108524735" confidence="0.8"><link ns0:type="simple" ns0:href="../107/1061107.xml" /></city></urban_area></district></geographical_area></municipality></tract></location></administrative_district></region></site>san lorenzo santa maria vall</frazioni><timezone><link ns0:type="simple" ns0:href="../730/525730.xml">cet</link><link ns0:type="simple" ns0:href="../276/143276.xml">utc</link></timezone><population_total /><gentilic /><area_total_km2 /><img_coa /><name>trevi</name><province><region wordnetid="108630985" confidence="0.8"><administrative_district wordnetid="108491826" confidence="0.8"><location wordnetid="100027167" confidence="0.8"><state wordnetid="108654360" confidence="0.8"><district wordnetid="108552138" confidence="0.8"><link ns0:type="simple" ns0:href="../244/990244.xml">perugia</link></district></state></location></administrative_district></region></province><day><link ns0:type="simple" ns0:href="../792/15792.xml">januari</link></day><telephone /><elevation_m /><mapx /><coordinates><weblink ns0:type="simple" ns0:href="http://stable.toolserver.org/geohack/geohack.php?pagenameTrevi params42_53_N_12_45_E_type:city(8,007)_region:IT" /></coordinates><mapy /><official_name>comun trevi</official_name></parameters></template>place<link ns0:type="simple" ns0:href="../684/1089684.xml">trevi disambigu</link><p>trevi latin<link ns0:type="simple" ns0:href="../564/1017564.xml" />ancient town<link ns0:type="simple" ns0:href="../055/457055.xml">comun</link><region wordnetid="108630039" confidence="0.9508927676800064"><link ns0:type="simple" ns0:href="../590/51590.xml">umbria</link></region><system wordnetid="108435388" confidence="0.8"><economy wordnetid="108366753" confidence="0.8"><group wordnetid="100031264" confidence="0.8"><link ns0:type="simple" ns0:href="../532/14532.xml">itali</link></group></economy></system>lower flank<link>mont</link>overlook wide plain<link ns0:type="simple" ns0:href="../217/1993217.xml">clitunno</link>river system sse<site wordnetid="108651247" confidence="0.8"><region wordnetid="108630985" confidence="0.8"><administrative_district wordnetid="108491826" confidence="0.8"><location wordnetid="100027167" confidence="0.8"><tract wordnetid="108673395" confidence="0.8"><municipality wordnetid="108626283" confidence="0.8"><geographical_area wordnetid="108574314" confidence="0.8"><district wordnetid="108552138" confidence="0.8"><urban_area wordnetid="108675967" confidence="0.8"><city wordnetid="108524735" confidence="0.8"><link ns0:type="simple" ns0:href="../282/1019282.xml">foligno</link></city></urban_area></district></geographical_area></municipality></tract></location></administrative_district></region></site>north<site wordnetid="108651247" confidence="0.8"><region wordnetid="108630985" confidence="0.8"><location wordnetid="100027167" confidence="0.8"><tract wordnetid="108673395" confidence="0.8"><geographical_area wordnetid="108574314" confidence="0.8"><link ns0:type="simple" ns0:href="../954/282954.xml">spoleto</link></geographical_area></tract></location></region></site><image location="left" width="150px" src="Trevi_z20.JPG" type="thumb"><caption>view trevi</caption></image>popul comun town proper account half rest live<link ns0:type="simple" ns0:href="../430/1990430.xml" />borgo<site wordnetid="108651247" confidence="0.8"><region wordnetid="108630985" confidence="0.8"><location wordnetid="100027167" confidence="0.8"><tract wordnetid="108673395" confidence="0.8"><geographical_area wordnetid="108574314" confidence="0.8"><link ns0:type="simple" ns0:href="../683/1024683.xml" /></geographical_area></tract></location></region></site><region wordnetid="108630985" confidence="0.8"><administrative_district wordnetid="108491826" confidence="0.8"><location wordnetid="100027167" confidence="0.8"><municipality wordnetid="108626283" confidence="0.8"><geographical_area wordnetid="108574314" confidence="0.8"><district wordnetid="108552138" confidence="0.8"><urban_area wordnetid="108675967" confidence="0.8"><city wordnetid="108524735" confidence="0.8"><link ns0:type="simple" ns0:href="../218/1040218.xml" /></city></urban_area></district></geographical_area></municipality></location></administrative_district></region>cost<site wordnetid="108651247" confidence="0.8"><region wordnetid="108630985" confidence="0.8"><location wordnetid="100027167" confidence="0.8"><tract wordnetid="108673395" confidence="0.8"><geographical_area wordnetid="108574314" confidence="0.8"><link ns0:type="simple" ns0:href="../346/1074346.xml" /></geographical_area></tract></location></region></site><site wordnetid="108651247" confidence="0.8"><region wordnetid="108630985" confidence="0.8"><location wordnetid="100027167" confidence="0.8"><tract wordnetid="108673395" confidence="0.8"><geographical_area wordnetid="108574314" confidence="0.8"><link ns0:type="simple" ns0:href="../579/1041579.xml" /></geographical_area></tract></location></region></site><site wordnetid="108651247" confidence="0.8"><region wordnetid="108630985" confidence="0.8"><administrative_district wordnetid="108491826" confidence="0.8"><location wordnetid="100027167" confidence="0.8"><tract wordnetid="108673395" confidence="0.8"><municipality wordnetid="108626283" confidence="0.8"><geographical_area wordnetid="108574314" confidence="0.8"><district wordnetid="108552138" confidence="0.8"><urban_area wordnetid="108675967" confidence="0.8"><city wordnetid="108524735" confidence="0.8"><link ns0:type="simple" ns0:href="../107/1061107.xml" /></city></urban_area></district></geographical_area></municipality></tract></location></administrative_district></region></site>san lorenzo santa maria vall histor subdivis trevi proper<link ns0:type="simple" ns0:href="../525/2207525.xml" />castello piano play<tradition wordnetid="105809745" confidence="0.8"><link ns0:type="simple" ns0:href="../114/854114.xml" /></tradition></p><p>town dens inhabit decidedli mediev aspect lie sharpli slope terrain center flat command best view umbria extend direct trevi serv main rail<site wordnetid="108651247" confidence="0.9508927676800064"><village wordnetid="108672738" confidence="0.9508927676800064"><link ns0:type="simple" ns0:href="../458/25458.xml">rome</link></village></site><region wordnetid="108630985" confidence="0.8"><administrative_district wordnetid="108491826" confidence="0.8"><village wordnetid="108672738" confidence="0.8"><location wordnetid="100027167" confidence="0.8"><municipality wordnetid="108626283" confidence="0.8"><settlement wordnetid="108672562" confidence="0.8"><geographical_area wordnetid="108574314" confidence="0.8"><district wordnetid="108552138" confidence="0.8"><urban_area wordnetid="108675967" confidence="0.8"><city wordnetid="108524735" confidence="0.8"><link ns0:type="simple" ns0:href="../612/52612.xml">ancona</link></city></urban_area></district></geographical_area></settlement></municipality></location></village></administrative_district></region>well<site wordnetid="108651247" confidence="0.9508927676800064"><link ns0:type="simple" ns0:href="../525/11525.xml">florenc</link></site>rome perugia</p><sec><st>geographi</st><p>territori comun extend valley brunett feet feet divid three equal zone plain hill mountain characterist veget plain fertil land well irrig heir<link />antiqu suit annual crop hill loos alkalin limeston excel drainag ideal terrain intens highli special cultiv oliv tree produc characterist highli prize oil final mountain cloth meadow forest decidu</p><p>natur environ territori remain despit popul millennia mountain area wit consider itali second half centuri settlement highest elev rapidli lose inhabit plain growth area period war borgo trevi commerci residenti offic industri light medium industri commerci</p><p>river canal larg gener direct converg singl river<site wordnetid="108651247" confidence="0.8"><region wordnetid="108630985" confidence="0.8"><location wordnetid="100027167" confidence="0.8"><tract wordnetid="108673395" confidence="0.8"><geographical_area wordnetid="108574314" confidence="0.8"><link ns0:type="simple" ns0:href="../513/322513.xml" /></geographical_area></tract></location></region></site>cours highli artifici result land water manag project undertaken centuri record earli time<sovereign wordnetid="110628644" confidence="0.8"><physical_entity wordnetid="100001930" confidence="0.8"><skilled_worker wordnetid="110605985" confidence="0.8"><person wordnetid="100007846" confidence="0.8"><king wordnetid="110231515" confidence="0.8"><ruler wordnetid="110541229" confidence="0.8"><communicator wordnetid="109610660" confidence="0.8"><consul wordnetid="109959797" confidence="0.8"><representative wordnetid="110522035" confidence="0.8"><worker wordnetid="109632518" confidence="0.8"><official wordnetid="110372373" confidence="0.8"><causal_agent wordnetid="100007347" confidence="0.8"><diplomat wordnetid="110013927" confidence="0.8"><head_of_state wordnetid="110164747" confidence="0.8"><negotiator wordnetid="110351874" confidence="0.8"><link ns0:type="simple" ns0:href="../222/31222.xml">theodor great</link></negotiator></head_of_state></diplomat></causal_agent></official></worker></representative></consul></communicator></ruler></king></person></skilled_worker></physical_entity></sovereign>centuri continu time construct dam work regular season water<link />subject frequent overflow sudden disastr</p><p>yearround clitunno river celebr antiqu<link ns0:type="simple" ns0:href="../407/3708407.xml" />water reput miracul properti laud prose vers<visionary wordnetid="110756433" confidence="0.8"><physical_entity wordnetid="100001930" confidence="0.8"><prophet wordnetid="110483530" confidence="0.8"><communicator wordnetid="109610660" confidence="0.8"><person wordnetid="100007846" confidence="0.8"><augur wordnetid="109823287" confidence="0.8"><intellectual wordnetid="109621545" confidence="0.8"><causal_agent wordnetid="100007347" confidence="0.8"><writer wordnetid="110794014" confidence="0.8"><diviner wordnetid="110020031" confidence="0.8"><link ns0:type="simple" ns0:href="../407/49407.xml">plini younger</link></diviner></writer></causal_agent></intellectual></augur></person></communicator></prophet></physical_entity></visionary><physical_entity wordnetid="100001930" confidence="0.8"><communicator wordnetid="109610660" confidence="0.8"><person wordnetid="100007846" confidence="0.8"><poet wordnetid="110444194" confidence="0.8"><causal_agent wordnetid="100007347" confidence="0.8"><writer wordnetid="110794014" confidence="0.8"><link ns0:type="simple" ns0:href="../387/769387.xml" /></writer></causal_agent></poet></person></communicator></physical_entity><physical_entity wordnetid="100001930" confidence="0.8"><communicator wordnetid="109610660" confidence="0.8"><person wordnetid="100007846" confidence="0.8"><poet wordnetid="110444194" confidence="0.8"><causal_agent wordnetid="100007347" confidence="0.8"><writer wordnetid="110794014" confidence="0.8"><link ns0:type="simple" ns0:href="../752/144752.xml" /></writer></causal_agent></poet></person></communicator></physical_entity><peer wordnetid="109626238" confidence="0.8"><physical_entity wordnetid="100001930" confidence="0.8"><skilled_worker wordnetid="110605985" confidence="0.8"><person wordnetid="100007846" confidence="0.8"><colleague wordnetid="109935990" confidence="0.8"><dramatist wordnetid="110030277" confidence="0.8"><associate wordnetid="109816771" confidence="0.8"><communicator wordnetid="109610660" confidence="0.8"><editor wordnetid="110044879" confidence="0.8"><worker wordnetid="109632518" confidence="0.8"><causal_agent wordnetid="100007347" confidence="0.8"><writer wordnetid="110794014" confidence="0.8"><essayist wordnetid="110064405" confidence="0.8"><link ns0:type="simple" ns0:href="../645/163645.xml">addison</link></essayist></writer></causal_agent></worker></editor></communicator></associate></dramatist></colleague></person></skilled_worker></physical_entity></peer><person wordnetid="100007846" confidence="0.9508927676800064"><poet wordnetid="110444194" confidence="0.9173553029164789"><writer wordnetid="110794014" confidence="0.9508927676800064"><revolutionist wordnetid="110527334" confidence="0.9173553029164789"><link ns0:type="simple" ns0:href="../665/17566665.xml">byron</link></revolutionist></writer></poet></person><link /></p><p>trevi border municip<region wordnetid="108630985" confidence="0.8"><administrative_district wordnetid="108491826" confidence="0.8"><location wordnetid="100027167" confidence="0.8"><municipality wordnetid="108626283" confidence="0.8"><geographical_area wordnetid="108574314" confidence="0.8"><district wordnetid="108552138" confidence="0.8"><urban_area wordnetid="108675967" confidence="0.8"><city wordnetid="108524735" confidence="0.8"><link ns0:type="simple" ns0:href="../384/6751384.xml">campello sul clitunno</link></city></urban_area></district></geographical_area></municipality></location></administrative_district></region><region wordnetid="108630985" confidence="0.8"><administrative_district wordnetid="108491826" confidence="0.8"><location wordnetid="100027167" confidence="0.8"><municipality wordnetid="108626283" confidence="0.8"><geographical_area wordnetid="108574314" confidence="0.8"><district wordnetid="108552138" confidence="0.8"><urban_area wordnetid="108675967" confidence="0.8"><city wordnetid="108524735" confidence="0.8"><link ns0:type="simple" ns0:href="../393/6751393.xml">castel</link></city></urban_area></district></geographical_area></municipality></location></administrative_district></region><site wordnetid="108651247" confidence="0.8"><region wordnetid="108630985" confidence="0.8"><administrative_district wordnetid="108491826" confidence="0.8"><location wordnetid="100027167" confidence="0.8"><tract wordnetid="108673395" confidence="0.8"><municipality wordnetid="108626283" confidence="0.8"><geographical_area wordnetid="108574314" confidence="0.8"><district wordnetid="108552138" confidence="0.8"><urban_area wordnetid="108675967" confidence="0.8"><city wordnetid="108524735" confidence="0.8"><link ns0:type="simple" ns0:href="../282/1019282.xml">foligno</link></city></urban_area></district></geographical_area></municipality></tract></location></administrative_district></region></site><link ns0:type="simple" ns0:href="../192/1058192.xml" /><region wordnetid="108630985" confidence="0.8"><administrative_district wordnetid="108491826" confidence="0.8"><location wordnetid="100027167" confidence="0.8"><municipality wordnetid="108626283" confidence="0.8"><geographical_area wordnetid="108574314" confidence="0.8"><district wordnetid="108552138" confidence="0.8"><urban_area wordnetid="108675967" confidence="0.8"><city wordnetid="108524735" confidence="0.8"><link ns0:type="simple" ns0:href="../809/6751809.xml" /></city></urban_area></district></geographical_area></municipality></location></administrative_district></region><site wordnetid="108651247" confidence="0.8"><region wordnetid="108630985" confidence="0.8"><location wordnetid="100027167" confidence="0.8"><tract wordnetid="108673395" confidence="0.8"><geographical_area wordnetid="108574314" confidence="0.8"><link ns0:type="simple" ns0:href="../954/282954.xml">spoleto</link></geographical_area></tract></location></region></site></p></sec><sec><st>histori</st><p>antiqu<skilled_worker wordnetid="110605985" confidence="0.8"><physical_entity wordnetid="100001930" confidence="0.8"><commissioned_naval_officer wordnetid="109943541" confidence="0.8"><flag_officer wordnetid="110094584" confidence="0.8"><commissioned_officer wordnetid="109942970" confidence="0.8"><person wordnetid="100007846" confidence="0.8"><philosopher wordnetid="110423589" confidence="0.8"><botanist wordnetid="109868270" confidence="0.8"><intellectual wordnetid="109621545" confidence="0.8"><admiral wordnetid="109771204" confidence="0.8"><serviceman wordnetid="110582746" confidence="0.8"><scientist wordnetid="110560637" confidence="0.8"><enlisted_person wordnetid="110058777" confidence="0.8"><military_officer wordnetid="110317007" confidence="0.8"><soldier wordnetid="110622053" confidence="0.8"><communicator wordnetid="109610660" confidence="0.8"><biologist wordnetid="109855630" confidence="0.8"><worker wordnetid="109632518" confidence="0.8"><causal_agent wordnetid="100007347" confidence="0.8"><writer wordnetid="110794014" confidence="0.8"><scholar wordnetid="110557854" confidence="0.8"><link ns0:type="simple" ns0:href="../920/44920.xml">plini elder</link></scholar></writer></causal_agent></worker></biologist></communicator></soldier></military_officer></enlisted_person></scientist></serviceman></admiral></intellectual></botanist></philosopher></person></commissioned_officer></flag_officer></commissioned_naval_officer></physical_entity></skilled_worker>mention trevi citi ancient confirm find inscript territori comun<site wordnetid="108651247" confidence="0.8"><region wordnetid="108630985" confidence="0.8"><location wordnetid="100027167" confidence="0.8"><tract wordnetid="108673395" confidence="0.8"><geographical_area wordnetid="108574314" confidence="0.8"><link ns0:type="simple" ns0:href="../683/1024683.xml" /></geographical_area></tract></location></region></site>mention<link ns0:type="simple" ns0:href="../742/34742.xml">thcenturi</link><link>bordeaux itinerari</link>earliest period histori essenti unknown wall core hill portion town attest date centuri stage develop trevi hill place<country wordnetid="108544813" confidence="0.9508927676800064"><link ns0:type="simple" ns0:href="../507/25507.xml">empir</link></country><emperor wordnetid="110053004" confidence="0.9508927676800064"><link ns0:type="simple" ns0:href="../621/13621.xml">hadrian</link></emperor>restor main road territori<artifact wordnetid="100021939" confidence="0.8"><way wordnetid="104564698" confidence="0.8"><road wordnetid="104096066" confidence="0.8"><link ns0:type="simple" ns0:href="../578/284578.xml" /></road></way></artifact>spur growth suburb plain place call sporad excav centuri brought light remain roman bath appear time<person wordnetid="100007846" confidence="0.9508927676800064"><saint wordnetid="110546850" confidence="0.9508927676800064"><link ns0:type="simple" ns0:href="../638/11638.xml">franci</link></saint></person>visit area advis peopl bath</p><p>antiqu trevi jurisdict valley<link>monti</link>form central backbon umbria seat bishop centuri trevi<group wordnetid="100031264" confidence="0.8"><people wordnetid="107942152" confidence="0.8"><link ns0:type="simple" ns0:href="../011/18011.xml">lombard</link></people></group>earli centuri freed free commun gener alli perugia order defend nearbi spoleto fought war neighbor commun vari outcom includ invas spoleto centuri unhappi rule warlord foligno trevi pass tempor rule church perugia histori merg<country wordnetid="108544813" confidence="0.9508927676800064"><link ns0:type="simple" ns0:href="../534/59534.xml">church</link></country>unit<system wordnetid="108435388" confidence="0.8"><economy wordnetid="108366753" confidence="0.8"><group wordnetid="100031264" confidence="0.8"><link ns0:type="simple" ns0:href="../532/14532.xml">kingdom itali</link></group></economy></system></p><p>trevi best fortun centuri commerci call porto dri port foligno trevi fourth town itali<link ns0:type="simple" ns0:href="../295/23295.xml">print press</link>manag print compani wealth period number<link ns0:type="simple" ns0:href="../532/25532.xml">renaiss</link>mansion town</p></sec><sec><st>main sight</st><p><image location="right" width="250px" src="Perugino_z001.JPG" type="thumb"><caption>ador magi</caption></image>trevi enclos circuit mediev wall late centuri inner circuit roman origin</p><p>trevi twenti church note<list><entry level="1" type="bullet"><link ns0:type="simple" ns0:href="../765/51765.xml" />sant emiliano<link ns0:type="simple" ns0:href="../686/52686.xml">romanesqu</link>build carv door<link ns0:type="simple" ns0:href="../695/474695.xml" />carv<link ns0:type="simple" ns0:href="../978/354978.xml" />interior rework centuri</entry><entry level="1" type="bullet">madonna dell mediev church larg votiv fresco includ<link ns0:type="simple" ns0:href="../664/473664.xml">ador magi</link><physical_entity wordnetid="100001930" confidence="0.8"><person wordnetid="100007846" confidence="0.8"><causal_agent wordnetid="100007347" confidence="0.8"><painter wordnetid="110391653" confidence="0.8"><artist wordnetid="109812338" confidence="0.8"><creator wordnetid="109614315" confidence="0.8"><link ns0:type="simple" ns0:href="../200/871200.xml">pietro</link></creator></artist></painter></causal_agent></person></physical_entity>sign date work chapel saint franci fresco<physical_entity wordnetid="100001930" confidence="0.8"><person wordnetid="100007846" confidence="0.8"><causal_agent wordnetid="100007347" confidence="0.8"><painter wordnetid="110391653" confidence="0.8"><artist wordnetid="109812338" confidence="0.8"><creator wordnetid="109614315" confidence="0.8"><link ns0:type="simple" ns0:href="../307/871307.xml" /></creator></artist></painter></causal_agent></person></physical_entity>pupil</entry><entry level="1" type="bullet">martino<group wordnetid="100031264" confidence="0.8"><people wordnetid="107942152" confidence="0.8"><link ns0:type="simple" ns0:href="../011/18011.xml">lombard</link></people></group>remain good paint<physical_entity wordnetid="100001930" confidence="0.8"><person wordnetid="100007846" confidence="0.8"><causal_agent wordnetid="100007347" confidence="0.8"><painter wordnetid="110391653" confidence="0.8"><artist wordnetid="109812338" confidence="0.8"><creator wordnetid="109614315" confidence="0.8"><link ns0:type="simple" ns0:href="../072/1028072.xml" /></creator></artist></painter></causal_agent></person></physical_entity></entry><entry level="1" type="bullet">francesco larg gothic build hous museum</entry></list></p><p>territori comun rich romanesqu church plain erect roman<artifact wordnetid="100021939" confidence="0.8"><way wordnetid="104564698" confidence="0.8"><road wordnetid="104096066" confidence="0.8"><link ns0:type="simple" ns0:href="../578/284578.xml" /></road></way></artifact>road incorpor fair amount roman remain marker road cours</p></sec><sec><st>museum</st><p>trevi main museum museo francesco attach gothic church secular slight roman materi collect paint late middl age centuri main work coron virgin<physical_entity wordnetid="100001930" confidence="0.8"><person wordnetid="100007846" confidence="0.8"><causal_agent wordnetid="100007347" confidence="0.8"><painter wordnetid="110391653" confidence="0.8"><artist wordnetid="109812338" confidence="0.8"><creator wordnetid="109614315" confidence="0.8"><link ns0:type="simple" ns0:href="../307/871307.xml" /></creator></artist></painter></causal_agent></person></physical_entity>origin san martino notabl group repres thcenturi folk art</p><p>museo della dell olivo educ oliv industri plant oliv process oil flash art museum hous contemporari art exhibit</p></sec><sec><st>economi</st><p>mainstay trevi economi<link ns0:type="simple" ns0:href="../478/22478.xml">oliv oil</link><link ns0:type="simple" ns0:href="../789/29789.xml">tourism</link></p><p>comuni trevi spoleto qualiti oil result soil excel drainag altitud cultiv oliv tree favour climat condit lower slope mountain rang</p><p>trevi good train highway access town conveni base visit central umbria reli public transport unusu number good restaur comun partli partli result increas tourism</p><p>trevi light industri food process oliv oil</p><ss1><st>demograph evolut</st></ss1></sec><sec><st>holiday local event</st><p>trevi patron saint emiliano feast celebr<link ns0:type="simple" ns0:href="../866/15866.xml">januari</link>nighttim process statu carri citi earliest mediev wall</p><p><fundamental_quantity wordnetid="113575869" confidence="0.8"><time_period wordnetid="115113229" confidence="0.8"><festival wordnetid="115162388" confidence="0.8"><link ns0:type="simple" ns0:href="../604/158604.xml">tuesday</link></festival></time_period></fundamental_quantity>see public celebr main<link ns0:type="simple" ns0:href="../718/291718.xml">piazza</link>august weeklong music festiv main annual festiv place octob sunday celeri sausag fair sagra del nero della salsiccia third sunday histor pageant fourth sunday</p></sec><sec><st>refer</st><p>portion translat adapt pro trevi permiss</p><p /></sec><sec><st>extern link</st><p><list><entry level="1" type="bullet"><weblink ns0:type="simple" ns0:href="http://www.comune.trevi.pg.it/">offici</weblink></entry><entry level="1" type="bullet"><weblink ns0:type="simple" ns0:href="http://www.protrevi.com/protrevi/">trevi tourist offic pro trevi</weblink></entry><entry level="1" type="bullet"><weblink ns0:type="simple" ns0:href="http://www.treviflashartmuseum.org/">trevi flash art museum</weblink></entry><entry level="1" type="bullet"><weblink ns0:type="simple" ns0:href="http://www.protagonistaslow.it/museum_of_the_olive_civilization.htm">trevi oliv oil museum</weblink></entry><entry level="1" type="bullet"><weblink ns0:type="simple" ns0:href="http://penelope.uchicago.edu/Thayer/E/Gazetteer/Places/Europe/Italy/Umbria/Perugia/Trevi/Trevi/home.html">bill thayer site</weblink></entry></list></p><p><table style=";" class="navbox" cellspacing="0"><row><col style="padding:2px;"><table style="width:100%;background:transparent;color:inherit;;" class="nowraplinks collapsible autocollapse " cellspacing="0"><row><header colspan="3" style=";" class="navbox-title"><region wordnetid="108630039" confidence="0.9508927676800064"><link ns0:type="simple" ns0:href="../590/51590.xml">umbria</link></region><link ns0:type="simple" ns0:href="../055/457055.xml">comuni</link><region wordnetid="108630985" confidence="0.8"><administrative_district wordnetid="108491826" confidence="0.8"><location wordnetid="100027167" confidence="0.8"><state wordnetid="108654360" confidence="0.8"><district wordnetid="108552138" confidence="0.8"><link ns0:type="simple" ns0:href="../244/990244.xml">provinc perugia</link></district></state></location></administrative_district></region></header></row><row style="height:2px;" /><row><col style="width:0%;padding:0px 2px 0px 0px;" rowspan="1"><image width="55px" src="Regione-Umbria-Stemma.svg"><caption>umbria</caption></image></col><col colspan="2" style="width:100%;padding:0px;;;" class="navbox-list navbox-odd"><link ns0:type="simple" ns0:href="../705/81705.xml">assisi</link><region wordnetid="108630985" confidence="0.8"><administrative_district wordnetid="108491826" confidence="0.8"><location wordnetid="100027167" confidence="0.8"><municipality wordnetid="108626283" confidence="0.8"><geographical_area wordnetid="108574314" confidence="0.8"><district wordnetid="108552138" confidence="0.8"><urban_area wordnetid="108675967" confidence="0.8"><city wordnetid="108524735" confidence="0.8"><link ns0:type="simple" ns0:href="../366/6751366.xml">umbra</link></city></urban_area></district></geographical_area></municipality></location></administrative_district></region><link ns0:type="simple" ns0:href="../439/2175439.xml" /><site wordnetid="108651247" confidence="0.8"><region wordnetid="108630985" confidence="0.8"><location wordnetid="100027167" confidence="0.8"><tract wordnetid="108673395" confidence="0.8"><geographical_area wordnetid="108574314" confidence="0.8"><link ns0:type="simple" ns0:href="../513/322513.xml" /></geographical_area></tract></location></region></site><region wordnetid="108630985" confidence="0.8"><administrative_district wordnetid="108491826" confidence="0.8"><location wordnetid="100027167" confidence="0.8"><municipality wordnetid="108626283" confidence="0.8"><geographical_area wordnetid="108574314" confidence="0.8"><district wordnetid="108552138" confidence="0.8"><urban_area wordnetid="108675967" confidence="0.8"><city wordnetid="108524735" confidence="0.8"><link ns0:type="simple" ns0:href="../384/6751384.xml">campello sul clitunno</link></city></urban_area></district></geographical_area></municipality></location></administrative_district></region><region wordnetid="108630985" confidence="0.8"><administrative_district wordnetid="108491826" confidence="0.8"><location wordnetid="100027167" confidence="0.8"><municipality wordnetid="108626283" confidence="0.8"><geographical_area wordnetid="108574314" confidence="0.8"><district wordnetid="108552138" confidence="0.8"><urban_area wordnetid="108675967" confidence="0.8"><city wordnetid="108524735" confidence="0.8"><link ns0:type="simple" ns0:href="../857/2289857.xml" /></city></urban_area></district></geographical_area></municipality></location></administrative_district></region><region wordnetid="108630985" confidence="0.8"><administrative_district wordnetid="108491826" confidence="0.8"><location wordnetid="100027167" confidence="0.8"><municipality wordnetid="108626283" confidence="0.8"><geographical_area wordnetid="108574314" confidence="0.8"><district wordnetid="108552138" confidence="0.8"><urban_area wordnetid="108675967" confidence="0.8"><city wordnetid="108524735" confidence="0.8"><link ns0:type="simple" ns0:href="../835/1052835.xml" /></city></urban_area></district></geographical_area></municipality></location></administrative_district></region><region wordnetid="108630985" confidence="0.8"><administrative_district wordnetid="108491826" confidence="0.8"><location wordnetid="100027167" confidence="0.8"><municipality wordnetid="108626283" confidence="0.8"><geographical_area wordnetid="108574314" confidence="0.8"><district wordnetid="108552138" confidence="0.8"><urban_area wordnetid="108675967" confidence="0.8"><city wordnetid="108524735" confidence="0.8"><link ns0:type="simple" ns0:href="../393/6751393.xml">castel</link></city></urban_area></district></geographical_area></municipality></location></administrative_district></region><region wordnetid="108630985" confidence="0.8"><structure wordnetid="104341686" confidence="0.8"><building wordnetid="102913152" confidence="0.8"><administrative_district wordnetid="108491826" confidence="0.8"><mansion wordnetid="103719053" confidence="0.8"><housing wordnetid="103546340" confidence="0.8"><location wordnetid="100027167" confidence="0.8"><municipality wordnetid="108626283" confidence="0.8"><house wordnetid="103544360" confidence="0.8"><city wordnetid="108524735" confidence="0.8"><artifact wordnetid="100021939" confidence="0.8"><dwelling wordnetid="103259505" confidence="0.8"><geographical_area wordnetid="108574314" confidence="0.8"><district wordnetid="108552138" confidence="0.8"><palace wordnetid="103878066" confidence="0.8"><urban_area wordnetid="108675967" confidence="0.8"><link ns0:type="simple" ns0:href="../990/3283990.xml">castiglion del lago</link></urban_area></palace></district></geographical_area></dwelling></artifact></city></house></municipality></location></housing></mansion></administrative_district></building></structure></region><site wordnetid="108651247" confidence="0.8"><region wordnetid="108630985" confidence="0.8"><administrative_district wordnetid="108491826" confidence="0.8"><location wordnetid="100027167" confidence="0.8"><tract wordnetid="108673395" confidence="0.8"><municipality wordnetid="108626283" confidence="0.8"><geographical_area wordnetid="108574314" confidence="0.8"><district wordnetid="108552138" confidence="0.8"><urban_area wordnetid="108675967" confidence="0.8"><city wordnetid="108524735" confidence="0.8"><link ns0:type="simple" ns0:href="../726/3331726.xml">spoleto</link></city></urban_area></district></geographical_area></municipality></tract></location></administrative_district></region></site><region wordnetid="108630985" confidence="0.8"><administrative_district wordnetid="108491826" confidence="0.8"><location wordnetid="100027167" confidence="0.8"><municipality wordnetid="108626283" confidence="0.8"><geographical_area wordnetid="108574314" confidence="0.8"><district wordnetid="108552138" confidence="0.8"><urban_area wordnetid="108675967" confidence="0.8"><city wordnetid="108524735" confidence="0.8"><link ns0:type="simple" ns0:href="../404/6751404.xml" /></city></urban_area></district></geographical_area></municipality></location></administrative_district></region><link>citt della</link><link>citt castello</link><region wordnetid="108630985" confidence="0.8"><administrative_district wordnetid="108491826" confidence="0.8"><location wordnetid="100027167" confidence="0.8"><municipality wordnetid="108626283" confidence="0.8"><geographical_area wordnetid="108574314" confidence="0.8"><district wordnetid="108552138" confidence="0.8"><urban_area wordnetid="108675967" confidence="0.8"><city wordnetid="108524735" confidence="0.8"><link ns0:type="simple" ns0:href="../436/6751436.xml" /></city></urban_area></district></geographical_area></municipality></location></administrative_district></region><region wordnetid="108630985" confidence="0.8"><administrative_district wordnetid="108491826" confidence="0.8"><location wordnetid="100027167" confidence="0.8"><municipality wordnetid="108626283" confidence="0.8"><geographical_area wordnetid="108574314" confidence="0.8"><district wordnetid="108552138" confidence="0.8"><urban_area wordnetid="108675967" confidence="0.8"><city wordnetid="108524735" confidence="0.8"><link ns0:type="simple" ns0:href="../449/6751449.xml" /></city></urban_area></district></geographical_area></municipality></location></administrative_district></region><region wordnetid="108630985" confidence="0.8"><administrative_district wordnetid="108491826" confidence="0.8"><location wordnetid="100027167" confidence="0.8"><municipality wordnetid="108626283" confidence="0.8"><geographical_area wordnetid="108574314" confidence="0.8"><district wordnetid="108552138" confidence="0.8"><urban_area wordnetid="108675967" confidence="0.8"><city wordnetid="108524735" confidence="0.8"><link ns0:type="simple" ns0:href="../542/6751542.xml" /></city></urban_area></district></geographical_area></municipality></location></administrative_district></region><region wordnetid="108630985" confidence="0.8"><administrative_district wordnetid="108491826" confidence="0.8"><location wordnetid="100027167" confidence="0.8"><municipality wordnetid="108626283" confidence="0.8"><geographical_area wordnetid="108574314" confidence="0.8"><district wordnetid="108552138" confidence="0.8"><urban_area wordnetid="108675967" confidence="0.8"><city wordnetid="108524735" confidence="0.8"><link ns0:type="simple" ns0:href="../268/2203268.xml" /></city></urban_area></district></geographical_area></municipality></location></administrative_district></region><site wordnetid="108651247" confidence="0.8"><region wordnetid="108630985" confidence="0.8"><administrative_district wordnetid="108491826" confidence="0.8"><location wordnetid="100027167" confidence="0.8"><tract wordnetid="108673395" confidence="0.8"><municipality wordnetid="108626283" confidence="0.8"><geographical_area wordnetid="108574314" confidence="0.8"><district wordnetid="108552138" confidence="0.8"><urban_area wordnetid="108675967" confidence="0.8"><city wordnetid="108524735" confidence="0.8"><link ns0:type="simple" ns0:href="../282/1019282.xml">foligno</link></city></urban_area></district></geographical_area></municipality></tract></location></administrative_district></region></site><link ns0:type="simple" ns0:href="../149/2334149.xml" /><region wordnetid="108630985" confidence="0.8"><administrative_district wordnetid="108491826" confidence="0.8"><location wordnetid="100027167" confidence="0.8"><municipality wordnetid="108626283" confidence="0.8"><geographical_area wordnetid="108574314" confidence="0.8"><district wordnetid="108552138" confidence="0.8"><urban_area wordnetid="108675967" confidence="0.8"><city wordnetid="108524735" confidence="0.8"><link ns0:type="simple" ns0:href="../551/6751551.xml" /></city></urban_area></district></geographical_area></municipality></location></administrative_district></region><region wordnetid="108630985" confidence="0.8"><administrative_district wordnetid="108491826" confidence="0.8"><location wordnetid="100027167" confidence="0.8"><municipality wordnetid="108626283" confidence="0.8"><geographical_area wordnetid="108574314" confidence="0.8"><district wordnetid="108552138" confidence="0.8"><urban_area wordnetid="108675967" confidence="0.8"><city wordnetid="108524735" confidence="0.8"><link ns0:type="simple" ns0:href="../558/6751558.xml" /></city></urban_area></district></geographical_area></municipality></location></administrative_district></region><region wordnetid="108630985" confidence="0.8"><administrative_district wordnetid="108491826" confidence="0.8"><location wordnetid="100027167" confidence="0.8"><municipality wordnetid="108626283" confidence="0.8"><geographical_area wordnetid="108574314" confidence="0.8"><district wordnetid="108552138" confidence="0.8"><urban_area wordnetid="108675967" confidence="0.8"><city wordnetid="108524735" confidence="0.8"><link ns0:type="simple" ns0:href="../574/6751574.xml">gualdo</link></city></urban_area></district></geographical_area></municipality></location></administrative_district></region><site wordnetid="108651247" confidence="0.8"><region wordnetid="108630985" confidence="0.8"><location wordnetid="100027167" confidence="0.8"><tract wordnetid="108673395" confidence="0.8"><geographical_area wordnetid="108574314" confidence="0.8"><link ns0:type="simple" ns0:href="../724/188724.xml">gualdo</link></geographical_area></tract></location></region></site><link ns0:type="simple" ns0:href="../945/1017945.xml" /><region wordnetid="108630985" confidence="0.8"><administrative_district wordnetid="108491826" confidence="0.8"><location wordnetid="100027167" confidence="0.8"><municipality wordnetid="108626283" confidence="0.8"><geographical_area wordnetid="108574314" confidence="0.8"><district wordnetid="108552138" confidence="0.8"><urban_area wordnetid="108675967" confidence="0.8"><city wordnetid="108524735" confidence="0.8"><link ns0:type="simple" ns0:href="../592/6751592.xml" /></city></urban_area></district></geographical_area></municipality></location></administrative_district></region><region wordnetid="108630985" confidence="0.8"><administrative_district wordnetid="108491826" confidence="0.8"><location wordnetid="100027167" confidence="0.8"><municipality wordnetid="108626283" confidence="0.8"><geographical_area wordnetid="108574314" confidence="0.8"><district wordnetid="108552138" confidence="0.8"><urban_area wordnetid="108675967" confidence="0.8"><city wordnetid="108524735" confidence="0.8"><link ns0:type="simple" ns0:href="../601/6751601.xml" /></city></urban_area></district></geographical_area></municipality></location></administrative_district></region><region wordnetid="108630985" confidence="0.8"><administrative_district wordnetid="108491826" confidence="0.8"><location wordnetid="100027167" confidence="0.8"><municipality wordnetid="108626283" confidence="0.8"><geographical_area wordnetid="108574314" confidence="0.8"><district wordnetid="108552138" confidence="0.8"><urban_area wordnetid="108675967" confidence="0.8"><city wordnetid="108524735" confidence="0.8"><link ns0:type="simple" ns0:href="../612/6751612.xml" /></city></urban_area></district></geographical_area></municipality></location></administrative_district></region><site wordnetid="108651247" confidence="0.8"><region wordnetid="108630985" confidence="0.8"><administrative_district wordnetid="108491826" confidence="0.8"><location wordnetid="100027167" confidence="0.8"><tract wordnetid="108673395" confidence="0.8"><municipality wordnetid="108626283" confidence="0.8"><geographical_area wordnetid="108574314" confidence="0.8"><district wordnetid="108552138" confidence="0.8"><urban_area wordnetid="108675967" confidence="0.8"><city wordnetid="108524735" confidence="0.8"><link ns0:type="simple" ns0:href="../424/2287424.xml">massa</link></city></urban_area></district></geographical_area></municipality></tract></location></administrative_district></region></site><region wordnetid="108630985" confidence="0.8"><administrative_district wordnetid="108491826" confidence="0.8"><location wordnetid="100027167" confidence="0.8"><municipality wordnetid="108626283" confidence="0.8"><geographical_area wordnetid="108574314" confidence="0.8"><district wordnetid="108552138" confidence="0.8"><urban_area wordnetid="108675967" confidence="0.8"><city wordnetid="108524735" confidence="0.8"><link ns0:type="simple" ns0:href="../625/6751625.xml">mont castello</link></city></urban_area></district></geographical_area></municipality></location></administrative_district></region><region wordnetid="108630985" confidence="0.8"><administrative_district wordnetid="108491826" confidence="0.8"><location wordnetid="100027167" confidence="0.8"><municipality wordnetid="108626283" confidence="0.8"><geographical_area wordnetid="108574314" confidence="0.8"><district wordnetid="108552138" confidence="0.8"><urban_area wordnetid="108675967" confidence="0.8"><city wordnetid="108524735" confidence="0.8"><link ns0:type="simple" ns0:href="../639/6751639.xml">mont santa maria</link></city></urban_area></district></geographical_area></municipality></location></administrative_district></region><link ns0:type="simple" ns0:href="../192/1058192.xml" /><link ns0:type="simple" ns0:href="../175/2086175.xml">spoleto</link><region wordnetid="108630985" confidence="0.8"><administrative_district wordnetid="108491826" confidence="0.8"><location wordnetid="100027167" confidence="0.8"><municipality wordnetid="108626283" confidence="0.8"><geographical_area wordnetid="108574314" confidence="0.8"><district wordnetid="108552138" confidence="0.8"><urban_area wordnetid="108675967" confidence="0.8"><city wordnetid="108524735" confidence="0.8"><link ns0:type="simple" ns0:href="../657/6751657.xml" /></city></urban_area></district></geographical_area></municipality></location></administrative_district></region><link ns0:type="simple" ns0:href="../121/2341121.xml">nocera umbra</link><site wordnetid="108651247" confidence="0.8"><region wordnetid="108630985" confidence="0.8"><administrative_district wordnetid="108491826" confidence="0.8"><location wordnetid="100027167" confidence="0.8"><tract wordnetid="108673395" confidence="0.8"><municipality wordnetid="108626283" confidence="0.8"><geographical_area wordnetid="108574314" confidence="0.8"><district wordnetid="108552138" confidence="0.8"><urban_area wordnetid="108675967" confidence="0.8"><city wordnetid="108524735" confidence="0.8"><link ns0:type="simple" ns0:href="../393/638393.xml">norcia</link></city></urban_area></district></geographical_area></municipality></tract></location></administrative_district></region></site><region wordnetid="108630985" confidence="0.8"><administrative_district wordnetid="108491826" confidence="0.8"><location wordnetid="100027167" confidence="0.8"><municipality wordnetid="108626283" confidence="0.8"><geographical_area wordnetid="108574314" confidence="0.8"><district wordnetid="108552138" confidence="0.8"><urban_area wordnetid="108675967" confidence="0.8"><city wordnetid="108524735" confidence="0.8"><link ns0:type="simple" ns0:href="../669/6751669.xml" /></city></urban_area></district></geographical_area></municipality></location></administrative_district></region><region wordnetid="108630985" confidence="0.8"><administrative_district wordnetid="108491826" confidence="0.8"><location wordnetid="100027167" confidence="0.8"><municipality wordnetid="108626283" confidence="0.8"><geographical_area wordnetid="108574314" confidence="0.8"><district wordnetid="108552138" confidence="0.8"><urban_area wordnetid="108675967" confidence="0.8"><city wordnetid="108524735" confidence="0.8"><link ns0:type="simple" ns0:href="../687/6751687.xml" /></city></urban_area></district></geographical_area></municipality></location></administrative_district></region><region wordnetid="108630985" confidence="0.8"><administrative_district wordnetid="108491826" confidence="0.8"><location wordnetid="100027167" confidence="0.8"><municipality wordnetid="108626283" confidence="0.8"><geographical_area wordnetid="108574314" confidence="0.8"><district wordnetid="108552138" confidence="0.8"><urban_area wordnetid="108675967" confidence="0.8"><city wordnetid="108524735" confidence="0.8"><link ns0:type="simple" ns0:href="../697/6751697.xml">sul trasimeno</link></city></urban_area></district></geographical_area></municipality></location></administrative_district></region><site wordnetid="108651247" confidence="0.8"><region wordnetid="108630985" confidence="0.8"><location wordnetid="100027167" confidence="0.8"><tract wordnetid="108673395" confidence="0.8"><geographical_area wordnetid="108574314" confidence="0.8"><link ns0:type="simple" ns0:href="../594/51594.xml">perugia</link></geographical_area></tract></location></region></site><region wordnetid="108630985" confidence="0.8"><administrative_district wordnetid="108491826" confidence="0.8"><location wordnetid="100027167" confidence="0.8"><municipality wordnetid="108626283" confidence="0.8"><geographical_area wordnetid="108574314" confidence="0.8"><district wordnetid="108552138" confidence="0.8"><urban_area wordnetid="108675967" confidence="0.8"><city wordnetid="108524735" confidence="0.8"><link ns0:type="simple" ns0:href="../712/6751712.xml" /></city></urban_area></district></geographical_area></municipality></location></administrative_district></region><region wordnetid="108630985" confidence="0.8"><administrative_district wordnetid="108491826" confidence="0.8"><location wordnetid="100027167" confidence="0.8"><municipality wordnetid="108626283" confidence="0.8"><geographical_area wordnetid="108574314" confidence="0.8"><district wordnetid="108552138" confidence="0.8"><urban_area wordnetid="108675967" confidence="0.8"><city wordnetid="108524735" confidence="0.8"><link ns0:type="simple" ns0:href="../721/6751721.xml" /></city></urban_area></district></geographical_area></municipality></location></administrative_district></region><region wordnetid="108630985" confidence="0.8"><administrative_district wordnetid="108491826" confidence="0.8"><location wordnetid="100027167" confidence="0.8"><municipality wordnetid="108626283" confidence="0.8"><geographical_area wordnetid="108574314" confidence="0.8"><district wordnetid="108552138" confidence="0.8"><urban_area wordnetid="108675967" confidence="0.8"><city wordnetid="108524735" confidence="0.8"><link ns0:type="simple" ns0:href="../732/6751732.xml" /></city></urban_area></district></geographical_area></municipality></location></administrative_district></region><region wordnetid="108630985" confidence="0.8"><administrative_district wordnetid="108491826" confidence="0.8"><location wordnetid="100027167" confidence="0.8"><municipality wordnetid="108626283" confidence="0.8"><geographical_area wordnetid="108574314" confidence="0.8"><district wordnetid="108552138" confidence="0.8"><urban_area wordnetid="108675967" confidence="0.8"><city wordnetid="108524735" confidence="0.8"><link ns0:type="simple" ns0:href="../744/6751744.xml" /></city></urban_area></district></geographical_area></municipality></location></administrative_district></region><region wordnetid="108630985" confidence="0.8"><administrative_district wordnetid="108491826" confidence="0.8"><location wordnetid="100027167" confidence="0.8"><municipality wordnetid="108626283" confidence="0.8"><geographical_area wordnetid="108574314" confidence="0.8"><district wordnetid="108552138" confidence="0.8"><urban_area wordnetid="108675967" confidence="0.8"><city wordnetid="108524735" confidence="0.8"><link ns0:type="simple" ns0:href="../756/6751756.xml">san</link></city></urban_area></district></geographical_area></municipality></location></administrative_district></region><region wordnetid="108630985" confidence="0.8"><administrative_district wordnetid="108491826" confidence="0.8"><location wordnetid="100027167" confidence="0.8"><municipality wordnetid="108626283" confidence="0.8"><geographical_area wordnetid="108574314" confidence="0.8"><district wordnetid="108552138" confidence="0.8"><urban_area wordnetid="108675967" confidence="0.8"><city wordnetid="108524735" confidence="0.8"><link ns0:type="simple" ns0:href="../769/6751769.xml" /></city></urban_area></district></geographical_area></municipality></location></administrative_district></region><region wordnetid="108630985" confidence="0.8"><administrative_district wordnetid="108491826" confidence="0.8"><location wordnetid="100027167" confidence="0.8"><municipality wordnetid="108626283" confidence="0.8"><geographical_area wordnetid="108574314" confidence="0.8"><district wordnetid="108552138" confidence="0.8"><urban_area wordnetid="108675967" confidence="0.8"><city wordnetid="108524735" confidence="0.8"><link ns0:type="simple" ns0:href="../782/6751782.xml" /></city></urban_area></district></geographical_area></municipality></location></administrative_district></region><region wordnetid="108630985" confidence="0.8"><administrative_district wordnetid="108491826" confidence="0.8"><location wordnetid="100027167" confidence="0.8"><municipality wordnetid="108626283" confidence="0.8"><geographical_area wordnetid="108574314" confidence="0.8"><district wordnetid="108552138" confidence="0.8"><urban_area wordnetid="108675967" confidence="0.8"><city wordnetid="108524735" confidence="0.8"><link ns0:type="simple" ns0:href="../795/6751795.xml" /></city></urban_area></district></geographical_area></municipality></location></administrative_district></region><region wordnetid="108630985" confidence="0.8"><administrative_district wordnetid="108491826" confidence="0.8"><location wordnetid="100027167" confidence="0.8"><municipality wordnetid="108626283" confidence="0.8"><geographical_area wordnetid="108574314" confidence="0.8"><district wordnetid="108552138" confidence="0.8"><urban_area wordnetid="108675967" confidence="0.8"><city wordnetid="108524735" confidence="0.8"><link ns0:type="simple" ns0:href="../809/6751809.xml" /></city></urban_area></district></geographical_area></municipality></location></administrative_district></region><region wordnetid="108630985" confidence="0.8"><administrative_district wordnetid="108491826" confidence="0.8"><location wordnetid="100027167" confidence="0.8"><municipality wordnetid="108626283" confidence="0.8"><geographical_area wordnetid="108574314" confidence="0.8"><district wordnetid="108552138" confidence="0.8"><urban_area wordnetid="108675967" confidence="0.8"><city wordnetid="108524735" confidence="0.8"><link ns0:type="simple" ns0:href="../820/6751820.xml" /></city></urban_area></district></geographical_area></municipality></location></administrative_district></region><link ns0:type="simple" ns0:href="../663/1032663.xml" /><site wordnetid="108651247" confidence="0.8"><region wordnetid="108630985" confidence="0.8"><location wordnetid="100027167" confidence="0.8"><tract wordnetid="108673395" confidence="0.8"><geographical_area wordnetid="108574314" confidence="0.8"><link ns0:type="simple" ns0:href="../954/282954.xml">spoleto</link></geographical_area></tract></location></region></site><site wordnetid="108651247" confidence="0.8"><region wordnetid="108630985" confidence="0.8"><location wordnetid="100027167" confidence="0.8"><tract wordnetid="108673395" confidence="0.8"><geographical_area wordnetid="108574314" confidence="0.8"><link ns0:type="simple" ns0:href="../994/317994.xml" /></geographical_area></tract></location></region></site><region wordnetid="108630985" confidence="0.8"><administrative_district wordnetid="108491826" confidence="0.8"><location wordnetid="100027167" confidence="0.8"><municipality wordnetid="108626283" confidence="0.8"><geographical_area wordnetid="108574314" confidence="0.8"><district wordnetid="108552138" confidence="0.8"><urban_area wordnetid="108675967" confidence="0.8"><city wordnetid="108524735" confidence="0.8"><link ns0:type="simple" ns0:href="../843/6751843.xml">torgiano</link></city></urban_area></district></geographical_area></municipality></location></administrative_district></region><site wordnetid="108651247" confidence="0.8"><region wordnetid="108630985" confidence="0.8"><location wordnetid="100027167" confidence="0.8"><tract wordnetid="108673395" confidence="0.8"><geographical_area wordnetid="108574314" confidence="0.8"><link ns0:type="simple" ns0:href="../564/1017564.xml">trevi</link></geographical_area></tract></location></region></site><region wordnetid="108630985" confidence="0.8"><administrative_district wordnetid="108491826" confidence="0.8"><location wordnetid="100027167" confidence="0.8"><municipality wordnetid="108626283" confidence="0.8"><geographical_area wordnetid="108574314" confidence="0.8"><district wordnetid="108552138" confidence="0.8"><urban_area wordnetid="108675967" confidence="0.8"><city wordnetid="108524735" confidence="0.8"><link ns0:type="simple" ns0:href="../879/6751879.xml">sul trasimeno</link></city></urban_area></district></geographical_area></municipality></location></administrative_district></region><site wordnetid="108651247" confidence="0.8"><region wordnetid="108630985" confidence="0.8"><administrative_district wordnetid="108491826" confidence="0.8"><location wordnetid="100027167" confidence="0.8"><tract wordnetid="108673395" confidence="0.8"><municipality wordnetid="108626283" confidence="0.8"><geographical_area wordnetid="108574314" confidence="0.8"><district wordnetid="108552138" confidence="0.8"><urban_area wordnetid="108675967" confidence="0.8"><city wordnetid="108524735" confidence="0.8"><link ns0:type="simple" ns0:href="../087/1023087.xml" /></city></urban_area></district></geographical_area></municipality></tract></location></administrative_district></region></site><region wordnetid="108630985" confidence="0.8"><administrative_district wordnetid="108491826" confidence="0.8"><location wordnetid="100027167" confidence="0.8"><municipality wordnetid="108626283" confidence="0.8"><geographical_area wordnetid="108574314" confidence="0.8"><district wordnetid="108552138" confidence="0.8"><urban_area wordnetid="108675967" confidence="0.8"><city wordnetid="108524735" confidence="0.8"><link ns0:type="simple" ns0:href="../893/6751893.xml" /></city></urban_area></district></geographical_area></municipality></location></administrative_district></region><region wordnetid="108630985" confidence="0.8"><administrative_district wordnetid="108491826" confidence="0.8"><location wordnetid="100027167" confidence="0.8"><municipality wordnetid="108626283" confidence="0.8"><geographical_area wordnetid="108574314" confidence="0.8"><district wordnetid="108552138" confidence="0.8"><urban_area wordnetid="108675967" confidence="0.8"><city wordnetid="108524735" confidence="0.8"><link ns0:type="simple" ns0:href="../903/6751903.xml">nera</link></city></urban_area></district></geographical_area></municipality></location></administrative_district></region><region wordnetid="108630985" confidence="0.8"><administrative_district wordnetid="108491826" confidence="0.8"><location wordnetid="100027167" confidence="0.8"><municipality wordnetid="108626283" confidence="0.8"><geographical_area wordnetid="108574314" confidence="0.8"><district wordnetid="108552138" confidence="0.8"><urban_area wordnetid="108675967" confidence="0.8"><city wordnetid="108524735" confidence="0.8"><link ns0:type="simple" ns0:href="../921/6751921.xml" /></city></urban_area></district></geographical_area></municipality></location></administrative_district></region></col></row></table></col></row></table></p></sec></bdy></city></geographical_area></entity></tract></location></region></site></article>