<article xmlns:ns0="http://www.w3.org/1999/xlink"><manufacturer confidence="0.9511911446218017" wordnetid="108060446"><company confidence="0.9508927676800064" wordnetid="108058098"><header><title>checker motor corpor</title><id /><revision><id /><timestamp /><contributor><username /><id /></contributor></revision><categories><category>motor vehicl manufactur base michigan</category><category>defunct motor vehicl manufactur unit</category><category>compani base kalamazoo michigan</category><category>taxicab compani</category><category>compani establish</category></categories></header><bdy><template><name>infobox defunct compani</name><parameters><location><village wordnetid="108672738" confidence="0.9508927676800064"><link ns0:type="simple" ns0:href="../353/54353.xml">kalamazoo michigan</link></village></location><company_logo><image location="center" width="240px" src="Checkermotoslogo.png" type="thumb"><caption>checker motor corpor logo</caption></image></company_logo><company_name>checker motor corpor</company_name><foundation /><defunct /><industry><link ns0:type="simple" ns0:href="../352/337352.xml">automot</link></industry><products>commerci vehicl consum vehicl</products><key_people><link ns0:type="simple" ns0:href="../097/452097.xml">morri markin</link>founder</key_people><fate>bought</fate></parameters></template><p>checker motor corpor<village wordnetid="108672738" confidence="0.9508927676800064"><link ns0:type="simple" ns0:href="../353/54353.xml">kalamazoo michigan</link></village>base automot subcontractor manufactur fame checker automobil icon american<link ns0:type="simple" ns0:href="../793/99793.xml">taxi</link>cab checker establish<link ns0:type="simple" ns0:href="../097/452097.xml">morri markin</link>merger<link>commonwealth motor</link>markin automobil bodi</p><sec><st>histori</st><p>morri markin<link ns0:type="simple" ns0:href="../886/6886.xml">chicago illinoi</link>owner<region wordnetid="108630985" confidence="0.8"><administrative_district wordnetid="108491826" confidence="0.8"><location wordnetid="100027167" confidence="0.8"><municipality wordnetid="108626283" confidence="0.8"><settlement wordnetid="108672562" confidence="0.8"><city wordnetid="108524735" confidence="0.8"><center wordnetid="108523483" confidence="0.8"><area wordnetid="108497294" confidence="0.8"><village wordnetid="108672738" confidence="0.8"><seat wordnetid="108647945" confidence="0.8"><geographical_area wordnetid="108574314" confidence="0.8"><county_seat wordnetid="108547143" confidence="0.8"><district wordnetid="108552138" confidence="0.8"><urban_area wordnetid="108675967" confidence="0.8"><link ns0:type="simple" ns0:href="../401/111401.xml">joliet illinoi</link></urban_area></district></county_seat></geographical_area></seat></village></area></center></city></settlement></municipality></location></administrative_district></region>manufactur owner default person loan markin facil bodi<link>commonwealth motor</link>market vehicl cab compani trade mogul</p><p>concurr checker taxi cab compani chicago affili markin larg order mogul cab commonwealth commonwealth verg bankruptci markin merg compani order honor contractu commit chicago checker taxi markin name concern checker cab compani overlap ownership</p><p><link ns0:type="simple" ns0:href="../479/3054479.xml">john hertz</link>began taxi busi build yellow cab oper<link ns0:type="simple" ns0:href="../152/455152.xml">liveri</link>servic plant overproduct hertz excess car rent patron yellow divis forerunn<company wordnetid="108058098" confidence="0.9508927676800064"><link ns0:type="simple" ns0:href="../742/797742.xml">hertz rental car</link></company>hertz success markin began buy checker stock gain full control checker taxi cab</p><p>markin hertz busi plan driver open door fare outfit driver uniform competit fare fierc easili spot driver began gang fare fight cab compani escal point markin<link ns0:type="simple" ns0:href="../509/623509.xml">firebomb</link>prompt markin buy<manufacturer wordnetid="108060446" confidence="0.8"><enterprise wordnetid="108056231" confidence="0.8"><business wordnetid="108061042" confidence="0.8"><link ns0:type="simple" ns0:href="../062/1458062.xml">automobil</link></business></enterprise></manufacturer>factori kalamazoo michigan reloc checker</p><p>markin checker cab compani hire<link ns0:type="simple" ns0:href="../ury/22nd_century.xml">africanamerican</link>driver requir driver pick fare white</p><p>hertz sold yellow cab transport compani suspici fire stabl kill prize race hors hertz left cab busi markin buy hertz share acquir onethird compani control yellow cab<image location="right" width="175px" src="Bantam-jeep-3.jpg" type="thumb"><caption>prototyp checker bantam jeep</caption></image>hertz sold cab busi manufactur arm<link ns0:type="simple" ns0:href="../102/12102.xml">gener motor</link>want sell markin afford offer markin refus elimin capac yellow manufactur gener motor enter taxicab busi termin taxi cab second fare war broke checker termin fight<village wordnetid="108672738" confidence="0.9508927676800064"><link ns0:type="simple" ns0:href="../042/645042.xml">york citi</link></village>disput york mayor<physical_entity wordnetid="100001930" confidence="0.8"><person wordnetid="100007846" confidence="0.8"><civil_authority wordnetid="110541833" confidence="0.8"><mayor wordnetid="110303814" confidence="0.8"><intellectual wordnetid="109621545" confidence="0.8"><lawgiver wordnetid="110249270" confidence="0.8"><authority wordnetid="109824609" confidence="0.8"><politician wordnetid="110451263" confidence="0.8"><leader wordnetid="109623038" confidence="0.8"><alumnus wordnetid="109786338" confidence="0.8"><causal_agent wordnetid="100007347" confidence="0.8"><senator wordnetid="110578471" confidence="0.8"><legislator wordnetid="110253995" confidence="0.8"><scholar wordnetid="110557854" confidence="0.8"><link ns0:type="simple" ns0:href="../965/51965.xml">jimmi walker</link></scholar></legislator></senator></causal_agent></alumnus></leader></politician></authority></lawgiver></intellectual></mayor></civil_authority></person></physical_entity>creat york taxi cab commiss rule cab york purposebuilt cab consum car convers</p><p>markin sold checker cab<link ns0:type="simple" ns0:href="../415/868415.xml">cord</link>bought includ yellow checker cab largest cab compani unit eventu cab compani revenu exceed checker automot build divis compani decid enter consum passeng car busi consum auto phase region start<link ns0:type="simple" ns0:href="../131/8210131.xml">york</link><region wordnetid="108630039" confidence="0.8"><location wordnetid="100027167" confidence="0.8"><link ns0:type="simple" ns0:href="../177/447177.xml">england</link></location></region>nation introduct checker place<fundamental_quantity wordnetid="113575869" confidence="0.8"><time_period wordnetid="115113229" confidence="0.8"><diversion wordnetid="100426928" confidence="0.8"><event wordnetid="100029378" confidence="0.8"><show wordnetid="100520257" confidence="0.8"><festival wordnetid="115162388" confidence="0.8"><act wordnetid="100030358" confidence="0.8"><psychological_feature wordnetid="100023100" confidence="0.8"><entertainment wordnetid="100429048" confidence="0.8"><activity wordnetid="100407535" confidence="0.8"><link ns0:type="simple" ns0:href="../803/1479803.xml">chicago auto</link></activity></entertainment></psychological_feature></act></festival></show></event></diversion></time_period></fundamental_quantity><link ns0:type="simple" ns0:href="../360/11360.xml">februari</link><link ns0:type="simple" ns0:href="../664/34664.xml" />dealer network continu grow earli</p><p>addit automobil product checker play role third parti automot supplier oem bodi stamp late checker produc truck bodi hudson addit manufactur complet ford truck cab checker produc truck bodi<manufacturer wordnetid="108060446" confidence="0.8"><company wordnetid="108058098" confidence="0.8"><enterprise wordnetid="108056231" confidence="0.8"><business wordnetid="108061042" confidence="0.8"><institution wordnetid="108053576" confidence="0.8"><link ns0:type="simple" ns0:href="../158/26158.xml" /></institution></business></enterprise></company></manufacturer></p><p><link ns0:type="simple" ns0:href="../131/8210131.xml">york</link>pursu markin checker antitrust charg alleg control taxi servic manufactur taxi favor fulfil order allow checker driver buy brand car markin began sell licens york citi</p><p>year death morri markin retir presid<physical_entity wordnetid="100001930" confidence="0.8"><unfortunate wordnetid="109630641" confidence="0.8"><executive wordnetid="110069645" confidence="0.8"><person wordnetid="100007846" confidence="0.8"><victim wordnetid="110752093" confidence="0.8"><leader wordnetid="109623038" confidence="0.8"><administrator wordnetid="109770949" confidence="0.8"><engineer wordnetid="109615807" confidence="0.8"><causal_agent wordnetid="100007347" confidence="0.8"><head wordnetid="110162991" confidence="0.8"><link ns0:type="simple" ns0:href="../288/2931288.xml">cole</link></head></causal_agent></engineer></administrator></leader></victim></person></executive></unfortunate></physical_entity>bought checker intent compani develop modern checker cole plan purchas partial complet<company wordnetid="108058098" confidence="0.9508927676800064"><link ns0:type="simple" ns0:href="../413/32413.xml">volkswagen</link></company>factori<link ns0:type="simple" ns0:href="../976/533976.xml">westmoreland</link><region wordnetid="108630985" confidence="0.8"><administrative_district wordnetid="108491826" confidence="0.8"><location wordnetid="100027167" confidence="0.8"><district wordnetid="108552138" confidence="0.8"><country wordnetid="108544813" confidence="0.8"><link ns0:type="simple" ns0:href="../332/23332.xml">pennsylvania</link></country></district></location></administrative_district></region>cole ship checker motor factori kalamazoo cut half insert lengthen rais roof sell reconfigur vehicl taxi shortli cole kill plane crash kalamazoo<image location="right" width="125px" src="Checker_A-11_Taxicab_1982.jpg" type="thumb"><caption>checker taxicab green cream checker trademark checkerboard trim</caption></image></p><p>checker motor checker hold compani involv revers acquisit intern control great dane trailer compani chang cra hold compani reorgan three whollyown subsidiari yellow cab own leas taxi cab chicago chicago taxicab repair servic cmc kalamazoo subsidiari includ american countri insur compani provid properti casualti insur great dane largest manufactur truck trailer contain chassi south charleston stamp manufactur compani compani renam great dane limit partnership acquir chicago base industri</p><p>checker motor today oper subsidiari industri automot<link ns0:type="simple" ns0:href="../820/789820.xml">subcontractor</link><link ns0:type="simple" ns0:href="../102/12102.xml">gener motor</link>checker current bodi stamp truck line chassi compon cadillac david markin son founder morri markin current act cmc chief execut offici</p></sec><sec><st>commerci vehicl</st><p><indent level="1">main articl<conveyance wordnetid="103100490" confidence="0.8"><artifact wordnetid="100021939" confidence="0.8"><instrumentality wordnetid="103575240" confidence="0.8"><vehicle wordnetid="104524313" confidence="0.8"><link ns0:type="simple" ns0:href="../398/1018398.xml">checker taxi</link></vehicle></instrumentality></artifact></conveyance></indent><image location="right" width="125px" src="Checker_Taxi_1.jpg" type="thumb"><caption>checker taxi</caption></image><image location="right" width="125px" src="Checker_Taxi.JPG" type="thumb"><caption>checker</caption></image>checker best<link ns0:type="simple" ns0:href="../793/99793.xml">taxicab</link>built busi reput earli year markin produc vehicl checker cab taxi compani direct competit<person wordnetid="100007846" confidence="0.9508927676800064"><philanthropist wordnetid="110421956" confidence="0.9173553029164789"><link ns0:type="simple" ns0:href="../260/2010260.xml">john hertz</link></philanthropist></person>owner<company wordnetid="108058098" confidence="0.8"><institution wordnetid="108053576" confidence="0.8"><link ns0:type="simple" ns0:href="../387/1018387.xml">yellow cab</link></institution></company>taxi cab</p><p>checker built trailer<link ns0:type="simple" ns0:href="../858/277858.xml" />truck cab<company wordnetid="108058098" confidence="0.9508927676800064"><link ns0:type="simple" ns0:href="../095/11095.xml">ford motor compani</link></company>checker built prototyp<link ns0:type="simple" ns0:href="../658/15658.xml">jeep</link>test armi call<link ns0:type="simple" ns0:href="../321/563321.xml">bantam</link>featur wheel drive wheel steer<military_action wordnetid="100952963" confidence="0.8"><group_action wordnetid="101080366" confidence="0.8"><event wordnetid="100029378" confidence="0.8"><conflict wordnetid="100958896" confidence="0.8"><act wordnetid="100030358" confidence="0.8"><psychological_feature wordnetid="100023100" confidence="0.8"><war wordnetid="100973077" confidence="0.8"><link ns0:type="simple" ns0:href="../927/32927.xml">war</link></war></psychological_feature></act></conflict></event></group_action></military_action>checker built tank retriev trailer tank recoveri vehicl well semi petroleum type trailer</p><p>checker design chang infrequ markin held design featur long discontinu major automobil manufactur exampl open front fender retain markin save oper expens repair minor ding dent taxi cab model design letter seri modif model major system design number model letter</p><p>checker commerci vehicl letter design model name except rule checker<weblink ns0:type="simple" ns0:href="http://www.edcahoon.com/Aerobus.html" />extend version car built stretch allow row seat door associ airport train station vacat resort transport guest</p></sec><sec><st>consum vehicl</st><p>checker product vehicl built exclus commerci liveri taxi busi compani build vehicl person request checker enter consum vehicl market purchas checker taxi declin</p><p>checker introduc<conveyance wordnetid="103100490" confidence="0.8"><car wordnetid="102958343" confidence="0.8"><self-propelled_vehicle wordnetid="104170037" confidence="0.8"><artifact wordnetid="100021939" confidence="0.8"><instrumentality wordnetid="103575240" confidence="0.8"><wheeled_vehicle wordnetid="104576211" confidence="0.8"><container wordnetid="103094503" confidence="0.8"><vehicle wordnetid="104524313" confidence="0.8"><motor_vehicle wordnetid="103791235" confidence="0.8"><link ns0:type="simple" ns0:href="../422/4039422.xml" /></motor_vehicle></vehicle></container></wheeled_vehicle></instrumentality></artifact></self-propelled_vehicle></car></conveyance>model built consum market join<car wordnetid="102958343" confidence="0.9508927676800064"><link ns0:type="simple" ns0:href="../373/2311373.xml">marathon</link></car>place special</p><p>checker car lightli market campaign center durabl unchang style checker promot vehicl mile car time automak shi mileag promis</p><p>marathon thoroughli outmod longer sell viabl quantiti lack resourc develop model checker decid leav auto manufactur busi marathon design date caus checker number problem checker car taxicab basic bodi chassi design product ceas numer chang appear car product start steer column fit meet safeti regul appear amc column round side marker light fender amber front red car highris model adapt steer column shift lever lock checker eschew attract bumper unit featur catalyt convert emiss devic unlead fuel label gaug fuel filler checker standard chevrolet steer column assembl includ steer wheel san chevrolet badg shift lever ignit switch model identifi chevrolet switch delta spoke steer wheel design duli checker rear jump seat remov fail safeti test car poor mileag tall front engin compart design<link ns0:type="simple" ns0:href="../845/1437845.xml">built engin</link>requir larg engin compart product engin ceas checker<automobile_engine wordnetid="102761557" confidence="0.9508927676800064"><link ns0:type="simple" ns0:href="../236/880236.xml">chevrolet straight</link></automobile_engine>engin option<artifact wordnetid="100021939" confidence="0.8"><instrumentality wordnetid="103575240" confidence="0.8"><engine wordnetid="103287733" confidence="0.8"><motor wordnetid="103789946" confidence="0.8"><device wordnetid="103183080" confidence="0.8"><machine wordnetid="103699975" confidence="0.8"><link ns0:type="simple" ns0:href="../712/878712.xml">chevrolet</link></machine></device></motor></engine></instrumentality></artifact>late engin match fullsiz chevi model transmiss fit checker sedan ceas offer straight model checker purchas small<link ns0:type="simple" ns0:href="../865/875865.xml#xpointer(//*[./st=%22V6%22])" />big chevi larg tall grill hood poor aerodynam reason low mileag number convert propan fuel bodi stamp die worn year continu requir manual bodi adjust bodi fender mechan part fit fender door part problem fit taxi involv numer minor accid extens hour day model produc model year final automobil roll assembl<link ns0:type="simple" ns0:href="../971/15971.xml">juli</link><link ns0:type="simple" ns0:href="../756/34756.xml" />member markin famili decid automobil product meet labor demand</p></sec><sec><st>refer</st><p><list><entry level="1" type="bullet">checker cab memoriam quintess qualiti york black dog publish</entry></list></p></sec><sec><st>extern link</st><p><list><entry level="1" type="bullet"><weblink ns0:type="simple" ns0:href="http://www.checkertaxistand.com/checker_history/">checker histori</weblink></entry><entry level="1" type="bullet"><weblink ns0:type="simple" ns0:href="http://www.checkertaxistand.com">checker taxi stand</weblink></entry><entry level="1" type="bullet"><weblink ns0:type="simple" ns0:href="http://www.checkercarclub.org">checker car club america</weblink></entry><entry level="1" type="bullet"><weblink ns0:type="simple" ns0:href="http://www.edcahoon.com/Aerobus.html">checker site</weblink></entry></list></p></sec></bdy></company></manufacturer></article>