<article xmlns:ns0="http://www.w3.org/1999/xlink"><organization confidence="0.9511911446218017" wordnetid="108008335"><header><title>retriev specialist group</title><id /><revision><id /><timestamp /><contributor><username>hmain</username><id /></contributor></revision><categories><category>retriev</category><category>british comput societi</category><category>comput scienc organ</category></categories></header><bdy>retriev specialist group irsg specialist group<social_group wordnetid="107950920" confidence="0.8"><society wordnetid="107966140" confidence="0.8"><group wordnetid="100031264" confidence="0.8"><link ns0:type="simple" ns0:href="../656/552656.xml">british comput societi</link></group></society></social_group>concern support commun research practition promot<link ns0:type="simple" ns0:href="../271/15271.xml" />method industri rais public awar newslett call inform annual european confer ecir continu organis sponsorship confer workshop seminar current chair andi macfarlan<sec><st>european confer retriev</st><p>organis<link ns0:type="simple" ns0:href="../235/10328235.xml">ecir</link>major activ retriev specialist group confer began grown major<link ns0:type="simple" ns0:href="../271/15271.xml">retriev</link>confer alongsid<link ns0:type="simple" ns0:href="../784/14109784.xml">sigir</link>receiv hundr paper poster year ecir initi establish irsg annual colloquium retriev held renam ecir better reflect statu intern confer</p></sec><sec><st>extern link</st><p><list><entry level="1" type="bullet"><weblink ns0:type="simple" ns0:href="http://irsg.bcs.org/">irsg homepag</weblink></entry></list></p></sec></bdy></organization></article>