<article xmlns:ns0="http://www.w3.org/1999/xlink"><university confidence="0.9508927676800064" wordnetid="108286163"><college confidence="0.9511911446218017" wordnetid="108278169"><header><title>mount oliv colleg</title><id /><revision><id /><timestamp /><contributor><username /><id /></contributor></revision><categories><category>liber art colleg</category><category>univers colleg north carolina</category></categories></header><bdy><template><name /><parameters><website><weblink ns0:type="simple" ns0:href="http://www.moc.edu">offici websit</weblink></website><undergrad /><state><region wordnetid="108630985" confidence="0.8"><administrative_district wordnetid="108491826" confidence="0.8"><location wordnetid="100027167" confidence="0.8"><district wordnetid="108552138" confidence="0.8"><country wordnetid="108544813" confidence="0.8"><link ns0:type="simple" ns0:href="../650/21650.xml" /></country></district></location></administrative_district></region></state><established><link ns0:type="simple" ns0:href="../602/34602.xml" /></established><type>privat</type><country><body wordnetid="107965085" confidence="0.8"><social_group wordnetid="107950920" confidence="0.8"><political_orientation wordnetid="106212839" confidence="0.8"><colony wordnetid="108374049" confidence="0.8"><state wordnetid="108168978" confidence="0.8"><political_unit wordnetid="108359949" confidence="0.8"><group wordnetid="100031264" confidence="0.8"><democracy wordnetid="106217103" confidence="0.8"><link ns0:type="simple" ns0:href="../750/3434750.xml">usa</link></democracy></group></political_unit></state></colony></political_orientation></social_group></body></country><city><village wordnetid="108672738" confidence="0.9508927676800064"><link ns0:type="simple" ns0:href="../496/2262496.xml">mount oliv</link></village></city><endowment /><name>mount oliv colleg</name><campus><region wordnetid="108630985" confidence="0.8"><habitat wordnetid="108580583" confidence="0.8"><environment wordnetid="108567235" confidence="0.8"><location wordnetid="100027167" confidence="0.8"><geographical_area wordnetid="108574314" confidence="0.8"><link ns0:type="simple" ns0:href="../614/212614.xml">rural</link></geographical_area></location></environment></habitat></region>acr</campus></parameters></template><p>mount oliv colleg privat institut root liber art tradit colleg locat town<village wordnetid="108672738" confidence="0.9508927676800064"><link ns0:type="simple" ns0:href="../496/2262496.xml">mount oliv</link></village><region wordnetid="108630985" confidence="0.8"><administrative_district wordnetid="108491826" confidence="0.8"><location wordnetid="100027167" confidence="0.8"><district wordnetid="108552138" confidence="0.8"><country wordnetid="108544813" confidence="0.8"><link ns0:type="simple" ns0:href="../650/21650.xml">north carolina</link></country></district></location></administrative_district></region><body wordnetid="107965085" confidence="0.8"><social_group wordnetid="107950920" confidence="0.8"><political_orientation wordnetid="106212839" confidence="0.8"><colony wordnetid="108374049" confidence="0.8"><state wordnetid="108168978" confidence="0.8"><political_unit wordnetid="108359949" confidence="0.8"><group wordnetid="100031264" confidence="0.8"><democracy wordnetid="106217103" confidence="0.8"><link ns0:type="simple" ns0:href="../750/3434750.xml">usa</link></democracy></group></political_unit></state></colony></political_orientation></social_group></body><village wordnetid="108672738" confidence="0.9508927676800064"><link ns0:type="simple" ns0:href="../845/57845.xml">raleigh</link></village><village wordnetid="108672738" confidence="0.9508927676800064"><link ns0:type="simple" ns0:href="../359/128359.xml" /></village>colleg addit locat eastern north carolina includ bern triangl park washington wilmington</p><p>mount oliv colleg found convent origin free will baptist</p><p>colleg serv tradit student work adult colleg current offer major minor cours studi high school graduat colleg transfer student work adult opportun continu full time employ earn degre night week program program work adult includ heritag associ degre program crimin justic criminolog earli childhood educ health care manag manag organiz develop manag system modular religion major</p><p>averag class size student degre offer includ<link ns0:type="simple" ns0:href="../816/12751816.xml">associ art</link><link ns0:type="simple" ns0:href="../816/12751816.xml">associ scienc</link><link ns0:type="simple" ns0:href="../992/156992.xml">bachelor art</link><link ns0:type="simple" ns0:href="../904/124904.xml">bachelor scienc</link><link>bachelor appli scienc</link>student bodi particip intercollegi athlet ncaa divis undergradu student receiv type financi aid</p><sec><st>extern link</st><p><list><entry level="1" type="bullet"><weblink ns0:type="simple" ns0:href="http://www.moc.edu/request.cfm?Section=root PageName=MOC%20Homepage">offici websit</weblink></entry><entry level="1" type="bullet"><weblink ns0:type="simple" ns0:href="http://education.yahoo.com/college/facts/7608.html">yahoo profil</weblink></entry></list></p><p><table style=";" class="navbox" cellspacing="0"><row><col style="padding:2px;"><table style="width:100%;background:transparent;color:inherit;;" class="nowraplinks collapsible autocollapse " cellspacing="0"><row><header colspan="2" style=";background:#DAF0FD;" class="navbox-title"><social_group wordnetid="107950920" confidence="0.8"><meeting wordnetid="108307589" confidence="0.8"><gathering wordnetid="107975026" confidence="0.8"><group wordnetid="100031264" confidence="0.8"><conference wordnetid="108308497" confidence="0.8"><link ns0:type="simple" ns0:href="../094/11658094.xml">confer carolina</link></conference></group></gathering></meeting></social_group></header></row><row style="height:2px;" /><row><col colspan="2" style="width:100%;padding:0px;;;" class="navbox-list navbox-odd"><university wordnetid="108286163" confidence="0.9508927676800064"><link ns0:type="simple" ns0:href="../018/1390018.xml">anderson</link></university><university wordnetid="108286163" confidence="0.9508927676800064"><link ns0:type="simple" ns0:href="../426/3540426.xml">barton</link></university><university wordnetid="108286163" confidence="0.9508927676800064"><link ns0:type="simple" ns0:href="../339/2146339.xml">belmont abbey</link></university><university wordnetid="108286163" confidence="0.9508927676800064"><link ns0:type="simple" ns0:href="../971/765971.xml">coker</link></university><university wordnetid="108286163" confidence="0.9508927676800064"><link ns0:type="simple" ns0:href="../181/2165181.xml">convers</link></university><university wordnetid="108286163" confidence="0.9508927676800064"><link ns0:type="simple" ns0:href="../942/765942.xml">erskin</link></university><university wordnetid="108286163" confidence="0.9508927676800064"><link ns0:type="simple" ns0:href="../658/4580658.xml">lee mcrae</link></university><university wordnetid="108286163" confidence="0.9508927676800064"><link ns0:type="simple" ns0:href="../207/2165207.xml">limeston</link></university><university wordnetid="108286163" confidence="0.9508927676800064"><link ns0:type="simple" ns0:href="../733/10252733.xml">mount oliv</link></university><university wordnetid="108286163" confidence="0.9508927676800064"><link ns0:type="simple" ns0:href="../963/2207963.xml">pfeiffer</link></university><university wordnetid="108286163" confidence="0.9508927676800064"><link ns0:type="simple" ns0:href="../166/2993166.xml">queen</link></university><university wordnetid="108286163" confidence="0.9508927676800064"><link ns0:type="simple" ns0:href="../885/3958885.xml">andrew</link></university></col></row></table></col></row></table></p></sec></bdy></college></university></article>