<article xmlns:ns0="http://www.w3.org/1999/xlink"><football_player confidence="0.9511911446218017" wordnetid="110101634"><person confidence="0.9508927676800064" wordnetid="100007846"><player confidence="0.9511911446218017" wordnetid="110439851"><entity confidence="0.9511911446218017" wordnetid="100001740"><header><title>ronni rosenth</title><id /><revision><id /><timestamp /><contributor><username>earl</username><id /></contributor></revision><categories><category>watford player</category><category>liverpool player</category><category>luton town player</category><category>live peopl</category><category>isra jew</category><category>isra footbal</category><category>standard lige player</category><category>premier leagu player</category><category>maccabi haifa player</category><category>birth</category><category>jewish footbal</category><category>club brugg player</category><category>tottenham hotspur player</category><category>israel intern footbal</category></categories></header><bdy><table style="font-size: 85%;" class="infobox vcard"><row><col colspan="3" style="text-align:center; font-size: large" class="fn">ronni rosenth</col></row><row><header colspan="3" style="background: #b0c4de; text-align: center">person</header></row><row><col>full</col><col colspan="2">ronni rosenth</col></row><row><col>birth</col><col colspan="2">octob age</col></row><row><col>place birth</col><col colspan="2"><link ns0:type="simple" ns0:href="../606/55606.xml">haifa</link><country wordnetid="108544813" confidence="0.9508927676800064"><link ns0:type="simple" ns0:href="../173/9282173.xml">israel</link></country></col></row><row><col>height</col><col colspan="2" /></row><row><col>play posit</col><col colspan="2"><link ns0:type="simple" ns0:href="../681/428681.xml">striker</link></col></row><row><header colspan="3" style="background: #b0c4de;">youth club</header></row><row><col colspan="2"><association wordnetid="108049401" confidence="0.8"><club wordnetid="108227214" confidence="0.8"><link ns0:type="simple" ns0:href="../872/319872.xml">maccabi haifa</link></club></association></col></row><row><header colspan="3" style="background: #b0c4de;">senior club</header></row><row style="line-height:9pt;"><col>year</col><col>club</col><col>app</col></row><row><col style="padding-right:3em;" /><col style="padding-right:3em;"><association wordnetid="108049401" confidence="0.8"><club wordnetid="108227214" confidence="0.8"><link ns0:type="simple" ns0:href="../872/319872.xml">maccabi haifa</link></club></association><link ns0:type="simple" ns0:href="../623/563623.xml">club brugg</link><link>standard lige</link><club wordnetid="108227214" confidence="0.9508927676800064"><link ns0:type="simple" ns0:href="../877/149877.xml" /></club>loan<association wordnetid="108049401" confidence="0.8"><club wordnetid="108227214" confidence="0.8"><link ns0:type="simple" ns0:href="../367/18367.xml">luton town</link></club></association>loan<club wordnetid="108227214" confidence="0.9508927676800064"><link ns0:type="simple" ns0:href="../119/18119.xml">liverpool</link></club>loan<club wordnetid="108227214" confidence="0.9508927676800064"><link ns0:type="simple" ns0:href="../119/18119.xml">liverpool</link></club><club wordnetid="108227214" confidence="0.9508927676800064"><link ns0:type="simple" ns0:href="../198/68198.xml">tottenham hotspur</link></club><club wordnetid="108227214" confidence="0.9508927676800064"><link ns0:type="simple" ns0:href="../099/85099.xml">watford</link></club></col><col /></row><row><header colspan="3" style="background: #b0c4de;text-align: center">nation team</header></row><row><col><team wordnetid="108208560" confidence="0.9508927676800064"><link ns0:type="simple" ns0:href="../536/769536.xml">israel</link></team></col><col /></row><row><col colspan="3" style="color: #555555; font-size:80%; text-align:center;">senior club appear goal count domest leagu correct novemb utc<p>appear goal</p></col></row></table>ronni rosenth<W wordnetid="106833544" confidence="0.9508927676800064"><link ns0:type="simple" ns0:href="../446/13446.xml">hebrew</link></W>born<link ns0:type="simple" ns0:href="../440/22440.xml">octob</link><link ns0:type="simple" ns0:href="../648/34648.xml" /><link ns0:type="simple" ns0:href="../606/55606.xml">haifa</link>nicknam rocket ronni<country wordnetid="108544813" confidence="0.9508927676800064"><link ns0:type="simple" ns0:href="../173/9282173.xml">israel</link></country><link ns0:type="simple" ns0:href="../568/10568.xml">footbal</link><sec><st>career</st><ss1><st>play career</st><p>rosenth born rais<link ns0:type="simple" ns0:href="../606/55606.xml">haifa</link><country wordnetid="108544813" confidence="0.9508927676800064"><link ns0:type="simple" ns0:href="../173/9282173.xml">israel</link></country>join youth team local club<association wordnetid="108049401" confidence="0.8"><club wordnetid="108227214" confidence="0.8"><link ns0:type="simple" ns0:href="../872/319872.xml">maccabi haifa</link></club></association>age promot senior squad score come substitut</p><p><country wordnetid="108544813" confidence="0.9508927676800064"><link ns0:type="simple" ns0:href="../316/9316.xml">english</link></country>coach<physical_entity wordnetid="100001930" confidence="0.8"><person wordnetid="100007846" confidence="0.8"><leader wordnetid="109623038" confidence="0.8"><administrator wordnetid="109770949" confidence="0.8"><causal_agent wordnetid="100007347" confidence="0.8"><head wordnetid="110162991" confidence="0.8"><director wordnetid="110014939" confidence="0.8"><link ns0:type="simple" ns0:href="../555/10425555.xml">jack</link></director></head></causal_agent></administrator></leader></person></physical_entity>releas rosenth free transfer assum will player weakest link team club presid<physical_entity wordnetid="100001930" confidence="0.8"><person wordnetid="100007846" confidence="0.8"><player wordnetid="110439851" confidence="0.8"><contestant wordnetid="109613191" confidence="0.8"><preserver wordnetid="110466918" confidence="0.8"><executive wordnetid="110069645" confidence="0.8"><football_player wordnetid="110101634" confidence="0.8"><administrator wordnetid="109770949" confidence="0.8"><leader wordnetid="109623038" confidence="0.8"><causal_agent wordnetid="100007347" confidence="0.8"><defender wordnetid="109614684" confidence="0.8"><head wordnetid="110162991" confidence="0.8"><athlete wordnetid="109820263" confidence="0.8"><link ns0:type="simple" ns0:href="../864/8905864.xml">yochanan</link></athlete></head></defender></causal_agent></leader></administrator></football_player></executive></preserver></contestant></player></person></physical_entity>believ rosenth potenti interven state price</p><p><link ns0:type="simple" ns0:href="../188/10426188.xml">shlomo</link>hire manag season rosenth team won consecut leagu championship total rosenth score goal haifa</p><p>rosenth move<link ns0:type="simple" ns0:href="../623/563623.xml">club brugg</link><country wordnetid="108544813" confidence="0.9508927676800064"><link ns0:type="simple" ns0:href="../343/3343.xml">belgium</link></country>season transfer fee<link ns0:type="simple" ns0:href="../563/2308563.xml" />season brugg team won<link ns0:type="simple" ns0:href="../677/1430677.xml">belgian leagu</link>reach<tournament wordnetid="107464725" confidence="0.9508927676800064"><link ns0:type="simple" ns0:href="../175/232175.xml">uefa cup</link></tournament>semifin</p><p>rosenth move<link>standard lige</link>exchang deal whilst lige loan<system wordnetid="108435388" confidence="0.8"><economy wordnetid="108366753" confidence="0.8"><group wordnetid="100031264" confidence="0.8"><link ns0:type="simple" ns0:href="../532/14532.xml">italian</link></group></economy></system>side<club wordnetid="108227214" confidence="0.9508927676800064"><link ns0:type="simple" ns0:href="../877/149877.xml" /></club>midst season allow trial english side<association wordnetid="108049401" confidence="0.8"><club wordnetid="108227214" confidence="0.8"><link ns0:type="simple" ns0:href="../367/18367.xml">luton town</link></club></association>whilst spot<club wordnetid="108227214" confidence="0.9508927676800064"><link ns0:type="simple" ns0:href="../119/18119.xml">liverpool</link></club>sign loan<link ns0:type="simple" ns0:href="../211/20211.xml">march</link>season</p><p>rosenth debut minut<link ns0:type="simple" ns0:href="../587/20587.xml">march</link><link ns0:type="simple" ns0:href="../635/34635.xml" />leagu win<association wordnetid="108049401" confidence="0.8"><club wordnetid="108227214" confidence="0.8"><link ns0:type="simple" ns0:href="../576/81576.xml">southampton</link></club></association><stadium wordnetid="104295881" confidence="0.9508927676800064"><link ns0:type="simple" ns0:href="../253/178253.xml" /></stadium><link ns0:type="simple" ns0:href="../ury/24th_century.xml">april</link>score<link ns0:type="simple" ns0:href="../541/411541.xml">hattrick</link>full debut win<association wordnetid="108049401" confidence="0.8"><club wordnetid="108227214" confidence="0.8"><link ns0:type="simple" ns0:href="../720/6720.xml">charlton athlet</link></club></association><stadium wordnetid="104295881" confidence="0.9508927676800064"><link ns0:type="simple" ns0:href="../449/679449.xml">park</link></stadium>liverpool win<event wordnetid="100029378" confidence="0.8"><social_event wordnetid="107288639" confidence="0.8"><contest wordnetid="107456188" confidence="0.8"><psychological_feature wordnetid="100023100" confidence="0.8"><link ns0:type="simple" ns0:href="../378/563378.xml">divis</link></psychological_feature></contest></social_event></event>championship season rosenth score goal final match</p><p><link ns0:type="simple" ns0:href="../842/15842.xml">june</link><link ns0:type="simple" ns0:href="../635/34635.xml" />rosenth sign perman liverpool fee impact club make appear bench club top reserv team goalscor<link ns0:type="simple" ns0:href="../094/4040094.xml" />season goal appear<club wordnetid="108227214" confidence="0.9508927676800064"><link ns0:type="simple" ns0:href="../173/42173.xml">aston villa</link></club><link ns0:type="simple" ns0:href="../801/3395801.xml" />hit crossbar open goal ten yard achiev cult statu rosenth play time club score goal poll<link>player shook</link></p><p>rosenth move<club wordnetid="108227214" confidence="0.9508927676800064"><link ns0:type="simple" ns0:href="../198/68198.xml">tottenham hotspur</link></club><link ns0:type="simple" ns0:href="../791/15791.xml">januari</link><link ns0:type="simple" ns0:href="../337/18948337.xml" />fee spur debut<link ns0:type="simple" ns0:href="../814/15814.xml">januari</link><link ns0:type="simple" ns0:href="../337/18948337.xml" /><event wordnetid="100029378" confidence="0.8"><social_event wordnetid="107288639" confidence="0.8"><contest wordnetid="107456188" confidence="0.8"><psychological_feature wordnetid="100023100" confidence="0.8"><link ns0:type="simple" ns0:href="../237/11237.xml">cup</link></psychological_feature></contest></social_event></event>defeat<association wordnetid="108049401" confidence="0.8"><club wordnetid="108227214" confidence="0.8"><link ns0:type="simple" ns0:href="../843/352843.xml">ipswich town</link></club></association><stadium wordnetid="104295881" confidence="0.9508927676800064"><link ns0:type="simple" ns0:href="../681/1338681.xml">portman road</link></stadium><link ns0:type="simple" ns0:href="../119/11119.xml">februari</link>score leagu debut header defeat<association wordnetid="108049401" confidence="0.8"><club wordnetid="108227214" confidence="0.8"><team wordnetid="108208560" confidence="0.8"><link ns0:type="simple" ns0:href="../538/177538.xml">sheffield wednesday</link></team></club></association><link ns0:type="simple" ns0:href="../102/3485102.xml" />season rosenth instrument victori<association wordnetid="108049401" confidence="0.8"><club wordnetid="108227214" confidence="0.8"><link ns0:type="simple" ns0:href="../576/81576.xml">southampton</link></club></association><event wordnetid="100029378" confidence="0.8"><social_event wordnetid="107288639" confidence="0.8"><contest wordnetid="107456188" confidence="0.8"><psychological_feature wordnetid="100023100" confidence="0.8"><link ns0:type="simple" ns0:href="../237/11237.xml">cup</link></psychological_feature></contest></social_event></event>round replay lose halftim rosenth score hattrick appear spur score goal</p><p><link ns0:type="simple" ns0:href="../ury/24th_century.xml">august</link><link ns0:type="simple" ns0:href="../601/34601.xml" />rosenth sign<club wordnetid="108227214" confidence="0.9508927676800064"><link ns0:type="simple" ns0:href="../099/85099.xml">watford</link></club>free transfer help watford win<event wordnetid="100029378" confidence="0.8"><social_event wordnetid="107288639" confidence="0.8"><contest wordnetid="107456188" confidence="0.8"><psychological_feature wordnetid="100023100" confidence="0.8"><link ns0:type="simple" ns0:href="../379/563379.xml">second divis</link></psychological_feature></contest></social_event></event>championship score goal season<association wordnetid="108049401" confidence="0.8"><club wordnetid="108227214" confidence="0.8"><link ns0:type="simple" ns0:href="../357/245357.xml">blackpool</link></club></association><ref ns0:type="simple" ns0:href="#xpointer(//reflist/entry[@id=%221%22])" />suffer injuri<link ns0:type="simple" ns0:href="../460/4096460.xml" />season play match retir season make appear watford score goal total score goal european footbal</p></ss1><ss1><st>intern career</st><p>rosenth cap<team wordnetid="108208560" confidence="0.9508927676800064"><link ns0:type="simple" ns0:href="../536/769536.xml">israel</link></team>start score goal select junior side make maccabi haifa debut full debut whilst club</p><p>intern career involv match versu<team wordnetid="108208560" confidence="0.9508927676800064"><link ns0:type="simple" ns0:href="../197/250197.xml">franc</link></team>stop franc qualifi<contest wordnetid="107456188" confidence="0.9508927676800064"><link ns0:type="simple" ns0:href="../793/147793.xml">cup</link></contest>israel won pari rosenth assist goal individu goal<team wordnetid="108208560" confidence="0.9508927676800064"><link ns0:type="simple" ns0:href="../906/655906.xml">azerbaijan</link></team>ball isra penalti area vote millennium goal isra public</p></ss1><ss1><st>career</st><p>rosenth work footbal consult famili live<country wordnetid="108544813" confidence="0.9508927676800064"><link ns0:type="simple" ns0:href="../316/9316.xml">england</link></country>marri woman<country wordnetid="108544813" confidence="0.9508927676800064"><link ns0:type="simple" ns0:href="../343/3343.xml">belgium</link></country>son born<country wordnetid="108544813" confidence="0.9508927676800064"><link ns0:type="simple" ns0:href="../316/9316.xml">england</link></country>son midfield enrol club watford academi<ref ns0:type="simple" ns0:href="#xpointer(//reflist/entry[@id=%222%22])" /></p></ss1></sec><sec><st>honour</st><p><list><entry level="1" type="bullet"><association wordnetid="108049401" confidence="0.8"><event wordnetid="100029378" confidence="0.8"><social_event wordnetid="107288639" confidence="0.8"><contest wordnetid="107456188" confidence="0.8"><league wordnetid="108231184" confidence="0.8"><psychological_feature wordnetid="100023100" confidence="0.8"><link ns0:type="simple" ns0:href="../668/5833668.xml">isra premier divis</link></psychological_feature></league></contest></social_event></event></association>champion maccabi haifa</entry><entry level="1" type="bullet"><link ns0:type="simple" ns0:href="../677/1430677.xml">belgian premier divis</link>champion club brugg</entry><entry level="1" type="bullet"><event wordnetid="100029378" confidence="0.8"><social_event wordnetid="107288639" confidence="0.8"><contest wordnetid="107456188" confidence="0.8"><psychological_feature wordnetid="100023100" confidence="0.8"><link ns0:type="simple" ns0:href="../378/563378.xml">footbal leagu divis</link></psychological_feature></contest></social_event></event>champion<link ns0:type="simple" ns0:href="../857/4039857.xml" />liverpool</entry><entry level="1" type="bullet"><event wordnetid="100029378" confidence="0.8"><social_event wordnetid="107288639" confidence="0.8"><contest wordnetid="107456188" confidence="0.8"><psychological_feature wordnetid="100023100" confidence="0.8"><link ns0:type="simple" ns0:href="../379/563379.xml">footbal leagu second divis</link></psychological_feature></contest></social_event></event>champion<link ns0:type="simple" ns0:href="../290/4086290.xml" />watford</entry></list></p></sec><sec><st>refer</st><p><reflist><entry id="1"><weblink ns0:type="simple" ns0:href="http://www.bsad.org/gone/ronny.html">forgotten ronni rosenth</weblink></entry><entry id="2"><weblink ns0:type="simple" ns0:href="http://sport.guardian.co.uk/smalltalk/story/0,,2211713,00.html">small talk ronni rosenth</weblink></entry></reflist></p></sec><sec><st>extern link</st><p><list><entry level="1" type="bullet"><weblink ns0:type="simple" ns0:href="http://www.soccerbase.com/players_details.sd?playerid=6887">ronni rosenth career stat</weblink><link ns0:type="simple" ns0:href="../964/1571964.xml">soccerbas</link></entry><entry level="1" type="bullet"><weblink ns0:type="simple" ns0:href="http://www.liverpoolfc.tv/team/past_players/players/rosenthal/">ronni rosenth offici liverpool web site</weblink></entry><entry level="1" type="bullet"><weblink ns0:type="simple" ns0:href="http://sporting-heroes.net/football-heroes/searchresults.asp?ButtonLeap=0 countryLinkDescription=+matching+search+results FootballHeroName=ronny+rosenthal FootballHeroClubCountry= FootballHeroDecade=Select+One SearchButton=Search">ronni rosenth</weblink></entry></list></p><p><table id="persondata" class="persondata"><header colspan="2" /><row><col class="persondata-label" /><col>rosenth ronni</col></row><row><col class="persondata-label">altern name</col></row><row><col class="persondata-label">short descript</col><col>footbal</col></row><row><col class="persondata-label">birth</col><col><link ns0:type="simple" ns0:href="../440/22440.xml">octob</link><link ns0:type="simple" ns0:href="../648/34648.xml" /></col></row><row><col class="persondata-label">place birth</col><col><link ns0:type="simple" ns0:href="../606/55606.xml">haifa</link><country wordnetid="108544813" confidence="0.9508927676800064"><link ns0:type="simple" ns0:href="../173/9282173.xml">israel</link></country></col></row><row><col class="persondata-label">death</col></row><row><col class="persondata-label">place death</col></row></table></p></sec></bdy></entity></player></person></football_player></article>