<article xmlns:ns0="http://www.w3.org/1999/xlink"><system confidence="0.8" wordnetid="104377057"><artifact confidence="0.8" wordnetid="100021939"><instrumentality confidence="0.8" wordnetid="103575240"><header><title>worstcas execut time</title><id /><revision><id /><timestamp /><contributor><username /><id /></contributor></revision><categories><category>realtim comput</category><category>embed system</category><category>analysi algorithm</category></categories></header><bdy>worstcas execut time wcet<link ns0:type="simple" ns0:href="../926/5926.xml">comput</link>task maximum length time task execut specif<link ns0:type="simple" ns0:href="../615/13615.xml">hardwar</link>platform know worstcas execut time prime schedul analysi hard<link ns0:type="simple" ns0:href="../767/25767.xml">realtim system</link><sec><st>analysi structur</st><p>time analysi gener perform level<list><entry level="1" type="bullet">wcet analysi</entry><entry level="1" type="bullet">analysi</entry></list></p><p>wcet analysi consid execut time isol task level activ consid task ignor task assum<link ns0:type="simple" ns0:href="../612/12053612.xml">block</link><link ns0:type="simple" ns0:href="../289/15289.xml">interrupt</link>block dealt schedul analysi</p><p>higher level system perform analyz wcet analysi task program system multipl task assum execut singl<link ns0:type="simple" ns0:href="../218/5218.xml">processor</link>compet resourc block attempt access resourc common type analysi schedul analysi exampl<link ns0:type="simple" ns0:href="../731/7564731.xml" />analysi<link ns0:type="simple" ns0:href="../055/233055.xml">schedul</link>analysi tight precis schedul analysi reli accuraci wcet analysi wcet valu pessimist greater execut time occur run system schedul will forc alloc time task requir</p><p>static wcet analysi tool work highlevel determin structur<link ns0:type="simple" ns0:href="../783/5783.xml">program</link>task work piec<link ns0:type="simple" ns0:href="../661/27661.xml">sourc code</link>disassembl binari<link ns0:type="simple" ns0:href="../392/217392.xml">execut</link>work lowlevel time real<link ns0:type="simple" ns0:href="../615/13615.xml">hardwar</link>task will execut specif featur combin kind analysi tool upper bound time requir execut task hardwar platform</p><p>lowlevel static wcet analysi complic presenc architectur featur improv perform<link ns0:type="simple" ns0:href="../218/5218.xml">processor</link><link ns0:type="simple" ns0:href="../829/6829.xml">cach</link><link ns0:type="simple" ns0:href="../129/416129.xml">branch predict</link><link ns0:type="simple" ns0:href="../187/1236187.xml">instruct pipelin</link>exampl determin tight wcet bound modern architectur featur account time model analysi</p><p>static analysi approach domin area late dynam approach enter arena motiv cite research branch comput hardwar cpu reach complex extrem hard model model process introduc error sourc error chip design lack document error document error model creation lead case model predict behavior observ real hardwar hand measur base approach consid inaccur reli observ worstcas effect test approach measur execut time short code segment basic block static analysi method comput worst case behavior code driven philosophi wcet basic block easili measur creat test case block worst case path exercis extrem difficult</p><p>histor industri endtoend measur safeti margin system manual static analysi simpl hardwar safeti critic system industri interest autom method calcul wcet complex increasingli issu manual analysi safeti margin liabil system gener increas cost devic tight caus devic failur futur requir safeti critic system analyz static approach</p></sec><sec><st>group</st><p>activ group sweden linkp germani saarbrcken dortmund franc toulous renn austria vienna york itali bologna spain cantabria valencia switzerland zurich topic time analysi attent europ group north carolina florida australia singapor</p></sec><sec><st>wcet tool challeng</st><p>intern wcet tool challeng place autumn organ<link>univers</link>sponsor artist network excel embed system design aim challeng inspect compar approach analyz worstcas execut time tool prototyp determin safe upper bound wcet task particip<weblink ns0:type="simple" ns0:href="http://home.versanet.de/~lt-422029/WCETToolChallengep_Extl.pdf">final</weblink>present novemb<link ns0:type="simple" ns0:href="../394/311394.xml" />intern symposium<site wordnetid="108651247" confidence="0.9508927676800064"><city wordnetid="108524735" confidence="0.9508927676800064"><link ns0:type="simple" ns0:href="../877/597877.xml" /></city></site>cypru</p><p>second challeng place<weblink ns0:type="simple" ns0:href="http://www.mrtc.mdh.se/projects/WCC08/" /></p></sec><sec><st /><p><list><entry level="1" type="bullet"><link ns0:type="simple" ns0:href="../578/44578.xml">big notat</link></entry><entry level="1" type="bullet"><link ns0:type="simple" ns0:href="../779/225779.xml">optim comput scienc</link></entry><entry level="1" type="bullet"><link ns0:type="simple" ns0:href="../956/37956.xml">best worst case</link></entry></list></p></sec><sec><st>articl white paper</st><p><list><entry level="1" type="bullet"><weblink ns0:type="simple" ns0:href="http://moss.csc.ncsu.edu/~mueller/ftp/pub/mueller/papers/1257.pdf">worstcas execut time problem overview method survey tool</weblink></entry><entry level="1" type="bullet"><weblink ns0:type="simple" ns0:href="http://ls12-www.cs.uni-dortmund.de/publications/papers/2007-codes+isss_1.pdf">compiletim decid instruct cach lock worstcas execut path pdf</weblink></entry><entry level="1" type="bullet"><weblink ns0:type="simple" ns0:href="http://ls12-www.cs.uni-dortmund.de/publications/papers/2007-codes+isss_2.pdf">influenc procedur clone wcet predict pdf</weblink></entry><entry level="1" type="bullet"><weblink ns0:type="simple" ns0:href="http://www.absint.com/aiT_WCET.pdf">worstcas execut time predict static program analysi pdf</weblink></entry><entry level="1" type="bullet"><weblink ns0:type="simple" ns0:href="http://artist.cs.uni-sb.de/WCET05/Papers/WCET2005Proceedings.pdf">proceed wcet intern workshop worstcas execut time analysi satellit event pdf</weblink></entry><entry level="1" type="bullet"><weblink ns0:type="simple" ns0:href="http://home.versanet.de/~lt-422029/WCETToolChallengep_Extl.pdf">wcet tool challeng final report pdf</weblink></entry><entry level="1" type="bullet"><weblink ns0:type="simple" ns0:href="http://www.mrtc.mdh.se/publications/1037.pdf">static wcet analysi code construct vehicl pdf</weblink></entry><entry level="1" type="bullet"><weblink ns0:type="simple" ns0:href="http://www.mrtc.mdh.se/publications/0974.pdf">appli static wcet analysi automot commun softwar pdf</weblink></entry><entry level="1" type="bullet"><weblink ns0:type="simple" ns0:href="http://www.mrtc.mdh.se/publications/0978.pdf">evalu static time analysi system pdf</weblink></entry><entry level="1" type="bullet"><weblink ns0:type="simple" ns0:href="http://www.mrtc.mdh.se/publications/0796.pdf">static time analysi realtim oper system code pdf</weblink></entry><entry level="1" type="bullet"><weblink ns0:type="simple" ns0:href="http://www.mrtc.mdh.se/publications/0738.pdf">evalu static wcet analysi commerci rto pdf</weblink></entry><entry level="1" type="bullet"><weblink ns0:type="simple" ns0:href="http://drops.dagstuhl.de/opus/volltexte/2006/673/pdf/WCET_Falk.673.pdf">design compil pdf</weblink></entry><entry level="1" type="bullet"><weblink ns0:type="simple" ns0:href="http://www.absint.com/aiT_airbus.pdf">airbu franc comput wcet avion program abstract interpret pdf</weblink></entry><entry level="1" type="bullet"><weblink ns0:type="simple" ns0:href="ftp://ftp.irit.fr/IRIT/TRACES/6278_ERTS06.pdf">framework experi wcet comput pdf</weblink></entry></list></p></sec></bdy></instrumentality></artifact></system></article>