<article xmlns:ns0="http://www.w3.org/1999/xlink"><header><title>comput experi</title><id /><revision><id /><timestamp /><contributor><username /><id /></contributor></revision><categories><category>comput scienc</category></categories></header><bdy>scientif context comput experi typic impli phase model phase experiment phase model phase replac tradit<link>mathemat model</link>experiment phase replac tradit<link ns0:type="simple" ns0:href="../187/15187.xml">vivo</link><link ns0:type="simple" ns0:href="../188/15188.xml">vitro</link>experi common call experi<link ns0:type="simple" ns0:href="../450/1035450.xml">silico</link><sec><st>comput simul build block comput experi</st><p>comput simul comput model typic replac tradit mathemat model mathemat model tradit solv analyt comput model solv numer<link ns0:type="simple" ns0:href="../416/375416.xml">comput simul</link>system typic physic system analyt solut mathemat model comput simul find approxim solut typic<link ns0:type="simple" ns0:href="../309/1424309.xml">differenti equat</link></p><p>comput experi comput model infer underli system idea comput model take place experi phrase<link ns0:type="simple" ns0:href="../450/1035450.xml">silico experi</link>moment exampl debat climat chang inform evalu climat simul run largest comput investig impact substanti increas atmospher concentr greenhous gase carbon dioxid case accumul simul initi condit form experi</p></sec><sec><st>comput experi statist</st><p>comput experi branch<link ns0:type="simple" ns0:href="../059/1059.xml">appli statist</link>user account three sourc uncertainti model paramet valu second model imperfect represent underli system third data collect system calibr model imperfectli measur fair practition comput experi statistician</p></sec><sec><st>histori</st><p>comput experi conduct<site wordnetid="108651247" confidence="0.8"><region wordnetid="108630985" confidence="0.8"><position wordnetid="108621598" confidence="0.8"><center wordnetid="108523483" confidence="0.8"><point wordnetid="108620061" confidence="0.8"><landmark wordnetid="108624891" confidence="0.8"><area wordnetid="108497294" confidence="0.8"><location wordnetid="100027167" confidence="0.8"><tract wordnetid="108673395" confidence="0.8"><geographical_area wordnetid="108574314" confidence="0.8"><link ns0:type="simple" ns0:href="../145/38145.xml">alamo nation laboratori</link></geographical_area></tract></location></area></landmark></point></center></position></region></site>studi behaviour nuclear weapon comput model branch larg part physic environment scienc refer process model medicin comput experi develop wide rang applic standardis terminolog</p></sec><sec><st>preliminari remark</st><p>gener guid articl learn model paramet data system refer model calibr learn system behaviour system predict combin model system data predict system refer calibr predict terminolog discuss<link ns0:type="simple" ns0:href="#xpointer(//*[./st=%22The+traditional+approach%22])"><list><entry level="1" type="number">tradit approach</entry></list></link></p><ss1><st>construct simul</st><p>simul comput code evalu output simul correspond directli measur aspect system understand process creat simul allow judgement simul system difficult combin simul extent treat independ sourc<link ns0:type="simple" ns0:href="../416/375416.xml">comput simul</link></p><p>applic typic three part simul model treatment solver write</p><p>simul model treatment solver</p><p>differ three compon rise simul</p></ss1><ss1><st>model</st><p>subject model larg<link ns0:type="simple" ns0:href="../795/3224795.xml">model abstract</link>introduct link start point<link ns0:type="simple" ns0:href="../590/20590.xml">mathemat model</link>system interest physic scienc model typic describ variabl fundament law equat variabl exist evolv space time</p><p>exampl suppos interest build ocean model proceed</p><p><list><entry level="1" type="bullet">variabl veloc three direct pressur temperatur salin densiti</entry></list></p><p><list><entry level="1" type="bullet">fundament law<link ns0:type="simple" ns0:href="../395/48395.xml">navierstok equat</link>conserv momentum<link ns0:type="simple" ns0:href="../793/410793.xml">continu equat</link>conserv mass conserv temperatur salin</entry></list></p><p><list><entry level="1" type="bullet">equat relationship densiti temperatur salin pressur model format</entry></list></p><p>variabl ocean model express continuum space time fundament law<link ns0:type="simple" ns0:href="../564/52564.xml">partial differenti equat</link>stage simplif exampl common treat seawat incompress equat empir relationship base laboratori experi</p><p>scienc model tend construct respect key process refer compartment model exampl suppli physic model exampl simpl model ocean atlant divid ocean compart south tropic north deep</p></ss1><ss1><st>treatment</st><p>treatment model applic instanc exampl model ocean applic earth period treatment case compris boundari condit describ ocean margin topographi initi condit quantifi vector veloc pressur locat start forc function describ extern influenc ocean period forc describ event surfac ocean temperatur wind exchang freshwat evapor precipit histor valu forc infer data futur valu today will scenario</p><p>note largescal climat model coupl ocean model atmospher model forc margin ocean atmospher prescrib infer moment type coupl bit black art forc coupl model atmospher thing orbit effect atmospher concentr greenhous gase</p></ss1><ss1><st>solver</st><p>final solver turn model treatment calcul approxim evolut vector point problem involv replac continuum lattic discret point ocean simul earth surfac divid rectangl ocean number layer divis typic fix simul number cell refer simul resolut time treat stepsiz adjac sophist manner adapt calcul</p><p>allow approxim solut model treatment introduc problem necessit adjust process characterist scale smaller grid cell timestep dont pick simul behav vector constant cell timestep socal process thought larg compon model solver includ approxim process impact approxim simul resolut larg</p></ss1><ss1><st>simul function</st><p>simul implement piec comput code evalu produc collect output written file code file read code find number requir code will typic compris coeffici underli model initi condit forc function natur simul determinist function map input collect output notion extend stochast simul input seed random number gener</p><p>basi simul common refer collect input simul output vector quantiti larg collect valu index space time space time</p><p>worth note simul worthi object infer simul embodi formal inform expertis larg section relev scientif commun interest object</p><p><math />principl practic case simul compris ten thousand line highlevel comput code access intuit discuss run code imposs predict exactli output will</p><p>view lend<link ns0:type="simple" ns0:href="../526/38526.xml">bayesian</link>analysi<math />treat random function set simul run observ implicitli treat<math />random function infer bayesian paradigm</p></ss1></sec><sec><st>sourc uncertainti</st><p>sourc uncertainti comput experi discuss turn</p><ss1><st>uncertainti simul behaviour</st><p>uncertain happen evalu simul input evalu outcom uncertain simul complic valu simul cheap evalu number compon small problem evalu simul cost find input close evalu case uncertainti issu simul expens evalu lot compon typic uncertain uncertainti larg</p></ss1><ss1><st>uncertainti correct simul input</st><p>reason uncertain correct simul input precis measur appli compon analogu system measur input typic includ initi condit start valu vector vector typic quantiti analogu system water temperatur forc function measur measur doesnt measur error</p><p>second compon correspond measur quantiti system tune input typic model paramet place model simplifi process complet understood repres flexibl nonphys submodel tune input tend repres gener concept highli aggreg</p><p>exampl hydrocarbon reservoir common parameteris fault transmiss natur fault vari microscal level singl number gross simplif reason treatment fault transmiss case exactli problem appli rock permeabl averag region aggreg permeabl exampl simplifi model lead problem definit input compon uncertainti correct correct correct</p><p>add flexibl nonphys submodel exampl coupl</p></ss1><ss1><st>uncertainti simul output system</st><p /></ss1><ss1><st>uncertainti measur system</st></ss1></sec><sec><st>tradit approach</st></sec><sec><st>probabilist bayesian approach</st></sec><sec><st>challeng larg comput experi</st></sec><sec><st>read</st><p><cite id="Reference-Santner-2003" style="font-style:normal" class="book">thoma design analysi comput experi berlin springer isbn</cite></p></sec></bdy></article>