<article xmlns:ns0="http://www.w3.org/1999/xlink"><header><title>euclidean minimum span tree</title><id /><revision><id /><timestamp /><contributor><username>twri</username><id /></contributor></revision><categories><category>geometr graph</category><category>span tree</category></categories></header><bdy><image location="right" width="300px" src="Euclidean_minimum_spanning_tree.svg" type="thumb"><caption>emst random point plane</caption></image><p>euclidean minimum span tree emst<link ns0:type="simple" ns0:href="../795/41795.xml">minimum span tree</link>set point<link ns0:type="simple" ns0:href="../029/84029.xml">plane</link>gener<math />weight edg pair point distanc point simpler term emst connect set dot line total length line minim dot reach line difficult version child game<link ns0:type="simple" ns0:href="../427/2654427.xml" /></p><p>plane emst set point<link ns0:type="simple" ns0:href="../619/3287619.xml">asymptot optim</link><link ns0:type="simple" ns0:href="../578/44578.xml">theta</link>log time space<link ns0:type="simple" ns0:href="../383/495383.xml">random algorithm</link>complex log log</p><p>higher dimens find optim algorithm remain<link ns0:type="simple" ns0:href="../335/1333335.xml">open problem</link></p><sec><st>algorithm comput emst</st><p>simplest algorithm find emst point construct<link ns0:type="simple" ns0:href="../816/85816.xml">complet graph</link>vertic edg comput edg weight find distanc pair point standard minimum span tree algorithm version<event wordnetid="100029378" confidence="0.8"><rule wordnetid="105846932" confidence="0.8"><act wordnetid="100030358" confidence="0.8"><psychological_feature wordnetid="100023100" confidence="0.8"><procedure wordnetid="101023820" confidence="0.8"><activity wordnetid="100407535" confidence="0.8"><algorithm wordnetid="105847438" confidence="0.8"><link ns0:type="simple" ns0:href="../783/53783.xml">prim algorithm</link></algorithm></activity></procedure></psychological_feature></act></rule></event><event wordnetid="100029378" confidence="0.8"><rule wordnetid="105846932" confidence="0.8"><act wordnetid="100030358" confidence="0.8"><psychological_feature wordnetid="100023100" confidence="0.8"><procedure wordnetid="101023820" confidence="0.8"><activity wordnetid="100407535" confidence="0.8"><algorithm wordnetid="105847438" confidence="0.8"><link ns0:type="simple" ns0:href="../776/53776.xml">kruskal algorithm</link></algorithm></activity></procedure></psychological_feature></act></rule></event>graph<link ns0:type="simple" ns0:href="../578/44578.xml">theta</link>edg distinct point construct requir<link ns0:type="simple" ns0:href="../578/44578.xml">omega</link>time solut requir omegan space store edg</p><p>better approach find emst plane note subgraph<event wordnetid="100029378" confidence="0.8"><rule wordnetid="105846932" confidence="0.8"><act wordnetid="100030358" confidence="0.8"><psychological_feature wordnetid="100023100" confidence="0.8"><procedure wordnetid="101023820" confidence="0.8"><activity wordnetid="100407535" confidence="0.8"><algorithm wordnetid="105847438" confidence="0.8"><link ns0:type="simple" ns0:href="../864/8864.xml">delaunay triangul</link></algorithm></activity></procedure></psychological_feature></act></rule></event>point set edg easi proof accept algorithm find emst clear<list><entry level="1" type="number">comput delaunay triangul log time space delaunay triangul<link ns0:type="simple" ns0:href="../314/24314.xml">planar graph</link>three time edg vertic planar graph gener edg</entry><entry level="1" type="number">label edg length</entry><entry level="1" type="number">prim algorithm variant find minimum span tree edg requir log time</entry></list>final result algorithm log time space</p><p>problem gener point ddimension space<math />algorithm list solv problem time ddimension distanc function second algorithm requir amount time worstcas delaunay triangul omegan edg higher dimens<link ns0:type="simple" ns0:href="../636/34636.xml" />paper lower bound random algebra decis tree<physical_entity wordnetid="100001930" confidence="0.8"><person wordnetid="100007846" confidence="0.8"><causal_agent wordnetid="100007347" confidence="0.8"><scientist wordnetid="110560637" confidence="0.8"><mathematician wordnetid="110301261" confidence="0.8"><link ns0:type="simple" ns0:href="../248/9506248.xml">dima</link></mathematician></scientist></causal_agent></person></physical_entity>prove gener problem lower bound time point best solut close omegan larg</p></sec><sec><st>subtre delaunay triangul</st><p>simpl proof edg emst edg<event wordnetid="100029378" confidence="0.8"><rule wordnetid="105846932" confidence="0.8"><act wordnetid="100030358" confidence="0.8"><psychological_feature wordnetid="100023100" confidence="0.8"><procedure wordnetid="101023820" confidence="0.8"><activity wordnetid="100407535" confidence="0.8"><algorithm wordnetid="105847438" confidence="0.8"><link ns0:type="simple" ns0:href="../864/8864.xml">delaunay triangul</link></algorithm></activity></procedure></psychological_feature></act></rule></event>point<ref ns0:type="simple" ns0:href="#xpointer(//reflist/entry[@id=%221%22])" /><ref ns0:type="simple" ns0:href="#xpointer(//reflist/entry[@id=%222%22])" />fact proof equival<link ns0:type="simple" ns0:href="../497/8556497.xml">contraposit</link>statement edg delaunay triangul emst base<link ns0:type="simple" ns0:href="../634/18634.xml">lemma</link></p><p>lemma<condition wordnetid="113920835" confidence="0.8"><state wordnetid="100024720" confidence="0.8"><problem wordnetid="114410605" confidence="0.8"><difficulty wordnetid="114408086" confidence="0.8"><link ns0:type="simple" ns0:href="../795/41795.xml#xpointer(//*[./st=%22Cycle+property%22])">cycl properti</link></difficulty></problem></state></condition>minimum span tree cycl graph weight edg larger weight edg edg belong mst</p><p>lemma properti delaunay triangul circl input point boundari input point point edg delaunay triangul</p><p><image location="right" width="150px" src="EMST_Delaunay_proof.png" />consid edg input point edg delaunay triangul lemma impli circl diamet point insid closer edg longest edg cycl point rarr rarr rarr lemma emst</p></sec><sec><st>expect size</st><p>expect size emst larg number point determin<physical_entity wordnetid="100001930" confidence="0.8"><peer wordnetid="109626238" confidence="0.8"><person wordnetid="100007846" confidence="0.8"><colleague wordnetid="109935990" confidence="0.8"><causal_agent wordnetid="100007347" confidence="0.8"><scientist wordnetid="110560637" confidence="0.8"><mathematician wordnetid="110301261" confidence="0.8"><associate wordnetid="109816771" confidence="0.8"><link ns0:type="simple" ns0:href="../544/9324544.xml">michael steel</link></associate></mathematician></scientist></causal_agent></colleague></person></peer></physical_entity><math />densiti probabl function pick point larg<math /><math>neq</math>size emst<indent level="1"><math /></indent><math />constant depend dimens<math />exact constant unknown estim empir evid</p></sec><sec><st>applic</st><p>obviou applic euclidean minimum span tree find cheapest network wire pipe connect set place assum link cost fix amount unit length absolut lower bound amount connect need network prefer graph tree failur individu link will split network part</p><p>applic emst<link ns0:type="simple" ns0:href="../925/2018925.xml">approxim algorithm</link>solv<link>euclidean travel salesman problem</link>version<link ns0:type="simple" ns0:href="../248/31248.xml">travel salesman problem</link>set point plane edg label length realist variat problem solv factor comput emst walk boundari outlin entir tree remov occurr vertex walk</p></sec><sec><st>miscellanea</st><p>test<link ns0:type="simple" ns0:href="../560/48560.xml">tree</link>drawn plane repres euclidean minimum span tree vertic<class wordnetid="107997703" confidence="0.8"><collection wordnetid="107951464" confidence="0.8"><group wordnetid="100031264" confidence="0.8"><link ns0:type="simple" ns0:href="../681/54681.xml">nphard</link></group></collection></class></p><p>call realiz problem euclidean minimum span tree tree<math />find locat<math />vertex<math /><math />minimum span tree<math />determin locat exist<ref ns0:type="simple" ns0:href="#xpointer(//reflist/entry[@id=%223%22])" /></p></sec><sec><st>refer</st><p><reflist><entry id="1">robert lectur voronoi diagram triangul spring comput geometri class associ professor comput scienc engin washington univers</entry><entry id="2">robert sedgewick kevin wayn minimum span tree lectur note comput scienc algorithm data structur spring princeton univers</entry><entry id="3"><weblink ns0:type="simple" ns0:href="http://portal.acm.org/citation.cfm?doid=177424.177507">realiz problem euclidean minimum span tree nphard</weblink></entry></reflist><list><entry level="1" type="bullet"><weblink ns0:type="simple" ns0:href="http://cs.smith.edu/~orourke/TOPP/P5.html#gkms-lbrad-96">smith colleg open problem project problem euclidean minimum span tree</weblink></entry><entry level="1" type="bullet">dima<physical_entity wordnetid="100001930" confidence="0.8"><person wordnetid="100007846" confidence="0.8"><causal_agent wordnetid="100007347" confidence="0.8"><scientist wordnetid="110560637" confidence="0.8"><mathematician wordnetid="110301261" confidence="0.8"><link ns0:type="simple" ns0:href="../042/2994042.xml">marek karpinski</link></mathematician></scientist></causal_agent></person></physical_entity>meyer auf der roman lower bound random algebra decis tree proceed annual acm symposium theori comput</entry><entry level="1" type="bullet"><weblink ns0:type="simple" ns0:href="http://www.mpi-sb.mpg.de/~kavitha/assignment10-sol.ps">informatik exercis solut</weblink>postscript</entry></list></p></sec></bdy></article>