<article xmlns:ns0="http://www.w3.org/1999/xlink"><header><title>ibm workplac</title><id /><revision><id /><timestamp /><contributor><username /><id /></contributor></revision><categories><category>softwar engin disast</category><category>ibm oper system</category></categories></header><bdy>workplac born ambiti plan<company wordnetid="108058098" confidence="0.9508927676800064"><link ns0:type="simple" ns0:href="../259/18622259.xml">ibm</link></company>creat comput<link ns0:type="simple" ns0:href="../194/22194.xml">oper system</link>goal workplac improv softwar portabl reduc mainten cost ibm softwar common<link ns0:type="simple" ns0:href="../023/20023.xml">microkernel</link>base ibm oper system<p>base workplac version<link ns0:type="simple" ns0:href="../028/21028.xml">mach</link>microkernel releas develop<university wordnetid="108286163" confidence="0.9508927676800064"><link ns0:type="simple" ns0:href="../093/48093.xml">carnegi mellon univers</link></university>heavili modifi<foundation wordnetid="113790712" confidence="0.8"><link ns0:type="simple" ns0:href="../219/190219.xml">open softwar foundat</link></foundation>institut top microkernel workplac server call operatingsystem person execut<link ns0:type="simple" ns0:href="../146/8146.xml" /><O wordnetid="106832680" confidence="0.9508927676800064"><link ns0:type="simple" ns0:href="../409/22409.xml" /></O><link ns0:type="simple" ns0:href="../890/18890.xml">microsoft window</link><link ns0:type="simple" ns0:href="../005/248005.xml" /><link ns0:type="simple" ns0:href="../ury/22nd_century.xml">aix</link>applic ibm plan workplac processor architectur includ<link ns0:type="simple" ns0:href="../281/24281.xml">powerpc</link><chip wordnetid="103020034" confidence="0.8"><artifact wordnetid="100021939" confidence="0.8"><instrumentality wordnetid="103575240" confidence="0.8"><microprocessor wordnetid="103760310" confidence="0.8"><conductor wordnetid="103088707" confidence="0.8"><device wordnetid="103183080" confidence="0.8"><semiconductor_device wordnetid="104171831" confidence="0.8"><link ns0:type="simple" ns0:href="../558/60558.xml">arm</link></semiconductor_device></device></conductor></microprocessor></instrumentality></artifact></chip><link ns0:type="simple" ns0:href="../198/34198.xml" />comput rang size<link ns0:type="simple" ns0:href="../304/23304.xml">pda</link><link ns0:type="simple" ns0:href="../181/68181.xml">workstat</link>larg server</p><p>ibm easi portabl machbas workplac creat simpl migrat path move exist custom base powerpcbas system ibm hedg oper system strategi aggress recruit comput compani adopt microkernel basi oper system ibm persuad<company wordnetid="108058098" confidence="0.8"><institution wordnetid="108053576" confidence="0.8"><link ns0:type="simple" ns0:href="../989/89989.xml">talig</link></institution></company>replac intern develop microkernel ibm microkernel ostens allow talig oper system implement workplac person execut sidebysid oper system person</p><p>initi version workplac xbase hardwar provid robust<O wordnetid="106832680" confidence="0.9508927676800064"><link ns0:type="simple" ns0:href="../622/18932622.xml">bsd unix</link></O>deriv person person</p><p>inher difficulti implement kernel multipl person poor commun team implement person blame failur billion dollar cost project poor perform accept belief high speed powerpc hardwar turn fals belief eventu powerpc kernel person unix person releas commerci product octob second version releas support arm processor face poor perform low accept<link ns0:type="simple" ns0:href="../440/861440.xml">powerpc refer platform</link>initi offer poor qualiti<chip wordnetid="103020034" confidence="0.8"><artifact wordnetid="100021939" confidence="0.8"><instrumentality wordnetid="103575240" confidence="0.8"><microprocessor wordnetid="103760310" confidence="0.8"><conductor wordnetid="103088707" confidence="0.8"><device wordnetid="103183080" confidence="0.8"><semiconductor_device wordnetid="104171831" confidence="0.8"><link ns0:type="simple" ns0:href="../684/8632684.xml#xpointer(//*[./st=%22PowerPC+620%22])">powerpc</link></semiconductor_device></device></conductor></microprocessor></instrumentality></artifact></chip>platform extens cost overrun lack aix window kernel person low custom demand project cancel</p><p>cancel ibm close workplac project power person divis respons low powerpc processor long term ibm decid develop oper system commit heavili window<O wordnetid="106832680" confidence="0.9508927676800064"><link ns0:type="simple" ns0:href="../297/6097297.xml">linux</link></O></p></bdy></article>