<article xmlns:ns0="http://www.w3.org/1999/xlink"><painting confidence="0.9508927676800064" wordnetid="103876519"><header><title>miracl holi fire paint</title><id /><revision><id /><timestamp /><contributor><username /><id /></contributor></revision><categories><category>paint</category><category>english art</category><category>victorian era</category><category>paint</category></categories></header><bdy><template><name>infobox paint</name><parameters><width /><museum><structure wordnetid="104341686" confidence="0.8"><building wordnetid="102913152" confidence="0.8"><artifact wordnetid="100021939" confidence="0.8"><facility wordnetid="103315023" confidence="0.8"><depository wordnetid="103177349" confidence="0.8"><museum wordnetid="103800563" confidence="0.8"><link ns0:type="simple" ns0:href="../266/2229266.xml">art museum</link></museum></depository></facility></artifact></building></structure></museum><type><link ns0:type="simple" ns0:href="../605/22605.xml">oil canva</link></type><backcolor><list><entry level="1" type="number" /></list></backcolor><city><village wordnetid="108672738" confidence="0.9508927676800064"><link ns0:type="simple" ns0:href="../685/5685.xml">cambridg massachusett</link></village></city><painting_alignment /><title>miracl holi fire</title><height /><image_size /><image_file>hunt</image_file><year /><artist><physical_entity wordnetid="100001930" confidence="0.8"><person wordnetid="100007846" confidence="0.8"><causal_agent wordnetid="100007347" confidence="0.8"><painter wordnetid="110391653" confidence="0.8"><artist wordnetid="109812338" confidence="0.8"><creator wordnetid="109614315" confidence="0.8"><link ns0:type="simple" ns0:href="../449/118449.xml">william holman hunt</link></creator></artist></painter></causal_agent></person></physical_entity></artist></parameters></template>miracl holi fire paint<physical_entity wordnetid="100001930" confidence="0.8"><person wordnetid="100007846" confidence="0.8"><causal_agent wordnetid="100007347" confidence="0.8"><painter wordnetid="110391653" confidence="0.8"><artist wordnetid="109812338" confidence="0.8"><creator wordnetid="109614315" confidence="0.8"><link ns0:type="simple" ns0:href="../449/118449.xml">william holman hunt</link></creator></artist></painter></causal_agent></person></physical_entity>depict<link ns0:type="simple" ns0:href="../731/224731.xml">greek orthodox</link>rite<tradition wordnetid="105809745" confidence="0.8"><link ns0:type="simple" ns0:href="../798/1624798.xml">holi fire</link></tradition><structure wordnetid="104341686" confidence="0.8"><building wordnetid="102913152" confidence="0.8"><artifact wordnetid="100021939" confidence="0.8"><church wordnetid="103028079" confidence="0.8"><place_of_worship wordnetid="103953416" confidence="0.8"><link ns0:type="simple" ns0:href="../810/7810.xml">church holi</link></place_of_worship></church></artifact></building></structure>jerusalem hunt believ fire<link ns0:type="simple" ns0:href="../850/1863850.xml">piou fraud</link>brought christian disreput intend paint satir manner<person wordnetid="100007846" confidence="0.9508927676800064"><engraver wordnetid="110058155" confidence="0.9173553029164789"><link ns0:type="simple" ns0:href="../020/103020.xml">william hogarth</link></engraver></person>hunt publish elabor explain ident charact depict<sec><st>subject</st><p>miracl holi fire annual event patriarch greek orthodox church jerusalem enter shrine holi lamp emerg lit ceremoni noon<link ns0:type="simple" ns0:href="../908/233908.xml">orthodox patriarch jerusalem</link>orthodox<link ns0:type="simple" ns0:href="../557/48557.xml">archbishop</link>recit specif<link ns0:type="simple" ns0:href="../042/25042.xml">prayer</link>congreg will chant lord merci<link ns0:type="simple" ns0:href="../560/803560.xml" /><language wordnetid="106282651" confidence="0.9508927676800064"><link ns0:type="simple" ns0:href="../887/11887.xml">greek</link></language>holi fire descend lamp<link ns0:type="simple" ns0:href="../479/22479.xml">oliv</link>oil held<link ns0:type="simple" ns0:href="../409/175409.xml">patriarch</link>tomb chamber patriarch will reveal tomb chamber recit prayer light candl distribut congreg</p><p>hunt depict moment kindl fire releas chamber pass candl candl light candl emerg shrine background hunt concentr event social ethnograph context occur</p></sec><sec><st>mean</st><p>protest cathol hunt doubt fire miracl concentr consid fanat grotesqu respons particip believ interior church epitom bad tast write cram full pictur saint decor bad tast roman cathol europ modern greek share<ref ns0:type="simple" ns0:href="#xpointer(//reflist/entry[@id=%221%22])" /></p><p>hunt depict compet religi group race ethnic region woman repres protest english attitud hurri remov children scene crowd increasingli excit greek orthodox contrast respond enthusiast reach candl crowd<ref ns0:type="simple" ns0:href="#xpointer(//reflist/entry[@id=%222%22])" />number individu adopt pose design mimic death resurrect jesu background left figur mimick jesu dead carri adopt exagger gestur mourn centr man place shrine repeat gestur paint depict resurrect</p><p>crowd soldier repres occupi forc<link ns0:type="simple" ns0:href="../278/22278.xml">ottoman empir</link>attempt control element centr ceremoni islam ruler citi bim pasha second command lean sword repres order amid disord<ref ns0:type="simple" ns0:href="#xpointer(//reflist/entry[@id=%223%22])" /></p></sec><sec><st>note</st><p><reflist><entry id="1">william holman hunt catalogu</entry><entry id="2">william holman hunt catalogu</entry><entry id="3"><weblink ns0:type="simple" ns0:href="http://www.victorianweb.org/painting/whh/replete/miracle.html">landow mean william holman hunt typolog symbol</weblink></entry></reflist></p></sec></bdy></painting></article>