<article xmlns:ns0="http://www.w3.org/1999/xlink"><header><title>canonic</title><id /><revision><id /><timestamp /><contributor><username /><id /></contributor></revision><categories><category>comput terminolog</category></categories></header><bdy><indent level="1">confus<link ns0:type="simple" ns0:href="../097/6097.xml">canon</link></indent><link ns0:type="simple" ns0:href="../323/5323.xml">comput scienc</link>canonic abbrevi repres number letter process convert<link ns0:type="simple" ns0:href="../040/18985040.xml">data</link>represent standard<link ns0:type="simple" ns0:href="../150/328150.xml">canon</link>represent compar represent equival count number distinct data structur improv effici<link ns0:type="simple" ns0:href="../775/775.xml">algorithm</link>elimin repeat calcul impos meaning<link ns0:type="simple" ns0:href="../656/144656.xml">sort</link>order<sec><st>exampl</st><ss1><st>link wikipedia</st><p>exampl<web_site wordnetid="106359193" confidence="0.9508927676800064"><link ns0:type="simple" ns0:href="../734/5043734.xml">wikipedia</link></web_site>canonic process link articl letter articl capit lead trail space remov embed whitespac replac underscor exampl egg salad refer articl</p></ss1><ss1><st>web server</st><p>canonic filenam comput secur exampl web server secur rule state execut file cgi directori rule enforc check path start file execut</p><p>execut trick path directori hierarchi stay accept face error failur canonic filenam uniqu simplest represent path check type fault call<link ns0:type="simple" ns0:href="../396/2324396.xml">directori travers</link>vulner</p></ss1><ss1><st>unicod</st><p><link ns0:type="simple" ns0:href="../707/7280707.xml">variablelength encod</link><link ns0:type="simple" ns0:href="../742/31742.xml">unicod</link>standard<message wordnetid="106598915" confidence="0.8"><information wordnetid="106634376" confidence="0.8"><electronic_database wordnetid="106588511" confidence="0.8"><lexical_database wordnetid="106638868" confidence="0.8"><format wordnetid="106636806" confidence="0.8"><wordnet wordnetid="106639428" confidence="0.8"><database wordnetid="106637824" confidence="0.8"><link ns0:type="simple" ns0:href="../188/32188.xml">utf</link></database></wordnet></format></lexical_database></electronic_database></information></message>encod common charact<ref ns0:type="simple" ns0:href="#xpointer(//reflist/entry[@id=%221%22])" />string valid complic encod string charact consid softwar implement consid charact encod run risk accept string consid invalid applic design bug allow attack solut allow singl encod charact canonic process translat string charact singl allow encod altern softwar determin string canonic reject case clientserv context canonic respons client</p></ss1></sec><sec><st>canonic mathemat</st><p>mathemat object convert canon form applic combinator number canon form count techniqu<link ns0:type="simple" ns0:href="../736/383736.xml">gener posit</link><link ns0:type="simple" ns0:href="../446/18973446.xml">geometri</link>proof show arbitrari object consider rearrang point arrang conveni manner</p><p>canon form<link ns0:type="simple" ns0:href="../636/19636.xml">mathemat logic</link><link ns0:type="simple" ns0:href="../382/4230382.xml">firstord formula</link>standard form includ<link ns0:type="simple" ns0:href="../068/421068.xml">prenex normal form</link><link ns0:type="simple" ns0:href="../342/73342.xml">conjunct normal form</link><link ns0:type="simple" ns0:href="../341/73341.xml">disjunct normal form</link><link ns0:type="simple" ns0:href="../680/1048680.xml">algebra normal form</link></p></sec><sec><st>refer</st><p><reflist><entry id="1" /></reflist></p></sec><sec><st /><p><list><entry level="1" type="bullet"><link ns0:type="simple" ns0:href="../562/202562.xml">normal form</link></entry></list></p></sec></bdy></article>