<article xmlns:ns0="http://www.w3.org/1999/xlink"><system confidence="0.8" wordnetid="108435388"><group confidence="0.8" wordnetid="100031264"><web_site confidence="0.9511911446218017" wordnetid="106359193"><network confidence="0.8" wordnetid="108434259"><header><title>travel</title><id /><revision><id /><timestamp /><contributor><username /><id /></contributor></revision><categories><category>travel</category><category>travel websit</category><category>social network</category><category>buzzword</category><category>travel technolog</category><category>wide web</category></categories></header><bdy><p>travel earli decemb post web discuss forum<ref ns0:type="simple" ns0:href="#xpointer(//reflist/entry[@id=%221%22])" />offshoot<work wordnetid="100575741" confidence="0.8"><event wordnetid="100029378" confidence="0.8"><service wordnetid="100577525" confidence="0.8"><act wordnetid="100030358" confidence="0.8"><psychological_feature wordnetid="100023100" confidence="0.8"><meme wordnetid="105985126" confidence="0.8"><activity wordnetid="100407535" confidence="0.8"><acculturation wordnetid="105984936" confidence="0.8"><link ns0:type="simple" ns0:href="../022/1555022.xml">web</link></acculturation></activity></meme></psychological_feature></act></service></event></work>phenomenon industri onlin travel industri current transit adapt technolog trend<link ns0:type="simple" ns0:href="../539/14539.xml">internet</link><ref ns0:type="simple" ns0:href="#xpointer(//reflist/entry[@id=%222%22])" />travel increasingli interest find opinion review fellow travel lieu profession travel advic<ref ns0:type="simple" ns0:href="#xpointer(//reflist/entry[@id=%223%22])" />impact travel sector econom influenc internet money spent travel onlin roughli twothird american plan travel onlin amount book onlin well<ref ns0:type="simple" ns0:href="#xpointer(//reflist/entry[@id=%224%22])" />onlin travel industri break categori onlin travel agent onlin travel guid onlin travel planner onlin travel commun forum<ref ns0:type="simple" ns0:href="#xpointer(//reflist/entry[@id=%225%22])" />group bulk consid travel compani</p><p>travel term repres extens custom concept web form appli world largest industri travel<link ns0:type="simple" ns0:href="../789/29789.xml">tourism</link>defin transform<link ns0:type="simple" ns0:href="../440/41440.xml">onlin</link>offer level user empower function move<link ns0:type="simple" ns0:href="../539/14539.xml">internet</link>platform busi forc character web yield power influenc eyebal social orient web web tim oreilli describ model approach illustr divid<ref ns0:type="simple" ns0:href="#xpointer(//reflist/entry[@id=%226%22])" /></p><sec><st>introduct</st><p>migrat technic capabl slow singl process chip baud modem big heavi monitor expens memori storag dual core processor<link ns0:type="simple" ns0:href="../038/41038.xml">dsl</link>cabl modem broad market penetr cheap memori storag flat screen monitor enabl<link ns0:type="simple" ns0:href="../454/33454.xml">web</link>democraci allow presenc oneperson site influenti mass media outlet result onlin social revolut friend stranger connect share commun</p><p>describ philip wolf presid ceo<ref ns0:type="simple" ns0:href="#xpointer(//reflist/entry[@id=%227%22])" />travel firm travel built web defin key tenet<list><entry level="1" type="number">complet transpar data price content imageri goofi price scheme expos resort market beach reckon block flea bag reveal pierc veil profession photographi transpar code truth funni thing truth chines proverb stretch easier</entry><entry level="1" type="number">peer collabor verb fanci engag interact commun peopl dig peopl untold way social network open posit advanc forc hold great promis travel tourism hospit compani enabl crm occur consum consum person help custom connect custom ultim</entry><entry level="1" type="number">basic thing easier exampl clip articl dream anniversari trip recommend friend friend friend share photo scrap book year today accomplish fundament better way</entry><entry level="1" type="number">speed era skeptic argu faster today<company wordnetid="108058098" confidence="0.9508927676800064"><link ns0:type="simple" ns0:href="../923/1092923.xml">googl</link></company>desktop search discov caribbean decemb target advic happen lightn speed advanc underli technolog increasingli power system realiti</entry><entry level="1" type="number">predict final tenet elus prove power intellig system person advisori featur tailor respons uncanni way search keyword phrase luxuri hotel york citi receiv despit think night luxuri think think luxuri whichev techniqu deploy user profil vertic search tag cloud match clickstream analysi appli predict will huge differ</entry></list></p><p>short<list><entry level="1" type="number">transpar</entry><entry level="1" type="number">collabor</entry><entry level="1" type="number">better basic</entry><entry level="1" type="number">speed</entry><entry level="1" type="number">predict</entry></list></p><p>foundat technic migrat father web day web<list><entry level="1" type="bullet">web element remix loos connect content rich user experi interact social commerci network<link ns0:type="simple" ns0:href="../393/1385393.xml">long tail</link>busi model visual syndic enabl advanc user interfac advanc contextu behavior advertis</entry></list></p><p><list><entry level="1" type="bullet">web social network function enhanc network featur folksonomi permalink anonym commerci network function extend mashup featur open api standard xml</entry></list></p><p><list><entry level="1" type="bullet">web peertop share enabl social network major onlin brand aggreg commerci content enabl commerci network</entry></list></p><p>travel deploy person busi<link ns0:type="simple" ns0:href="../898/33898.xml">web site</link>embrac tenet built illustr technolog foundat exampl<link ns0:type="simple" ns0:href="../020/10591020.xml">farecast</link><link /><link /><link /><link /><link /><link /><link ns0:type="simple" ns0:href="../140/418140.xml" /><link /><link /><link /><link>trip tale</link><link /><link /><link /><series wordnetid="108457976" confidence="0.8"><arrangement wordnetid="107938773" confidence="0.8"><chain wordnetid="108376250" confidence="0.8"><ordering wordnetid="108456993" confidence="0.8"><group wordnetid="100031264" confidence="0.8"><link ns0:type="simple" ns0:href="../496/2499496.xml">hotel</link></group></ordering></chain></arrangement></series>travel natur outcom web tabl illustr web element<person wordnetid="100007846" confidence="0.9508927676800064"><link ns0:type="simple" ns0:href="../115/410115.xml">tim oreilli</link></person><weblink ns0:type="simple" ns0:href="http://oreillynet.com/pub/a/oreilly/tim/news/2005/09/30/what-is-web-20.html">web</weblink>articl</p><p><table border="1" cellspacing="0"><header>web</header><header>travel</header><row><col>strateg posit</col><col>strateg posit</col></row><row><col>web platform</col><col>sourc content will web</col></row><row><col>user posit</col><col>user posit</col></row><row><col>control data</col><col>user maintain travel profil person</col></row><row><col>core compet</col><col>core compet</col></row><row><col>servic packag softwar</col><col>web travel site will servic provid servic consum</col></row><row><col>architectur particip</col><col>technolog busi model will support interconnect aggreg servic site</col></row><row><col>costeffect scalabl</col><col>tradit technolog expens travel compani learn like googl ita amazon technolog cost</col></row><row><col>remix data sourc data transmiss</col><col>servic design remix includ result servic</col></row><row><col>softwar level singl devic</col><col>browser car nav devic blackberri cellphon ipod</col></row><row><col>har collect intellig</col><col>volum content collect garner user exce editori abil staff largest web site</col></row></table></p><p>travel matur<link>travel</link>emerg case trend web travel built web travel element lead provid prove ground web</p></sec><sec><st /><p><list><entry level="1" type="bullet"><sphere wordnetid="114514039" confidence="0.9508927676800064"><link ns0:type="simple" ns0:href="../529/1112529.xml">travel</link></sphere>toplevel domain travel industri internet</entry><entry level="1" type="bullet"><link ns0:type="simple" ns0:href="../311/6802311.xml">enterpris</link></entry><entry level="1" type="bullet"><link ns0:type="simple" ns0:href="../677/74677.xml">learn</link></entry><entry level="1" type="bullet"><link ns0:type="simple" ns0:href="../517/2983517.xml">librari</link></entry><entry level="1" type="bullet"><work wordnetid="100575741" confidence="0.8"><event wordnetid="100029378" confidence="0.8"><service wordnetid="100577525" confidence="0.8"><act wordnetid="100030358" confidence="0.8"><psychological_feature wordnetid="100023100" confidence="0.8"><activity wordnetid="100407535" confidence="0.8"><link ns0:type="simple" ns0:href="../278/7377278.xml">offic</link></activity></psychological_feature></act></service></event></work></entry><entry level="1" type="bullet"><artifact wordnetid="100021939" confidence="0.8"><social_group wordnetid="107950920" confidence="0.8"><instrumentality wordnetid="103575240" confidence="0.8"><gathering wordnetid="107975026" confidence="0.8"><community wordnetid="108223802" confidence="0.8"><group wordnetid="100031264" confidence="0.8"><medium wordnetid="106254669" confidence="0.8"><link ns0:type="simple" ns0:href="../926/3878926.xml">usergener content</link></medium></group></community></gathering></instrumentality></social_group></artifact></entry><entry level="1" type="bullet"><work wordnetid="100575741" confidence="0.8"><event wordnetid="100029378" confidence="0.8"><service wordnetid="100577525" confidence="0.8"><act wordnetid="100030358" confidence="0.8"><psychological_feature wordnetid="100023100" confidence="0.8"><meme wordnetid="105985126" confidence="0.8"><activity wordnetid="100407535" confidence="0.8"><acculturation wordnetid="105984936" confidence="0.8"><link ns0:type="simple" ns0:href="../022/1555022.xml">web</link></acculturation></activity></meme></psychological_feature></act></service></event></work></entry></list></p></sec><sec><st>refer</st><p><reflist><entry id="1"><weblink ns0:type="simple" ns0:href="http://forum.planeta.com/viewtopic.php?t=940 sid=e26ae965e5c68071a37c3e9fd785d69c">web connect local travel</weblink><link />retriev<link ns0:type="simple" ns0:href="../021/28021.xml">septemb</link><link ns0:type="simple" ns0:href="../165/36165.xml" /></entry><entry id="2"><weblink ns0:type="simple" ns0:href="http://travel.timesonline.co.uk/tol/life_and_style/travel/business/article1477541.ece">busi travel</weblink><link ns0:type="simple" ns0:href="../127/39127.xml">time onlin</link>retriev<link ns0:type="simple" ns0:href="../ury/22nd_century.xml">april</link><link ns0:type="simple" ns0:href="../165/36165.xml" /></entry><entry id="3"><weblink ns0:type="simple" ns0:href="http://www.usatoday.com/travel/columnist/grossman/2007-01-26-grossman_x.htm">travel social network take turn</weblink><link ns0:type="simple" ns0:href="../463/208463.xml" />retriev<link ns0:type="simple" ns0:href="../ury/22nd_century.xml">april</link><link ns0:type="simple" ns0:href="../165/36165.xml" /></entry><entry id="4"><weblink ns0:type="simple" ns0:href="http://www.imediaconnection.jhkhjkhjkhjkhjkjkhjkhjkk">onlin travel futur</weblink><link>connect</link>retriev<link ns0:type="simple" ns0:href="../008/1008.xml">april</link><link ns0:type="simple" ns0:href="../165/36165.xml" /></entry><entry id="5"><weblink ns0:type="simple" ns0:href="http://www.msnbc.msn.com/id/17800716/">pro con peer review</weblink><channel wordnetid="106259898" confidence="0.9508927676800064"><link ns0:type="simple" ns0:href="../846/159846.xml">msnbc</link></channel>retriev<link ns0:type="simple" ns0:href="../ury/22nd_century.xml">april</link><link ns0:type="simple" ns0:href="../165/36165.xml" /></entry><entry id="6"><weblink ns0:type="simple" ns0:href="http://oreillynet.com/pub/a/oreilly/tim/news/2005/09/30/what-is-web-20.html">web</weblink><link>oreilli</link>retriev<link ns0:type="simple" ns0:href="../843/27843.xml">septemb</link><link ns0:type="simple" ns0:href="../984/35984.xml" /></entry><entry id="7"><link>philip wolf</link>novemb<weblink ns0:type="simple" ns0:href="http://www.phocuswright.com/conferences/ec06-info-monologue.php">travel</weblink></entry></reflist></p></sec></bdy></network></web_site></group></system></article>