<article xmlns:ns0="http://www.w3.org/1999/xlink"><header><title>instituto liberdad</title><id /><revision><id /><timestamp /><contributor><username /><id /></contributor></revision><categories><category>tank</category></categories></header><bdy><p>instituto liberdad rio grand sul brazilian tank fund privat donor align austrian school econom theori conduct public polici issu order influenc govern polici maker debat free market tank creat awar gener public academ benefit adopt free market valu respect privat properti right contract rule law support limit govern</p><sec><st>major public polici issu</st><p><list><entry level="1" type="bullet" /><entry level="1" type="bullet">agricultur</entry><entry level="1" type="bullet">democrat</entry><entry level="1" type="bullet" /><entry level="1" type="bullet" /><entry level="1" type="bullet">govern</entry><entry level="1" type="bullet">labor</entry><entry level="1" type="bullet" /><entry level="1" type="bullet">fiscal</entry><entry level="1" type="bullet">environ</entry><entry level="1" type="bullet">nation relat</entry><entry level="1" type="bullet">econom develop</entry><entry level="1" type="bullet">healthcar</entry><entry level="1" type="bullet">intern trade financi institut</entry><entry level="1" type="bullet" /><entry level="1" type="bullet">educ</entry><entry level="1" type="bullet" /><entry level="1" type="bullet">intern</entry><entry level="1" type="bullet">polici</entry></list></p><p>publish book translat portugues polit ethic redistribut free market environment<work wordnetid="104599396" confidence="0.8"><product wordnetid="104007894" confidence="0.8"><creation wordnetid="103129123" confidence="0.8"><artifact wordnetid="100021939" confidence="0.8"><book wordnetid="106410904" confidence="0.8"><publication wordnetid="106589574" confidence="0.8"><link ns0:type="simple" ns0:href="../855/14874855.xml">adventur jonathan</link></publication></book></artifact></creation></product></work><link ns0:type="simple" ns0:href="../601/12190601.xml">govern money</link>trash planet progress environment</p><p>publish articl collabor tank report civil societi report intellectu properti innov health<link ns0:type="simple" ns0:href="../199/1791199.xml">intern polici network</link>free trade america<link ns0:type="simple" ns0:href="../199/1791199.xml">intern polici network</link>intern properti right properti right allianc<link ns0:type="simple" ns0:href="../131/1791131.xml">atla econom foundat</link><link ns0:type="simple" ns0:href="../623/1458623.xml">friedrich foundat</link><link ns0:type="simple" ns0:href="../309/1070309.xml">competit enterpris institut</link><link ns0:type="simple" ns0:href="../857/5031857.xml" /><link ns0:type="simple" ns0:href="../529/13035529.xml">montreal econom institut</link><link ns0:type="simple" ns0:href="../798/6985798.xml">instituto</link></p><p>march instituto liberdad join global tank publish report intellectu properti innov health organ<link ns0:type="simple" ns0:href="../199/1791199.xml">intern polici network</link>url</p><p>april instituto liberdad recogn winner templeton freedom award grant<link ns0:type="simple" ns0:href="../131/1791131.xml">atla econom foundat</link>winner institut repres strong role model tank intern network atla work templeton freedom award present place colorado spring usa april url</p><p>februari instituto liberdad join global tank form global coalit call civil societi coalit climat chang seek educ public climat chang issu imparti manner establish respons bias claim humaninduc climat chang justifi call urgent action govern coalit organ<link ns0:type="simple" ns0:href="../199/1791199.xml">intern polici network</link>url</p><p>march instituto liberdad join properti right allianc global tank launch intern properti right organ<link ns0:type="simple" ns0:href="../199/1791199.xml">intern polici network</link>tool compar analysi futur global properti right current studi analyz data seventi countri globe repres percent gdp url</p><p>april instituto liberdad join save tiger initi project sustain develop global tank support freemarket solut conserv wildlif url link</p><p>juli instituto liberdad member sustain develop network support public report call peopl prof nichola challeng held myth popul growth human develop url link</p></sec><sec><st>extern link</st><p><list><entry level="1" type="bullet"><weblink ns0:type="simple" ns0:href="http://www.il-rs.org.br/ilingles/index.htm">instituto liberdad</weblink></entry><entry level="1" type="bullet"><weblink ns0:type="simple" ns0:href="http://www.InternationalPropertyRightsIndex.org">intern properti right</weblink></entry><entry level="1" type="bullet"><weblink ns0:type="simple" ns0:href="http://www.atlasusa.org/V2/main/acc.php?page_id=0">atla econom foundat tank directori</weblink></entry><entry level="1" type="bullet"><weblink ns0:type="simple" ns0:href="http://www.policynetwork.net/main/content.php?content_id=47">civil societi report intellectu properti innov health</weblink></entry><entry level="1" type="bullet"><weblink ns0:type="simple" ns0:href="http://www.policynetwork.net/main/content.php?content_id=36">free trade america</weblink></entry><entry level="1" type="bullet"><weblink ns0:type="simple" ns0:href="http://www.sdnetwork.net/main/page.php?page_id=2">sustain develop network</weblink></entry><entry level="1" type="bullet"><weblink ns0:type="simple" ns0:href="http://www.propertyrightsalliance.org/">properti right allianc</weblink></entry></list></p></sec></bdy></article>