<article xmlns:ns0="http://www.w3.org/1999/xlink"><person confidence="0.9638700866880419" wordnetid="100007846"><header><title>gari</title><id /><revision><id /><timestamp /><contributor><username>chowbok</username><id /></contributor></revision><categories><category>peopl odessa</category><category>birth</category><category>live peopl</category></categories></header><bdy>gari born<link ns0:type="simple" ns0:href="../935/27935.xml">septemb</link><link ns0:type="simple" ns0:href="../671/34671.xml" /><village wordnetid="108672738" confidence="0.9508927676800064"><link ns0:type="simple" ns0:href="../545/55545.xml">odessa</link></village><link ns0:type="simple" ns0:href="../779/26779.xml">ussr</link>found architect<company wordnetid="108058098" confidence="0.9508927676800064"><link ns0:type="simple" ns0:href="../624/429624.xml">askcom</link></company>immigr<body wordnetid="107965085" confidence="0.8"><social_group wordnetid="107950920" confidence="0.8"><political_orientation wordnetid="106212839" confidence="0.8"><colony wordnetid="108374049" confidence="0.8"><state wordnetid="108168978" confidence="0.8"><political_unit wordnetid="108359949" confidence="0.8"><group wordnetid="100031264" confidence="0.8"><democracy wordnetid="106217103" confidence="0.8"><link ns0:type="simple" ns0:href="../750/3434750.xml">unit</link></democracy></group></political_unit></state></colony></political_orientation></social_group></body>settl<village wordnetid="108672738" confidence="0.9508927676800064"><link ns0:type="simple" ns0:href="../728/49728.xml">san francisco california</link></village><p>gari work question answer retriev technolog<link ns0:type="simple" ns0:href="../624/429624.xml">jeev</link><company wordnetid="108058098" confidence="0.9508927676800064"><link ns0:type="simple" ns0:href="../624/429624.xml">askcom</link></company></p><p>current vice presid engin consum busi unit famou<company wordnetid="108058098" confidence="0.8"><institution wordnetid="108053576" confidence="0.8"><link ns0:type="simple" ns0:href="../873/1194873.xml">norton</link></institution></company>brand<link ns0:type="simple" ns0:href="../414/354414.xml">symantec corpor</link>develop gener web secur technolog<weblink ns0:type="simple" ns0:href="http://safeweb.norton.com">norton safe web</weblink></p><p>gari hold patent<weblink ns0:type="simple" ns0:href="http://www.freepatentsonline.com/7403938.html"><list><entry level="1" type="number" /></list></weblink>pend<weblink ns0:type="simple" ns0:href="http://www.freepatentsonline.com/US20070078842.html"><list><entry level="1" type="number" /></list></weblink>area natur languag process retriev</p><sec><st>extern link</st><p><list><entry level="1" type="bullet"><weblink ns0:type="simple" ns0:href="http://www.linkedin.com/in/gchevsky">gari linkedin profil</weblink></entry></list></p></sec></bdy></person></article>