<article xmlns:ns0="http://www.w3.org/1999/xlink"><actor confidence="0.9508927676800064" wordnetid="109765278"><header><title>lauren cohan</title><id /><revision><id /><timestamp /><contributor><username>epbr</username><id /></contributor></revision><categories><category>american film actor</category><category>american televis actor</category><category>peopl cherri hill jersey</category><category>peopl greater angel area</category><category>live peopl</category><category>jewish actor</category><category>peopl philadelphia</category><category>birth</category><category>peopl london</category></categories></header><bdy><template><name>infobox actor</name><parameters><image width="150px" src="Replace_this_image_female.svg"><caption>replac imag femalesvg</caption></image><website /><birthplace><link ns0:type="simple" ns0:href="../585/50585.xml">philadelphia pennsylvania</link><link ns0:type="simple" ns0:href="../750/3434750.xml">usa</link></birthplace><name>lauren cohan</name><birthdate /><imagesize /></parameters></template>person<link ns0:type="simple" ns0:href="../360/13187360.xml">lauren cohen</link><p>lauren cohan born<body wordnetid="107965085" confidence="0.8"><social_group wordnetid="107950920" confidence="0.8"><political_orientation wordnetid="106212839" confidence="0.8"><colony wordnetid="108374049" confidence="0.8"><state wordnetid="108168978" confidence="0.8"><political_unit wordnetid="108359949" confidence="0.8"><group wordnetid="100031264" confidence="0.8"><democracy wordnetid="106217103" confidence="0.8"><link ns0:type="simple" ns0:href="../750/3434750.xml">american</link></democracy></group></political_unit></state></colony></political_orientation></social_group></body><link ns0:type="simple" ns0:href="../753/753.xml">actress</link>lauren born<village wordnetid="108672738" confidence="0.9508927676800064"><link ns0:type="simple" ns0:href="../585/50585.xml">philadelphia</link></village>live<village wordnetid="108672738" confidence="0.9508927676800064"><link ns0:type="simple" ns0:href="../069/125069.xml">cherri hill township jersey</link></village>childhood move unit kingdom<ref ns0:type="simple" ns0:href="#xpointer(//reflist/entry[@id=%221%22])" />lauren graduat<university wordnetid="108286163" confidence="0.9508927676800064"><link ns0:type="simple" ns0:href="../939/3140939.xml">univers winchest</link></university><weblink ns0:type="simple" ns0:href="http://www.kingalfreds.oxon.sch.uk/">king alfr colleg</weblink>studi drama english literatur tour theatr compani cofound univers lauren split time work<village wordnetid="108672738" confidence="0.9508927676800064"><link ns0:type="simple" ns0:href="../867/17867.xml">london</link></village><link ns0:type="simple" ns0:href="../110/18110.xml">angel</link>work film well noncommerci project</p><sec><st>career</st><p>major movi debut film<movie wordnetid="106613686" confidence="0.9508927676800064"><link ns0:type="simple" ns0:href="../442/3201442.xml">casanova</link></movie>sister beatric star sequel<movie wordnetid="106613686" confidence="0.9508927676800064"><link ns0:type="simple" ns0:href="../401/1126401.xml">nation lampoon van wilder</link></movie>play role charlott charli role film<weblink ns0:type="simple" ns0:href="http://www.imdb.com/title/tt0934840/">float</weblink>play<link ns0:type="simple" ns0:href="../861/156861.xml">paranorm</link><link ns0:type="simple" ns0:href="../236/38236.xml">drama</link>televis seri<series wordnetid="108457976" confidence="0.9508927676800064"><fictional_character wordnetid="109587565" confidence="0.9508927676800064"><link ns0:type="simple" ns0:href="../969/2170969.xml">supernatur</link></fictional_character></series>bela talbot thief help winchest boy annoy lauren wont season</p></sec><sec><st>filmographi</st><p><list><entry level="1" type="bullet">quiet assassin</entry><entry level="1" type="bullet"><movie wordnetid="106613686" confidence="0.9508927676800064"><link ns0:type="simple" ns0:href="../442/3201442.xml">casanova</link></movie>sister beatric</entry><entry level="1" type="bullet">charlott</entry><entry level="1" type="bullet"><series wordnetid="108457976" confidence="0.9508927676800064"><fictional_character wordnetid="109587565" confidence="0.9508927676800064"><link ns0:type="simple" ns0:href="../969/2170969.xml">supernatur</link></fictional_character></series>bela</entry><entry level="1" type="bullet">young alexand great</entry><entry level="1" type="bullet">float emili fulton</entry><entry level="1" type="bullet"><link ns0:type="simple" ns0:href="../123/19172123.xml">stefano</link>olivia</entry><entry level="1" type="bullet"><link ns0:type="simple" ns0:href="../101/751101.xml">valentin</link>joanna</entry></list></p></sec><sec><st>refer</st><p><reflist><entry id="1"><weblink ns0:type="simple" ns0:href="http://www.ajlmagazine.com/archivesblog/2007/09/fall-tv-preview-lauren-cohan.html">fall preview lauren cohan</weblink>american jewish life septemb octob access<link ns0:type="simple" ns0:href="../353/8353.xml">decemb</link><link ns0:type="simple" ns0:href="../165/36165.xml" />move england philli suburb cherri hill jersey half friend jewish surpris find jew school headmast</entry></reflist></p></sec><sec><st>extern link</st><p><list><entry level="1" type="bullet"><weblink ns0:type="simple" ns0:href="http://www.imdb.com/name/nm1659348/">lauren cohan</weblink><web_site wordnetid="106359193" confidence="0.9508927676800064"><link ns0:type="simple" ns0:href="../554/2855554.xml">internet movi databas</link></web_site></entry><entry level="1" type="bullet"><weblink ns0:type="simple" ns0:href="http://www.laurencohan.com">offici websit</weblink></entry><entry level="1" type="bullet"><weblink ns0:type="simple" ns0:href="http://www.myspace.com/216694373">myspac</weblink></entry></list></p></sec></bdy></actor></article>