<article xmlns:ns0="http://www.w3.org/1999/xlink"><entity confidence="0.9511911446218017" wordnetid="100001740"><header><title>biolog network infer</title><id /><revision><id /><timestamp /><contributor><username>hobb</username><id /></contributor></revision><categories><category>wikipedia articl need style edit decemb</category><category>articl need style edit</category><category>cleanup januari</category><category>wikipedia articl need style edit januari</category><category>bioinformat</category></categories></header><bdy><table class="metadata plainlinks ambox "><row><col>amboxstyl style</col></row><row><col class="mbox-image"><p><image width="40x40px" src="Ambox_style.png" /></p></col><col style="" class="mbox-text">articl written requir<weblink ns0:type="simple" ns0:href="http://localhost:18088/wiki/index.php?title=Biological_network_inference action=edit">help improv</weblink>rewrit decemb</col></row></table><p>type biolog network exist network approach complet structur simplest<link ns0:type="simple" ns0:href="../799/9028799.xml">bacteria</link>paramet govern behavior network time network level cell interact predict complet descript<link ns0:type="simple" ns0:href="../475/19172475.xml">eukaryot</link>cell bacteri organ point futur<link ns0:type="simple" ns0:href="../899/467899.xml">system biolog</link>sens infanc predict subject<link ns0:type="simple" ns0:href="../618/13690618.xml">dynam model</link>articl focus prerequisit dynam model network infer<link ns0:type="simple" ns0:href="../954/29954.xml">topolog</link>predict wire diagram network focu infer biolog network structur grow set highthroughput express data<link ns0:type="simple" ns0:href="../553/4250553.xml">gene</link><link ns0:type="simple" ns0:href="../634/23634.xml">protein</link><link ns0:type="simple" ns0:href="../374/20374.xml">metabolit</link></p><p>method highthroughput data infer regulatori network reli search pattern partial correl condit probabl indic causal influenc<ref ns0:type="simple" ns0:href="#xpointer(//reflist/entry[@id=%221%22])" />pattern partial correl highthroughput data combin supplement data gene protein propos network combin organ form basi<link ns0:type="simple" ns0:href="../775/775.xml">algorithm</link>work algorithm infer topolog network chang<link ns0:type="simple" ns0:href="../707/21707.xml">node</link>affect node</p><sec><st>comput infer method</st><p>topolog sens network set node set direct undirect edg node biolog network current studi comput infer method includ</p><p>transcript regulatori network gene node edg direct gene serv sourc direct regulatori edg target gene produc<link ns0:type="simple" ns0:href="../758/25758.xml">rna</link>protein molecul function transcript activ inhibitor target gene gene activ sourc posit regulatori connect inhibitor sourc neg regulatori connect comput algorithm infer topolog primari input data set<link ns0:type="simple" ns0:href="../570/167570.xml">microarray</link>run measur<link ns0:type="simple" ns0:href="../232/20232.xml">mrna</link>express level gene consider inclus network</p><p>great bulk highthroughput data fed correlationbas algorithm microarray experi analysi fruit point biolog applic algorithm reflect refer list bottom bioinformat algorithm refer direct microarray data cluster form statist classif typic employ perform initi organ highthroughput mrna express valu deriv microarray experi question aris cluster classif connect underli biolog pattern classif exampl classifi subtyp<link ns0:type="simple" ns0:href="../219/105219.xml">cancer</link>predict differenti respons<link ns0:type="simple" ns0:href="../172/9311172.xml">drug</link>pharmacogenom understand relationship gene precis defin influenc gene scientist typic attempt reconstruct transcript regulatori network background literatur public<link ns0:type="simple" ns0:href="../377/8377.xml">databas</link>combin cluster applic correlationbas infer algorithm will discuss approach increas success size microarray set increas<ref ns0:type="simple" ns0:href="#xpointer(//reflist/entry[@id=%222%22])" /><ref ns0:type="simple" ns0:href="#xpointer(//reflist/entry[@id=%223%22])" /></p><p><link ns0:type="simple" ns0:href="../857/28857.xml">signal transduct</link>network biolog cancer protein node edg direct primari input infer algorithm data set experi measur protein activ inactiv<link ns0:type="simple" ns0:href="../894/58894.xml">phosphoryl</link>set protein</p><p><link ns0:type="simple" ns0:href="../493/477493.xml">metabolit</link>network metabolit node edg direct primari input algorithm data set experi measur metabolit level</p><p>commun network microbi commun node<link ns0:type="simple" ns0:href="../468/255468.xml">excret</link>organ compound edg direct input infer algorithm data set experi measur level excret molecul</p><p>proteinprotein interact network activ studi reconstruct network correlationbas infer sens discuss network describ interact impli chang protein descript interact network reconstruct left articl</p></sec><sec><st>infer algorithm</st><p><table class="metadata plainlinks ambox "><row><col>amboxstyl style</col></row><row><col class="mbox-image"><p><image width="40x40px" src="Ambox_style.png" /></p></col><col style="" class="mbox-text">articl simplif explan<p>discuss issu andor remov explain jargon term articl januari</p></col></row></table></p><p>classic statist stub baselin<link>pearson correl</link></p><p>theori stub concept mutual algorithm clr algorithm algorithm</p><p>graphic probabilist model stub<link ns0:type="simple" ns0:href="../526/38526.xml">bayesian</link>network structur learn alg node order banjo toolkit</p><p>dream project stub</p><p>platform network infer stub columbia</p><p>visual infer network stub<software wordnetid="106566077" confidence="0.9508927676800064"><link ns0:type="simple" ns0:href="../962/10921962.xml" /></software>tool</p><p>expans infer network public databas data integr stub cabin tool</p></sec><sec><st>refer</st><p><reflist><entry id="1"><cite style="font-style:normal" class="book">sprite glymour schein causat predict search adapt comput machin learn cambridg mit press</cite></entry><entry id="2"><cite style="font-style:normal">faith largescal map valid escherichia coli transcript regul compendium express profil plo biolog<document wordnetid="106470073" confidence="0.8"><written_communication wordnetid="106349220" confidence="0.8"><writing wordnetid="106362953" confidence="0.8"><link ns0:type="simple" ns0:href="../994/422994.xml">doi</link></writing></written_communication></document><weblink ns0:type="simple" ns0:href="http://dx.doi.org/10.1371%2Fjournal.pbio.0050008" /></cite></entry><entry id="3"><cite style="font-style:normal">gardner collin size matter network infer tackl genom scale molecular system biolog<document wordnetid="106470073" confidence="0.8"><written_communication wordnetid="106349220" confidence="0.8"><writing wordnetid="106362953" confidence="0.8"><link ns0:type="simple" ns0:href="../994/422994.xml">doi</link></writing></written_communication></document><weblink ns0:type="simple" ns0:href="http://dx.doi.org/10.1038%2Fmsb4100118">msb</weblink></cite></entry></reflist><list><entry level="1" type="bullet">bansal infer gene network express profil molecular system biolog</entry><entry level="1" type="bullet">bansal bernardo infer gene regulatori network compound mode action time cours gene express profil bioinformat</entry><entry level="1" type="bullet">faith largescal map valid escherichia coli transcript regul compendium express profil plo biolog</entry><entry level="1" type="bullet">barrett palsson iter reconstruct transcript regulatori network algorithm approach plo comput</entry><entry level="1" type="bullet">revers engin regulatori network human cell nat genet algorithm</entry><entry level="1" type="bullet">algorithm learn parsimoni regulatori network data set novo genom biolog articl</entry><entry level="1" type="bullet">gardner lab context likelihood related clr algorithm clr algorithm web site boston univers</entry><entry level="1" type="bullet">chen wang effect structur learn method construct gene network bioinformat</entry><entry level="1" type="bullet">chu statist problem infer regulatori structur associ gene express measur microarray bioinformat</entry><entry level="1" type="bullet">cover thoma element theori york john wiley son</entry><entry level="1" type="bullet">estim mutual bspline function improv similar measur analys gene express data bmc bioinformat volum doi</entry><entry level="1" type="bullet">jong model simul genet regulatori system literatur review comput</entry><entry level="1" type="bullet">fuent discoveri meaning associ genom data partial correl coeffici bioinformat</entry><entry level="1" type="bullet">identifi gene regulatori network gene express data chapter handbook comput molecular biolog chapman hall crc</entry><entry level="1" type="bullet">bayesian network infer java object banjo banjo algorithm web site duke univers</entry><entry level="1" type="bullet">revers engin gene regulatori network nat biotech</entry></list></p><p><list><entry level="1" type="bullet">sensit specif infer genet regulatori interact microarray experi dynam bayesian network bioinformat</entry><entry level="1" type="bullet">karp discoveri regulatori interact perturb infer experiment design pacif symposium biocomput hawaii</entry><entry level="1" type="bullet">liang fuhrman reveal gener revers engin algorithm infer genet network architectur pac symp biocomput</entry><entry level="1" type="bullet">margolin revers engin cellular network natur protocol full descript algorithm</entry><entry level="1" type="bullet">margolin algorithm reconstruct gene regulatori network mammalian cellular context bmc bioinformat suppl</entry><entry level="1" type="bullet">bibliographi learn causal network gene interact juli</entry><entry level="1" type="bullet">meyer informationtheoret infer larg transcript regulatori network</entry><entry level="1" type="bullet">papin reconstruct cellular signal network analysi properti nat rev mol cell</entry><entry level="1" type="bullet">peer infer subnetwork perturb express profil bioinformat</entry><entry level="1" type="bullet">peer bayesian network analysi signal network primer scienc onlin primer</entry><entry level="1" type="bullet">perrin gene network infer dynam bayesian network bioinformat</entry><entry level="1" type="bullet">sach causal network deriv singlecel data scienc</entry><entry level="1" type="bullet">integr genom approach infer causal associ gene diseas nat genet</entry><entry level="1" type="bullet">segal koller genomewid discoveri transcript modul dna sequenc gene express bioinformat suppl</entry><entry level="1" type="bullet">segal rich probabilist model gene express bioinformat suppl</entry><entry level="1" type="bullet">shannon softwar environ integr model biomolecular interact network genom</entry><entry level="1" type="bullet">singhal cabin collect analysi biolog interact network journal comput biolog chemistri accept public</entry></list></p><p><list><entry level="1" type="bullet">taylor softwar environ biolog network infer bioinformat</entry><entry level="1" type="bullet">bayesian framework combin heterogen data sourc gene function predict saccharomyc cerevisia proc natl acad sci usa</entry><entry level="1" type="bullet">van genet network model pharmacogenom</entry><entry level="1" type="bullet">weaver workman model regulatori network weight matric pac symp biocomput</entry><entry level="1" type="bullet">compar evalu revers engin gene regulatori network relev network graphic gaussian model bayesian network bioinformat</entry><entry level="1" type="bullet">wessel van comparison genet network model pac symp biocomput</entry><entry level="1" type="bullet">advanc bayesian network infer gener causal network form observ biolog data bioinformat</entry><entry level="1" type="bullet">zhao dougherti infer gene regulatori network time seri data minimum descript length principl bioinformat</entry><entry level="1" type="bullet">zhou bayesian approach construct probabilist gene regulatori network bioinformat</entry><entry level="1" type="bullet">zou dynam bayesian network approach identifi gene regulatori network time cours data bioinformat</entry></list></p></sec></bdy></entity></article>