<article xmlns:ns0="http://www.w3.org/1999/xlink"><amalgamation confidence="0.9511911446218017" wordnetid="101238424"><header><title>list bank merger unit</title><id /><revision><id /><timestamp /><contributor><username /><id /></contributor></revision><categories><category>merger acquisit</category><category>list</category><category>list bank</category></categories></header><bdy>list major<link ns0:type="simple" ns0:href="../669/19360669.xml">bank compani</link><link ns0:type="simple" ns0:href="../769/20769.xml">merger</link><link ns0:type="simple" ns0:href="../911/34911.xml" /><body wordnetid="107965085" confidence="0.8"><social_group wordnetid="107950920" confidence="0.8"><political_orientation wordnetid="106212839" confidence="0.8"><colony wordnetid="108374049" confidence="0.8"><state wordnetid="108168978" confidence="0.8"><political_unit wordnetid="108359949" confidence="0.8"><group wordnetid="100031264" confidence="0.8"><democracy wordnetid="106217103" confidence="0.8"><link ns0:type="simple" ns0:href="../750/3434750.xml" /></democracy></group></political_unit></state></colony></political_orientation></social_group></body><p><table cellpadding="2" class="wikitable sortable" border="1"><row bgcolor="fcfcfc"><header>year merger close</header><header>acquir</header><header>acquir bank</header><header>merg entiti</header><header>transact</header></row><row><col><link ns0:type="simple" ns0:href="../911/34911.xml" /></col><col><link ns0:type="simple" ns0:href="../969/384969.xml">chase nation bank</link></col><col>equit trust</col><col><link>chase nation bank</link></col></row><row><col><link ns0:type="simple" ns0:href="../982/34982.xml" /></col><col><link ns0:type="simple" ns0:href="../000/231000.xml">chemic bank trust</link></col><col>corn exchang bank trust</col><col>chemic corn exchang bank trust</col></row><row><col><link ns0:type="simple" ns0:href="../851/34851.xml" /></col><col>nation citi bank york</col><col>nation bank york</col><col><link ns0:type="simple" ns0:href="../026/231026.xml">nation citi bank</link></col></row><row><col /><col>bank manhattan</col><col>chase nation bank</col><col><link ns0:type="simple" ns0:href="../969/384969.xml">chase manhattan bank</link></col></row><row><col /><col><link ns0:type="simple" ns0:href="../709/1609709.xml">banker trust</link></col><col>public nation bank trust</col><col><link ns0:type="simple" ns0:href="../709/1609709.xml">banker trust</link></col></row><row><col><link ns0:type="simple" ns0:href="../659/34659.xml" /></col><col>manufactur trust</col><col>hanov bank</col><col><link ns0:type="simple" ns0:href="../994/230994.xml">manufactur hanov bank</link></col></row><row><col><link ns0:type="simple" ns0:href="../755/34755.xml" /></col><col><link ns0:type="simple" ns0:href="../756/347756.xml" />corp</col><col><company wordnetid="108058098" confidence="0.8"><institution wordnetid="108053576" confidence="0.8"><link ns0:type="simple" ns0:href="../511/3858511.xml">bank</link></institution></company></col><col>corp bank oper</col></row><row><col><link ns0:type="simple" ns0:href="../578/34578.xml" /></col><col><slope wordnetid="109437454" confidence="0.8"><geological_formation wordnetid="109287968" confidence="0.8"><bank wordnetid="109213565" confidence="0.8"><link ns0:type="simple" ns0:href="../998/230998.xml">chase manhattan corpor</link></bank></geological_formation></slope></col><col>lincoln bank</col><col><slope wordnetid="109437454" confidence="0.8"><geological_formation wordnetid="109287968" confidence="0.8"><bank wordnetid="109213565" confidence="0.8"><link ns0:type="simple" ns0:href="../998/230998.xml">chase manhattan corpor</link></bank></geological_formation></slope>lincoln bank oper chase lincoln</col></row><row><col><link ns0:type="simple" ns0:href="../846/34846.xml" /></col><col><link ns0:type="simple" ns0:href="../077/3273077.xml">bank boston</link>corp</col><col>coloni bank</col><col><link ns0:type="simple" ns0:href="../077/3273077.xml">bank boston</link>corp</col></row><row><col /><col><link ns0:type="simple" ns0:href="../077/3273077.xml">bank boston</link>corp</col><col>rhode island hospit trust nation bank</col><col><link ns0:type="simple" ns0:href="../077/3273077.xml">bank boston</link>corp</col></row><row><col /><col>bank england corp</col><col>connecticut bank trust</col><col>bank england corp</col></row><row><col><link ns0:type="simple" ns0:href="../761/34761.xml" /></col><col><link ns0:type="simple" ns0:href="../155/4220155.xml">financi corp</link></col><col>suburban bank</col><col><link ns0:type="simple" ns0:href="../155/4220155.xml">financi corp</link></col></row><row><col /><col><slope wordnetid="109437454" confidence="0.8"><company wordnetid="108058098" confidence="0.8"><geological_formation wordnetid="109287968" confidence="0.8"><bank wordnetid="109213565" confidence="0.8"><institution wordnetid="108053576" confidence="0.8"><link ns0:type="simple" ns0:href="../846/1027846.xml">secur pacif corp</link></institution></bank></geological_formation></company></slope></col><col>arizona bank</col><col><link ns0:type="simple" ns0:href="../846/1027846.xml">secur pacif</link>corp</col></row><row><col /><col><company wordnetid="108058098" confidence="0.9508927676800064"><link ns0:type="simple" ns0:href="../487/16597487.xml">well fargo corp</link></company></col><col><slope wordnetid="109437454" confidence="0.8"><company wordnetid="108058098" confidence="0.8"><geological_formation wordnetid="109287968" confidence="0.8"><bank wordnetid="109213565" confidence="0.8"><institution wordnetid="108053576" confidence="0.8"><link ns0:type="simple" ns0:href="../725/883725.xml">crocker nation bank</link></institution></bank></geological_formation></company></slope></col><col><link ns0:type="simple" ns0:href="../487/16597487.xml">well fargo corp</link>combin california bank crocker charter</col></row><row><col><link ns0:type="simple" ns0:href="../760/34760.xml" /></col><col><link>chemic york corp</link></col><col><slope wordnetid="109437454" confidence="0.8"><geological_formation wordnetid="109287968" confidence="0.8"><bank wordnetid="109213565" confidence="0.8"><link ns0:type="simple" ns0:href="../995/230995.xml">texa commerc bank</link></bank></geological_formation></slope></col><col><link ns0:type="simple" ns0:href="../000/231000.xml">chemic bank corpor</link>bank continu oper texa commerc</col><col>billion</col></row><row><col /><col>corp</col><col>corp</col><col>republ bank corp</col></row><row><col /><col><link ns0:type="simple" ns0:href="../846/1027846.xml">secur pacif</link>corp</col><col>rainier nation bank</col><col><link ns0:type="simple" ns0:href="../846/1027846.xml">secur pacif</link>corp bank pacif continu oper rainier</col></row><row><col /><col><link ns0:type="simple" ns0:href="../155/4220155.xml">financi corp</link></col><col>commerc union bank</col><col><link ns0:type="simple" ns0:href="../155/4220155.xml">financi corp</link></col></row><row><col /><col><company wordnetid="108058098" confidence="0.9508927676800064"><link ns0:type="simple" ns0:href="../002/523002.xml">bancorp</link></company></col><col>peopl nation bank washington</col><col><company wordnetid="108058098" confidence="0.9508927676800064"><link ns0:type="simple" ns0:href="../002/523002.xml">bancorp</link></company></col></row><row><col /><col><link ns0:type="simple" ns0:href="../273/570273.xml">fleet financi group</link></col><col><link>norstar bank</link></col><col><link ns0:type="simple" ns0:href="../273/570273.xml">financi group</link></col></row><row><col /><col><link>union</link>corp</col><col>atlant nation bank florida</col><col>union</col></row><row><col><link ns0:type="simple" ns0:href="../670/34670.xml" /></col><col><company wordnetid="108058098" confidence="0.9508927676800064"><link ns0:type="simple" ns0:href="../837/519837.xml">bank york</link></company></col><col><link ns0:type="simple" ns0:href="../603/2230603.xml">irv bank</link>corp</col><col><company wordnetid="108058098" confidence="0.9508927676800064"><link ns0:type="simple" ns0:href="../837/519837.xml">bank york</link></company></col></row><row><col /><col>corp</col><col>hartford nation corp</col><col><link ns0:type="simple" ns0:href="../273/570273.xml">nation corp</link></col></row><row><col /><col>corp</col><col>arlington trust</col><col><link ns0:type="simple" ns0:href="../273/570273.xml">nation corp</link></col></row><row><col /><col>bank system</col><col>central bank denver</col><col>bank system colo bank bank conflict</col></row><row><col /><col><link ns0:type="simple" ns0:href="../487/16597487.xml">well fargo corp</link></col><col>barclay bank california subsidiari<company wordnetid="108058098" confidence="0.9508927676800064"><link ns0:type="simple" ns0:href="../441/1753441.xml">barclay plc</link></company></col><col><link ns0:type="simple" ns0:href="../487/16597487.xml">well fargo corp</link></col></row><row><col /><col><link ns0:type="simple" ns0:href="../846/1027846.xml">secur pacif</link>corp</col><col>bank</col><col><link ns0:type="simple" ns0:href="../846/1027846.xml">secur pacif</link>corp</col></row><row><col /><col>credit suiss</col><col>boston corpor</col><col><link ns0:type="simple" ns0:href="../554/916554.xml">boston</link>credit suiss boston</col></row><row><col /><col><link ns0:type="simple" ns0:href="../859/3664859.xml">north carolina nation bank</link></col><col>republ bank corp</col><col><link ns0:type="simple" ns0:href="../859/3664859.xml">north carolina nation bank</link></col></row><row><col><link ns0:type="simple" ns0:href="../847/34847.xml" /></col><col><slope wordnetid="109437454" confidence="0.8"><company wordnetid="108058098" confidence="0.8"><geological_formation wordnetid="109287968" confidence="0.8"><bank wordnetid="109213565" confidence="0.8"><institution wordnetid="108053576" confidence="0.8"><link ns0:type="simple" ns0:href="../846/1027846.xml">secur pacif corp</link></institution></bank></geological_formation></company></slope></col><col>nevada nation bancorpor</col><col><link ns0:type="simple" ns0:href="../846/1027846.xml">secur pacif</link>corp</col></row><row><col><link ns0:type="simple" ns0:href="../635/34635.xml" /></col><col><link ns0:type="simple" ns0:href="../072/1387072.xml">corest financi corp</link></col><col>pennsylvania bank</col><col><link ns0:type="simple" ns0:href="../072/1387072.xml">corest financi corp</link></col></row><row><col /><col><link ns0:type="simple" ns0:href="../657/19381657.xml">union corpor</link></col><col>florida nation bank</col><col><link ns0:type="simple" ns0:href="../657/19381657.xml">union corpor</link></col></row><row><col /><col><link>citizen southern bank</link></col><col><link ns0:type="simple" ns0:href="../155/4220155.xml">financi corp</link></col><col><link ns0:type="simple" ns0:href="../155/4220155.xml">corp</link></col></row><row><col><link ns0:type="simple" ns0:href="../703/34703.xml" /></col><col><link ns0:type="simple" ns0:href="../273/570273.xml">financi group</link></col><col>bank england</col><col><link ns0:type="simple" ns0:href="../273/570273.xml">financi group</link></col></row><row><col /><col><link ns0:type="simple" ns0:href="../000/231000.xml">chemic bank corp</link></col><col><link ns0:type="simple" ns0:href="../994/230994.xml">manufactur hanov bank</link></col><col><link ns0:type="simple" ns0:href="../000/231000.xml">chemic bank corp</link></col></row><row><col /><col><link ns0:type="simple" ns0:href="../859/3664859.xml">north carolina nation bank</link></col><col><link ns0:type="simple" ns0:href="../155/4220155.xml">corp</link></col><col><link ns0:type="simple" ns0:href="../503/694503.xml">nationsbank corp</link></col></row><row><col /><col><company wordnetid="108058098" confidence="0.8"><institution wordnetid="108053576" confidence="0.8"><link ns0:type="simple" ns0:href="../024/3346024.xml">norwest</link></institution></company>corp</col><col>unit bank denver</col><col>norwest corp</col></row><row><col /><col><company wordnetid="108058098" confidence="0.9508927676800064"><link ns0:type="simple" ns0:href="../657/19381657.xml">wachovia</link></company>corp</col><col>south carolina nation bank</col><col>wachovia corp</col></row><row><col /><col>societi corp</col><col>corp</col><col>societi corp</col></row><row><col><link ns0:type="simple" ns0:href="../669/34669.xml" /></col><col><link ns0:type="simple" ns0:href="../756/347756.xml" />corp</col><col><link>secur pacif</link></col><col>corp</col></row><row><col /><col /><col>puget sound nation bank</col><col /></row><row><col /><col>barnett bank</col><col>florida bank</col><col>barnett bank</col></row><row><col /><col><company wordnetid="108058098" confidence="0.9508927676800064"><link ns0:type="simple" ns0:href="../091/590091.xml">comerica</link></company></col><col>manufactur bank</col><col>comerica</col></row><row><col><link ns0:type="simple" ns0:href="../598/34598.xml" /></col><col>bank system</col><col>colorado nation bank</col><col>bank system remain unchang merger<company wordnetid="108058098" confidence="0.9508927676800064"><link ns0:type="simple" ns0:href="../002/523002.xml">bancorp</link></company></col></row><row><col /><col><link ns0:type="simple" ns0:href="../241/418241.xml">banc corp</link></col><col>valley nation bank arizona</col><col><link ns0:type="simple" ns0:href="../241/418241.xml">banc corp</link></col></row><row><col /><col><link ns0:type="simple" ns0:href="../077/3273077.xml">bank boston</link>corp</col><col>south shore bank mechan bank agricultur</col><col><link ns0:type="simple" ns0:href="../077/3273077.xml">bank boston</link>corp</col></row><row><col /><col><link ns0:type="simple" ns0:href="../657/19381657.xml">union corpor</link></col><col>dominion bank</col><col><link ns0:type="simple" ns0:href="../657/19381657.xml">union corpor</link></col></row><row><col /><col><link ns0:type="simple" ns0:href="../657/19381657.xml">union corpor</link></col><col>american bankcorp</col><col><link ns0:type="simple" ns0:href="../657/19381657.xml">union corpor</link></col></row><row><col /><col><company wordnetid="108058098" confidence="0.8"><institution wordnetid="108053576" confidence="0.8"><link ns0:type="simple" ns0:href="../503/694503.xml">nationsbank</link></institution></company>corp</col><col>maryland nation bank</col><col><link ns0:type="simple" ns0:href="../503/694503.xml">nationsbank corp</link></col></row><row><col /><col><link ns0:type="simple" ns0:href="../503/694503.xml">nationsbank corp</link></col><col>american secur bank</col><col><link ns0:type="simple" ns0:href="../503/694503.xml">nationsbank corp</link></col></row><row><col><link ns0:type="simple" ns0:href="../337/18948337.xml" /></col><col>societi corp</col><col /><col /></row><row><col /><col>corp</col><col>continent illinoi nation bank</col><col>corp</col></row><row><col><link ns0:type="simple" ns0:href="../658/34658.xml" /></col><col><company wordnetid="108058098" confidence="0.9508927676800064"><link ns0:type="simple" ns0:href="../000/231000.xml">chemic bank</link></company>corp</col><col><slope wordnetid="109437454" confidence="0.8"><geological_formation wordnetid="109287968" confidence="0.8"><bank wordnetid="109213565" confidence="0.8"><link ns0:type="simple" ns0:href="../998/230998.xml">chase manhattan corpor</link></bank></geological_formation></slope></col><col><slope wordnetid="109437454" confidence="0.8"><geological_formation wordnetid="109287968" confidence="0.8"><bank wordnetid="109213565" confidence="0.8"><link ns0:type="simple" ns0:href="../998/230998.xml">chase manhattan corpor</link></bank></geological_formation></slope></col></row><row><col /><col>chicago corp</col><col>bancorp</col><col>chicago corp</col></row><row><col /><col><link ns0:type="simple" ns0:href="../921/1348921.xml">corpor</link></col><col>southern nation corp</col><col><link ns0:type="simple" ns0:href="../921/1348921.xml">corpor</link></col></row><row><col /><col><link ns0:type="simple" ns0:href="../273/570273.xml">fleet financi group</link></col><col><link ns0:type="simple" ns0:href="../273/570273.xml">nation corp</link></col><col><link ns0:type="simple" ns0:href="../273/570273.xml">fleet financi group</link></col></row><row><col><link ns0:type="simple" ns0:href="../636/34636.xml" /></col><col><link ns0:type="simple" ns0:href="../487/16597487.xml">well fargo corp</link></col><col><link ns0:type="simple" ns0:href="../077/12714077.xml">interst bancorp</link></col><col><link ns0:type="simple" ns0:href="../487/16597487.xml">well fargo corp</link></col></row><row><col /><col><link ns0:type="simple" ns0:href="../072/1387072.xml">corest financi corp</link></col><col>meridian bancorp</col><col><link ns0:type="simple" ns0:href="../072/1387072.xml">corest financi corp</link></col></row><row><col /><col>bank boston corp</col><col /><col><company wordnetid="108058098" confidence="0.8"><institution wordnetid="108053576" confidence="0.8"><link ns0:type="simple" ns0:href="../211/699211.xml" /></institution></company>corp</col></row><row><col /><col><link ns0:type="simple" ns0:href="../657/19381657.xml">union corpor</link></col><col>fidel bancorpor</col><col><link ns0:type="simple" ns0:href="../657/19381657.xml">union corpor</link></col></row><row><col /><col><link ns0:type="simple" ns0:href="../657/19381657.xml">union corpor</link></col><col>center financi</col><col><link ns0:type="simple" ns0:href="../657/19381657.xml">union corpor</link></col></row><row><col /><col><link ns0:type="simple" ns0:href="../273/570273.xml">fleet financi group</link></col><col>nation westminst bancorp subsidiari<company wordnetid="108058098" confidence="0.9508927676800064"><link ns0:type="simple" ns0:href="../855/18192855.xml">nation westminst bank</link></company></col><col><link ns0:type="simple" ns0:href="../273/570273.xml">fleet financi group</link></col></row><row><col><link ns0:type="simple" ns0:href="../601/34601.xml" /></col><col><company wordnetid="108058098" confidence="0.9508927676800064"><link ns0:type="simple" ns0:href="../002/523002.xml">bancorp</link></company></col><col>bank system</col><col><company wordnetid="108058098" confidence="0.9508927676800064"><link ns0:type="simple" ns0:href="../002/523002.xml">bancorp</link></company></col></row><row><col /><col><link ns0:type="simple" ns0:href="../503/694503.xml">nationsbank corp</link></col><col><company wordnetid="108058098" confidence="0.9508927676800064"><link ns0:type="simple" ns0:href="../455/15433455.xml">bancshar</link></company></col><col><link ns0:type="simple" ns0:href="../503/694503.xml">nationsbank corp</link></col><col>billion</col></row><row><col /><col><company wordnetid="108058098" confidence="0.9508927676800064"><link ns0:type="simple" ns0:href="../261/214261.xml">washington mutual</link></company></col><col>great western financi corpor</col><col><company wordnetid="108058098" confidence="0.9508927676800064"><link ns0:type="simple" ns0:href="../261/214261.xml">washington mutual</link></company></col></row><row><col /><col><link ns0:type="simple" ns0:href="../657/19381657.xml">union corpor</link></col><col>signet bank corp</col><col><link ns0:type="simple" ns0:href="../657/19381657.xml">union corpor</link></col></row><row><col><link ns0:type="simple" ns0:href="../647/34647.xml" /></col><col><link ns0:type="simple" ns0:href="../503/694503.xml">nationsbank corp</link></col><col>barnett bank</col><col><link ns0:type="simple" ns0:href="../503/694503.xml">nationsbank corp</link></col></row><row><col /><col><link ns0:type="simple" ns0:href="../657/19381657.xml">union corpor</link></col><col><link ns0:type="simple" ns0:href="../072/1387072.xml">corest financi corp</link></col><col><link ns0:type="simple" ns0:href="../657/19381657.xml">union corpor</link></col></row><row><col /><col><link ns0:type="simple" ns0:href="../503/694503.xml">nationsbank corp</link></col><col>corp</col><col><company wordnetid="108058098" confidence="0.9508927676800064"><link ns0:type="simple" ns0:href="../756/347756.xml">bank america</link></company>corp</col></row><row><col /><col><link ns0:type="simple" ns0:href="../067/5781067.xml">golden bancorp</link></col><col>nationwid hold</col><col><link ns0:type="simple" ns0:href="../067/5781067.xml">golden bancorp</link></col></row><row><col /><col>norwest corp</col><col><link ns0:type="simple" ns0:href="../487/16597487.xml">well fargo corp</link></col><col><link ns0:type="simple" ns0:href="../487/16597487.xml">well fargo corp</link></col></row><row><col /><col>star banc corp</col><col>hold corp</col><col><slope wordnetid="109437454" confidence="0.8"><company wordnetid="108058098" confidence="0.8"><geological_formation wordnetid="109287968" confidence="0.8"><bank wordnetid="109213565" confidence="0.8"><institution wordnetid="108053576" confidence="0.8"><link ns0:type="simple" ns0:href="../369/10079369.xml">corpor</link></institution></bank></geological_formation></company></slope></col></row><row><col /><col><link ns0:type="simple" ns0:href="../241/418241.xml">banc corp</link></col><col>chicago corp</col><col><link ns0:type="simple" ns0:href="../241/418241.xml">bank corp</link></col></row><row><col /><col><link>travel group</link></col><col><link>citicorp</link></col><col><company wordnetid="108058098" confidence="0.9508927676800064"><link ns0:type="simple" ns0:href="../299/207299.xml">citigroup</link></company></col><col>billion</col></row><row><col /><col><link ns0:type="simple" ns0:href="../866/1348866.xml">suntrust bank</link></col><col>financi corp</col><col><link ns0:type="simple" ns0:href="../866/1348866.xml">suntrust bank</link></col></row><row><col /><col><company wordnetid="108058098" confidence="0.9508927676800064"><link ns0:type="simple" ns0:href="../261/214261.xml">washington mutual</link></company></col><col /><col><company wordnetid="108058098" confidence="0.9508927676800064"><link ns0:type="simple" ns0:href="../261/214261.xml">washington mutual</link></company></col></row><row><col><link ns0:type="simple" ns0:href="../553/34553.xml" /></col><col><link ns0:type="simple" ns0:href="../273/570273.xml">fleet financi corp</link></col><col>corp</col><col><company wordnetid="108058098" confidence="0.9508927676800064"><link ns0:type="simple" ns0:href="../273/570273.xml">financi</link></company>corp</col></row><row><col /><col><company wordnetid="108058098" confidence="0.9508927676800064"><link ns0:type="simple" ns0:href="../937/523937.xml">deutsch bank</link></company></col><col><link ns0:type="simple" ns0:href="../709/1609709.xml">banker trust</link>corp</col><col>deutsch bank</col></row><row><col /><col><company wordnetid="108058098" confidence="0.9508927676800064"><link ns0:type="simple" ns0:href="../572/322572.xml">hsbc hold plc</link></company></col><col>republ york corpor</col><col><company wordnetid="108058098" confidence="0.9508927676800064"><link ns0:type="simple" ns0:href="../718/3337718.xml">hsbc bank usa</link></company></col></row><row><col /><col><slope wordnetid="109437454" confidence="0.8"><company wordnetid="108058098" confidence="0.8"><geological_formation wordnetid="109287968" confidence="0.8"><bank wordnetid="109213565" confidence="0.8"><institution wordnetid="108053576" confidence="0.8"><link ns0:type="simple" ns0:href="../369/10079369.xml">corpor</link></institution></bank></geological_formation></company></slope></col><col>mercantil bancorpor</col><col><slope wordnetid="109437454" confidence="0.8"><company wordnetid="108058098" confidence="0.8"><geological_formation wordnetid="109287968" confidence="0.8"><bank wordnetid="109213565" confidence="0.8"><institution wordnetid="108053576" confidence="0.8"><link ns0:type="simple" ns0:href="../369/10079369.xml">corpor</link></institution></bank></geological_formation></company></slope></col></row><row><col /><col><company wordnetid="108058098" confidence="0.9508927676800064"><link ns0:type="simple" ns0:href="../830/2208830.xml">bancorpor</link></company></col><col><company wordnetid="108058098" confidence="0.9508927676800064"><link ns0:type="simple" ns0:href="../100/1919100.xml">american nation bank</link></company></col><col><company wordnetid="108058098" confidence="0.9508927676800064"><link ns0:type="simple" ns0:href="../830/2208830.xml">bancorpor</link></company></col><col>billion</col></row><row><col><link ns0:type="simple" ns0:href="../548/34548.xml" /></col><col><slope wordnetid="109437454" confidence="0.8"><geological_formation wordnetid="109287968" confidence="0.8"><bank wordnetid="109213565" confidence="0.8"><link ns0:type="simple" ns0:href="../998/230998.xml">chase manhattan corpor</link></bank></geological_formation></slope></col><col><link ns0:type="simple" ns0:href="../001/231001.xml">morgan</link></col><col><link ns0:type="simple" ns0:href="../001/231001.xml">morgan chase</link></col></row><row><col /><col><company wordnetid="108058098" confidence="0.9508927676800064"><link ns0:type="simple" ns0:href="../261/214261.xml">washington mutual</link></company></col><col>bank unit corp</col><col><company wordnetid="108058098" confidence="0.9508927676800064"><link ns0:type="simple" ns0:href="../261/214261.xml">washington mutual</link></company></col><col>billion</col></row><row><col /><col><link ns0:type="simple" ns0:href="../487/16597487.xml">well fargo</link></col><col>secur corp</col><col><link ns0:type="simple" ns0:href="../487/16597487.xml">well fargo</link></col></row><row><col><link ns0:type="simple" ns0:href="../551/34551.xml" /></col><col><slope wordnetid="109437454" confidence="0.8"><company wordnetid="108058098" confidence="0.8"><geological_formation wordnetid="109287968" confidence="0.8"><bank wordnetid="109213565" confidence="0.8"><institution wordnetid="108053576" confidence="0.8"><link ns0:type="simple" ns0:href="../369/10079369.xml">corpor</link></institution></bank></geological_formation></company></slope></col><col><company wordnetid="108058098" confidence="0.9508927676800064"><link ns0:type="simple" ns0:href="../002/523002.xml">bancorp</link></company></col><col><company wordnetid="108058098" confidence="0.9508927676800064"><link ns0:type="simple" ns0:href="../002/523002.xml">bancorp</link></company></col></row><row><col /><col>union corp</col><col>wachovia corp</col><col><company wordnetid="108058098" confidence="0.9508927676800064"><link ns0:type="simple" ns0:href="../657/19381657.xml">wachovia corp</link></company></col></row><row><col /><col><link ns0:type="simple" ns0:href="../218/1115218.xml">third bancorp</link></col><col><link>kent financi corp</link></col><col><link ns0:type="simple" ns0:href="../218/1115218.xml">third bancorp</link></col></row><row><col /><col><company wordnetid="108058098" confidence="0.9508927676800064"><link ns0:type="simple" ns0:href="../747/8907747.xml">standard feder bank</link></company></col><col><company wordnetid="108058098" confidence="0.9508927676800064"><link ns0:type="simple" ns0:href="../672/3244672.xml">michigan nation bank</link></company></col><col>standard feder bank</col></row><row><col /><col><link ns0:type="simple" ns0:href="../273/570273.xml">financi corp</link></col><col><slope wordnetid="109437454" confidence="0.8"><geological_formation wordnetid="109287968" confidence="0.8"><bank wordnetid="109213565" confidence="0.8"><link ns0:type="simple" ns0:href="../943/9683943.xml">summit bancorp</link></bank></geological_formation></slope></col><col><link ns0:type="simple" ns0:href="../273/570273.xml">financi corp</link></col></row><row><col><link ns0:type="simple" ns0:href="../502/35502.xml" /></col><col><company wordnetid="108058098" confidence="0.9508927676800064"><link ns0:type="simple" ns0:href="../299/207299.xml">citigroup</link></company></col><col><link ns0:type="simple" ns0:href="../067/5781067.xml">golden bancorp</link></col><col><link ns0:type="simple" ns0:href="../299/207299.xml">citigroup</link></col></row><row><col /><col><company wordnetid="108058098" confidence="0.9508927676800064"><link ns0:type="simple" ns0:href="../261/214261.xml">washington mutual</link></company></col><col><link>dime bancorp</link></col><col><company wordnetid="108058098" confidence="0.9508927676800064"><link ns0:type="simple" ns0:href="../261/214261.xml">washington mutual</link></company></col></row><row><col><link ns0:type="simple" ns0:href="../163/36163.xml" /></col><col><link ns0:type="simple" ns0:href="../921/1348921.xml">corp</link></col><col><link>virginia bank</link></col><col><link ns0:type="simple" ns0:href="../921/1348921.xml">corp</link></col></row><row><col><link ns0:type="simple" ns0:href="../163/36163.xml" /></col><col><company wordnetid="108058098" confidence="0.9508927676800064"><link ns0:type="simple" ns0:href="../976/975976.xml">bank</link></company></col><col><link>bank</link></col><col><company wordnetid="108058098" confidence="0.9508927676800064"><link ns0:type="simple" ns0:href="../976/975976.xml">bank</link></company></col></row><row><col><link ns0:type="simple" ns0:href="../524/35524.xml" /></col><col>haven save bank</col><col>save bank manchest bank</col><col><company wordnetid="108058098" confidence="0.9508927676800064"><link ns0:type="simple" ns0:href="../508/5060508.xml">bank</link></company></col></row><row><col><link ns0:type="simple" ns0:href="../524/35524.xml" /></col><col><link ns0:type="simple" ns0:href="../756/347756.xml">bank america corp</link></col><col><link ns0:type="simple" ns0:href="../273/570273.xml">financi corp</link></col><col><link ns0:type="simple" ns0:href="../756/347756.xml">bank america corp</link></col><col>billion</col></row><row><col><link ns0:type="simple" ns0:href="../524/35524.xml" /></col><col><link ns0:type="simple" ns0:href="../001/231001.xml">morgan chase</link></col><col><link ns0:type="simple" ns0:href="../241/418241.xml">bank</link></col><col><link ns0:type="simple" ns0:href="../001/231001.xml">jpmorgan chase</link></col></row><row><col><link ns0:type="simple" ns0:href="../524/35524.xml" /></col><col><link ns0:type="simple" ns0:href="../567/216567.xml">banco popular</link></col><col><link>quaker citi bank</link></col><col><link ns0:type="simple" ns0:href="../567/216567.xml">banco popular</link></col></row><row><col><link ns0:type="simple" ns0:href="../524/35524.xml" /></col><col><company wordnetid="108058098" confidence="0.9508927676800064"><link ns0:type="simple" ns0:href="../640/3515640.xml">region financi corpor</link></company></col><col><link>union planter corpor</link></col><col><company wordnetid="108058098" confidence="0.9508927676800064"><link ns0:type="simple" ns0:href="../640/3515640.xml">region financi corpor</link></company></col><col>billion</col></row><row><col><link ns0:type="simple" ns0:href="../524/35524.xml" /></col><col><link ns0:type="simple" ns0:href="../866/1348866.xml">suntrust</link></col><col><link>nation commerc financi</link></col><col><link ns0:type="simple" ns0:href="../866/1348866.xml">suntrust</link></col><col>billion<ref ns0:type="simple" ns0:href="#xpointer(//reflist/entry[@id=%221%22])" /></col></row><row><col><link ns0:type="simple" ns0:href="../524/35524.xml" /></col><col><company wordnetid="108058098" confidence="0.9508927676800064"><link ns0:type="simple" ns0:href="../657/19381657.xml">wachovia</link></company></col><col><company wordnetid="108058098" confidence="0.9508927676800064"><link ns0:type="simple" ns0:href="../664/2430664.xml" /></company></col><col><company wordnetid="108058098" confidence="0.9508927676800064"><link ns0:type="simple" ns0:href="../657/19381657.xml">wachovia</link></company></col><col>billion</col></row><row><col><link ns0:type="simple" ns0:href="../984/35984.xml" /></col><col><link ns0:type="simple" ns0:href="../489/1265489.xml">pnc bank</link></col><col><company wordnetid="108058098" confidence="0.9508927676800064"><link ns0:type="simple" ns0:href="../427/727427.xml">rigg bank</link></company></col><col><link ns0:type="simple" ns0:href="../489/1265489.xml">pnc bank</link></col><col>billion<ref ns0:type="simple" ns0:href="#xpointer(//reflist/entry[@id=%222%22])" /></col></row><row><col><link ns0:type="simple" ns0:href="../984/35984.xml" /></col><col><link ns0:type="simple" ns0:href="../152/1168152.xml">capit financi corpor</link></col><col><slope wordnetid="109437454" confidence="0.8"><company wordnetid="108058098" confidence="0.8"><geological_formation wordnetid="109287968" confidence="0.8"><bank wordnetid="109213565" confidence="0.8"><institution wordnetid="108053576" confidence="0.8"><link ns0:type="simple" ns0:href="../372/288372.xml">nation bank</link></institution></bank></geological_formation></company></slope></col><col><link ns0:type="simple" ns0:href="../152/1168152.xml">capit financi corpor</link></col><col>billion<ref ns0:type="simple" ns0:href="#xpointer(//reflist/entry[@id=%223%22])" /></col></row><row><col><link ns0:type="simple" ns0:href="../984/35984.xml" /></col><col><company wordnetid="108058098" confidence="0.9508927676800064"><link ns0:type="simple" ns0:href="../756/347756.xml">bank america</link></company></col><col><link ns0:type="simple" ns0:href="../378/288378.xml">corpor</link></col><col><company wordnetid="108058098" confidence="0.9508927676800064"><link ns0:type="simple" ns0:href="../756/347756.xml">bank america card servic</link></company></col><col>billion</col></row><row><col><link ns0:type="simple" ns0:href="../164/36164.xml" /></col><col><company wordnetid="108058098" confidence="0.9508927676800064"><link ns0:type="simple" ns0:href="../657/19381657.xml">wachovia</link></company></col><col /><col><company wordnetid="108058098" confidence="0.9508927676800064"><link ns0:type="simple" ns0:href="../657/19381657.xml">wachovia</link></company></col><col>billion<ref ns0:type="simple" ns0:href="#xpointer(//reflist/entry[@id=%224%22])" /></col></row><row><col><link ns0:type="simple" ns0:href="../164/36164.xml" /></col><col><company wordnetid="108058098" confidence="0.9508927676800064"><link ns0:type="simple" ns0:href="../508/5060508.xml">bank</link></company></col><col>cornerston bank</col><col><company wordnetid="108058098" confidence="0.9508927676800064"><link ns0:type="simple" ns0:href="../508/5060508.xml">bank</link></company></col></row><row><col><link ns0:type="simple" ns0:href="../164/36164.xml" /></col><col><link ns0:type="simple" ns0:href="../152/1168152.xml">capit financi corpor</link></col><col><company wordnetid="108058098" confidence="0.9508927676800064"><link ns0:type="simple" ns0:href="../333/3793333.xml">north fork bank</link></company></col><col><link ns0:type="simple" ns0:href="../152/1168152.xml">capit financi corpor</link></col><col>billion<ref ns0:type="simple" ns0:href="#xpointer(//reflist/entry[@id=%225%22])" /></col></row><row><col><link ns0:type="simple" ns0:href="../164/36164.xml" /></col><col><company wordnetid="108058098" confidence="0.9508927676800064"><link ns0:type="simple" ns0:href="../657/19381657.xml">wachovia</link></company></col><col><link ns0:type="simple" ns0:href="../415/2487415.xml">golden west financi</link></col><col><company wordnetid="108058098" confidence="0.9508927676800064"><link ns0:type="simple" ns0:href="../657/19381657.xml">wachovia</link></company></col><col>billion<ref ns0:type="simple" ns0:href="#xpointer(//reflist/entry[@id=%226%22])" /></col></row><row><col><link ns0:type="simple" ns0:href="../164/36164.xml" /></col><col><company wordnetid="108058098" confidence="0.9508927676800064"><link ns0:type="simple" ns0:href="../640/3515640.xml">region financi corpor</link></company></col><col><company wordnetid="108058098" confidence="0.9508927676800064"><link ns0:type="simple" ns0:href="../830/2208830.xml">bancorpor</link></company></col><col><company wordnetid="108058098" confidence="0.9508927676800064"><link ns0:type="simple" ns0:href="../640/3515640.xml">region financi corpor</link></company></col><col>billion</col></row><row><col><link ns0:type="simple" ns0:href="../165/36165.xml" /></col><col>citizen bank corpor</col><col>republ bancorp</col><col><company wordnetid="108058098" confidence="0.9508927676800064"><link ns0:type="simple" ns0:href="../303/4573303.xml">citizen republ bancorp</link></company></col><col>billion</col></row><row><col><link ns0:type="simple" ns0:href="../165/36165.xml" /></col><col><company wordnetid="108058098" confidence="0.9508927676800064"><link ns0:type="simple" ns0:href="../329/1311329.xml">banco bilbao</link></company></col><col><company wordnetid="108058098" confidence="0.9508927676800064"><link ns0:type="simple" ns0:href="../983/2208983.xml">compass bancshar</link></company></col><col><company wordnetid="108058098" confidence="0.9508927676800064"><link ns0:type="simple" ns0:href="../329/1311329.xml">banco bilbao</link></company></col><col>billion</col></row><row><col><link ns0:type="simple" ns0:href="../165/36165.xml" /></col><col><company wordnetid="108058098" confidence="0.9508927676800064"><link ns0:type="simple" ns0:href="../756/347756.xml">bank america</link></company></col><col><company wordnetid="108058098" confidence="0.9508927676800064"><link ns0:type="simple" ns0:href="../889/2514889.xml">lasal bank</link></company></col><col><company wordnetid="108058098" confidence="0.9508927676800064"><link ns0:type="simple" ns0:href="../756/347756.xml">bank america</link></company></col><col>billion</col></row><row><col><link ns0:type="simple" ns0:href="../165/36165.xml" /></col><col><company wordnetid="108058098" confidence="0.9508927676800064"><link ns0:type="simple" ns0:href="../824/26824.xml">street corpor</link></company></col><col><link>investor financi servic corpor</link></col><col><company wordnetid="108058098" confidence="0.9508927676800064"><link ns0:type="simple" ns0:href="../824/26824.xml">street corpor</link></company></col><col>billion</col></row><row><col><link ns0:type="simple" ns0:href="../165/36165.xml" /></col><col><company wordnetid="108058098" confidence="0.9508927676800064"><link ns0:type="simple" ns0:href="../837/519837.xml">bank york</link></company></col><col><link ns0:type="simple" ns0:href="../491/594491.xml">mellon financi corpor</link></col><col><company wordnetid="108058098" confidence="0.9508927676800064"><link ns0:type="simple" ns0:href="../619/12097619.xml">bank york mellon</link></company></col><col>billion</col></row><row><col><link ns0:type="simple" ns0:href="../165/36165.xml" /></col><col><company wordnetid="108058098" confidence="0.9508927676800064"><link ns0:type="simple" ns0:href="../657/19381657.xml">wachovia</link></company></col><col><link ns0:type="simple" ns0:href="../415/2487415.xml">save bank</link></col><col><company wordnetid="108058098" confidence="0.9508927676800064"><link ns0:type="simple" ns0:href="../657/19381657.xml">wachovia</link></company></col><col>billion</col></row><row><col><link ns0:type="simple" ns0:href="../165/36165.xml" /></col><col><company wordnetid="108058098" confidence="0.9508927676800064"><link ns0:type="simple" ns0:href="../756/347756.xml">bank america</link></company></col><col><link>trust</link></col><col><company wordnetid="108058098" confidence="0.9508927676800064"><link ns0:type="simple" ns0:href="../756/347756.xml">bank america privat wealth manag</link></company></col></row><row><col><link ns0:type="simple" ns0:href="../825/35825.xml" /></col><col><company wordnetid="108058098" confidence="0.9508927676800064"><link ns0:type="simple" ns0:href="../001/231001.xml">jpmorgan chase</link></company></col><col><company wordnetid="108058098" confidence="0.9508927676800064"><link ns0:type="simple" ns0:href="../719/928719.xml">bear stearn</link></company></col><col><company wordnetid="108058098" confidence="0.9508927676800064"><link ns0:type="simple" ns0:href="../001/231001.xml">jpmorgan chase</link></company></col><col>billion</col></row><row><col><link ns0:type="simple" ns0:href="../825/35825.xml" /></col><col><company wordnetid="108058098" confidence="0.9508927676800064"><link ns0:type="simple" ns0:href="../756/347756.xml">bank america</link></company></col><col><company wordnetid="108058098" confidence="0.9508927676800064"><link ns0:type="simple" ns0:href="../710/243710.xml">merril lynch</link></company></col><col><company wordnetid="108058098" confidence="0.9508927676800064"><link ns0:type="simple" ns0:href="../756/347756.xml">bank america</link></company></col><col>billion</col></row><row><col><link ns0:type="simple" ns0:href="../825/35825.xml" /></col><col><company wordnetid="108058098" confidence="0.9508927676800064"><link ns0:type="simple" ns0:href="../001/231001.xml">jpmorgan chase</link></company></col><col><company wordnetid="108058098" confidence="0.9508927676800064"><link ns0:type="simple" ns0:href="../261/214261.xml">washington mutual</link></company></col><col><company wordnetid="108058098" confidence="0.9508927676800064"><link ns0:type="simple" ns0:href="../001/231001.xml">jpmorgan chase</link></company></col><col>billion<ref ns0:type="simple" ns0:href="#xpointer(//reflist/entry[@id=%227%22])" /></col></row><row><col><link ns0:type="simple" ns0:href="../825/35825.xml" /></col><col><company wordnetid="108058098" confidence="0.9508927676800064"><link ns0:type="simple" ns0:href="../487/16597487.xml">well fargo</link></company></col><col><company wordnetid="108058098" confidence="0.9508927676800064"><link ns0:type="simple" ns0:href="../657/19381657.xml">wachovia</link></company></col><col><company wordnetid="108058098" confidence="0.9508927676800064"><link ns0:type="simple" ns0:href="../487/16597487.xml">well fargo</link></company></col><col>billion<ref ns0:type="simple" ns0:href="#xpointer(//reflist/entry[@id=%228%22])" /></col></row><row><col><link ns0:type="simple" ns0:href="../825/35825.xml" /></col><col><link ns0:type="simple" ns0:href="../218/1115218.xml">bank</link></col><col><link>charter bank</link></col><col><link ns0:type="simple" ns0:href="../218/1115218.xml">bank</link></col></row></table></p><sec><st>refer</st><p><reflist><entry id="1"><weblink ns0:type="simple" ns0:href="http://atlanta.bizjournals.com/atlanta/stories/2004/05/03/daily60.html">suntrust buy nation commerc financi</weblink>atlanta busi chronicl<link ns0:type="simple" ns0:href="../524/19524.xml" /><link ns0:type="simple" ns0:href="../524/35524.xml" /></entry><entry id="2">fred juli<weblink ns0:type="simple" ns0:href="http://www.washingtonpost.com/wp-dyn/articles/A54380-2004Jul16.html">rigg bank sold pnc financi servic group</weblink>washington post</entry><entry id="3">capit financi corpor nov<weblink ns0:type="simple" ns0:href="http://www.sec.gov/Archives/edgar/data/927628/000090342305000927/capone_ex991-1116.htm">capit complet acquisit corpor</weblink></entry><entry id="4">wachovia<link ns0:type="simple" ns0:href="../021/28021.xml">septemb</link><link ns0:type="simple" ns0:href="../984/35984.xml" /><weblink ns0:type="simple" ns0:href="http://www.wachovia.com/inside/page/0,,134_307_348_1270_7455%5E1245,00.html">wachovia corpor acquir financi billion transact</weblink><link ns0:type="simple" ns0:href="../097/304097.xml">press releas</link></entry><entry id="5">capit financi corpor decemb<weblink ns0:type="simple" ns0:href="http://www.sec.gov/Archives/edgar/data/927628/000119312506245235/dex991.htm">capit complet acquisit north fork bancorpor</weblink></entry><entry id="6">wachovia corpor<weblink ns0:type="simple" ns0:href="http://www.sec.gov/Archives/edgar/data/36995/000119312506103017/dex99a.htm">wachovia acquir golden west financi</weblink></entry><entry id="7">eric dash andrew ross sorkin septemb<weblink ns0:type="simple" ns0:href="http://www.nytimes.com/2008/09/26/business/26wamu.html">govern seiz wamu sell asset</weblink>york time</entry><entry id="8">david elli octob<weblink ns0:type="simple" ns0:href="http://money.cnn.com/2008/10/03/news/companies/wells_fargo_wachovia/index.htm">wachovia well citi</weblink>cnn money</entry></reflist><list><entry level="1" type="bullet">stephen rhoad bank merger industrywid structur washington board governor feder reserv system januari<weblink ns0:type="simple" ns0:href="http://www.federalreserve.gov/pubs/staffstudies/1990-99/ss169.pdf">staff studi</weblink></entry><entry level="1" type="bullet">steven bank merger activ unit washington board governor feder reserv system<weblink ns0:type="simple" ns0:href="http://www.federalreserve.gov/pubs/staffstudies/2000-present/ss176.pdf">staff studi</weblink></entry><entry level="1" type="bullet"><weblink ns0:type="simple" ns0:href="http://www.manda-institute.org">institut merger acquisit allianc</weblink>academ institut merger acquisit includ bank merger</entry></list></p></sec></bdy></amalgamation></article>