<article xmlns:ns0="http://www.w3.org/1999/xlink"><hospital confidence="0.9508927676800064" wordnetid="103540595"><header><title>oliv viewucla medic center</title><id /><revision><id /><timestamp /><contributor><username>neelix</username><id /></contributor></revision><categories><category>hospit california</category><category>univers california angel</category><category>hospit san fernando valley</category><category>healthcar angel california</category></categories></header><bdy><template><name>infobox hospit</name><parameters><Beds /><Website /><Logo>oliv viewucla medic center logogif</Logo><HealthCare>counti public</HealthCare><Type>teach</Type><Location>oliv view</Location><Country /><Affiliation>univers california angel</Affiliation><Name>oliv viewucla medic center</Name><Region><link ns0:type="simple" ns0:href="../252/435252.xml">sylmar</link></Region><State>california</State><Founded /></parameters></template><p>oliv viewucla medic center<link ns0:type="simple" ns0:href="../221/18994221.xml">hospit</link>fund<county wordnetid="108546183" confidence="0.9508927676800064"><link ns0:type="simple" ns0:href="../734/79734.xml">angel counti</link></county><ref ns0:type="simple" ns0:href="#xpointer(//reflist/entry[@id=%221%22])" />locat<region wordnetid="108630985" confidence="0.8"><vicinity wordnetid="108641113" confidence="0.8"><social_group wordnetid="107950920" confidence="0.8"><area wordnetid="108497294" confidence="0.8"><location wordnetid="100027167" confidence="0.8"><gathering wordnetid="107975026" confidence="0.8"><community wordnetid="108223802" confidence="0.8"><group wordnetid="100031264" confidence="0.8"><section wordnetid="108648322" confidence="0.8"><link ns0:type="simple" ns0:href="../252/435252.xml">sylmar</link></section></group></community></gathering></location></area></social_group></vicinity></region>neighborhood<village wordnetid="108672738" confidence="0.9508927676800064"><link ns0:type="simple" ns0:href="../110/18110.xml">angel</link></village><country wordnetid="108544813" confidence="0.9508927676800064"><link ns0:type="simple" ns0:href="../407/5407.xml">california</link></country><body wordnetid="107965085" confidence="0.8"><social_group wordnetid="107950920" confidence="0.8"><political_orientation wordnetid="106212839" confidence="0.8"><colony wordnetid="108374049" confidence="0.8"><state wordnetid="108168978" confidence="0.8"><political_unit wordnetid="108359949" confidence="0.8"><group wordnetid="100031264" confidence="0.8"><democracy wordnetid="106217103" confidence="0.8"><link ns0:type="simple" ns0:href="../750/3434750.xml">usa</link></democracy></group></political_unit></state></colony></political_orientation></social_group></body>healthcar deliveri system north<region wordnetid="108630039" confidence="0.8"><location wordnetid="100027167" confidence="0.8"><geological_formation wordnetid="109287968" confidence="0.8"><valley wordnetid="109468604" confidence="0.8"><natural_depression wordnetid="109366017" confidence="0.8"><link ns0:type="simple" ns0:href="../331/324331.xml">san fernando valley</link></natural_depression></valley></geological_formation></location></region></p><p>replac facil built sylmar site open oliv view incorpor ucla oliv viewucla medic center oliv viewucla medic center maintain respons care medic low incom uninsur resid san fernando santa valley</p><p>oliv viewucla medic center strong affili david geffen school medicin ucla offer resid program major specialti area well provid oncampu school nurs public sector integr health servic deliveri system hospit vision serv model enhanc health provid educ patient staff commun hospit</p><sec><st>histori</st><p>hospit found<link ns0:type="simple" ns0:href="../434/22434.xml">octob</link><link ns0:type="simple" ns0:href="../676/34676.xml" /><link ns0:type="simple" ns0:href="../653/30653.xml">tuberculosi</link>sanatorium reliev overcrowd<hospital wordnetid="103540595" confidence="0.9508927676800064"><link ns0:type="simple" ns0:href="../390/1338390.xml">counti gener hospit</link></hospital>longer need treatment facil acut care hospit oliv view hospit perform open heart surgeri san fernando valley southern california</p><p>hospit oliv view hospit affili univers school medicin oliv view hospit oliv view medic center teach hospit bed hospit dedic decemb</p><p>spectacular damag<process wordnetid="100029677" confidence="0.8"><physical_entity wordnetid="100001930" confidence="0.8"><phenomenon wordnetid="100034213" confidence="0.8"><natural_phenomenon wordnetid="111408559" confidence="0.8"><geological_phenomenon wordnetid="111417672" confidence="0.8"><earthquake wordnetid="107428954" confidence="0.8"><link ns0:type="simple" ns0:href="../221/577221.xml">san fernando earthquak</link></earthquake></geological_phenomenon></natural_phenomenon></phenomenon></physical_entity></process>februari includ collaps structur oliv view hospit sylmar sixteen year oliv view serv patient interim facil van nuy</p></sec><sec><st /><p><list><entry level="1" type="bullet"><hospital wordnetid="103540595" confidence="0.9508927676800064"><link ns0:type="simple" ns0:href="../771/10588771.xml">harborucla medic center</link></hospital></entry><entry level="1" type="bullet"><hospital wordnetid="103540595" confidence="0.9508927676800064"><link ns0:type="simple" ns0:href="../011/10072011.xml">santa medic center</link></hospital></entry><entry level="1" type="bullet"><link ns0:type="simple" ns0:href="../738/1185738.xml">ucla medic center</link></entry></list></p></sec><sec><st>extern link</st><p><list><entry level="1" type="bullet"><weblink ns0:type="simple" ns0:href="http://www.ladhs.org/wps/portal/!ut/p/c1/04_SB8K8xLLM9MSSzPy8xBz9CP0os_hAFz8jl2AXYwN3F2dTAyMXLz9397BgIwMDA_1wkA6zeD9_o1A3E09DQwszV0MDIzMPEyefME-gemOIvAEO4GgAkcdlg7epvp9Hfm6qfkF2dpCFo6IiAMV2pdA!/dl2/d1/L2dJQSEvUUt3QS9ZQnB3LzZfUUROMkRTRDMwR0RDNTAyREpOR0dWUzIwRzE!/">oliv viewucla medic center</weblink></entry><entry level="1" type="bullet"><weblink ns0:type="simple" ns0:href="http://www.uclaoliveview.org/">view intern medicin program</weblink></entry></list></p></sec><sec><st>refer</st><p><reflist><entry id="1"><weblink ns0:type="simple" ns0:href="http://www.ladhs.org/wps/portal/!ut/p/c1/04_SB8K8xLLM9MSSzPy8xBz9CP0os_hAFz8jl2AXYwN3F2dTAyMXLz9397BgIwMDA_1wkA6zeD9_o1A3E09DQwszV0MDIzMPEyefME-gemOIvAEO4GgAkcdlg7epvp9Hfm6qfkF2dpCFo6IiAMV2pdA!/dl2/d1/L2dJQSEvUUt3QS9ZQnB3LzZfUUROMkRTRDMwR0RDNTAyREpOR0dWUzIwRzE!/">oliv viewucla</weblink></entry></reflist></p><p><table style=";" class="navbox" cellspacing="0"><row><col style="padding:2px;"><table style="width:100%;background:transparent;color:inherit;;" class="nowraplinks collapsible expanded " cellspacing="0"><row><header colspan="3" style=";background:#536895;color:#FFB300;" class="navbox-title"><university wordnetid="108286163" confidence="0.9508927676800064"><ranking wordnetid="114429484" confidence="0.9508927676800064"><link ns0:type="simple" ns0:href="../765/37765.xml">univers california angel</link></ranking></university><village wordnetid="108672738" confidence="0.9508927676800064"><link ns0:type="simple" ns0:href="../110/18110.xml">angel california</link></village></header></row><row style="height:2px;" /><row><col style="width:0%;padding:0px 2px 0px 0px;" rowspan="7"><image width="65px" src="Powell_cropped.JPG" /></col><col style=";text-align:center;background:transparent;color:#AAAAAA;;" class="navbox-group">academ</col><col style="text-align:left;border-left:2px solid #fdfdfd;width:100%;padding:0px;text-align:center;;;" class="navbox-list navbox-odd"><link ns0:type="simple" ns0:href="../610/13336610.xml">ucla colleg letter scienc</link><link ns0:type="simple" ns0:href="../052/17321052.xml">henri school engin appli scienc</link><university wordnetid="108286163" confidence="0.9508927676800064"><link ns0:type="simple" ns0:href="../246/2976246.xml">anderson school manag</link></university><link ns0:type="simple" ns0:href="../443/4793443.xml">david geffen school medicin</link><link ns0:type="simple" ns0:href="../844/1370844.xml">graduat school educ studi</link><link ns0:type="simple" ns0:href="../291/2742291.xml">school dentistri</link><law_school wordnetid="108283051" confidence="0.9508927676800064"><link ns0:type="simple" ns0:href="../104/1975104.xml">school law</link></law_school><university wordnetid="108286163" confidence="0.9508927676800064"><link ns0:type="simple" ns0:href="../518/10135518.xml">school nurs</link></university><university wordnetid="108286163" confidence="0.9508927676800064"><link ns0:type="simple" ns0:href="../068/10137068.xml">school public affair</link></university><university wordnetid="108286163" confidence="0.9508927676800064"><link ns0:type="simple" ns0:href="../909/10120909.xml">school public health</link></university><link ns0:type="simple" ns0:href="../190/19185190.xml">ucla school art architectur ucla art</link><link ns0:type="simple" ns0:href="../786/1846786.xml">school theater film televis</link></col></row><row style="height:2px" /><row><col style=";text-align:center;background:transparent;color:#AAAAAA;;" class="navbox-group">knowledg</col><col style="text-align:left;border-left:2px solid #fdfdfd;width:100%;padding:0px;text-align:center;;;" class="navbox-list navbox-even"><library wordnetid="103660909" confidence="0.9508927676800064"><link ns0:type="simple" ns0:href="../501/8405501.xml">librari</link></library><artifact wordnetid="100021939" confidence="0.8"><facility wordnetid="103315023" confidence="0.8"><depository wordnetid="103177349" confidence="0.8"><museum wordnetid="103800563" confidence="0.8"><link ns0:type="simple" ns0:href="../281/6060281.xml">fowler museum cultur histori</link></museum></depository></facility></artifact><museum wordnetid="103800563" confidence="0.9508927676800064"><link ns0:type="simple" ns0:href="../275/733275.xml">hammer museum</link></museum><library wordnetid="103660909" confidence="0.9508927676800064"><link ns0:type="simple" ns0:href="../669/3971669.xml">william andrew clark memori librari</link></library><link ns0:type="simple" ns0:href="../459/2162459.xml">phonolog segment inventori databas</link><link ns0:type="simple" ns0:href="../065/6789065.xml">chicano studi center</link><institution wordnetid="108053576" confidence="0.8"><link ns0:type="simple" ns0:href="../307/799307.xml">center embed network sens</link></institution><link ns0:type="simple" ns0:href="../206/7156206.xml">languag materi project</link><link ns0:type="simple" ns0:href="../828/5042828.xml">film televis archiv</link><link ns0:type="simple" ns0:href="../738/1185738.xml">ucla medic center</link></col></row><row style="height:2px" /><row><col style=";text-align:center;background:transparent;color:#AAAAAA;;" class="navbox-group">athlet</col><col style="text-align:left;border-left:2px solid #fdfdfd;width:100%;padding:0px;text-align:center;;;" class="navbox-list navbox-odd"><sport wordnetid="100523513" confidence="0.9508927676800064"><link ns0:type="simple" ns0:href="../075/3213075.xml">ucla bruin</link></sport><region wordnetid="108630985" confidence="0.8"><area wordnetid="108497294" confidence="0.8"><location wordnetid="100027167" confidence="0.8"><scene wordnetid="108645963" confidence="0.8"><venue wordnetid="108677628" confidence="0.8"><link ns0:type="simple" ns0:href="../139/7557139.xml">drake stadium</link></venue></scene></location></area></region><region wordnetid="108630985" confidence="0.8"><area wordnetid="108497294" confidence="0.8"><location wordnetid="100027167" confidence="0.8"><scene wordnetid="108645963" confidence="0.8"><venue wordnetid="108677628" confidence="0.8"><link ns0:type="simple" ns0:href="../992/753992.xml">pavilion</link></venue></scene></location></area></region><region wordnetid="108630985" confidence="0.8"><position wordnetid="108621598" confidence="0.8"><point wordnetid="108620061" confidence="0.8"><landmark wordnetid="108624891" confidence="0.8"><area wordnetid="108497294" confidence="0.8"><location wordnetid="100027167" confidence="0.8"><scene wordnetid="108645963" confidence="0.8"><venue wordnetid="108677628" confidence="0.8"><link ns0:type="simple" ns0:href="../500/1217500.xml">rose bowl</link></venue></scene></location></area></landmark></point></position></region><region wordnetid="108630985" confidence="0.8"><area wordnetid="108497294" confidence="0.8"><location wordnetid="100027167" confidence="0.8"><scene wordnetid="108645963" confidence="0.8"><venue wordnetid="108677628" confidence="0.8"><link ns0:type="simple" ns0:href="../161/15924161.xml">tenni center</link></venue></scene></location></area></region><link ns0:type="simple" ns0:href="../763/1205763.xml">ucla band</link><group_action wordnetid="101080366" confidence="0.8"><diversion wordnetid="100426928" confidence="0.8"><event wordnetid="100029378" confidence="0.8"><sport wordnetid="100523513" confidence="0.8"><act wordnetid="100030358" confidence="0.8"><psychological_feature wordnetid="100023100" confidence="0.8"><activity wordnetid="100407535" confidence="0.8"><competition wordnetid="101168569" confidence="0.8"><link ns0:type="simple" ns0:href="../597/7970597.xml">rivalri</link></competition></activity></psychological_feature></act></sport></event></diversion></group_action><link ns0:type="simple" ns0:href="../238/5885238.xml">footbal</link><team wordnetid="108208560" confidence="0.9508927676800064"><link ns0:type="simple" ns0:href="../093/9728093.xml">men basketbal</link></team><region wordnetid="108630985" confidence="0.8"><area wordnetid="108497294" confidence="0.8"><location wordnetid="100027167" confidence="0.8"><scene wordnetid="108645963" confidence="0.8"><venue wordnetid="108677628" confidence="0.8"><link ns0:type="simple" ns0:href="../959/8482959.xml">basebal</link></venue></scene></location></area></region><physical_entity wordnetid="100001930" confidence="0.8"><person wordnetid="100007846" confidence="0.8"><player wordnetid="110439851" confidence="0.8"><contestant wordnetid="109613191" confidence="0.8"><coach wordnetid="109931640" confidence="0.8"><intellectual wordnetid="109621545" confidence="0.8"><trainer wordnetid="110722575" confidence="0.8"><communicator wordnetid="109610660" confidence="0.8"><leader wordnetid="109623038" confidence="0.8"><alumnus wordnetid="109786338" confidence="0.8"><causal_agent wordnetid="100007347" confidence="0.8"><writer wordnetid="110794014" confidence="0.8"><scholar wordnetid="110557854" confidence="0.8"><link ns0:type="simple" ns0:href="../605/505605.xml">john wooden</link></scholar></writer></causal_agent></alumnus></leader></communicator></trainer></intellectual></coach></contestant></player></person></physical_entity><music wordnetid="107020895" confidence="0.8"><song wordnetid="107048000" confidence="0.8"><auditory_communication wordnetid="107109019" confidence="0.8"><musical_composition wordnetid="107037465" confidence="0.8"><link ns0:type="simple" ns0:href="../934/4451934.xml">hail hill westwood</link></musical_composition></auditory_communication></song></music><music wordnetid="107020895" confidence="0.8"><song wordnetid="107048000" confidence="0.8"><auditory_communication wordnetid="107109019" confidence="0.8"><musical_composition wordnetid="107037465" confidence="0.8"><link ns0:type="simple" ns0:href="../383/2659383.xml">son westwood</link></musical_composition></auditory_communication></song></music><music wordnetid="107020895" confidence="0.8"><song wordnetid="107048000" confidence="0.8"><auditory_communication wordnetid="107109019" confidence="0.8"><musical_composition wordnetid="107037465" confidence="0.8"><link ns0:type="simple" ns0:href="../530/2204530.xml">mighti bruin</link></musical_composition></auditory_communication></song></music></col></row><row style="height:2px" /><row><col style=";text-align:center;background:transparent;color:#AAAAAA;;" class="navbox-group">life</col><col style="text-align:left;border-left:2px solid #fdfdfd;width:100%;padding:0px;text-align:center;;;" class="navbox-list navbox-even"><link ns0:type="simple" ns0:href="../281/11286281.xml">hous</link><newspaper wordnetid="106267145" confidence="0.9508927676800064"><link ns0:type="simple" ns0:href="../894/2777894.xml">daili bruin</link></newspaper><region wordnetid="108630985" confidence="0.8"><vicinity wordnetid="108641113" confidence="0.8"><area wordnetid="108497294" confidence="0.8"><location wordnetid="100027167" confidence="0.8"><section wordnetid="108648322" confidence="0.8"><link ns0:type="simple" ns0:href="../370/8002370.xml">westwood villag</link></section></location></area></vicinity></region><link ns0:type="simple" ns0:href="../174/15549174.xml">danc marathon ucla</link><link ns0:type="simple" ns0:href="../759/8611759.xml">spring sing</link></col></row></table></col></row></table></p><p><table style=";" class="navbox" cellspacing="0"><row><col style="padding:2px;"><table style="width:100%;background:transparent;color:inherit;;" class="nowraplinks collapsible autocollapse " cellspacing="0"><row><header colspan="3" style=";background:Green;color:#F2d1d3;" class="navbox-title"><county wordnetid="108546183" confidence="0.9508927676800064"><link ns0:type="simple" ns0:href="../734/79734.xml">counti angel</link></county></header></row><row style="height:2px;" /><row><col style=";text-align:center;background:#AAAAAA;;" class="navbox-group"><link ns0:type="simple" ns0:href="../427/1007427.xml">board supervisor</link></col><col style="text-align:left;border-left:2px solid #fdfdfd;width:100%;padding:0px;text-align:center;;;" class="navbox-list navbox-odd"><politician wordnetid="110451263" confidence="0.9508927676800064"><link ns0:type="simple" ns0:href="../884/1007884.xml">gloria molina dist</link></politician><person wordnetid="100007846" confidence="0.9508927676800064"><link ns0:type="simple" ns0:href="../804/1259804.xml">yvonn brathwait burk dist</link></person><politician wordnetid="110451263" confidence="0.9508927676800064"><link ns0:type="simple" ns0:href="../173/3047173.xml">zev yaroslavski dist</link></politician><physical_entity wordnetid="100001930" confidence="0.8"><politician wordnetid="110451263" confidence="0.8"><person wordnetid="100007846" confidence="0.8"><leader wordnetid="109623038" confidence="0.8"><causal_agent wordnetid="100007347" confidence="0.8"><link ns0:type="simple" ns0:href="../087/5610087.xml">don knabe dist</link></causal_agent></leader></person></politician></physical_entity><politician wordnetid="110451263" confidence="0.9508927676800064"><link ns0:type="simple" ns0:href="../708/5609708.xml">michael antonovich dist</link></politician></col><col style="width:0%;padding:0px 0px 0px 2px;" rowspan="5"><image width="100px" src="California_County_of_Los_Angeles.png"><caption>basic map angel counti</caption></image></col></row><row style="height:2px" /><row><col style=";text-align:center;background:#AAAAAA;;" class="navbox-group">depart</col><col style="text-align:left;border-left:2px solid #fdfdfd;width:100%;padding:0px;text-align:center;;;" class="navbox-list navbox-even"><physical_entity wordnetid="100001930" confidence="0.8"><executive wordnetid="110069645" confidence="0.8"><person wordnetid="100007846" confidence="0.8"><leader wordnetid="109623038" confidence="0.8"><administrator wordnetid="109770949" confidence="0.8"><causal_agent wordnetid="100007347" confidence="0.8"><head wordnetid="110162991" confidence="0.8"><link ns0:type="simple" ns0:href="../757/14458757.xml">ceo</link></head></causal_agent></administrator></leader></person></executive></physical_entity><link ns0:type="simple" ns0:href="../091/3999091.xml">coron</link><link ns0:type="simple" ns0:href="../685/2209685.xml">district attorney</link><division wordnetid="108220714" confidence="0.8"><administrative_unit wordnetid="108077292" confidence="0.8"><government_department wordnetid="108119821" confidence="0.8"><department wordnetid="108114861" confidence="0.8"><fire_department wordnetid="108121117" confidence="0.8"><local_department wordnetid="108120384" confidence="0.8"><link ns0:type="simple" ns0:href="../063/2202063.xml">fire</link></local_department></fire_department></department></government_department></administrative_unit></division><system wordnetid="108435388" confidence="0.8"><group wordnetid="100031264" confidence="0.8"><network wordnetid="108434259" confidence="0.8"><link ns0:type="simple" ns0:href="../495/4339495.xml">health servic</link></network></group></system><division wordnetid="108220714" confidence="0.8"><administrative_unit wordnetid="108077292" confidence="0.8"><department wordnetid="108114861" confidence="0.8"><link ns0:type="simple" ns0:href="../290/10576290.xml">probat</link></department></administrative_unit></division><library wordnetid="103660909" confidence="0.9508927676800064"><link ns0:type="simple" ns0:href="../557/2101557.xml">public librari</link></library><division wordnetid="108220714" confidence="0.8"><administrative_unit wordnetid="108077292" confidence="0.8"><department wordnetid="108114861" confidence="0.8"><link ns0:type="simple" ns0:href="../592/5105592.xml">public safeti</link></department></administrative_unit></division><link ns0:type="simple" ns0:href="../492/2582492.xml">public work</link><law_enforcement_agency wordnetid="108348815" confidence="0.9508927676800064"><link ns0:type="simple" ns0:href="../083/359083.xml">sheriff</link></law_enforcement_agency></col></row><row style="height:2px" /><row><col style=";text-align:center;background:#AAAAAA;;" class="navbox-group" /><col style="text-align:left;border-left:2px solid #fdfdfd;width:100%;padding:0px;text-align:center;;;" class="navbox-list navbox-odd"><link>arboretum botan garden</link><artifact wordnetid="100021939" confidence="0.8"><facility wordnetid="103315023" confidence="0.8"><arboretum wordnetid="102733075" confidence="0.8"><link ns0:type="simple" ns0:href="../014/747014.xml">descanso garden</link></arboretum></facility></artifact><hospital wordnetid="103540595" confidence="0.9508927676800064"><link ns0:type="simple" ns0:href="../771/10588771.xml">harborucla medic center</link></hospital><site wordnetid="108651247" confidence="0.8"><region wordnetid="108630985" confidence="0.8"><position wordnetid="108621598" confidence="0.8"><point wordnetid="108620061" confidence="0.8"><landmark wordnetid="108624891" confidence="0.8"><location wordnetid="100027167" confidence="0.8"><tract wordnetid="108673395" confidence="0.8"><geographical_area wordnetid="108574314" confidence="0.8"><link ns0:type="simple" ns0:href="../509/298509.xml">brea tar pit</link></geographical_area></tract></location></landmark></point></position></region></site><hospital wordnetid="103540595" confidence="0.9508927676800064"><link ns0:type="simple" ns0:href="../390/1338390.xml">lacusc gener hospit</link></hospital><link>lac sheriff air rescu</link><public_transit wordnetid="104018951" confidence="0.9508927676800064"><link ns0:type="simple" ns0:href="../028/359028.xml">lacmta</link></public_transit><link>martin king jrharbor hospit</link><link>museum art</link><region wordnetid="108630985" confidence="0.8"><position wordnetid="108621598" confidence="0.8"><center wordnetid="108523483" confidence="0.8"><point wordnetid="108620061" confidence="0.8"><landmark wordnetid="108624891" confidence="0.8"><area wordnetid="108497294" confidence="0.8"><location wordnetid="100027167" confidence="0.8"><link ns0:type="simple" ns0:href="../584/481584.xml">music center</link></location></area></landmark></point></center></position></region><museum wordnetid="103800563" confidence="0.9508927676800064"><link ns0:type="simple" ns0:href="../864/2171864.xml">natur histori museum</link></museum><hospital wordnetid="103540595" confidence="0.9508927676800064"><link ns0:type="simple" ns0:href="../986/10588986.xml">oliv viewucla medic center</link></hospital><link ns0:type="simple" ns0:href="../206/3556206.xml">seal</link><artifact wordnetid="100021939" confidence="0.8"><facility wordnetid="103315023" confidence="0.8"><arboretum wordnetid="102733075" confidence="0.8"><link ns0:type="simple" ns0:href="../727/1672727.xml">south coast botan garden</link></arboretum></facility></artifact><link>sheriff dept offic kill duti</link><link ns0:type="simple" ns0:href="../729/2909729.xml">whittier narrow</link></col></row></table></col></row></table></p></sec></bdy></hospital></article>