<article xmlns:ns0="http://www.w3.org/1999/xlink"><entity confidence="0.9511911446218017" wordnetid="100001740"><case confidence="0.9508927676800064" wordnetid="107308889"><header><title>america product burton</title><id /><revision><id /><timestamp /><contributor><username /><id /></contributor></revision><categories><category>law</category><category>unit suprem court case</category><category>unit administr case law</category></categories></header><bdy><template><name>infobox case</name><parameters><ArgueYear /><JoinMajority>steven scalia kennedi souter thoma ginsburg</JoinMajority><NotParticipating>robert breyer</NotParticipating><DecideDate>decemb</DecideDate><LawsApplied><link ns0:type="simple" ns0:href="../324/2980324.xml">miner leas</link><link>feder oil royalti manag</link><link>feder oil royalti simplif fair</link></LawsApplied><Majority /><ArgueDate>octob</ArgueDate><DecideYear /><FullName>america product successor interest amoco product burton act assist secretari land miner manag depart interior</FullName><USVol /><Docket /><Litigants>america product burton</Litigants><Holding>unit court appeal district columbia circuit affirm</Holding><USPage /><SCOTUS /></parameters></template>america product burton<link ns0:type="simple" ns0:href="../772/404772.xml" /><link ns0:type="simple" ns0:href="../164/36164.xml" /><supreme_court wordnetid="108336188" confidence="0.9508927676800064"><link ns0:type="simple" ns0:href="../737/31737.xml">unit suprem court</link></supreme_court>case<link ns0:type="simple" ns0:href="../917/26917.xml">statut limit</link>govern action<link ns0:type="simple" ns0:href="../537/19280537.xml">contract</link>claim appli action feder administr agenc recov royalti feder<link ns0:type="simple" ns0:href="../195/23195.xml">oil</link><link ns0:type="simple" ns0:href="../131/22131.xml" />leas member court rule unanim appli opinion justic<person wordnetid="100007846" confidence="0.9508927676800064"><judge wordnetid="110225219" confidence="0.9508927676800064"><link ns0:type="simple" ns0:href="../173/1199173.xml">samuel</link></judge></person><sec><st>legal background</st><p><link ns0:type="simple" ns0:href="../324/2980324.xml">miner leas</link>mla author<agency wordnetid="108337324" confidence="0.9508927676800064"><link ns0:type="simple" ns0:href="../904/70904.xml">depart interior</link></agency>leas public land privat parti product oil congress enact<link>feder oil royalti manag</link>address inadequaci system account royalti oil produc leas site order secretari interior audit leas collect owe govern secretari turn assign duti depart interior<link ns0:type="simple" ns0:href="../010/1705010.xml">miner manag servic</link><ref ns0:type="simple" ns0:href="#xpointer(//reflist/entry[@id=%221%22])" /></p><p>conclud owe royalti greater paid issu order requir payment amount disput lawsuit court recov royalti owe cover gener sixyear statut limit govern contract action</p></sec><sec><st>fact</st><p>petition<company wordnetid="108058098" confidence="0.9508927676800064"><link ns0:type="simple" ns0:href="../720/18998720.xml">america product</link></company>hold leas land<region wordnetid="108630985" confidence="0.8"><administrative_district wordnetid="108491826" confidence="0.8"><location wordnetid="100027167" confidence="0.8"><district wordnetid="108552138" confidence="0.8"><country wordnetid="108544813" confidence="0.8"><link ns0:type="simple" ns0:href="../649/21649.xml">mexico</link></country></district></location></administrative_district></region><link ns0:type="simple" ns0:href="../131/8797131.xml">san juan basin</link>predecessor<company wordnetid="108058098" confidence="0.9508927676800064"><link ns0:type="simple" ns0:href="../418/59418.xml">amoco product</link></company>enter leas fifti year ago leas requir payment royalti year amoco calcul royalti percentag moment produc well letter direct royalti calcul base well treat meet qualiti requir introduct nation mainlin pipelin order payment addit royalti interest period januari decemb cover differ<ref ns0:type="simple" ns0:href="#xpointer(//reflist/entry[@id=%222%22])" /></p></sec><sec><st>procedur histori</st><p>amoco appeal order disput interpret royalti oblig argu payment order event bar sixyear statut limit assist secretari interior deni appeal rule statut limit inapplic</p><p>amoco sought review<social_group wordnetid="107950920" confidence="0.8"><assembly wordnetid="108163792" confidence="0.8"><gathering wordnetid="107975026" confidence="0.8"><court wordnetid="108329453" confidence="0.8"><group wordnetid="100031264" confidence="0.8"><link ns0:type="simple" ns0:href="../384/1786384.xml">unit district court district columbia</link></group></court></gathering></assembly></social_group>agre assist secretari statut limit appli<ref ns0:type="simple" ns0:href="#xpointer(//reflist/entry[@id=%223%22])" /><social_group wordnetid="107950920" confidence="0.8"><assembly wordnetid="108163792" confidence="0.8"><gathering wordnetid="107975026" confidence="0.8"><court wordnetid="108329453" confidence="0.8"><group wordnetid="100031264" confidence="0.8"><link ns0:type="simple" ns0:href="../245/575245.xml">circuit court appeal</link></group></court></gathering></assembly></social_group>affirm district court rule<ref ns0:type="simple" ns0:href="#xpointer(//reflist/entry[@id=%224%22])" />suprem court grant certiorari resolv circuit split circuit<social_group wordnetid="107950920" confidence="0.8"><assembly wordnetid="108163792" confidence="0.8"><gathering wordnetid="107975026" confidence="0.8"><court wordnetid="108329453" confidence="0.8"><group wordnetid="100031264" confidence="0.8"><link ns0:type="simple" ns0:href="../331/428331.xml">tenth circuit</link></group></court></gathering></assembly></social_group><ref ns0:type="simple" ns0:href="#xpointer(//reflist/entry[@id=%225%22])" /></p></sec><sec><st>decis</st><ss1><st>issu</st><p>sixyear<link ns0:type="simple" ns0:href="../917/26917.xml">statut limit</link>govern action monetari damag<document wordnetid="106470073" confidence="0.8"><legal_document wordnetid="106479665" confidence="0.8"><written_communication wordnetid="106349220" confidence="0.8"><writing wordnetid="106362953" confidence="0.8"><link ns0:type="simple" ns0:href="../416/2268416.xml">usc</link></writing></written_communication></legal_document></document><weblink ns0:type="simple" ns0:href="http://www.law.cornell.edu/uscode/28/2415.html" />govern issuanc administr payment order oppos govern file complaint court</p></ss1><ss1><st>parti argument</st><p>contend broader interpret statutori term action support refer action money damag found contract argu letter payment order constitut complaint</p><p>respond reli languag statut argu action meant action court administr proceed</p></ss1><ss1><st>opinion court</st><p>court unanim held statut limit appli administr action languag suggest<legislature wordnetid="108163273" confidence="0.9508927676800064"><link ns0:type="simple" ns0:href="../756/31756.xml">congress</link></legislature>intend term appli broadli administr proceed contrari distinguish judici administr proceed action commenc year final decis render applic administr proceed congress knew identifi administr proceed manifestli separ concept mind enact</p><p>justic situat subject tradit<link ns0:type="simple" ns0:href="../778/1947778.xml#xpointer(//*[./st=%22Canons+of+statutory+interpretation%22])">rule</link>quod<link ns0:type="simple" ns0:href="../141/18961141.xml">tempu regi</link>time king corollari rule sovereign elect subject statut limit sovereign benefit doubt scope statut ambigu</p></ss1></sec><sec><st /><p>chief justic robert justic breyer particip decis legal time robert rule case posit judg circuit breyer report financi disclosur form own amoco stock<ref ns0:type="simple" ns0:href="#xpointer(//reflist/entry[@id=%226%22])" /></p></sec><sec><st /><p><list><entry level="1" type="bullet"><link ns0:type="simple" ns0:href="../233/13921233.xml">list unit suprem court case volum</link></entry></list></p></sec><sec><st>extern link</st><p><list><entry level="1" type="bullet"><weblink ns0:type="simple" ns0:href="http://www.supremecourtus.gov/opinions/05pdf/05-669.pdf">america product burton</weblink>docket</entry><entry level="1" type="bullet"><weblink ns0:type="simple" ns0:href="http://www.law.cornell.edu/supct/html/05-669.ZS.html">full text</weblink>html link preced statut constitut</entry></list></p></sec><sec><st>note</st><p><reflist><entry id="1">name parti burton act assist secretari land miner manag</entry><entry id="2"><weblink ns0:type="simple" ns0:href="http://www.mms.gov/ooc/press/2006/press1207.htm">press releas</weblink><link ns0:type="simple" ns0:href="../144/8144.xml">decemb</link><link ns0:type="simple" ns0:href="../164/36164.xml" /></entry><entry id="3">amoco product supp</entry><entry id="4">amoco product watson</entry><entry id="5">usa</entry><entry id="6"><weblink ns0:type="simple" ns0:href="http://www.law.com/jsp/dc/PubArticleDC.jsp?id=1159952725304">report</weblink>legal time<link ns0:type="simple" ns0:href="../791/15791.xml">januari</link><link ns0:type="simple" ns0:href="../165/36165.xml" /></entry></reflist></p></sec></bdy></case></entity></article>