<article xmlns:ns0="http://www.w3.org/1999/xlink"><bite confidence="0.9511911446218017" wordnetid="107577374"><edible_nut confidence="0.9511911446218017" wordnetid="107737081"><header><title>almond</title><id /><revision><id /><timestamp /><contributor><username /><id /></contributor></revision><categories><category>edibl nut seed</category><category>articl lack reliabl refer juli</category><category>articl need copi edit</category><category>wikipedia articl need copi edit februari</category><category>articl expand februari</category><category>articl lack sourc</category><category>vegan snack</category><category>snack food</category><category>prunu</category><category>pollin manag</category><category>articl invalid paramet templat</category><category>wikipedia articl need clarif</category><category>articl expand</category></categories></header><bdy><p><table class="metadata plainlinks ambox "><row><col>amboxstyl style</col></row><row><col class="mbox-image"><p><image width="30px" src="Acap.svg" /></p></col><col style="" class="mbox-text">articl grammar style cohes tone spell assist<weblink ns0:type="simple" ns0:href="http://localhost:18088/wiki/index.php?title=Almond action=edit">edit</weblink>howto februari</col></row></table><link ns0:type="simple" ns0:href="../237/1018237.xml">almond disambigu</link></p><p><table style="text-align:center; padding:2.5px; width:200px;" class="infobox biota"><row style="text-align:center;"><header style="background:#90EE90;">almond</header></row><row style="text-align:center;"><col><image width="150px" src="Ametllesjuliol.jpg"><caption>almond tree ripen fruit<island wordnetid="109316454" confidence="0.9508927676800064"><link ns0:type="simple" ns0:href="../310/59310.xml">majorca</link></island><system wordnetid="108435388" confidence="0.8"><economy wordnetid="108366753" confidence="0.8"><group wordnetid="100031264" confidence="0.8"><link ns0:type="simple" ns0:href="../667/26667.xml">spain</link></group></economy></system></caption></image>almond tree ripen fruit<island wordnetid="109316454" confidence="0.9508927676800064"><link ns0:type="simple" ns0:href="../310/59310.xml">majorca</link></island><system wordnetid="108435388" confidence="0.8"><economy wordnetid="108366753" confidence="0.8"><group wordnetid="100031264" confidence="0.8"><link ns0:type="simple" ns0:href="../667/26667.xml">spain</link></group></economy></system></col></row><row style="background:#90EE90;" /><row style="text-align:center;"><header style="background:#90EE90;"><link ns0:type="simple" ns0:href="../581/53581.xml">scientif classif</link></header></row><row style="text-align:center;"><col><table style="margin:0 auto; text-align:left; background:transparent;" cellpadding="2"><row valign="top" /><row valign="top" /><row valign="top" /><row valign="top" /><row valign="top" /><row valign="top"><col>kingdom</col><col><link ns0:type="simple" ns0:href="../208/23208.xml">plant</link></col></row><row valign="top" /><row valign="top" /><row valign="top" /><row valign="top" /><row valign="top"><col>divis</col><col><link ns0:type="simple" ns0:href="../967/18967.xml">magnoliophyta</link></col></row><row valign="top" /><row valign="top" /><row valign="top" /><row valign="top" /><row valign="top" /><row valign="top" /><row valign="top" /><row valign="top" /><row valign="top" /><row valign="top"><col>class</col><col><link ns0:type="simple" ns0:href="../111/67111.xml">magnoliopsida</link></col></row><row valign="top" /><row valign="top" /><row valign="top" /><row valign="top" /><row valign="top" /><row valign="top"><col>order</col><col><link ns0:type="simple" ns0:href="../486/25486.xml">rosal</link></col></row><row valign="top" /><row valign="top" /><row valign="top" /><row valign="top" /><row valign="top" /><row valign="top" /><row valign="top" /><row valign="top" /><row valign="top"><col>famili</col><col><link ns0:type="simple" ns0:href="../665/25665.xml">rosacea</link></col></row><row valign="top"><col>subfamili</col><col><link ns0:type="simple" ns0:href="../083/54083.xml" /></col></row><row valign="top" /><row valign="top" /><row valign="top" /><row valign="top" /><row valign="top" /><row valign="top"><col>genu</col><col><link ns0:type="simple" ns0:href="../656/67656.xml">prunu</link></col></row><row valign="top" /><row valign="top"><col>subgenu</col><col>amygdalu</col></row><row valign="top" /><row valign="top" /><row valign="top" /><row valign="top" /><row valign="top" /><row valign="top" /><row valign="top"><col>speci</col><col>dulci</col></row><row valign="top" /></table></col></row><row style="background:#90EE90;" /><row style="background:#90EE90;"><header><link ns0:type="simple" ns0:href="../736/39736.xml">binomi</link></header></row><row style="text-align:center;"><col>prunu dulci<physical_entity wordnetid="100001930" confidence="0.8"><peer wordnetid="109626238" confidence="0.8"><expert wordnetid="109617867" confidence="0.8"><person wordnetid="100007846" confidence="0.8"><biologist wordnetid="109855630" confidence="0.8"><botanist wordnetid="109868270" confidence="0.8"><colleague wordnetid="109935990" confidence="0.8"><causal_agent wordnetid="100007347" confidence="0.8"><scientist wordnetid="110560637" confidence="0.8"><horticulturist wordnetid="110186350" confidence="0.8"><associate wordnetid="109816771" confidence="0.8"><link ns0:type="simple" ns0:href="../071/404071.xml">mill</link></associate></horticulturist></scientist></causal_agent></colleague></botanist></biologist></person></expert></peer></physical_entity></col></row><row style="background:#90EE90;" /><row style="background:#90EE90;" /><row style="background:#90EE90;" /><row style="text-align:center;" /><row style="text-align:center;" /><row style="text-align:center;" /><row style="text-align:center;" /><row style="text-align:center;" /><row style="text-align:center;" /><row style="text-align:center;" /><row style="text-align:center;" /><row style="text-align:center;" /><row style="text-align:center;" /><row style="background:#90EE90;" /></table></p><p><table style="margin: 0 0 0.5em 1em; border-collapse:collapse; border: 1px solid black; background: white; color: black;  float:right; clear:right; font-size: 90%;"><row><header align="center">almond nut raw nutrit</header></row><row style="background:#e0e0e0; color:black;"><col align="center">energi kcal</col></row><row><col><table style="margin:0.3em;" cellpadding="0px" cellspacing="0px"><row><header align="left"><link ns0:type="simple" ns0:href="../932/5932.xml">carbohydr</link></header><col /></row><row><col colspan="2">sugar</col></row><row><col colspan="2"><link ns0:type="simple" ns0:href="../554/66554.xml">dietari fibr</link></col></row><row><header align="left"><link ns0:type="simple" ns0:href="../042/11042.xml">fat</link></header><col /></row><row><col colspan="2"><link ns0:type="simple" ns0:href="../746/264746.xml">satur</link></col></row><row><col colspan="2"><link ns0:type="simple" ns0:href="../404/1051404.xml">monounsatur</link></col></row><row><col colspan="2"><link ns0:type="simple" ns0:href="../513/1610513.xml">polyunsatur</link></col></row><row><header align="left"><link ns0:type="simple" ns0:href="../634/23634.xml#xpointer(//*[./st=%22Nutrition%22])">protein</link></header><col /></row><row><col><link ns0:type="simple" ns0:href="../500/30500.xml">thiamin vit</link></col><col /></row><row><col><link ns0:type="simple" ns0:href="../229/26229.xml">riboflavin vit</link></col><col /></row><row><col><link ns0:type="simple" ns0:href="../996/37996.xml">niacin vit</link></col><col /></row><row><col><link ns0:type="simple" ns0:href="../099/54099.xml">pantothen acid</link></col><col /></row><row><col><link ns0:type="simple" ns0:href="../110/54110.xml">vitamin</link></col><col /></row><row><col><link ns0:type="simple" ns0:href="../117/54117.xml">folat</link>vit</col><col /></row><row><col><link ns0:type="simple" ns0:href="../509/32509.xml">vitamin</link></col><col /></row><row><col><link ns0:type="simple" ns0:href="../668/5668.xml#xpointer(//*[./st=%22Nutrition%22])">calcium</link></col><col /></row><row><col><link ns0:type="simple" ns0:href="../734/14734.xml#xpointer(//*[./st=%22Nutrition+and+dietary+sources%22])">iron</link></col><col /></row><row><col><link ns0:type="simple" ns0:href="../938/378938.xml">magnesium</link></col><col /></row><row><col><link ns0:type="simple" ns0:href="../318/23318.xml#xpointer(//*[./st=%22Biological+role%22])">phosphoru</link></col><col /></row><row><col><link ns0:type="simple" ns0:href="../055/23055.xml#xpointer(//*[./st=%22Potassium_in_nutrition_and_medicine%22])">potassium</link></col><col /></row><row><col><link ns0:type="simple" ns0:href="../420/34420.xml">zinc</link></col><col /></row></table></col></row><row style="background:#e0e0e0; color:black;"><col style="font-size:90%; text-align:center; padding:4pt; line-height:1.25em;">percentag rel<link ns0:type="simple" ns0:href="../488/267488.xml">recommend</link>adult sourc<weblink ns0:type="simple" ns0:href="http://www.nal.usda.gov/fnic/foodcomp/search/">usda nutrient databas</weblink></col></row></table></p><p>almond prunu dulci<link ns0:type="simple" ns0:href="../296/8166296.xml#xpointer(//*[./st=%22Botany%22])">syn</link>prunu amygdalu amygdalu communi amygdalu dulci mill speci<link ns0:type="simple" ns0:href="../656/67656.xml">prunu</link>belong subfamili<link ns0:type="simple" ns0:href="../083/54083.xml" />famili<link ns0:type="simple" ns0:href="../665/25665.xml">rosacea</link>prunu classifi subgenu amygdalu distinguish seed shell almond<link ns0:type="simple" ns0:href="../694/37694.xml">seed</link>tree botan almond seed fruit true<fruit wordnetid="113134947" confidence="0.8"><natural_object wordnetid="100019128" confidence="0.8"><reproductive_structure wordnetid="111675842" confidence="0.8"><seed wordnetid="113135832" confidence="0.8"><plant_organ wordnetid="113087625" confidence="0.8"><plant_part wordnetid="113086908" confidence="0.8"><substance wordnetid="100020090" confidence="0.8"><bite wordnetid="107577374" confidence="0.8"><edible_nut wordnetid="107737081" confidence="0.8"><food wordnetid="100021265" confidence="0.8"><nut wordnetid="113136556" confidence="0.8"><nutriment wordnetid="107570720" confidence="0.8"><meal wordnetid="107573696" confidence="0.8"><link ns0:type="simple" ns0:href="../647/251647.xml">nut</link></meal></nutriment></nut></food></edible_nut></bite></substance></plant_part></plant_organ></seed></reproductive_structure></natural_object></fruit><link ns0:type="simple" ns0:href="../425/57425.xml">drupe</link><ref ns0:type="simple" ns0:href="#xpointer(//reflist/entry[@id=%221%22])" /></p><sec><st>descript</st><p>almond nativ<country wordnetid="108544813" confidence="0.9508927676800064"><link ns0:type="simple" ns0:href="../653/14653.xml">iran</link></country>northwestern<country wordnetid="108544813" confidence="0.9508927676800064"><link ns0:type="simple" ns0:href="../303/349303.xml">saudi arabia</link></country>north western<country wordnetid="108544813" confidence="0.9508927676800064"><link ns0:type="simple" ns0:href="../964/7515964.xml">jordan</link></country><country wordnetid="108544813" confidence="0.9508927676800064"><link ns0:type="simple" ns0:href="../173/9282173.xml">israel</link></country><country wordnetid="108544813" confidence="0.9508927676800064"><link ns0:type="simple" ns0:href="../771/17771.xml">lebanon</link></country>western<country wordnetid="108544813" confidence="0.9508927676800064"><link ns0:type="simple" ns0:href="../849/7515849.xml">syria</link></country>southern<link ns0:type="simple" ns0:href="../639/11125639.xml">turkey</link><ref ns0:type="simple" ns0:href="#xpointer(//reflist/entry[@id=%222%22])" />small<link ns0:type="simple" ns0:href="../722/66722.xml">decidu</link><link ns0:type="simple" ns0:href="../875/18955875.xml">tree</link>grow meter height trunk centimet diamet young shoot green expos sunlight grey second year<link ns0:type="simple" ns0:href="../622/18973622.xml">leav</link>long broad serrat margin<link ns0:type="simple" ns0:href="../648/8202648.xml" /><link ns0:type="simple" ns0:href="../465/4576465.xml">flower</link>white pale pink diamet petal produc singli pair leav earli spring<ref ns0:type="simple" ns0:href="#xpointer(//reflist/entry[@id=%223%22])" /><ref ns0:type="simple" ns0:href="#xpointer(//reflist/entry[@id=%224%22])" /></p><p><link ns0:type="simple" ns0:href="../843/10843.xml">fruit</link><link ns0:type="simple" ns0:href="../425/57425.xml">drupe</link>long downi outer coat outer cover<link />fleshi member prunu<link ns0:type="simple" ns0:href="../884/56884.xml">plum</link><link ns0:type="simple" ns0:href="../773/54773.xml">cherri</link>coat call hull insid hard shell edibl seed commonli call<link ns0:type="simple" ns0:href="../647/251647.xml">nut</link>culinari term gener seed occasion botan term almond<link ns0:type="simple" ns0:href="../647/251647.xml">true nut</link>hard woodi shell peach pit surround edibl seed call<link />fruit matur autumn month flower<ref ns0:type="simple" ns0:href="#xpointer(//reflist/entry[@id=%223%22])" /><ref ns0:type="simple" ns0:href="#xpointer(//reflist/entry[@id=%224%22])" /></p></sec><sec><st>origin histori</st><p>wild form domest almond grow part<link ns0:type="simple" ns0:href="../138/18138.xml">levant</link>almond cultiv region fruit wild form<link ns0:type="simple" ns0:href="../902/518902.xml">glycosid</link><link ns0:type="simple" ns0:href="../252/3252.xml">amygdalin</link>transform deadli acid<link ns0:type="simple" ns0:href="../078/42078.xml">hydrogen cyanid</link>crush chew injuri seed<ref ns0:type="simple" ns0:href="#xpointer(//reflist/entry[@id=%225%22])" />cultiv domest occur wild almond harvest food process<link ns0:type="simple" ns0:href="../881/410881.xml">leach</link>roast remov toxic</p><p><image location="left" width="150px" src="Unripe_almond_on_tree.jpg" type="thumb"><caption>unrip almond tree</caption></image>domest almond toxic<person wordnetid="100007846" confidence="0.9508927676800064"><writer wordnetid="110794014" confidence="0.9173553029164789"><link ns0:type="simple" ns0:href="../082/106082.xml">jare diamond</link></writer></person>argu common genet mutat absenc glycosid amygdalin mutant grown earli farmer unintent garbag heap intent orchard<ref ns0:type="simple" ns0:href="#xpointer(//reflist/entry[@id=%226%22])" />zohari hopf almond earliest domest abil grower rais attract almond seed spite fact plant lend propag sucker cut domest introduct<link ns0:type="simple" ns0:href="../493/14080493.xml">graft</link><ref ns0:type="simple" ns0:href="#xpointer(//reflist/entry[@id=%225%22])" />domest almond appear<link ns0:type="simple" ns0:href="../620/4620.xml">earli bronz age</link>east earlier wellknown archaeolog exampl almond fruit<link ns0:type="simple" ns0:href="../437/30437.xml" />tomb egypt import levant<ref ns0:type="simple" ns0:href="#xpointer(//reflist/entry[@id=%225%22])" />domest form north<system wordnetid="108435388" confidence="0.8"><economy wordnetid="108366753" confidence="0.8"><group wordnetid="100031264" confidence="0.8"><link ns0:type="simple" ns0:href="../531/14531.xml">iceland</link></group></economy></system><ref ns0:type="simple" ns0:href="#xpointer(//reflist/entry[@id=%227%22])" />offici distribut plant<link ns0:type="simple" ns0:href="../239/9239.xml">europ</link>northerli countri<country wordnetid="108544813" confidence="0.9508927676800064"><link ns0:type="simple" ns0:href="../867/11867.xml">germani</link></country><ref ns0:type="simple" ns0:href="#xpointer(//reflist/entry[@id=%228%22])" /></p><p>almond call<link ns0:type="simple" ns0:href="../803/803.xml">arab</link><language wordnetid="106282651" confidence="0.9508927676800064"><link ns0:type="simple" ns0:href="../117/15295117.xml">hindi</link></language><language wordnetid="106282651" confidence="0.9508927676800064"><link ns0:type="simple" ns0:href="../117/143117.xml">gujarati</link></language><language wordnetid="106282651" confidence="0.9508927676800064"><link ns0:type="simple" ns0:href="../992/29992.xml">turkish</link></language><language wordnetid="106282651" confidence="0.9508927676800064"><link ns0:type="simple" ns0:href="../231/32231.xml">urdu</link></language><language wordnetid="106282651" confidence="0.9508927676800064"><link ns0:type="simple" ns0:href="../600/11600.xml">persian</link></language></p></sec><sec><st>product</st><p><image location="right" width="150px" src="AlmondShakerbeforeafter.jpg" type="thumb"><caption>almond shaker harvest tree</caption></image>global product almond tonn low tonn peak tonn<link ns0:type="simple" ns0:href="../107/11107.xml">food agricultur organ</link>fao figur<ref ns0:type="simple" ns0:href="#xpointer(//reflist/entry[@id=%229%22])" />fao product almond tonn major produc usa spain syria itali iran morocco algeria tunisia greec account turkey lebanon china account<ref ns0:type="simple" ns0:href="#xpointer(//reflist/entry[@id=%2210%22])" /><link ns0:type="simple" ns0:href="../639/11125639.xml">turkey</link>product<link ns0:type="simple" ns0:href="../929/4170929.xml" />peninsula spain numer commerci cultivar sweet almond produc notabl jordan almond import<link>mlaga</link><link ns0:type="simple" ns0:href="../861/63861.xml">valencia</link>almond unit product concentr<country wordnetid="108544813" confidence="0.9508927676800064"><link ns0:type="simple" ns0:href="../407/5407.xml">california</link></country>almond california sixth lead agricultur product top agricultur export california export almond valu billion dollar total california almond crop<image location="center" width="500px" src="2005almond.PNG" type="thumb"><caption>almond output</caption></image></p></sec><sec><st>diseas</st><p><indent level="1">main articl<link ns0:type="simple" ns0:href="../992/9012992.xml">list almond diseas</link></indent><table class="metadata plainlinks ambox "><row><col>amboxnotic style</col></row><row><col class="mbox-image"><p><image width="44px" src="Wiki_letter_w.svg" /></p></col><col style="" class="mbox-text">help<weblink ns0:type="simple" ns0:href="http://localhost:18088/wiki/index.php?title=Almond action=edit">improv</weblink>expand februari</col></row></table></p></sec><sec><st>pollin</st><p><image location="right" width="150px" src="AlmondFarm.jpg" type="thumb"><caption>almond orchard central california</caption></image><link ns0:type="simple" ns0:href="../609/233609.xml">pollin</link>california almond largest annual<link ns0:type="simple" ns0:href="../663/325663.xml">manag pollin</link>event close hive half<link ns0:type="simple" ns0:href="../508/223508.xml">beehiv</link>usa truck februari almond grove pollin manag pollin broker contract migratori<link ns0:type="simple" ns0:href="../412/318412.xml">beekeep</link>event pollin demand high<country wordnetid="108544813" confidence="0.9508927676800064"><link ns0:type="simple" ns0:href="../407/5407.xml">california</link></country><region wordnetid="108630985" confidence="0.8"><region wordnetid="108630039" confidence="0.8"><grassland wordnetid="108598301" confidence="0.8"><administrative_district wordnetid="108491826" confidence="0.8"><location wordnetid="100027167" confidence="0.8"><biome wordnetid="107941945" confidence="0.8"><tract wordnetid="108673395" confidence="0.8"><state wordnetid="108654360" confidence="0.8"><community wordnetid="107941729" confidence="0.8"><geographical_area wordnetid="108574314" confidence="0.8"><group wordnetid="100031264" confidence="0.8"><district wordnetid="108552138" confidence="0.8"><link ns0:type="simple" ns0:href="../140/82140.xml">central valley</link></district></group></geographical_area></community></state></tract></biome></location></administrative_district></grassland></region></region>bee import<country wordnetid="108544813" confidence="0.9508927676800064"><link ns0:type="simple" ns0:href="../264/4689264.xml">australia</link></country>februari almond bloom<ref ns0:type="simple" ns0:href="#xpointer(//reflist/entry[@id=%2211%22])" /></p></sec><sec><st>sweet bitter almond</st><p><table class="metadata plainlinks ambox "><row><col>amboxcont style</col></row><row><col class="mbox-image"><p><image width="50px" src="Question_book-new.svg" /></p></col><col style="" class="mbox-text">appear reliabl thirdparti public sourc affili subject articl gener suffici wikipedia articl includ appropri discuss issu talk juli</col></row></table><image location="right" width="150px" src="Almond_blossom02_aug_2007.jpg" type="thumb"><caption>flower almond tree</caption></image>form plant white flower produc<link ns0:type="simple" ns0:href="../797/1781797.xml">sweet</link>almond pink flower produc<link>bitter</link>almond kernel fix oil emuls late earli centuri oil intern medicin stipul adulter bitter almond remain fairli popular<link ns0:type="simple" ns0:href="../845/1845.xml">altern medicin</link><link ns0:type="simple" ns0:href="../467/896467.xml">carrier oil</link><link ns0:type="simple" ns0:href="../ury/26th_century.xml">aromatherapi</link>fallen prescript doctor</p><p>bitter almond broader shorter sweet almond fix oil occur sweet almond enzym<link />presenc water act<link ns0:type="simple" ns0:href="../497/59497.xml">solubl</link><link ns0:type="simple" ns0:href="../043/435043.xml" /><link ns0:type="simple" ns0:href="../252/3252.xml">amygdalin</link>yield<link ns0:type="simple" ns0:href="../950/12950.xml">glucos</link><link ns0:type="simple" ns0:href="../910/5910.xml">cyanid</link><link ns0:type="simple" ns0:href="../028/281028.xml">essenti oil</link>bitter almond pure<link ns0:type="simple" ns0:href="../866/19217866.xml" />bitter almond yield<link ns0:type="simple" ns0:href="../078/42078.xml">hydrogen cyanid</link>almond<ref ns0:type="simple" ns0:href="#xpointer(//reflist/entry[@id=%2212%22])" /><ref ns0:type="simple" ns0:href="#xpointer(//reflist/entry[@id=%2213%22])" />extract bitter almond medicin small dose effect sever larger dose deadli cyanid remov consumpt<ref ns0:type="simple" ns0:href="#xpointer(//reflist/entry[@id=%2214%22])" /></p></sec><sec><st>culinari</st><p><image location="right" width="150px" src="Mandel_Gr_99.jpg" type="thumb"><caption>shell left almond</caption></image>almond eaten raw toast dish nut sprinkl dessert ice cream base dish make<link ns0:type="simple" ns0:href="../192/18707192.xml">baklava</link><link ns0:type="simple" ns0:href="../611/344611.xml">nougat</link><link ns0:type="simple" ns0:href="../308/5084308.xml">almond butter</link>spread<link ns0:type="simple" ns0:href="../786/289786.xml">peanut butter</link>popular peanut<link ns0:type="simple" ns0:href="../313/55313.xml">allergi</link>suffer salti tast young develop fruit almond tree eaten green almond green fleshi inner shell harden fruit sour mid april mid june pickl brine extend fruit shelf life popular snack part middl east eaten dip salt balanc sour tast</p><p>sweet almond practic<link ns0:type="simple" ns0:href="../932/5932.xml">carbohydr</link>flour cake cooki low carbohydr diet patient suffer<link ns0:type="simple" ns0:href="../677/44677.xml">diabet mellitu</link>form<link ns0:type="simple" ns0:href="../564/1699564.xml" />almond flour<link ns0:type="simple" ns0:href="../152/13152.xml">gluten</link>free popular ingredi cookeri place wheat flour peopl peopl<link ns0:type="simple" ns0:href="../989/6945989.xml">wheat allergi</link><link ns0:type="simple" ns0:href="../526/63526.xml">coeliac diseas</link></p><p>standard serv almond flour cup gram carbohydr<link ns0:type="simple" ns0:href="../554/66554.xml">dietari fibr</link>net carbohydr cup almond flour desir cake bread recip peopl diet</p><p><country wordnetid="108544813" confidence="0.9508927676800064"><link ns0:type="simple" ns0:href="../108/12108.xml">greec</link></country>ground<link ns0:type="simple" ns0:href="../668/436668.xml">blanch</link>almond base materi great varieti dessert call white colour tradit consid wed sweet serv wed banquet</p><p><image location="right" width="150px" src="Smoked_almonds.JPG" type="thumb"><caption>smoke salt almond</caption></image>almond process<link ns0:type="simple" ns0:href="../115/2753115.xml">milk substitut</link>simpli call<link ns0:type="simple" ns0:href="../372/692372.xml">almond milk</link>nut soft textur mild flavour light colour skin effici analog dairi choic<link ns0:type="simple" ns0:href="../873/56873.xml">lactos intoler</link>peopl<link ns0:type="simple" ns0:href="../587/32587.xml">vegan</link>raw blanch lightli toast almond work well product techniqu<link ns0:type="simple" ns0:href="../943/474943.xml">soymilk</link>heat raw milk<link ns0:type="simple" ns0:href="../274/641274.xml">raw foodism</link></p><p>sweet almond<link ns0:type="simple" ns0:href="../514/454514.xml">marzipan</link><link ns0:type="simple" ns0:href="../611/344611.xml">nougat</link><link ns0:type="simple" ns0:href="../367/595367.xml">french</link><link ns0:type="simple" ns0:href="../447/2719447.xml">financi</link>well dessert almond rich sourc<link ns0:type="simple" ns0:href="../104/54104.xml">vitamin</link><ref ns0:type="simple" ns0:href="#xpointer(//reflist/entry[@id=%2215%22])" />rich<link ns0:type="simple" ns0:href="../404/1051404.xml">monounsatur fat</link>good fat respons lower<link ns0:type="simple" ns0:href="../521/51521.xml">ldl cholesterol</link></p><p>varieti almond shorter rounder sweeter delic textur varieti origin spain popular north america part<ref ns0:type="simple" ns0:href="#xpointer(//reflist/entry[@id=%2216%22])" />almond tradit serv lightli fri oil spanish chef prepar dessert call<link /></p><p><link ns0:type="simple" ns0:href="../862/5042862.xml">china</link>almond popular dessert mix milk serv hot<link ns0:type="simple" ns0:href="../809/227809.xml">indian cuisin</link>almond base ingredi<link ns0:type="simple" ns0:href="../861/2407861.xml">pasanda</link>style<link ns0:type="simple" ns0:href="../597/6597.xml">curri</link>halva tasti sweet almond color flake lot sweet india visibl stick outer surfac</p><ss1><st>almond oil</st><p>oleum amygdala fix oil prepar varieti almond slight odour nutti tast insolubl<link ns0:type="simple" ns0:href="../de)/10048_(Z$I$P$_code).xml">alcohol</link>solubl<link ns0:type="simple" ns0:href="../933/82933.xml">chloroform</link><link ns0:type="simple" ns0:href="../457/765457.xml">ether</link>substitut<link ns0:type="simple" ns0:href="../478/22478.xml">oliv oil</link></p><p>sweet almond oil dri<link ns0:type="simple" ns0:href="../694/37694.xml">kernel</link>plant oil tradit<link ns0:type="simple" ns0:href="../945/43945.xml">massag therapist</link>lubric skin massag session consid effect<link ns0:type="simple" ns0:href="../678/188678.xml">emolli</link></p><p>prunu amygdalu dulci sweet almond oil</p><p>press edibl nut kernel sweet almond oil excel oil centuri mild lightweight oil rich unsatur fat essenti fatti acid easili absorb skin natur skin care product high omega</p></ss1><ss1><st>almond syrup</st><p>histor almond syrup<link ns0:type="simple" ns0:href="../290/10290.xml">emuls</link>sweet bitter almond<link>barley syrup</link><link ns0:type="simple" ns0:href="../851/433851.xml">syrup</link>syrup water<link ns0:type="simple" ns0:href="../712/27712.xml">sugar</link></p><p><work wordnetid="104599396" confidence="0.8"><product wordnetid="104007894" confidence="0.8"><creation wordnetid="103129123" confidence="0.8"><artifact wordnetid="100021939" confidence="0.8"><book wordnetid="106410904" confidence="0.8"><publication wordnetid="106589574" confidence="0.8"><link ns0:type="simple" ns0:href="../401/3193401.xml">grocer encyclopedia</link></publication></book></artifact></creation></product></work>note ten part sweet almond gener employ three part bitter almond<link ns0:type="simple" ns0:href="../910/5910.xml">cyanid</link>bitter almond modern syrup gener consist sweet almond</p></ss1></sec><sec><st>health benefit</st><p>claim health benefit includ improv<link ns0:type="simple" ns0:href="../455/2193455.xml" />improv movement food<anatomy wordnetid="106057539" confidence="0.9508927676800064"><link ns0:type="simple" ns0:href="../365/59365.xml">colon</link></anatomy>fece prevent<link ns0:type="simple" ns0:href="../219/105219.xml">cancer</link><ref ns0:type="simple" ns0:href="#xpointer(//reflist/entry[@id=%2217%22])" />associ inclus almond diet elev blood level<link ns0:type="simple" ns0:href="../885/13885.xml">high densiti lipoprotein</link>lower level<link ns0:type="simple" ns0:href="../521/51521.xml">low densiti lipoprotein</link><ref ns0:type="simple" ns0:href="#xpointer(//reflist/entry[@id=%2218%22])" /><ref ns0:type="simple" ns0:href="#xpointer(//reflist/entry[@id=%2219%22])" /></p><p>control trial almond daili diet reduc ldl cholesterol reduc ldlhdl ratio increas good cholesterol<ref ns0:type="simple" ns0:href="#xpointer(//reflist/entry[@id=%2220%22])" /></p><p><system wordnetid="104377057" confidence="0.8"><idea wordnetid="105833840" confidence="0.8"><concept wordnetid="105835747" confidence="0.8"><artifact wordnetid="100021939" confidence="0.8"><instrumentality wordnetid="103575240" confidence="0.8"><link ns0:type="simple" ns0:href="../674/236674.xml">ayurveda</link></instrumentality></artifact></concept></idea></system>ancient system health care nativ<link ns0:type="simple" ns0:href="../694/19630694.xml">indian subcontin</link>almond consid nutrit brain nervou system induc high intellectu level longev almond oil call ayurveda unani tibb system medicin extract cold process consid nutrit aphrodisiac massag intern consumpt studi constitu almond antiinflammatori immun boost effect<ref ns0:type="simple" ns0:href="#xpointer(//reflist/entry[@id=%2221%22])" /></p><p>case<link ns0:type="simple" ns0:href="../114/42114.xml">salmonella</link>trace almond almond board california propos rule pasteur almond public<link ns0:type="simple" ns0:href="../896/70896.xml">usda</link>approv<ref ns0:type="simple" ns0:href="#xpointer(//reflist/entry[@id=%2222%22])" />septemb raw almond technic unit controversi almond label raw requir steam pasteuris chemic treat<link ns0:type="simple" ns0:href="../925/600925.xml">propylen oxid</link>appli import almond<ref ns0:type="simple" ns0:href="#xpointer(//reflist/entry[@id=%2223%22])" /></p></sec><sec><st>cultur aspect</st><p><image location="right" width="150px" src="Almond_blossom_aug_2007.jpg" type="thumb"><caption>almond flower</caption></image><image location="right" width="150px" src="Urueña_almendro1_lou.jpg" type="thumb"><caption>almond tree<system wordnetid="108435388" confidence="0.8"><economy wordnetid="108366753" confidence="0.8"><group wordnetid="100031264" confidence="0.8"><link ns0:type="simple" ns0:href="../667/26667.xml">spain</link></group></economy></system></caption></image>almond highli rever cultur</p><p>tree grow<country wordnetid="108544813" confidence="0.9508927676800064"><link ns0:type="simple" ns0:href="../849/7515849.xml">syria</link></country><country wordnetid="108544813" confidence="0.9508927676800064"><link ns0:type="simple" ns0:href="../173/9282173.xml">israel</link></country><link ns0:type="simple" ns0:href="../665/96665.xml">palestinian territori</link>mention numer time bibl hebrew shake industri vigil appropri almond tree flower israel earli februari coincid jewish arbor day</p><p>ancient israel almond symbol watch promis earli flower symbol god sudden rapid punish peopl<physical_entity wordnetid="100001930" confidence="0.8"><person wordnetid="100007846" confidence="0.8"><good_person wordnetid="110138767" confidence="0.8"><causal_agent wordnetid="100007347" confidence="0.8"><saint wordnetid="110546850" confidence="0.8"><link ns0:type="simple" ns0:href="../143/75143.xml">jeremiah</link></saint></causal_agent></good_person></person></physical_entity>instanc<link ns0:type="simple" ns0:href="../390/3390.xml">bibl</link>almond mention ten time<work wordnetid="104599396" confidence="0.8"><product wordnetid="104007894" confidence="0.8"><creation wordnetid="103129123" confidence="0.8"><artifact wordnetid="100021939" confidence="0.8"><book wordnetid="106410904" confidence="0.8"><publication wordnetid="106589574" confidence="0.8"><link ns0:type="simple" ns0:href="../667/12667.xml">book genesi</link></publication></book></artifact></creation></product></work>describ best fruit<work wordnetid="104599396" confidence="0.8"><product wordnetid="104007894" confidence="0.8"><creation wordnetid="103129123" confidence="0.8"><artifact wordnetid="100021939" confidence="0.8"><book wordnetid="106410904" confidence="0.8"><publication wordnetid="106589574" confidence="0.8"><link ns0:type="simple" ns0:href="../376/4376.xml">number</link></publication></book></artifact></creation></product></work><information wordnetid="105816287" confidence="0.8"><inflammation wordnetid="114336539" confidence="0.8"><laminitis wordnetid="114348895" confidence="0.8"><evidence wordnetid="105823932" confidence="0.8"><symptom wordnetid="114299637" confidence="0.8"><link ns0:type="simple" ns0:href="../921/246921.xml">levi</link></symptom></evidence></laminitis></inflammation></information>chosen tribe israel<event wordnetid="100029378" confidence="0.8"><psychological_feature wordnetid="100023100" confidence="0.8"><link ns0:type="simple" ns0:href="../940/49940.xml">aaron rod</link></psychological_feature></event>brought almond flower tradit rod aaron bore sweet almond side bitter israelit lord sweet almond ripe edibl forsak path lord bitter almond predomin almond blossom suppli model<symbol wordnetid="106806469" confidence="0.8"><signal wordnetid="106791372" confidence="0.8"><link ns0:type="simple" ns0:href="../735/20735.xml">menorah</link></signal></symbol>stood<link ns0:type="simple" ns0:href="../526/30526.xml">holi templ</link>three cup shape almond blossom branch knob flower three cup shape almond blossom candlestick cup shape almond blossom knob flower<link ns0:type="simple" ns0:href="../662/9662.xml">exodu</link>christian symbol almond branch symbol<link ns0:type="simple" ns0:href="../054/146054.xml">virgin birth jesu</link>paint includ almond encircl<link ns0:type="simple" ns0:href="../327/1357327.xml">babi jesu</link>symbol<link ns0:type="simple" ns0:href="../513/73513.xml">mari</link></p><p>word<site wordnetid="108651247" confidence="0.8"><region wordnetid="108630985" confidence="0.8"><location wordnetid="100027167" confidence="0.8"><tract wordnetid="108673395" confidence="0.8"><geographical_area wordnetid="108574314" confidence="0.8"><link ns0:type="simple" ns0:href="../636/623636.xml">luz</link></geographical_area></tract></location></region></site>appear<work wordnetid="104599396" confidence="0.8"><product wordnetid="104007894" confidence="0.8"><creation wordnetid="103129123" confidence="0.8"><artifact wordnetid="100021939" confidence="0.8"><book wordnetid="106410904" confidence="0.8"><publication wordnetid="106589574" confidence="0.8"><link ns0:type="simple" ns0:href="../667/12667.xml">genesi</link></publication></book></artifact></creation></product></work>translat<link ns0:type="simple" ns0:href="../686/396686.xml">hazel</link>almond luz arab almond india consumpt almond believ good brain<link ns0:type="simple" ns0:href="../862/5042862.xml">chines</link>consid symbol endur sad femal beauti</p></sec><sec><st>etymolog</st><p>word almond french late latin deriv form greek<link ns0:type="simple" ns0:href="../000/146000.xml">amygdala</link>almond confus arab articl word drop italian form british pronunci modern catalan modern french form word closer origin</p><p>adject liter almond thing roughli shape<link ns0:type="simple" ns0:href="../048/70048.xml">rectangl</link><link ns0:type="simple" ns0:href="../277/9277.xml">ellips</link></p></sec><sec><st /><p><list><entry level="1" type="bullet"><equivalent wordnetid="105695554" confidence="0.8"><substitute wordnetid="105696425" confidence="0.8"><link ns0:type="simple" ns0:href="../372/692372.xml">almond milk</link></substitute></equivalent>milki drink ground almond soy milk</entry><entry level="1" type="bullet"><link ns0:type="simple" ns0:href="../613/10266613.xml">almond biscuit</link></entry><entry level="1" type="bullet"><name wordnetid="106333653" confidence="0.8"><trade_name wordnetid="106845599" confidence="0.8"><part wordnetid="113809207" confidence="0.8"><language_unit wordnetid="106284225" confidence="0.8"><link ns0:type="simple" ns0:href="../016/1499016.xml">almond joy</link></language_unit></part></trade_name></name><link ns0:type="simple" ns0:href="../710/100710.xml">candi bar</link></entry><entry level="1" type="bullet"><technique wordnetid="105665146" confidence="0.8"><know-how wordnetid="105616786" confidence="0.8"><method wordnetid="105660268" confidence="0.8"><link ns0:type="simple" ns0:href="../668/436668.xml">blanch</link></method></know-how></technique></entry><entry level="1" type="bullet"><link>fruit tree</link></entry><entry level="1" type="bullet"><link ns0:type="simple" ns0:href="../928/78928.xml">fruit tree form</link></entry><entry level="1" type="bullet"><link ns0:type="simple" ns0:href="../175/78175.xml">fruit tree propag</link></entry><entry level="1" type="bullet"><link ns0:type="simple" ns0:href="../614/1654614.xml">list edibl seed</link></entry><entry level="1" type="bullet"><link ns0:type="simple" ns0:href="../514/454514.xml">marzipan</link></entry><entry level="1" type="bullet"><link ns0:type="simple" ns0:href="../611/344611.xml">nougat</link></entry><entry level="1" type="bullet"><link ns0:type="simple" ns0:href="../888/79888.xml">prune fruit tree</link></entry><entry level="1" type="bullet"><link />spanish dessert almond</entry></list></p></sec><sec><st>refer</st><p><reflist><entry id="1">katzer gernot<weblink ns0:type="simple" ns0:href="http://www.uni-graz.at/~katzer/engl/Prun_dul.html">almond prunu dulci</weblink>retriev<link /></entry><entry id="2"><weblink ns0:type="simple" ns0:href="http://www.ars-grin.gov/cgi-bin/npgs/html/taxon.pl?29890">prunu dulci</weblink><link ns0:type="simple" ns0:href="../626/6633626.xml">germplasm resourc network</link><link ns0:type="simple" ns0:href="../892/251892.xml">agricultur servic</link>retriev<link /></entry><entry id="3"><cite id="Reference-Rushforth-1999" style="font-style:normal" class="book">keith collin wildlif trust guid tree photograph guid tree britain europ london harper collin isbn</cite></entry><entry id="4"><cite id="Reference-Griffiths-1992" style="font-style:normal" class="book">griffith mark anthoni julian huxley royal horticultur societi dictionari garden london macmillan press isbn</cite></entry><entry id="5"><cite id="Reference-Zohary-2000" style="font-style:normal" class="book">zohari daniel maria hopf domest plant origin spread cultiv plant west asia europ nile valley oxford univers press isbn</cite></entry><entry id="6"><cite id="Reference-Diamond-1997" style="font-style:normal" class="book"><person wordnetid="100007846" confidence="0.9508927676800064"><writer wordnetid="110794014" confidence="0.9173553029164789"><link ns0:type="simple" ns0:href="../082/106082.xml">diamond jare</link></writer></person>york norton isbn</cite></entry><entry id="7"><weblink ns0:type="simple" ns0:href="http://www.ibiblio.org/pfaf/cgi-bin/arr_html?Prunus+dulcis">prunu dulci</weblink><computer wordnetid="103082979" confidence="0.8"><artifact wordnetid="100021939" confidence="0.8"><instrumentality wordnetid="103575240" confidence="0.8"><device wordnetid="103183080" confidence="0.8"><machine wordnetid="103699975" confidence="0.8"><web_site wordnetid="106359193" confidence="0.8"><link ns0:type="simple" ns0:href="../478/4533478.xml">plant futur</link></web_site></machine></device></instrumentality></artifact></computer>retriev<link /></entry><entry id="8"><weblink ns0:type="simple" ns0:href="http://193.62.154.38/cgi-bin/nph-readbtree.pl/feout?FAMILY_XREF= GENUS_XREF=Prunus SPECIES_XREF=dulcis TAXON_NAME_XREF= RANK=">flora europaea search</weblink><event wordnetid="100029378" confidence="0.8"><social_event wordnetid="107288639" confidence="0.8"><show wordnetid="106619065" confidence="0.8"><psychological_feature wordnetid="100023100" confidence="0.8"><attraction wordnetid="106615561" confidence="0.8"><link ns0:type="simple" ns0:href="../269/1105269.xml">royal botan garden edinburgh</link></attraction></psychological_feature></show></social_event></event>retriev<link /></entry><entry id="9"><weblink ns0:type="simple" ns0:href="http://www.fas.usda.gov/htp/Hort_Circular/2004/12-10-04/12-04%20Almonds.pdf">unit depart agricultur</weblink></entry><entry id="10"><weblink ns0:type="simple" ns0:href="http://faostat.fao.org/site/567/DesktopDefault.aspx?PageID=567">food agricultur organ unit nation</weblink></entry><entry id="11"><weblink ns0:type="simple" ns0:href="http://www.michaelpollan.com/article.php?id=9">michael pollan</weblink></entry><entry id="12"><cite style="font-style:normal">januari method hydrogen cyanid determin bitter sweet almond polish pmid</cite></entry><entry id="13"><cite style="font-style:normal">albertson fisher januari<weblink ns0:type="simple" ns0:href="http://www.pubmedcentral.gov/articlerender.fcgi?tool=pmcentrez artid=1273391">cyanid poison bitter almond ingest</weblink>west med pmid retriev<link /></cite></entry><entry id="14">cantor fleischer green israel fruit matter<link ns0:type="simple" ns0:href="../664/1843664.xml">mental floss</link></entry><entry id="15">white<weblink ns0:type="simple" ns0:href="http://www.allaboutvision.com/nutrition/vitamin_e.htm">vitamin miner nutrit nut</weblink>retriev august</entry><entry id="17"><cite style="font-style:normal">davi april<weblink ns0:type="simple" ns0:href="http://linkinghub.elsevier.com/retrieve/pii/S0304383501004256">almond almond fraction reduc aberr crypt foci rat model colon carcinogenesi</weblink>cancer lett pmid retriev<link /></cite></entry><entry id="16"><weblink ns0:type="simple" ns0:href="http://www.tienda.com/press/mercurynews.html">almond</weblink></entry><entry id="19"><cite style="font-style:normal">spiller jenkin gate bruce june<weblink ns0:type="simple" ns0:href="http://www.jacn.org/cgi/pmidlookup?view=long pmid=9627917">nut plasma lipid diet lower preserv</weblink>coll nutr pmid retriev<link /></cite></entry><entry id="18"><statement wordnetid="106722453" confidence="0.8"><message wordnetid="106598915" confidence="0.8"><document wordnetid="106470073" confidence="0.8"><legal_document wordnetid="106479665" confidence="0.8"><contract wordnetid="106520944" confidence="0.8"><company wordnetid="108058098" confidence="0.8"><agreement wordnetid="106770275" confidence="0.8"><written_communication wordnetid="106349220" confidence="0.8"><writing wordnetid="106362953" confidence="0.8"><written_agreement wordnetid="106771653" confidence="0.8"><institution wordnetid="108053576" confidence="0.8"><link ns0:type="simple" ns0:href="../999/6369999.xml">porter</link></institution></written_agreement></writing></written_communication></agreement></company></contract></legal_document></document></message></statement><weblink ns0:type="simple" ns0:href="http://www.scienceblog.com/community/older/2002/D/20024677.html">almond cholesterol lower hearthealthi snack</weblink><link ns0:type="simple" ns0:href="../097/304097.xml">press releas</link>retriev<link /></entry><entry id="21"><cite id="Reference-Puri-2002" style="font-style:normal" class="book">puri har singh prunu amygdalu rasayana ayurved herb longev rejuven tradit herbal medicin modern time boca raton crc isbn</cite></entry><entry id="20"><cite style="font-style:normal">jenkin kendal marchi septemb<weblink ns0:type="simple" ns0:href="http://circ.ahajournals.org/cgi/content/full/106/11/1327">dose respons almond coronari heart diseas risk factor blood lipid oxid lowdens lipoprotein homocystein pulmonari nitric oxid random control crossov trial</weblink>circul pmid retriev<link /></cite></entry><entry id="23"><link ns0:type="simple" ns0:href="../535/1706535.xml">agricultur market servic</link><link />almond grown california chang incom qualiti control requir<work wordnetid="104599396" confidence="0.8"><product wordnetid="104007894" confidence="0.8"><creation wordnetid="103129123" confidence="0.8"><artifact wordnetid="100021939" confidence="0.8"><publication wordnetid="106589574" confidence="0.8"><link ns0:type="simple" ns0:href="../813/606813.xml" /></publication></artifact></creation></product></work><weblink ns0:type="simple" ns0:href="http://frwebgate.access.gpo.gov/cgi-bin/getpage.cgi?dbname=2006_register position=all page=65373" /><work wordnetid="104599396" confidence="0.8"><product wordnetid="104007894" confidence="0.8"><creation wordnetid="103129123" confidence="0.8"><artifact wordnetid="100021939" confidence="0.8"><publication wordnetid="106589574" confidence="0.8"><link ns0:type="simple" ns0:href="../813/606813.xml" /></publication></artifact></creation></product></work><weblink ns0:type="simple" ns0:href="http://frwebgate.access.gpo.gov/cgi-bin/getpage.cgi?dbname=2006_register position=all page=65374" /><work wordnetid="104599396" confidence="0.8"><product wordnetid="104007894" confidence="0.8"><creation wordnetid="103129123" confidence="0.8"><artifact wordnetid="100021939" confidence="0.8"><publication wordnetid="106589574" confidence="0.8"><link ns0:type="simple" ns0:href="../813/606813.xml" /></publication></artifact></creation></product></work><weblink ns0:type="simple" ns0:href="http://frwebgate.access.gpo.gov/cgi-bin/getpage.cgi?dbname=2006_register position=all page=65375" /><work wordnetid="104599396" confidence="0.8"><product wordnetid="104007894" confidence="0.8"><creation wordnetid="103129123" confidence="0.8"><artifact wordnetid="100021939" confidence="0.8"><publication wordnetid="106589574" confidence="0.8"><link ns0:type="simple" ns0:href="../813/606813.xml" /></publication></artifact></creation></product></work><weblink ns0:type="simple" ns0:href="http://frwebgate.access.gpo.gov/cgi-bin/getpage.cgi?dbname=2006_register position=all page=65376" /></entry><entry id="22">almond board california<link /><weblink ns0:type="simple" ns0:href="http://www.almondboard.com/Programs/content.cfm?ItemNumber=890">action plan pasteur</weblink><link ns0:type="simple" ns0:href="../097/304097.xml">press releas</link>retriev<link /></entry></reflist></p></sec><sec><st>extern link</st><p><list><entry level="1" type="bullet"><weblink ns0:type="simple" ns0:href="http://www.almondboard.com/">almond board california</weblink></entry><entry level="1" type="bullet"><weblink ns0:type="simple" ns0:href="http://almondboard.files.cms-plus.com/PDFs/CA%20Almond%20Facts%20Summer%202005.pdf">almond board california fact sheet</weblink></entry><entry level="1" type="bullet"><weblink ns0:type="simple" ns0:href="http://www.almondsarein.com/">almond health nutrit site almond board california</weblink></entry><entry level="1" type="bullet"><weblink ns0:type="simple" ns0:href="http://www.almondaccents.com/Facts.aspx">fact histori</weblink></entry><entry level="1" type="bullet"><weblink ns0:type="simple" ns0:href="http://outdoors.webshots.com/album/558113405NKDyFi">photo galleri almond tree beauti blossom</weblink></entry></list></p><p><table style=";" class="navbox" cellspacing="0"><row><col style="padding:2px;"><table style="width:100%;background:transparent;color:inherit;;" class="nowraplinks collapsible autocollapse " cellspacing="0"><row><header colspan="2" style=";background:lightgreen;" class="navbox-title"><link ns0:type="simple" ns0:href="../042/11042.xml">edibl fat oil</link></header></row><row style="height:2px;" /><row><col style=";background:lightgreen;;" class="navbox-group"><link ns0:type="simple" ns0:href="../042/11042.xml">fat</link></col><col style="text-align:left;border-left:2px solid #fdfdfd;width:100%;padding:0px;;;" class="navbox-list navbox-odd"><link ns0:type="simple" ns0:href="../394/63394.xml#xpointer(//*[./st=%22Grease%22])">bacon greas</link><link ns0:type="simple" ns0:href="../183/46183.xml">butter</link><link ns0:type="simple" ns0:href="../879/14804879.xml">clarifi butter</link><link ns0:type="simple" ns0:href="../218/894218.xml">cocoa butter</link><link ns0:type="simple" ns0:href="../636/2311636.xml">drip</link><link ns0:type="simple" ns0:href="../000/2579000.xml">duck fat</link><link ns0:type="simple" ns0:href="../394/212394.xml">ghee</link><link ns0:type="simple" ns0:href="../997/18621997.xml">lard</link><link ns0:type="simple" ns0:href="../276/193276.xml">margarin</link><link ns0:type="simple" ns0:href="../931/1995931.xml">niter kibbeh</link><compound wordnetid="114818238" confidence="0.8"><merchandise wordnetid="103748886" confidence="0.8"><fat wordnetid="114864360" confidence="0.8"><macromolecule wordnetid="114944888" confidence="0.8"><material wordnetid="114580897" confidence="0.8"><substance wordnetid="100019613" confidence="0.8"><artifact wordnetid="100021939" confidence="0.8"><commodity wordnetid="103076708" confidence="0.8"><chemical wordnetid="114806838" confidence="0.8"><lipid wordnetid="114938907" confidence="0.8"><molecule wordnetid="114682133" confidence="0.8"><organic_compound wordnetid="114727670" confidence="0.8"><part wordnetid="113809207" confidence="0.8"><link ns0:type="simple" ns0:href="../344/3058344.xml">salo</link></part></organic_compound></molecule></lipid></chemical></commodity></artifact></substance></material></macromolecule></fat></merchandise></compound><link ns0:type="simple" ns0:href="../656/1093656.xml">schmaltz</link><physical_entity wordnetid="100001930" confidence="0.8"><compound wordnetid="114818238" confidence="0.8"><fat wordnetid="114864360" confidence="0.8"><macromolecule wordnetid="114944888" confidence="0.8"><agent wordnetid="109190918" confidence="0.8"><material wordnetid="114580897" confidence="0.8"><substance wordnetid="100019613" confidence="0.8"><chemical wordnetid="114806838" confidence="0.8"><causal_agent wordnetid="100007347" confidence="0.8"><lipid wordnetid="114938907" confidence="0.8"><molecule wordnetid="114682133" confidence="0.8"><organic_compound wordnetid="114727670" confidence="0.8"><part wordnetid="113809207" confidence="0.8"><link ns0:type="simple" ns0:href="../993/1347993.xml">shea butter</link></part></organic_compound></molecule></lipid></causal_agent></chemical></substance></material></agent></macromolecule></fat></compound></physical_entity><message wordnetid="106598915" confidence="0.8"><information wordnetid="106634376" confidence="0.8"><electronic_database wordnetid="106588511" confidence="0.8"><lexical_database wordnetid="106638868" confidence="0.8"><wordnet wordnetid="106639428" confidence="0.8"><database wordnetid="106637824" confidence="0.8"><link ns0:type="simple" ns0:href="../581/5347581.xml">smen</link></database></wordnet></lexical_database></electronic_database></information></message><link ns0:type="simple" ns0:href="../267/177267.xml">suet</link><link ns0:type="simple" ns0:href="../396/212396.xml">tallow</link><link ns0:type="simple" ns0:href="../154/667154.xml">veget shorten</link></col></row><row style="height:2px" /><row><col style=";background:lightgreen;;" class="navbox-group"><link ns0:type="simple" ns0:href="../510/4207510.xml">oil</link></col><col style="text-align:left;border-left:2px solid #fdfdfd;width:100%;padding:0px;;;" class="navbox-list navbox-even"><link ns0:type="simple" ns0:href="../064/1064.xml#xpointer(//*[./st=%22Almond+oil%22])">almond oil</link><message wordnetid="106598915" confidence="0.8"><information wordnetid="106634376" confidence="0.8"><electronic_database wordnetid="106588511" confidence="0.8"><lexical_database wordnetid="106638868" confidence="0.8"><wordnet wordnetid="106639428" confidence="0.8"><database wordnetid="106637824" confidence="0.8"><link ns0:type="simple" ns0:href="../407/3820407.xml">argan oil</link></database></wordnet></lexical_database></electronic_database></information></message><link ns0:type="simple" ns0:href="../788/5864788.xml">avocado oil</link><link ns0:type="simple" ns0:href="../190/86190.xml">canola oil</link><link ns0:type="simple" ns0:href="../190/172190.xml">castor oil</link><link ns0:type="simple" ns0:href="../915/239915.xml">coconut oil</link><link ns0:type="simple" ns0:href="../753/1461753.xml">colza oil</link><link ns0:type="simple" ns0:href="../452/2249452.xml">corn oil</link><link ns0:type="simple" ns0:href="../389/613389.xml">cottonse oil</link><link ns0:type="simple" ns0:href="../249/413249.xml">grape seed oil</link><plant_part wordnetid="113086908" confidence="0.8"><plant wordnetid="100017222" confidence="0.8"><fruit wordnetid="113134947" confidence="0.8"><tree wordnetid="113104059" confidence="0.8"><vascular_plant wordnetid="113083586" confidence="0.8"><edible_nut wordnetid="107737081" confidence="0.8"><seed wordnetid="113135832" confidence="0.8"><reproductive_structure wordnetid="111675842" confidence="0.8"><natural_object wordnetid="100019128" confidence="0.8"><woody_plant wordnetid="113103136" confidence="0.8"><nut wordnetid="113136556" confidence="0.8"><plant_organ wordnetid="113087625" confidence="0.8"><link ns0:type="simple" ns0:href="../546/484546.xml">hazelnut oil</link></plant_organ></nut></woody_plant></natural_object></reproductive_structure></seed></edible_nut></vascular_plant></tree></fruit></plant></plant_part><link ns0:type="simple" ns0:href="../632/324632.xml">hemp oil</link><link ns0:type="simple" ns0:href="../711/295711.xml">linse oil flaxse oil</link><substance wordnetid="100019613" confidence="0.8"><chemical wordnetid="114806838" confidence="0.8"><part wordnetid="113809207" confidence="0.8"><material wordnetid="114580897" confidence="0.8"><link ns0:type="simple" ns0:href="../999/4810999.xml">macadamia oil</link></material></part></chemical></substance><message wordnetid="106598915" confidence="0.8"><information wordnetid="106634376" confidence="0.8"><electronic_database wordnetid="106588511" confidence="0.8"><lexical_database wordnetid="106638868" confidence="0.8"><wordnet wordnetid="106639428" confidence="0.8"><database wordnetid="106637824" confidence="0.8"><link ns0:type="simple" ns0:href="../305/12742305.xml">marula oil</link></database></wordnet></lexical_database></electronic_database></information></message><link ns0:type="simple" ns0:href="../422/746422.xml">mustard oil</link><link ns0:type="simple" ns0:href="../478/22478.xml">oliv oil</link><link ns0:type="simple" ns0:href="../561/57561.xml">palm oil</link><link ns0:type="simple" ns0:href="../561/57561.xml">palm kernel oil</link><link ns0:type="simple" ns0:href="../910/1195910.xml">peanut oil</link><link ns0:type="simple" ns0:href="../563/5810563.xml">pecan oil</link><substance wordnetid="100020090" confidence="0.8"><condiment wordnetid="107810907" confidence="0.8"><food wordnetid="100021265" confidence="0.8"><flavorer wordnetid="107809368" confidence="0.8"><ingredient wordnetid="107809096" confidence="0.8"><foodstuff wordnetid="107566340" confidence="0.8"><link ns0:type="simple" ns0:href="../731/4295731.xml">perilla oil</link></foodstuff></ingredient></flavorer></food></condiment></substance><link ns0:type="simple" ns0:href="../617/5810617.xml">pistachio oil</link><message wordnetid="106598915" confidence="0.8"><information wordnetid="106634376" confidence="0.8"><electronic_database wordnetid="106588511" confidence="0.8"><lexical_database wordnetid="106638868" confidence="0.8"><wordnet wordnetid="106639428" confidence="0.8"><database wordnetid="106637824" confidence="0.8"><link ns0:type="simple" ns0:href="../398/1208398.xml">poppyse oil</link></database></wordnet></lexical_database></electronic_database></information></message><message wordnetid="106598915" confidence="0.8"><information wordnetid="106634376" confidence="0.8"><electronic_database wordnetid="106588511" confidence="0.8"><lexical_database wordnetid="106638868" confidence="0.8"><wordnet wordnetid="106639428" confidence="0.8"><database wordnetid="106637824" confidence="0.8"><link ns0:type="simple" ns0:href="../129/1550129.xml">pumpkin seed oil</link></database></wordnet></lexical_database></electronic_database></information></message><link ns0:type="simple" ns0:href="../545/219545.xml#xpointer(//*[./st=%22Cultivation+and+uses%22])">rapese oil</link><message wordnetid="106598915" confidence="0.8"><information wordnetid="106634376" confidence="0.8"><electronic_database wordnetid="106588511" confidence="0.8"><lexical_database wordnetid="106638868" confidence="0.8"><wordnet wordnetid="106639428" confidence="0.8"><database wordnetid="106637824" confidence="0.8"><link ns0:type="simple" ns0:href="../823/2094823.xml">rice bran oil</link></database></wordnet></lexical_database></electronic_database></information></message><link ns0:type="simple" ns0:href="../441/1208441.xml">safflow oil</link><link ns0:type="simple" ns0:href="../664/905664.xml">sesam oil</link><link ns0:type="simple" ns0:href="../784/62784.xml#xpointer(//*[./st=%22Oil%22])">soybean oil</link><link ns0:type="simple" ns0:href="../902/2921902.xml">sunflow oil</link><message wordnetid="106598915" confidence="0.8"><information wordnetid="106634376" confidence="0.8"><electronic_database wordnetid="106588511" confidence="0.8"><lexical_database wordnetid="106638868" confidence="0.8"><wordnet wordnetid="106639428" confidence="0.8"><database wordnetid="106637824" confidence="0.8"><link ns0:type="simple" ns0:href="../613/3025613.xml">tea seed oil</link></database></wordnet></lexical_database></electronic_database></information></message><link ns0:type="simple" ns0:href="../431/1208431.xml">walnut oil</link></col></row><row style="height:2px;" /><row><col colspan="2" style=";background:lightgreen;" class="navbox-abovebelow"><link ns0:type="simple" ns0:href="../911/4755911.xml">list veget oil</link><link ns0:type="simple" ns0:href="../873/422873.xml">cook oil</link></col></row></table></col></row></table></p></sec></bdy></edible_nut></bite></article>