<article xmlns:ns0="http://www.w3.org/1999/xlink"><header><title>food</title><id /><revision><id /><timestamp /><contributor><username>jandbot</username><id /></contributor></revision><categories><category>food drink</category></categories></header><bdy>jan short film<movie wordnetid="106613686" confidence="0.9508927676800064"><link ns0:type="simple" ns0:href="../981/6459981.xml">food film</link></movie><image location="right" width="250px" src="Foods.jpg" type="thumbnail"><caption>food plant sourc</caption></image><p><table style="background:#f9f9f9; font-size:85%; line-height:110%; "><row><col><image width="32x28px" src="Portal.svg" /></col><col style="padding:0 0.2em;">food portal</col></row></table></p><p>food substanc compos<link ns0:type="simple" ns0:href="../932/5932.xml">carbohydr</link><link ns0:type="simple" ns0:href="../042/11042.xml">fat</link>water andor<link ns0:type="simple" ns0:href="../634/23634.xml">protein</link><link ns0:type="simple" ns0:href="../818/212818.xml">eaten</link><link ns0:type="simple" ns0:href="../254/66254.xml">drunk</link>anim<link ns0:type="simple" ns0:href="../482/682482.xml">human</link><link ns0:type="simple" ns0:href="../525/21525.xml">nutrit</link>pleasur item consid food sourc plant anim categori<link ns0:type="simple" ns0:href="../965/19178965.xml">fungu</link>ferment product<link ns0:type="simple" ns0:href="../014/1014.xml">alcohol</link>human cultur sought food item<link ns0:type="simple" ns0:href="../098/210098.xml">hunt gather</link>today cultur<link ns0:type="simple" ns0:href="../627/627.xml">farm</link><link ns0:type="simple" ns0:href="../641/3160641.xml">ranch</link><link ns0:type="simple" ns0:href="../581/36581.xml">fish</link><link ns0:type="simple" ns0:href="../791/38791.xml">hunt</link><link ns0:type="simple" ns0:href="../986/447986.xml">forag</link>method local natur includ play minor role</p><p><link ns0:type="simple" ns0:href="../067/30067.xml">tradit</link>recogniz<link ns0:type="simple" ns0:href="../656/6656.xml">cuisin</link>specif set cook tradit prefer practic studi<link ns0:type="simple" ns0:href="../756/1071756.xml">gastronomi</link>cultur diversifi food prepar cook method manufactur includ complex food trade help cultur econom surviv food consumpt</p><p>cultur studi dietari analysi food<link ns0:type="simple" ns0:href="../599/13149599.xml">habit</link>human<link ns0:type="simple" ns0:href="../403/159403.xml">omnivor</link>religion social construct moral affect food will consum food safeti concern<link ns0:type="simple" ns0:href="../611/531611.xml">foodborn ill</link>claim live year languag food<link ns0:type="simple" ns0:href="../518/20518.xml">metaphor</link>ical figur food thought</p><sec><st>food sourc</st><p>food plant<link ns0:type="simple" ns0:href="../790/11039790.xml">anim</link>origin except food come anim<link ns0:type="simple" ns0:href="../208/23208.xml">plant</link>sourc includ edibl<link ns0:type="simple" ns0:href="../965/19178965.xml">fungi</link><link ns0:type="simple" ns0:href="../264/20264.xml">mushroom</link><link ns0:type="simple" ns0:href="../965/19178965.xml">fungi</link>ambient<link ns0:type="simple" ns0:href="../799/9028799.xml">bacteria</link>prepar<event wordnetid="100029378" confidence="0.8"><act wordnetid="100030358" confidence="0.8"><psychological_feature wordnetid="100023100" confidence="0.8"><procedure wordnetid="101023820" confidence="0.8"><activity wordnetid="100407535" confidence="0.8"><link ns0:type="simple" ns0:href="../980/6073980.xml">ferment</link></activity></procedure></psychological_feature></act></event><link ns0:type="simple" ns0:href="../607/2259607.xml">pickl food</link>leaven<link ns0:type="simple" ns0:href="../969/36969.xml">bread</link><link ns0:type="simple" ns0:href="../043/18948043.xml">alcohol drink</link><link ns0:type="simple" ns0:href="../910/11749910.xml">chees</link><link ns0:type="simple" ns0:href="../668/18978668.xml">pickl</link><link ns0:type="simple" ns0:href="../754/156754.xml">yogurt</link>cultur eat<link ns0:type="simple" ns0:href="../983/18597983.xml">seawe</link><link ns0:type="simple" ns0:href="../886/19178886.xml" /><link ns0:type="simple" ns0:href="../618/129618.xml">alga</link><link ns0:type="simple" ns0:href="../626/460626.xml">spirulina</link><ref ns0:type="simple" ns0:href="#xpointer(//reflist/entry[@id=%221%22])" />addit<link ns0:type="simple" ns0:href="../200/1605200.xml">salt</link>eaten flavor preserv<link ns0:type="simple" ns0:href="../725/155725.xml">bake soda</link>food prepar<link ns0:type="simple" ns0:href="../442/363442.xml">inorgan</link>substanc<link ns0:type="simple" ns0:href="../306/33306.xml">water</link>human diet</p><ss1><st>plant</st><p><image location="right" width="150px" src="Vegetarian_diet.jpg" type="thumb"><caption>varieti food plant sourc</caption></image><link ns0:type="simple" ns0:href="../208/23208.xml">plant</link>plant part eaten food plant speci cultiv food distinct<link ns0:type="simple" ns0:href="../906/167906.xml">cultivar</link><ref ns0:type="simple" ns0:href="#xpointer(//reflist/entry[@id=%222%22])" /></p><p>seed plant good sourc food anim includ human nutrient plant initi growth fact major food consum human food edibl seed includ<link ns0:type="simple" ns0:href="../700/6700.xml">cereal</link>maiz<link ns0:type="simple" ns0:href="../858/36858.xml">wheat</link><link ns0:type="simple" ns0:href="../979/36979.xml">rice</link><link ns0:type="simple" ns0:href="../286/305286.xml">legum</link><link ns0:type="simple" ns0:href="../487/4487.xml">bean</link><link ns0:type="simple" ns0:href="../407/59407.xml">pea</link><link ns0:type="simple" ns0:href="../455/174455.xml">lentil</link><fruit wordnetid="113134947" confidence="0.8"><natural_object wordnetid="100019128" confidence="0.8"><reproductive_structure wordnetid="111675842" confidence="0.8"><seed wordnetid="113135832" confidence="0.8"><plant_organ wordnetid="113087625" confidence="0.8"><plant_part wordnetid="113086908" confidence="0.8"><substance wordnetid="100020090" confidence="0.8"><bite wordnetid="107577374" confidence="0.8"><edible_nut wordnetid="107737081" confidence="0.8"><food wordnetid="100021265" confidence="0.8"><nut wordnetid="113136556" confidence="0.8"><nutriment wordnetid="107570720" confidence="0.8"><meal wordnetid="107573696" confidence="0.8"><link ns0:type="simple" ns0:href="../647/251647.xml">nut</link></meal></nutriment></nut></food></edible_nut></bite></substance></plant_part></plant_organ></seed></reproductive_structure></natural_object></fruit><link ns0:type="simple" ns0:href="../331/192331.xml">oilse</link>press produc rich oil<link ns0:type="simple" ns0:href="../622/57622.xml">sunflow</link><link ns0:type="simple" ns0:href="../545/219545.xml">rapese</link>includ<link ns0:type="simple" ns0:href="../190/86190.xml">canola oil</link><link ns0:type="simple" ns0:href="../420/82420.xml">sesam</link><ref ns0:type="simple" ns0:href="#xpointer(//reflist/entry[@id=%223%22])" />earliest food<link ns0:type="simple" ns0:href="../845/97845.xml">recip</link>ground chickpea call<link ns0:type="simple" ns0:href="../065/75065.xml">hummu</link>trace<region wordnetid="108630985" confidence="0.8"><administrative_district wordnetid="108491826" confidence="0.8"><location wordnetid="100027167" confidence="0.8"><empire wordnetid="108557482" confidence="0.8"><domain wordnetid="108556491" confidence="0.8"><district wordnetid="108552138" confidence="0.8"><country wordnetid="108544813" confidence="0.8"><link ns0:type="simple" ns0:href="../874/874.xml">ancient egypt</link></country></district></domain></empire></location></administrative_district></region>time</p><p><link ns0:type="simple" ns0:href="../843/10843.xml">fruit</link>ripen ovari plant includ seed plant evolv fruit attract food sourc anim anim will eat fruit excret seed distanc fruit diet cultur botan fruit<link ns0:type="simple" ns0:href="../234/9940234.xml">tomato</link><link ns0:type="simple" ns0:href="../150/18581150.xml">pumpkin</link><link ns0:type="simple" ns0:href="../712/45712.xml">eggplant</link>eaten veget<ref ns0:type="simple" ns0:href="#xpointer(//reflist/entry[@id=%224%22])" /><link ns0:type="simple" ns0:href="../013/18952013.xml">list fruit</link></p><p><link ns0:type="simple" ns0:href="../492/5791492.xml">veget</link>second type plant matter commonli eaten food includ<link ns0:type="simple" ns0:href="../695/236695.xml">root veget</link><link ns0:type="simple" ns0:href="../501/23501.xml">potato</link><link ns0:type="simple" ns0:href="../739/5985739.xml">carrot</link><link ns0:type="simple" ns0:href="../759/1594759.xml">leaf veget</link><link ns0:type="simple" ns0:href="../734/169734.xml">spinach</link><link ns0:type="simple" ns0:href="../079/57079.xml">lettuc</link>stem veget<link ns0:type="simple" ns0:href="../029/39029.xml">bamboo</link>shoot<link ns0:type="simple" ns0:href="../319/46319.xml">asparagu</link>infloresc veget<link ns0:type="simple" ns0:href="../742/1120742.xml">globe artichok</link><link ns0:type="simple" ns0:href="../556/66556.xml">broccoli</link><link ns0:type="simple" ns0:href="../296/13296.xml">herb</link>spice veget<ref ns0:type="simple" ns0:href="#xpointer(//reflist/entry[@id=%225%22])" /></p></ss1><ss1><st>anim</st><p><image location="left" width="200px" src="Meatfoodgroup.jpg" type="thumb"><caption>raw meat</caption></image></p><p><indent level="1">main articl<link ns0:type="simple" ns0:href="../444/16077444.xml">anim sourc food</link></indent>anim food directli indirectli product produc<link ns0:type="simple" ns0:href="../940/18940.xml">meat</link>exampl direct product<link ns0:type="simple" ns0:href="../790/11039790.xml">anim</link><link ns0:type="simple" ns0:href="../734/19723734.xml">muscl</link>system<link ns0:type="simple" ns0:href="../776/152776.xml">organ</link>food product produc anim includ<link ns0:type="simple" ns0:href="../714/19714.xml">milk</link>produc<link ns0:type="simple" ns0:href="../838/18838.xml">mammal</link>cultur drunk process<link ns0:type="simple" ns0:href="../097/8097.xml">dairi product</link><link ns0:type="simple" ns0:href="../910/11749910.xml">chees</link><link ns0:type="simple" ns0:href="../183/46183.xml">butter</link>addit bird anim lay<link ns0:type="simple" ns0:href="../010/19196010.xml">egg</link>eaten<link ns0:type="simple" ns0:href="../654/4654.xml">bee</link>produc<link ns0:type="simple" ns0:href="../361/14361.xml">honey</link>popular sweeten cultur cultur<link ns0:type="simple" ns0:href="../366/11633366.xml">consum blood</link>form<link ns0:type="simple" ns0:href="../722/215722.xml">blood sausag</link>thicken sauc<link ns0:type="simple" ns0:href="../435/6494435.xml">cure</link>salt form time food scarciti<link ns0:type="simple" ns0:href="../997/3997.xml">blood</link>stew<link ns0:type="simple" ns0:href="../675/10071675.xml">civet</link><ref ns0:type="simple" ns0:href="#xpointer(//reflist/entry[@id=%226%22])" /></p></ss1></sec><sec><st>product</st><p><image width="250px" src="Ueberladewagen.jpg" type="thumb" /></p><p><indent level="1">main articl<link ns0:type="simple" ns0:href="../627/627.xml">agricultur</link></indent>food tradit<link ns0:type="simple" ns0:href="../627/627.xml">farm</link><link ns0:type="simple" ns0:href="../641/3160641.xml">ranch</link><link ns0:type="simple" ns0:href="../581/36581.xml">fish</link><link ns0:type="simple" ns0:href="../791/38791.xml">hunt</link><link ns0:type="simple" ns0:href="../986/447986.xml">forag</link><link ns0:type="simple" ns0:href="../319/38319.xml">method subsist</link>local grow trend<link ns0:type="simple" ns0:href="../143/216143.xml">sustain agricultur</link>practic approach partli fuel<link ns0:type="simple" ns0:href="../818/7818.xml">consum</link><link ns0:type="simple" ns0:href="../978/920978.xml">demand</link>encourag<link ns0:type="simple" ns0:href="../086/45086.xml">biodivers</link>local selfreli<link ns0:type="simple" ns0:href="../754/72754.xml">organ farm</link>method<ref ns0:type="simple" ns0:href="#xpointer(//reflist/entry[@id=%227%22])" />major influenc food product intern organ<organization wordnetid="108008335" confidence="0.9508927676800064"><link ns0:type="simple" ns0:href="../873/33873.xml">trade organ</link></organization><idea wordnetid="105833840" confidence="0.8"><plan wordnetid="105898568" confidence="0.8"><plan_of_action wordnetid="105902545" confidence="0.8"><policy wordnetid="105901508" confidence="0.8"><link ns0:type="simple" ns0:href="../924/141924.xml">common agricultur polici</link></policy></plan_of_action></plan></idea>nation govern polici<link ns0:type="simple" ns0:href="../668/18949668.xml">law</link><link ns0:type="simple" ns0:href="../158/33158.xml">war</link><ref ns0:type="simple" ns0:href="#xpointer(//reflist/entry[@id=%228%22])" /></p></sec><sec><st>prepar</st><p>food eaten raw food undergo form prepar reason safeti palat<link ns0:type="simple" ns0:href="../591/10591.xml">flavor</link>simplest level involv<link ns0:type="simple" ns0:href="../830/253830.xml">wash</link><link ns0:type="simple" ns0:href="../961/387961.xml">cut</link>trim food ingredi<link ns0:type="simple" ns0:href="../897/26897.xml">spice</link>involv mix heat cool<link ns0:type="simple" ns0:href="../991/52991.xml">pressur cook</link>ferment combin food food prepar take place<link ns0:type="simple" ns0:href="../404/49404.xml">kitchen</link>prepar enhanc<link ns0:type="simple" ns0:href="../205/47205.xml">tast</link><link ns0:type="simple" ns0:href="../ury/22nd_century.xml">aesthet</link>appeal prepar help<link ns0:type="simple" ns0:href="../834/10834.xml">preserv</link>food involv cultur ident<link ns0:type="simple" ns0:href="../018/80018.xml">meal</link>food prepar eaten specif time place<ref ns0:type="simple" ns0:href="#xpointer(//reflist/entry[@id=%229%22])" /></p><ss1><st>anim slaughter butcher</st><p><image location="left" width="150px" src="Slaughterhouse.jpg" type="frame"><caption>worker cattl slaughterhous</caption></image>prepar food will involv<link ns0:type="simple" ns0:href="../510/9585510.xml">slaughter</link><link ns0:type="simple" ns0:href="../206/179206.xml" />hang portion<technique wordnetid="105665146" confidence="0.8"><know-how wordnetid="105616786" confidence="0.8"><method wordnetid="105660268" confidence="0.8"><link ns0:type="simple" ns0:href="../462/885462.xml">render</link></method></know-how></technique>develop countri<link ns0:type="simple" ns0:href="../076/55076.xml">slaughterhous</link>process anim mass meat product countri regul slaughterhous law exampl<body wordnetid="107965085" confidence="0.8"><social_group wordnetid="107950920" confidence="0.8"><political_orientation wordnetid="106212839" confidence="0.8"><colony wordnetid="108374049" confidence="0.8"><state wordnetid="108168978" confidence="0.8"><political_unit wordnetid="108359949" confidence="0.8"><group wordnetid="100031264" confidence="0.8"><democracy wordnetid="106217103" confidence="0.8"><link ns0:type="simple" ns0:href="../750/3434750.xml">unit</link></democracy></group></political_unit></state></colony></political_orientation></social_group></body>establish human slaughter requir anim stun kill countri exempt slaughter religi law<link ns0:type="simple" ns0:href="../881/16881.xml">kosher</link><link ns0:type="simple" ns0:href="../658/1232658.xml" />halal strict interpret<link ns0:type="simple" ns0:href="../881/16881.xml">kashrut</link>requir anim fulli awar carotid arteri cut<ref ns0:type="simple" ns0:href="#xpointer(//reflist/entry[@id=%2210%22])" /></p><p>local level butcher commonli break larger anim meat smaller manag cut commerci sale wrap order<link ns0:type="simple" ns0:href="../067/843067.xml">butcher paper</link>addit fish<link ns0:type="simple" ns0:href="../866/26866.xml">seafood</link>fabric smaller cut<link ns0:type="simple" ns0:href="../043/2543043.xml">fish monger</link>local level fish board fish vessel preserv qualiti<ref ns0:type="simple" ns0:href="#xpointer(//reflist/entry[@id=%2211%22])" /></p></ss1><ss1><st>cook</st><p><indent level="1">main articl<link ns0:type="simple" ns0:href="../355/5355.xml">cook</link></indent><image location="right" width="200px" src="Wok_cooking_and_the_heat_source_by_The_Pocket_in_Nanjing.jpg" type="thumb"><caption>cook<link ns0:type="simple" ns0:href="../693/33693.xml">wok</link>china</caption></image>term cook encompass vast rang method tool combin<link ns0:type="simple" ns0:href="../622/2679622.xml">ingredi</link>improv flavor<link ns0:type="simple" ns0:href="../423/165423.xml">digest food</link>cook techniqu<link ns0:type="simple" ns0:href="../318/2597318.xml">culinari art</link>gener requir select measur combin ingredi order procedur effort achiev desir result constraint success includ variabl ingredi ambient condit<link ns0:type="simple" ns0:href="../677/30677.xml">tool</link>skill individu cook<ref ns0:type="simple" ns0:href="#xpointer(//reflist/entry[@id=%2212%22])" />divers cook worldwid reflect myriad nutrit aesthet agricultur econom cultur religi consider impact<ref ns0:type="simple" ns0:href="#xpointer(//reflist/entry[@id=%2213%22])" /></p><p>cook requir appli heat food<link ns0:type="simple" ns0:href="../180/5180.xml">chemic</link>transform chang flavor<link ns0:type="simple" ns0:href="../132/3874132.xml">textur</link>appear nutrit properti<ref ns0:type="simple" ns0:href="#xpointer(//reflist/entry[@id=%2214%22])" />cook proper oppos roast requir boil water contain practic millennium introduct<link ns0:type="simple" ns0:href="../619/24619.xml">potteri</link><ref ns0:type="simple" ns0:href="#xpointer(//reflist/entry[@id=%2215%22])" />archaeolog evid roast foodstuff<chordate wordnetid="101466257" confidence="0.8"><hominid wordnetid="102471762" confidence="0.8"><vertebrate wordnetid="101471682" confidence="0.8"><placental wordnetid="101886756" confidence="0.8"><primate wordnetid="102469914" confidence="0.8"><mammal wordnetid="101861778" confidence="0.8"><animal wordnetid="100015388" confidence="0.8"><link ns0:type="simple" ns0:href="../533/19554533.xml">homo</link></animal></mammal></primate></placental></vertebrate></hominid></chordate>date year ago<ref ns0:type="simple" ns0:href="#xpointer(//reflist/entry[@id=%2216%22])" /></p><ss2><st>cook equip method</st><p>type cook equip cook<link ns0:type="simple" ns0:href="../536/445536.xml">oven</link>type cook equip bake roast offer cook method cuisin will type<link ns0:type="simple" ns0:href="../536/445536.xml">oven</link>exampl indian cultur<link ns0:type="simple" ns0:href="../405/398405.xml" />oven cylindr clay oven oper singl high temperatur<ref ns0:type="simple" ns0:href="#xpointer(//reflist/entry[@id=%2217%22])" />western<link ns0:type="simple" ns0:href="../404/49404.xml">kitchen</link>will variabl temperatur<link ns0:type="simple" ns0:href="../035/636035.xml">convect oven</link>convent oven<link ns0:type="simple" ns0:href="../672/242672.xml">toaster oven</link>addit heat oven<link ns0:type="simple" ns0:href="../017/58017.xml">microwav oven</link>oven coalfir electr<ref ns0:type="simple" ns0:href="#xpointer(//reflist/entry[@id=%2218%22])" /></p><p><image location="left" width="150px" src="Pfanne_(Edelstahl).jpg" type="thumb"><caption>stainless steel fri pan</caption></image>type well carri variat fuel type oven mention heat vessel top heat sourc<link>saut pan</link>sauc pot<link ns0:type="simple" ns0:href="../468/1342468.xml">fri pan</link><link ns0:type="simple" ns0:href="../991/52991.xml">pressur cooker</link>piec equip moist dri cook method includ method<link ns0:type="simple" ns0:href="../693/27693.xml">steam</link>ing<link ns0:type="simple" ns0:href="../886/180886.xml">simmer</link>ing<link ns0:type="simple" ns0:href="../668/995668.xml">boil</link>ing<technique wordnetid="105665146" confidence="0.8"><know-how wordnetid="105616786" confidence="0.8"><method wordnetid="105660268" confidence="0.8"><link ns0:type="simple" ns0:href="../988/52988.xml">poach</link></method></know-how></technique>moist method dri method includ<link>saut</link>ing<link ns0:type="simple" ns0:href="../985/52985.xml">pan fri</link>ing<link ns0:type="simple" ns0:href="../982/52982.xml">deepfri</link>ing<ref ns0:type="simple" ns0:href="#xpointer(//reflist/entry[@id=%2219%22])" /></p><p><image width="240px" src="TraditionalAsado.jpg" type="thumb"><caption>tradit asado</caption></image>addit cultur grill<link ns0:type="simple" ns0:href="../355/5355.xml">cook</link><artifact wordnetid="100021939" confidence="0.8"><instrumentality wordnetid="103575240" confidence="0.8"><device wordnetid="103183080" confidence="0.8"><appliance wordnetid="102729965" confidence="0.8"><link ns0:type="simple" ns0:href="../812/294812.xml">grill</link></appliance></device></instrumentality></artifact>oper radiant heat sourc cover metal grid cover open bit barbecu american south exampl american style outdoor grill fuel<link ns0:type="simple" ns0:href="../550/33550.xml">wood</link>liquid<link ns0:type="simple" ns0:href="../643/23643.xml">propan</link><link ns0:type="simple" ns0:href="../500/44500.xml">charcoal</link>soak wood chip smoke<ref ns0:type="simple" ns0:href="#xpointer(//reflist/entry[@id=%2220%22])" /><link ns0:type="simple" ns0:href="../054/3966054.xml">mexican</link>style barbecu call<link ns0:type="simple" ns0:href="../095/1951095.xml" />involv cook meat sheep open fire<city wordnetid="108524735" confidence="0.9508927676800064"><country wordnetid="108544813" confidence="0.9508927676800064"><link ns0:type="simple" ns0:href="../905/18951905.xml">argentina</link></country></city><link ns0:type="simple" ns0:href="../809/599809.xml">asado</link>prepar grill held open pit fire ground anim grill case smaller cut anim<ref ns0:type="simple" ns0:href="#xpointer(//reflist/entry[@id=%2221%22])" /></p></ss2><ss2><st>raw food</st><p><image location="left" width="200px" src="2007feb-sushi-odaiba-manytypes.jpg" type="thumb"><caption>type sushi readi eaten</caption></image>cultur highlight anim veget food raw<link ns0:type="simple" ns0:href="../271/28271.xml">sushi</link><link ns0:type="simple" ns0:href="../573/15573.xml">japan</link><link ns0:type="simple" ns0:href="../656/6656.xml">cuisin</link>featur raw slice<link ns0:type="simple" ns0:href="../587/4699587.xml">fish</link><link ns0:type="simple" ns0:href="../360/46360.xml" />maki style<ref ns0:type="simple" ns0:href="#xpointer(//reflist/entry[@id=%2222%22])" /><link ns0:type="simple" ns0:href="../613/825613.xml">steak tartar</link>salmon tartar dish dice ground raw beef salmon mix ingredi serv<link ns0:type="simple" ns0:href="../848/299848.xml">baguett</link><link ns0:type="simple" ns0:href="../827/330827.xml" /><link ns0:type="simple" ns0:href="../885/10885.xml" /><ref ns0:type="simple" ns0:href="#xpointer(//reflist/entry[@id=%2223%22])" />itali<link ns0:type="simple" ns0:href="../320/214320.xml">carpaccio</link>dish thin slice raw<link ns0:type="simple" ns0:href="../968/36968.xml">beef</link>drizzl<link ns0:type="simple" ns0:href="../705/12635705.xml">vinaigrett</link>oliv oil<ref ns0:type="simple" ns0:href="#xpointer(//reflist/entry[@id=%2224%22])" />popular health food movement<link ns0:type="simple" ns0:href="../274/641274.xml">raw foodism</link>promot<link ns0:type="simple" ns0:href="../587/32587.xml">vegan</link>diet raw<link ns0:type="simple" ns0:href="../843/10843.xml">fruit</link><link ns0:type="simple" ns0:href="../492/5791492.xml">veget</link><link ns0:type="simple" ns0:href="../700/6700.xml">grain</link>prepar way includ juic food dehydr pass degre mark sprout<ref ns0:type="simple" ns0:href="#xpointer(//reflist/entry[@id=%2225%22])" /></p></ss2></ss1><ss1><st>restaur</st><p><image width="300px" src="restaurant.jpg" type="thumb" />cultur produc food sale restaur pay custom restaur train<link ns0:type="simple" ns0:href="../684/279684.xml">chef</link>prepar food train serv custom term<link ns0:type="simple" ns0:href="../437/26437.xml">restaur</link>credit<country wordnetid="108544813" confidence="0.9508927676800064"><link ns0:type="simple" ns0:href="../419/5843419.xml">french</link></country>centuri relat restor natur<link ns0:type="simple" ns0:href="../208/176208.xml" />serv concept predat name establish evid suggest commerci food prepar exist age citi<site wordnetid="108651247" confidence="0.9508927676800064"><link ns0:type="simple" ns0:href="../405/24405.xml">pompeii</link></site>well urban sale prepar food<link ns0:type="simple" ns0:href="../862/5042862.xml">china</link><country wordnetid="108544813" confidence="0.9508927676800064"><link ns0:type="simple" ns0:href="../978/56978.xml">song dynasti</link></country><link ns0:type="simple" ns0:href="../168/306168.xml">coffe shop</link><link ns0:type="simple" ns0:href="../893/211893.xml">cafe</link>centuri<link ns0:type="simple" ns0:href="../239/9239.xml">europ</link>consid earli version restaur<ref ns0:type="simple" ns0:href="#xpointer(//reflist/entry[@id=%2226%22])" />unit spent billion annual dine expenditur type dine fullservic restaur limit servic restaur<link ns0:type="simple" ns0:href="../101/360101.xml">fast food</link><link ns0:type="simple" ns0:href="../022/28022.xml">school</link><link ns0:type="simple" ns0:href="../689/5689.xml">colleg</link>bar<link ns0:type="simple" ns0:href="../339/266339.xml">vend machin</link><link ns0:type="simple" ns0:href="../276/14276.xml">hotel</link><link ns0:type="simple" ns0:href="../058/21058.xml">motel</link>recreat place includ<link ns0:type="simple" ns0:href="../566/843566.xml">militari base</link><ref ns0:type="simple" ns0:href="#xpointer(//reflist/entry[@id=%2227%22])" /></p></ss1><ss1><st>food manufactur</st><p><image location="right" width="280px" src="Packages.jpg" type="thumb"><caption>packag household food item</caption></image></p><p><indent level="1">main articl<link ns0:type="simple" ns0:href="../804/7005804.xml">food manufactur</link></indent>packag food manufactur purchas simpl<link ns0:type="simple" ns0:href="../814/495814.xml">butcher</link>prepar meat complex modern intern<link ns0:type="simple" ns0:href="../974/2437974.xml">food industri</link>earli food process techniqu limit food preserv packag<link ns0:type="simple" ns0:href="../879/18580879.xml">transport</link>ation involv<link ns0:type="simple" ns0:href="../498/143498.xml">salt</link><link ns0:type="simple" ns0:href="../435/6494435.xml">cure</link>curdl<link ns0:type="simple" ns0:href="../573/158573.xml">dri</link><link ns0:type="simple" ns0:href="../607/2259607.xml">pickl</link><link ns0:type="simple" ns0:href="../980/6073980.xml">ferment</link><link ns0:type="simple" ns0:href="../995/52995.xml">smoke</link><ref ns0:type="simple" ns0:href="#xpointer(//reflist/entry[@id=%2228%22])" /><link ns0:type="simple" ns0:href="../914/14914.xml">industri era</link>centuri food manufactur aros<ref ns0:type="simple" ns0:href="#xpointer(//reflist/entry[@id=%2229%22])" />develop advantag<link ns0:type="simple" ns0:href="../378/616378.xml">mass market</link>emerg technolog<equipment wordnetid="103294048" confidence="0.9508927676800064"><link ns0:type="simple" ns0:href="../698/1095698.xml">mill</link></equipment>preserv<link>packag</link><link ns0:type="simple" ns0:href="../965/4984965.xml">label</link>transport brought advantag time save food bulk ordinari peopl employ<link ns0:type="simple" ns0:href="../781/636781.xml">domest servant</link><ref ns0:type="simple" ns0:href="#xpointer(//reflist/entry[@id=%2230%22])" /></p><p>start centuri twotier structur arisen intern food process giant control wide rang wellknown food<link ns0:type="simple" ns0:href="../900/18950900.xml">brand</link>exist wide array small local nation food process compani<ref ns0:type="simple" ns0:href="#xpointer(//reflist/entry[@id=%2231%22])" />advanc<link ns0:type="simple" ns0:href="../816/29816.xml">technolog</link>chang food manufactur<link ns0:type="simple" ns0:href="../457/7878457.xml">comput</link>base<link ns0:type="simple" ns0:href="../473/275473.xml">control system</link>sophist<link ns0:type="simple" ns0:href="../960/602960.xml">process</link><link>packag</link>method<link ns0:type="simple" ns0:href="../547/77547.xml">logist</link><link ns0:type="simple" ns0:href="../257/508257.xml">distribut</link>advanc enhanc product<link ns0:type="simple" ns0:href="../455/12115455.xml">qualiti</link>improv<link ns0:type="simple" ns0:href="../588/8053588.xml">food safeti</link>reduc cost<ref ns0:type="simple" ns0:href="#xpointer(//reflist/entry[@id=%2230%22])" /></p></ss1></sec><sec><st>commerci trade</st><ss1><st>intern export import</st><p><image location="left" width="150px" src="2005food_import.PNG" type="thumb"><caption>food import</caption></image><institute wordnetid="108407330" confidence="0.8"><association wordnetid="108049401" confidence="0.8"><link ns0:type="simple" ns0:href="../309/33309.xml">bank</link></association></institute>report top food import distanc usa japan food<link ns0:type="simple" ns0:href="../678/29678.xml">trade</link>market global basi varieti avail food longer restrict divers local grown food limit local grow<link ns0:type="simple" ns0:href="../919/28919.xml">season</link><ref ns0:type="simple" ns0:href="#xpointer(//reflist/entry[@id=%2232%22])" />increas worldwid food<link ns0:type="simple" ns0:href="../592/307592.xml">export</link><ref ns0:type="simple" ns0:href="#xpointer(//reflist/entry[@id=%2233%22])" />countri econom depend food export case account export<ref ns0:type="simple" ns0:href="#xpointer(//reflist/entry[@id=%2234%22])" /></p><p>countri signatori<social_group wordnetid="107950920" confidence="0.8"><meeting wordnetid="108307589" confidence="0.8"><gathering wordnetid="107975026" confidence="0.8"><group wordnetid="100031264" confidence="0.8"><conference wordnetid="108308497" confidence="0.8"><link ns0:type="simple" ns0:href="../103/513103.xml">uruguay round</link></conference></group></gathering></meeting></social_group><link ns0:type="simple" ns0:href="../831/12831.xml">gener agreement tariff trade</link>dramat increas<link ns0:type="simple" ns0:href="../212/59212.xml">trade liber</link>includ agreement reduc subsidi paid farmer underpin<organization wordnetid="108008335" confidence="0.9508927676800064"><link ns0:type="simple" ns0:href="../873/33873.xml">wto</link></organization>enforc<link ns0:type="simple" ns0:href="../865/171865.xml">agricultur subsidi</link><link ns0:type="simple" ns0:href="../845/171845.xml">tariff</link>import<link ns0:type="simple" ns0:href="../684/8393684.xml">quota</link>settlement trade disput bilater resolv<ref ns0:type="simple" ns0:href="#xpointer(//reflist/entry[@id=%2235%22])" />trade barrier rais disput ground public health safeti wto refer disput<link ns0:type="simple" ns0:href="../939/1151939.xml">codex alimentariu</link>commiss found<link ns0:type="simple" ns0:href="../769/31769.xml">unit nation</link><link ns0:type="simple" ns0:href="../107/11107.xml">food agricultur organ</link>health organ trade liber greatli food trade<ref ns0:type="simple" ns0:href="#xpointer(//reflist/entry[@id=%2236%22])" /></p></ss1><ss1><st>market retail</st><p><image width="350px" src="Fredmeyer_edit_1.jpg" type="thumb"><caption>packag food aisl supermarket<village wordnetid="108672738" confidence="0.9508927676800064"><link ns0:type="simple" ns0:href="../503/23503.xml">portland oregon</link></village></caption></image></p><p><link ns0:type="simple" ns0:href="../317/8788317.xml">food market</link>bring produc consum chain activ bring food farm gate plate<ref ns0:type="simple" ns0:href="#xpointer(//reflist/entry[@id=%2237%22])" />market singl food product complic process involv produc compani exampl compani involv make<link ns0:type="simple" ns0:href="../153/198153.xml" />chicken noodl soup busi includ chicken veget processor compani transport ingredi print label manufactur can<ref ns0:type="simple" ns0:href="#xpointer(//reflist/entry[@id=%2238%22])" />food market system largest direct indirect nongovern employ unit</p><p>era sale surplu food place week farmer ware market day local<link ns0:type="simple" ns0:href="../509/53509.xml">villag</link><link ns0:type="simple" ns0:href="../385/507385.xml">market place</link>food sold<link ns0:type="simple" ns0:href="../468/343468.xml">grocer</link>sale local shop purchas local consum<ref ns0:type="simple" ns0:href="#xpointer(//reflist/entry[@id=%2213%22])" /><ref ns0:type="simple" ns0:href="#xpointer(//reflist/entry[@id=%2230%22])" />onset industri develop food process industri wider rang food sold distribut distant locat typic earli groceri shop<link ns0:type="simple" ns0:href="../647/7647.xml">counter</link>base shop purchas told shopkeep want shopkeep<ref ns0:type="simple" ns0:href="#xpointer(//reflist/entry[@id=%2213%22])" /><ref ns0:type="simple" ns0:href="#xpointer(//reflist/entry[@id=%2239%22])" /></p><p>centuri<link ns0:type="simple" ns0:href="../862/51862.xml">supermarket</link>born supermarket brought<link ns0:type="simple" ns0:href="../247/2378247.xml">servic</link>approach shop<link ns0:type="simple" ns0:href="../801/187801.xml">shop cart</link>offer qualiti food lower cost<link ns0:type="simple" ns0:href="../517/10517.xml">economi scale</link>reduc staf cost centuri revolution develop vast<link ns0:type="simple" ns0:href="../146/549146.xml">warehous</link>size outoftown supermarket sell wide rang food<ref ns0:type="simple" ns0:href="#xpointer(//reflist/entry[@id=%2240%22])" /></p><p>food processor food retail twotier market small number larg<link ns0:type="simple" ns0:href="../485/7485.xml">compani</link>control larg proport supermarket supermarket giant wield great purchas power farmer processor strong influenc consum ten percent consum spend food farmer larger percentag<link ns0:type="simple" ns0:href="../861/2861.xml">advertis</link><link ns0:type="simple" ns0:href="../879/18580879.xml">transport</link>intermedi corpor<ref ns0:type="simple" ns0:href="#xpointer(//reflist/entry[@id=%2241%22])" /></p></ss1><ss1><st>price</st><p>consum worldwid face rise food price report<link ns0:type="simple" ns0:href="../209/20209.xml">march</link><link ns0:type="simple" ns0:href="../825/35825.xml" />reason develop freak weather dramat chang<link ns0:type="simple" ns0:href="../265/1628265.xml">global economi</link>includ higher<link ns0:type="simple" ns0:href="../675/5137675.xml">oil price</link>lower food reserv grow consum demand<link ns0:type="simple" ns0:href="../862/5042862.xml">china</link><country wordnetid="108544813" confidence="0.9508927676800064"><link ns0:type="simple" ns0:href="../533/14533.xml">india</link></country>long term price expect stabil farmer will grow<link ns0:type="simple" ns0:href="../700/6700.xml">grain</link><link ns0:type="simple" ns0:href="../973/10973.xml">fuel</link>food eventu bring price happen<link ns0:type="simple" ns0:href="../858/36858.xml">wheat</link><link ns0:type="simple" ns0:href="../259/7500259.xml">crop</link>plant<body wordnetid="107965085" confidence="0.8"><social_group wordnetid="107950920" confidence="0.8"><political_orientation wordnetid="106212839" confidence="0.8"><colony wordnetid="108374049" confidence="0.8"><state wordnetid="108168978" confidence="0.8"><political_unit wordnetid="108359949" confidence="0.8"><group wordnetid="100031264" confidence="0.8"><democracy wordnetid="106217103" confidence="0.8"><link ns0:type="simple" ns0:href="../750/3434750.xml">unit</link></democracy></group></political_unit></state></colony></political_orientation></social_group></body><region wordnetid="108630039" confidence="0.9508927676800064"><link ns0:type="simple" ns0:href="../916/5042916.xml">canada</link></region><link ns0:type="simple" ns0:href="../239/9239.xml">europ</link><link ns0:type="simple" ns0:href="../107/11107.xml">food agricultur organ</link>project consum face expens food rare spike hit major food countri food price rose percent unit highest rise expect climb decemb countri face food crise impos sort control china price<link ns0:type="simple" ns0:href="../929/19719929.xml">pork</link>jump percent farm subsidi support program allow major grain export countri hold larg surplus tap food shortag price trade polici agricultur product respons market demand put global food reserv lowest<ref ns0:type="simple" ns0:href="#xpointer(//reflist/entry[@id=%2242%22])" /></p><p>food price rise wealthier asian consum western diet farmer nation third struggl pace year rapid growth contribut asian nation global fluid powder milk manufactur industri account product china account product consumpt global fruit veget process preserv industri trend evid industri soft drink bottl water manufactur well global cocoa chocol sugar confectioneri manufactur forecast grow respons soar demand china southeast asian market<ref ns0:type="simple" ns0:href="#xpointer(//reflist/entry[@id=%2243%22])" /></p></ss1></sec><sec><st>famin hunger</st><p><image width="150px" src="€2_commemorative_coin_Italy_2004.jpg" type="thumb" />food depriv lead malnutrit ultim<link ns0:type="simple" ns0:href="../891/215891.xml">starvat</link>connect<link ns0:type="simple" ns0:href="../329/51329.xml">famin</link>involv absenc food entir commun devast widespread human health mortal<link ns0:type="simple" ns0:href="../130/250130.xml">ration</link>distribut food time shortag notabl time war<ref ns0:type="simple" ns0:href="#xpointer(//reflist/entry[@id=%228%22])" /></p><p>starvat intern problem peopl undernourish children die day<ref ns0:type="simple" ns0:href="#xpointer(//reflist/entry[@id=%2244%22])" />food depriv regard deficit<work wordnetid="100575741" confidence="0.8"><examination wordnetid="100635850" confidence="0.8"><explanation wordnetid="105793000" confidence="0.8"><theory wordnetid="105989479" confidence="0.8"><process wordnetid="105701363" confidence="0.8"><relationship wordnetid="113780719" confidence="0.8"><thinking wordnetid="105770926" confidence="0.8"><event wordnetid="100029378" confidence="0.8"><survey wordnetid="100644503" confidence="0.8"><investigation wordnetid="100633864" confidence="0.8"><act wordnetid="100030358" confidence="0.8"><psychological_feature wordnetid="100023100" confidence="0.8"><activity wordnetid="100407535" confidence="0.8"><higher_cognitive_process wordnetid="105770664" confidence="0.8"><link ns0:type="simple" ns0:href="../131/163131.xml">maslow hierarchi</link></higher_cognitive_process></activity></psychological_feature></act></investigation></survey></event></thinking></relationship></process></theory></explanation></examination></work>measur<link ns0:type="simple" ns0:href="../611/2359611.xml">famin scale</link><ref ns0:type="simple" ns0:href="#xpointer(//reflist/entry[@id=%2245%22])" /></p><ss1><st>food aid</st><p><link ns0:type="simple" ns0:href="../551/1908551.xml">food aid</link>benefit peopl suffer shortag food improv peopl live short term societi increas standard live point food aid longer requir<ref ns0:type="simple" ns0:href="#xpointer(//reflist/entry[@id=%2246%22])" />convers badli manag food aid creat problem disrupt local market depress crop price discourag food product cycl food aid depend develop<ref ns0:type="simple" ns0:href="#xpointer(//reflist/entry[@id=%2247%22])" />provis threaten withdraw polit tool influenc polici destin countri strategi<link ns0:type="simple" ns0:href="../443/3867443.xml">food polit</link>food aid provis will requir type food purchas seller food aid misus enhanc market donor countri<ref ns0:type="simple" ns0:href="#xpointer(//reflist/entry[@id=%2248%22])" />intern effort distribut food countri coordin<administrative_unit wordnetid="108077292" confidence="0.8"><agency wordnetid="108337324" confidence="0.8"><link ns0:type="simple" ns0:href="../582/33582.xml">food programm</link></agency></administrative_unit><ref ns0:type="simple" ns0:href="#xpointer(//reflist/entry[@id=%2249%22])" /></p></ss1></sec><sec><st>safeti</st><p><indent level="1">main articl<link ns0:type="simple" ns0:href="../588/8053588.xml">food safeti</link></indent><image location="right" width="150px" src="SalmonellaNIAID.jpg" type="thumbnail"><caption>salmonella bacteria common foodborn ill chicken chicken egg</caption></image><link ns0:type="simple" ns0:href="../611/531611.xml">foodborn ill</link>commonli call food poison caus<link ns0:type="simple" ns0:href="../799/9028799.xml">bacteria</link><link ns0:type="simple" ns0:href="../740/23740.xml">toxin</link><link ns0:type="simple" ns0:href="../679/19167679.xml">viru</link><link ns0:type="simple" ns0:href="../937/43937.xml">parasit</link><link ns0:type="simple" ns0:href="../048/23048.xml" />roughli peopl die food poison year time suffer nonfat version<ref ns0:type="simple" ns0:href="#xpointer(//reflist/entry[@id=%2250%22])" />common factor lead case bacteri foodborn ill readytoeat food uncook food improp temperatur control commonli acut advers reaction occur chemic contamin food occur exampl improp storag nonfood grade soap disinfect food adulter wide rang articl foreign bodi farm manufactur cook packag distribut sale foreign bodi includ pest drop hair cigarett butt wood chip manner contamin type food contamin store present unsaf contain ceram pot glaze<ref ns0:type="simple" ns0:href="#xpointer(//reflist/entry[@id=%2250%22])" /><image location="left" width="150px" src="HACCP_Seven_Principles.png" type="thumbnail"><caption>hazard analysi critic control point haccp flowchart</caption></image></p><p><link ns0:type="simple" ns0:href="../611/531611.xml">food poison</link>recogn diseas man earli hippocr<ref ns0:type="simple" ns0:href="#xpointer(//reflist/entry[@id=%2251%22])" />sale<link ns0:type="simple" ns0:href="../711/198711.xml">rancid</link>contamin adulter food commonplac introduct<link ns0:type="simple" ns0:href="../020/147020.xml">hygien</link>refriger<link ns0:type="simple" ns0:href="../439/450439.xml">vermin</link>control centuri discoveri techniqu kill<link ns0:type="simple" ns0:href="../799/9028799.xml">bacteria</link><link ns0:type="simple" ns0:href="../167/19593167.xml">heat</link><link ns0:type="simple" ns0:href="../909/19909.xml">microbiolog</link>studi scientist<link ns0:type="simple" ns0:href="../740/17740.xml">loui pasteur</link>contribut modern sanit standard ubiquit develop nation today underpin work<person wordnetid="100007846" confidence="0.9508927676800064"><scientist wordnetid="110560637" confidence="0.9508927676800064"><link ns0:type="simple" ns0:href="../024/16024.xml">von</link></scientist></person>led develop modern<link ns0:type="simple" ns0:href="../032/292032.xml">food storag</link><link ns0:type="simple" ns0:href="../834/10834.xml">food preserv</link>method<ref ns0:type="simple" ns0:href="#xpointer(//reflist/entry[@id=%2252%22])" />year greater understand foodborn ill led develop systemat approach<link ns0:type="simple" ns0:href="../849/316849.xml">hazard analysi critic control point</link><link ns0:type="simple" ns0:href="../849/316849.xml">haccp</link>identifi elimin risk<ref ns0:type="simple" ns0:href="#xpointer(//reflist/entry[@id=%2253%22])" /></p><ss1><st>allergi</st><p><indent level="1">main articl<link ns0:type="simple" ns0:href="../350/679350.xml">food allergi</link></indent>peopl<link ns0:type="simple" ns0:href="../313/55313.xml">allergi</link>sensit food problemat peopl occur person<link ns0:type="simple" ns0:href="../958/14958.xml">immun system</link>mistak food protein harm foreign agent attack adult children food allergi<ref ns0:type="simple" ns0:href="#xpointer(//reflist/entry[@id=%2254%22])" />amount food substanc requir provok reaction suscept individu small instanc trace food air minut perceiv smell provok lethal reaction extrem sensit individu common food allergen<link ns0:type="simple" ns0:href="../152/13152.xml">gluten</link><link ns0:type="simple" ns0:href="../397/20397.xml">corn</link><link ns0:type="simple" ns0:href="../037/55037.xml">shellfish</link>mollusk<link ns0:type="simple" ns0:href="../602/55602.xml">peanut</link><link ns0:type="simple" ns0:href="../784/62784.xml">soy</link><ref ns0:type="simple" ns0:href="#xpointer(//reflist/entry[@id=%2254%22])" />allergen frequent produc symptom<link ns0:type="simple" ns0:href="../951/53951.xml">diarrhea</link><link ns0:type="simple" ns0:href="../023/643023.xml">rash</link>bloat<link ns0:type="simple" ns0:href="../183/8507183.xml">vomit</link>ing<link ns0:type="simple" ns0:href="../183/8507183.xml" />digest complaint develop half hour ingest<link ns0:type="simple" ns0:href="../859/58859.xml">allergen</link><ref ns0:type="simple" ns0:href="#xpointer(//reflist/entry[@id=%2254%22])" /></p><p>rare food allergi lead<link ns0:type="simple" ns0:href="../290/146290.xml">medic emerg</link><link ns0:type="simple" ns0:href="../240/74240.xml">anaphylact shock</link><link ns0:type="simple" ns0:href="../475/500475.xml">hypotens</link>low blood pressur loss conscious allergen associ type reaction<link ns0:type="simple" ns0:href="../602/55602.xml">peanut</link><link ns0:type="simple" ns0:href="../702/19159702.xml">latex</link>product induc reaction<ref ns0:type="simple" ns0:href="#xpointer(//reflist/entry[@id=%2254%22])" />initi treatment<link ns0:type="simple" ns0:href="../250/10250.xml">epinephrin</link>adrenalin carri patient form<link ns0:type="simple" ns0:href="../897/285897.xml" /><ref ns0:type="simple" ns0:href="#xpointer(//reflist/entry[@id=%2255%22])" /></p></ss1></sec><sec><st>diet</st><p><image location="right" width="150px" src="Baozi-Halal-label-2570.jpg" type="thumb"><caption>packag frozen food<link ns0:type="simple" ns0:href="../296/1907296.xml">steam cabbag bun</link><state wordnetid="108654360" confidence="0.9508927676800064"><link ns0:type="simple" ns0:href="../412/166412.xml">jiangsu</link></state>provinc china</caption></image></p><p><indent level="1">main articl<link ns0:type="simple" ns0:href="../924/639924.xml">diet nutrit</link></indent></p><ss1><st>cultur religi diet</st><p>dietari habit habitu decis person cultur choos food eat<ref ns0:type="simple" ns0:href="#xpointer(//reflist/entry[@id=%2256%22])" />human omnivor cultur hold food prefer food<link ns0:type="simple" ns0:href="../117/61117.xml">taboo</link>dietari choic defin cultur play role religion exampl<substance wordnetid="100020090" confidence="0.8"><diet wordnetid="107561112" confidence="0.8"><food wordnetid="100021265" confidence="0.8"><fare wordnetid="107560652" confidence="0.8"><link ns0:type="simple" ns0:href="../881/16881.xml">kosher food</link></fare></food></diet></substance>permit<link ns0:type="simple" ns0:href="../624/15624.xml">judaism</link><link ns0:type="simple" ns0:href="../855/414855.xml">halal</link><link ns0:type="simple" ns0:href="../945/83945.xml">food</link><link ns0:type="simple" ns0:href="../917/6037917.xml">islam</link>diet believ<ref ns0:type="simple" ns0:href="#xpointer(//reflist/entry[@id=%2257%22])" />addit dietari choic countri region characterist highli cultur<link ns0:type="simple" ns0:href="../656/6656.xml">cuisin</link></p><p><image location="left" width="150px" src="Kwashiorkor_6903.jpg" type="thumb"><caption>children photograph nigerian orphanag symptom malnutrit illustr hair symptomat kwashiorkor</caption></image></p></ss1><ss1><st>diet defici</st><p>dietari habit play role<link ns0:type="simple" ns0:href="../381/80381.xml">health</link><link ns0:type="simple" ns0:href="../221/8221.xml">mortal</link>human imbal consum fuel expend energi starvat excess reserv<link ns0:type="simple" ns0:href="../094/419094.xml">adipos</link>tissu bodi fat<ref ns0:type="simple" ns0:href="#xpointer(//reflist/entry[@id=%2258%22])" />poor intak vitamin miner lead<link ns0:type="simple" ns0:href="../072/8072.xml">diseas</link>farreach effect health instanc world popul risk develop<disease wordnetid="114070360" confidence="0.9508927676800064"><link ns0:type="simple" ns0:href="../028/2025028.xml">iodin defici</link></disease><ref ns0:type="simple" ns0:href="#xpointer(//reflist/entry[@id=%2259%22])" />estim children blind<link ns0:type="simple" ns0:href="../114/54114.xml">vitamin</link>defici<ref ns0:type="simple" ns0:href="#xpointer(//reflist/entry[@id=%2260%22])" /><link ns0:type="simple" ns0:href="../509/32509.xml">vitamin</link>defici<link ns0:type="simple" ns0:href="../266/28266.xml">scurvi</link><ref ns0:type="simple" ns0:href="#xpointer(//reflist/entry[@id=%2261%22])" /><link ns0:type="simple" ns0:href="../668/5668.xml">calcium</link><link ns0:type="simple" ns0:href="../106/54106.xml">vitamin</link><link ns0:type="simple" ns0:href="../318/23318.xml">phosphoru</link>interrel consumpt affect absorpt<link ns0:type="simple" ns0:href="../994/16994.xml">kwashiorkor</link><link ns0:type="simple" ns0:href="../521/556521.xml">marasmu</link>childhood disord caus lack dietari protein<ref ns0:type="simple" ns0:href="#xpointer(//reflist/entry[@id=%2262%22])" /></p></ss1><ss1><st>moral ethic health consciou diet</st><p>individu limit food eat reason moral habit instanc<link ns0:type="simple" ns0:href="../591/32591.xml">vegetarian</link>choos forgo food anim sourc vari degre choos healthier diet avoid sugar anim fat increas consumpt dietari fiber<link ns0:type="simple" ns0:href="../277/3277.xml">antioxid</link><ref ns0:type="simple" ns0:href="#xpointer(//reflist/entry[@id=%2263%22])" /><link ns0:type="simple" ns0:href="../435/56435.xml">obes</link>seriou problem western lead higher chanc develop<link ns0:type="simple" ns0:href="../276/69276.xml">heart diseas</link><link ns0:type="simple" ns0:href="../677/44677.xml">diabet</link>diseas<ref ns0:type="simple" ns0:href="#xpointer(//reflist/entry[@id=%2264%22])" />dietari habit influenc concern peopl impact health environ<link ns0:type="simple" ns0:href="../102/216102.xml">genet modifi food</link><ref ns0:type="simple" ns0:href="#xpointer(//reflist/entry[@id=%2265%22])" />concern impact industri farm<link ns0:type="simple" ns0:href="../862/766862.xml">grain</link><link ns0:type="simple" ns0:href="../438/174438.xml">anim welfar</link>human health<link ns0:type="simple" ns0:href="../630/9630.xml">environ</link>contemporari human dietari habit led emerg<link ns0:type="simple" ns0:href="../633/144633.xml">countercultur</link>prefer<link ns0:type="simple" ns0:href="../999/17345999.xml">organ</link><link ns0:type="simple" ns0:href="../373/233373.xml">local food</link><ref ns0:type="simple" ns0:href="#xpointer(//reflist/entry[@id=%2266%22])" /></p></ss1></sec><sec><st>nutrit</st><p><image width="250px" src="MyPyramid1.png" type="thumb" />extrem optim health death<link ns0:type="simple" ns0:href="../891/215891.xml">starvat</link><link ns0:type="simple" ns0:href="../979/258979.xml">malnutrit</link>array diseas caus allevi chang diet defici excess imbal diet produc neg impact health lead diseas<link ns0:type="simple" ns0:href="../266/28266.xml">scurvi</link><link ns0:type="simple" ns0:href="../435/56435.xml">obes</link><link ns0:type="simple" ns0:href="../461/22461.xml">osteoporosi</link>well psycholog behavior problem scienc nutrit attempt understand specif dietari aspect influenc health</p><p>nutrient food group categori macronutri fat protein carbohydr micronutri<link ns0:type="simple" ns0:href="../195/235195.xml">miner</link><link ns0:type="simple" ns0:href="../512/32512.xml">vitamin</link>addit food water<link ns0:type="simple" ns0:href="../554/66554.xml">dietari fiber</link></p></sec><sec><st>legal definit</st><p>countri list legal definit food countri list food item process partial process unprocess consumpt list item includ foodstuff includ substanc intend reason expect ingest<link ns0:type="simple" ns0:href="../482/682482.xml">human</link>addit foodstuff<link ns0:type="simple" ns0:href="../984/7984.xml">drink</link><link ns0:type="simple" ns0:href="../636/288636.xml">chew gum</link><link ns0:type="simple" ns0:href="../306/33306.xml">water</link>item process food item legal definit food item includ legal definit food includ<link ns0:type="simple" ns0:href="../930/14193930.xml">anim feed</link>live anim prepar sale<link ns0:type="simple" ns0:href="../784/3736784.xml">market</link>plant prior<link ns0:type="simple" ns0:href="../405/772405.xml">harvest</link>medicin product<link ns0:type="simple" ns0:href="../015/158015.xml">cosmet</link><link ns0:type="simple" ns0:href="../942/30942.xml">tobacco</link>tobacco product<link ns0:type="simple" ns0:href="../079/38079.xml">narcot</link><link ns0:type="simple" ns0:href="../887/87887.xml">substanc</link>residu<link ns0:type="simple" ns0:href="../872/24872.xml">contamin</link><ref ns0:type="simple" ns0:href="#xpointer(//reflist/entry[@id=%2267%22])" /></p></sec><sec><st /><p><list><entry level="1" type="bullet">list food</entry><entry level="1" type="bullet"><series wordnetid="108457976" confidence="0.8"><arrangement wordnetid="107938773" confidence="0.8"><knowledge_domain wordnetid="105999266" confidence="0.8"><ordering wordnetid="108456993" confidence="0.8"><group wordnetid="100031264" confidence="0.8"><discipline wordnetid="105996646" confidence="0.8"><link ns0:type="simple" ns0:href="../879/17461879.xml">contemporari food engin</link></discipline></group></ordering></knowledge_domain></arrangement></series></entry><entry level="1" type="bullet"><link ns0:type="simple" ns0:href="../369/17461369.xml">food bioprocess technolog</link></entry><entry level="1" type="bullet"><link ns0:type="simple" ns0:href="../192/5665192.xml">nonfood crop</link></entry><entry level="1" type="bullet"><event wordnetid="100029378" confidence="0.8"><behavior wordnetid="101220984" confidence="0.8"><act wordnetid="100030358" confidence="0.8"><psychological_feature wordnetid="100023100" confidence="0.8"><activity wordnetid="100407535" confidence="0.8"><link ns0:type="simple" ns0:href="../391/3237391.xml">optim forag theori</link></activity></psychological_feature></act></behavior></event></entry><entry level="1" type="bullet"><link ns0:type="simple" ns0:href="../621/12812621.xml">sustain food system</link></entry></list></p></sec><sec><st>note</st><p><table style="background:transparent; width:100%;" cellpadding="0" class=" multicol" cellspacing="0"><row><col align="left" width="50%" valign="top"><reflist><entry id="1">mcgee</entry><entry id="2">mcgee</entry><entry id="3">mcgee chapter</entry><entry id="4">mcgee chapter</entry><entry id="5">mcgee chapter</entry><entry id="6">davidson</entry><entry id="7">mason</entry><entry id="8">messer</entry><entry id="9">mead</entry><entry id="10">mcgee</entry><entry id="11">mcgee</entry><entry id="12">mcgee chapter</entry><entry id="13">mead</entry><entry id="14">mcgee</entry><entry id="15">mcgee</entry><entry id="17">davidson</entry><entry id="16">campbel</entry><entry id="19">mcgee</entry><entry id="18">mcgee</entry><entry id="21">asado argentina</entry><entry id="20">davidson</entry><entry id="23">davidson</entry><entry id="22">davidson</entry><entry id="25">davidson</entry><entry id="24">robuchon</entry><entry id="27">unit depart agricultur</entry><entry id="26">davidson</entry><entry id="29">miguel</entry><entry id="28">aguilera</entry><entry id="31">hannaford</entry><entry id="30" /><entry id="34"><link ns0:type="simple" ns0:href="../163/5163.xml">cia factbook</link></entry><entry id="35">trade organ uruguay round</entry><entry id="32">econom servic<agency wordnetid="108337324" confidence="0.9508927676800064"><link ns0:type="simple" ns0:href="../896/70896.xml">usda</link></agency></entry><entry id="33" /><entry id="38">smith</entry><entry id="39">benson</entry><entry id="36">van den</entry><entry id="37"><book wordnetid="106410904" confidence="0.9508927676800064"><link ns0:type="simple" ns0:href="../839/9299839.xml">market nutrit</link></book></entry><entry id="42">cnn food price rise march</entry><entry id="43"><weblink ns0:type="simple" ns0:href="http://www.ibisworld.com/newsletter/issues/us/08may/news.htm:">global trend food product consumpt china</weblink></entry><entry id="40" /><entry id="41">fred farmer share food dollar pay input cost steadili declin percent percent</entry><entry id="46">food programm</entry><entry id="47">shah</entry><entry id="44"><organization wordnetid="108008335" confidence="0.9508927676800064"><link ns0:type="simple" ns0:href="../583/33583.xml">health organ</link></organization></entry><entry id="45">howe</entry><entry id="51"><person wordnetid="100007846" confidence="0.9508927676800064"><doctor wordnetid="110020890" confidence="0.9173553029164789"><link ns0:type="simple" ns0:href="../486/13486.xml">hippocr</link></doctor></person></entry><entry id="50"><link ns0:type="simple" ns0:href="../174/46174.xml">nation institut health</link>medlineplu medic encyclopedia</entry><entry id="49">unit nation food program</entry><entry id="48">kripk</entry><entry id="55"><weblink ns0:type="simple" ns0:href="http://www.epipen.com/epipen_main.aspx" /></entry><entry id="54"><link ns0:type="simple" ns0:href="../174/46174.xml">nation institut health</link></entry><entry id="53">usda</entry><entry id="52" /><entry id="59">merson</entry><entry id="58" /><entry id="57" /><entry id="56" /><entry id="63">carpent</entry><entry id="62">merson</entry><entry id="61">merson</entry><entry id="60">merson</entry><entry id="64">merson</entry><entry id="65" /><entry id="66" /><entry id="67"><autocracy wordnetid="108361001" confidence="0.8"><system wordnetid="108435388" confidence="0.8"><social_group wordnetid="107950920" confidence="0.8"><political_orientation wordnetid="106212839" confidence="0.8"><monarchy wordnetid="108363812" confidence="0.8"><state wordnetid="108168978" confidence="0.8"><political_unit wordnetid="108359949" confidence="0.8"><political_system wordnetid="108367880" confidence="0.8"><economy wordnetid="108366753" confidence="0.8"><group wordnetid="100031264" confidence="0.8"><democracy wordnetid="106217103" confidence="0.8"><link ns0:type="simple" ns0:href="../717/31717.xml">unit kingdom</link></democracy></group></economy></political_system></political_unit></state></monarchy></political_orientation></social_group></system></autocracy><body wordnetid="105216365" confidence="0.8"><natural_object wordnetid="100019128" confidence="0.8"><link ns0:type="simple" ns0:href="../474/410474.xml">offic public sector</link></natural_object></body></entry></reflist></col><col align="left" width="50%" valign="top" /></row></table></p></sec><sec><st>refer</st><p><list><entry level="1" type="bullet">aguilera jose miguel david stanley microstructur principl food process engin springer isbn</entry><entry level="1" type="bullet">asado argentina asado argentina retriev</entry><entry level="1" type="bullet">campbel bernard grant human evolut introduct man adapt aldin transact isbn</entry><entry level="1" type="bullet">carpent ruth ann finley carri healthi eat day human kinet isbn</entry><entry level="1" type="bullet">davidson alan oxford companion food oxford univers press</entry><entry level="1" type="bullet">food agricultur organ unit nation food insecur retriev</entry><entry level="1" type="bullet">hannaford steve oligopoli watch top food compani retriev</entry><entry level="1" type="bullet">howe famin intens magnitud scale propos instrument definit famin</entry><entry level="1" type="bullet">kim shelf life supermarket chang cultur consumpt cambridg univers press isbn</entry><entry level="1" type="bullet">judith histori food twentyfirst centuri book isbn</entry><entry level="1" type="bullet">jurgen marshal anim feed nutrit kendal hunt isbn</entry><entry level="1" type="bullet">kripk food aid hidden dump oxfam retriev</entry><entry level="1" type="bullet">lawri stephen lawri lawri meat scienc publish isbn</entry><entry level="1" type="bullet">fred foster john bellami frederick hungri profit agribusi threat farmer food environ septemb isbn</entry><entry level="1" type="bullet">mason john sustain agricultur press isbn</entry><entry level="1" type="bullet">merson michael black robert mill ann intern public health diseas program system polici jone bartlett publish</entry><entry level="1" type="bullet">mcgee harold food cook scienc lore kitchen york simon schuster isbn</entry><entry level="1" type="bullet">mead margaret chang signific food carol penni van food cultur reader routledg isbn</entry><entry level="1" type="bullet">messer ellen deros lauri field sara millman hungri food shortag poverti depriv unit nation univers press isbn</entry><entry level="1" type="bullet">nation institut health food poison medlineplu medic encyclopedia<link ns0:type="simple" ns0:href="../452/19452.xml" /><link ns0:type="simple" ns0:href="../164/36164.xml" />retriev</entry><entry level="1" type="bullet">barbara endur exercis adipos tissu crc press isbn</entry><entry level="1" type="bullet">gmo handbook genet modifi anim microb plant biotechnolog humana press isbn</entry><entry level="1" type="bullet">anita structur global food consumpt trade market trade econom divis econom servic usda<link ns0:type="simple" ns0:href="../654/19654.xml" /><link ns0:type="simple" ns0:href="../551/34551.xml" />stock</entry><entry level="1" type="bullet">juliet taylor betsi editor sustain planet roadmap twentyfirst centuri beacon press isbn</entry><entry level="1" type="bullet">shah food dump aid maintain poverti poverti retriev</entry><entry level="1" type="bullet">frederick eat flesh food avoid prehistori isbn</entry><entry level="1" type="bullet">smith andrew editor food market oxford encyclopedia american food drink york oxford univers press</entry><entry level="1" type="bullet">econom servic usda global food market brief room retriev</entry><entry level="1" type="bullet">unit kingdom offic public sector food safeti retriev</entry><entry level="1" type="bullet">unit depart agricultur usda econom servic econom food farm natur resourc rural america brief room food cpi price expenditur food expenditur tabl retriev</entry><entry level="1" type="bullet">van den peter law polici trade organ text case materi cambridg univers press isbn</entry><entry level="1" type="bullet">food programm break poverti trap food aid retriev</entry><entry level="1" type="bullet">health organ global databas child growth malnutrit retriev</entry><entry level="1" type="bullet">trade organ uruguay round retriev</entry></list></p></sec></bdy></article>