<article xmlns:ns0="http://www.w3.org/1999/xlink"><header><title>margrit mondavi</title><id /><revision><id /><timestamp /><contributor><username>lightbot</username><id /></contributor></revision><categories><category>articl lack intext citat</category><category>articl need style edit</category><category>american winemak</category><category>live peopl</category><category>peopl napa counti california</category><category>swiss peopl</category><category>wikipedia articl need style edit septemb</category><category>articl weasel</category></categories></header><bdy><p><table class="metadata plainlinks ambox "><row><col>amboxcont style</col></row><row><col class="mbox-image"><p><image width="40x40px" src="Ambox_content.png" /></p></col><col style="" class="mbox-text">articl vagu phrase accompani statement septemb</col></row></table></p><p><table class="metadata plainlinks ambox "><row><col>amboxstyl style</col></row><row><col class="mbox-image"><p><image width="40x40px" src="Ambox_style.png" /></p></col><col style="" class="mbox-text">articl resembl help<weblink ns0:type="simple" ns0:href="http://localhost:18088/wiki/index.php?title=Margrit_Mondavi action=edit">improv articl</weblink>remov excess trivia irrelev prais critic list collect link septemb</col></row></table></p><p><table class="metadata plainlinks ambox "><row><col>amboxstyl style</col></row><row><col class="mbox-image"><p><image width="50px" src="Text_document_with_red_question_mark.svg" /></p></col><col style="" class="mbox-text">articl includ sourc remain unclear lack articl introduc precis citat august</col></row></table></p><p>margrit mondavi vice presid cultur affair<link ns0:type="simple" ns0:href="../025/685025.xml">robert mondavi wineri</link>pioneer woman modernday california wine industri join wineri pursu lifelong interest unit wine fine art music culinari artistri direct robert mondavi wineri develop origin cultur culinari art program benchmark wine creat painter sculptor photograph jazz classic musician great chef winemak robert mondavi</p><sec><st>childhood switzerland</st><p>nativ<region wordnetid="108630985" confidence="0.8"><region wordnetid="108630039" confidence="0.8"><administrative_district wordnetid="108491826" confidence="0.8"><location wordnetid="100027167" confidence="0.8"><canton wordnetid="108540770" confidence="0.8"><district wordnetid="108552138" confidence="0.8"><link ns0:type="simple" ns0:href="../171/365171.xml" /></district></canton></location></administrative_district></region></region><country wordnetid="108544813" confidence="0.9508927676800064"><link ns0:type="simple" ns0:href="../748/26748.xml">switzerland</link></country>margrit rais famili overlook<lake wordnetid="109328904" confidence="0.9508927676800064"><link ns0:type="simple" ns0:href="../615/708615.xml">lake maggior</link></lake>canton<canton wordnetid="108540770" confidence="0.9508927676800064"><link ns0:type="simple" ns0:href="../147/84147.xml" /></canton>margrit aesthet natur nurtur parent passion opera music good wine fine food year famili train<village wordnetid="108672738" confidence="0.9508927676800064"><link ns0:type="simple" ns0:href="../511/36511.xml">milan</link></village>even opera<event wordnetid="100029378" confidence="0.8"><musical_organization wordnetid="108246613" confidence="0.8"><social_event wordnetid="107288639" confidence="0.8"><show wordnetid="106619065" confidence="0.8"><orchestra wordnetid="108248157" confidence="0.8"><psychological_feature wordnetid="100023100" confidence="0.8"><attraction wordnetid="106615561" confidence="0.8"><link ns0:type="simple" ns0:href="../116/39116.xml">scala</link></attraction></psychological_feature></orchestra></show></social_event></musical_organization></event>mother fine cook avid garden father treasur wine cellar father brother sister appreci tell stori wine region vintag wine special margrit studi art art school switzerland professor student han hoffman</p></sec><sec><st>work mondavi wineri</st><p>margrit start work<link ns0:type="simple" ns0:href="../025/685025.xml">robert mondavi wineri</link>visitor frequent<link ns0:type="simple" ns0:href="../026/82026.xml">napa valley</link>dream wine art music food margrit work artist began sunday art arch accompani wine food gradual fine art program evolv statur hold today margrit encourag talent unknown artist support establish<physical_entity wordnetid="100001930" confidence="0.8"><person wordnetid="100007846" confidence="0.8"><intellectual wordnetid="109621545" confidence="0.8"><alumnus wordnetid="109786338" confidence="0.8"><causal_agent wordnetid="100007347" confidence="0.8"><painter wordnetid="110391653" confidence="0.8"><artist wordnetid="109812338" confidence="0.8"><scholar wordnetid="110557854" confidence="0.8"><printmaker wordnetid="110475687" confidence="0.8"><creator wordnetid="109614315" confidence="0.8"><link ns0:type="simple" ns0:href="../897/690897.xml">richard</link></creator></printmaker></scholar></artist></painter></causal_agent></alumnus></intellectual></person></physical_entity><physical_entity wordnetid="100001930" confidence="0.8"><person wordnetid="100007846" confidence="0.8"><good_person wordnetid="110138767" confidence="0.8"><intellectual wordnetid="109621545" confidence="0.8"><alumnus wordnetid="109786338" confidence="0.8"><causal_agent wordnetid="100007347" confidence="0.8"><painter wordnetid="110391653" confidence="0.8"><artist wordnetid="109812338" confidence="0.8"><saint wordnetid="110546850" confidence="0.8"><scholar wordnetid="110557854" confidence="0.8"><printmaker wordnetid="110475687" confidence="0.8"><creator wordnetid="109614315" confidence="0.8"><link ns0:type="simple" ns0:href="../481/306481.xml">wayn</link></creator></printmaker></scholar></saint></artist></painter></causal_agent></alumnus></intellectual></good_person></person></physical_entity><physical_entity wordnetid="100001930" confidence="0.8"><person wordnetid="100007846" confidence="0.8"><causal_agent wordnetid="100007347" confidence="0.8"><painter wordnetid="110391653" confidence="0.8"><artist wordnetid="109812338" confidence="0.8"><sculptor wordnetid="110566072" confidence="0.8"><printmaker wordnetid="110475687" confidence="0.8"><creator wordnetid="109614315" confidence="0.8"><link ns0:type="simple" ns0:href="../928/6526928.xml">nathan oliveira</link></creator></printmaker></sculptor></artist></painter></causal_agent></person></physical_entity></p></sec><sec><st>margrit found mondavi wineri summer music festiv</st><p>margrit found wineri popular<weblink ns0:type="simple" ns0:href="http://www.robertmondaviwinery.com/summerfest.asp">summer music festiv</weblink>benefit<weblink ns0:type="simple" ns0:href="http://www.napavalleysymphony.org">napa valley symphoni</weblink>concert seri host world recogn<link ns0:type="simple" ns0:href="../613/15613.xml">jazz</link><link ns0:type="simple" ns0:href="../168/26168.xml" /><link ns0:type="simple" ns0:href="../624/24624.xml">pop</link>artist headlin includ<person wordnetid="100007846" confidence="0.9508927676800064"><singer wordnetid="110599806" confidence="0.9173553029164789"><artist wordnetid="109812338" confidence="0.9508927676800064"><link ns0:type="simple" ns0:href="../350/50350.xml">ella fitzgerald</link></artist></singer></person><artist wordnetid="109812338" confidence="0.9508927676800064"><link ns0:type="simple" ns0:href="../183/154183.xml">harri belafont</link></artist><artist wordnetid="109812338" confidence="0.9508927676800064"><link ns0:type="simple" ns0:href="../669/232669.xml">toni bennett</link></artist>mondavi summer jazz festiv open fame orlean jazz band<region wordnetid="108630985" confidence="0.8"><area wordnetid="108497294" confidence="0.8"><location wordnetid="100027167" confidence="0.8"><association wordnetid="108049401" confidence="0.8"><club wordnetid="108227214" confidence="0.8"><scene wordnetid="108645963" confidence="0.8"><venue wordnetid="108677628" confidence="0.8"><link ns0:type="simple" ns0:href="../236/1571236.xml">preserv hall</link></venue></scene></club></association></location></area></region>contribut success napa valley symphoni annual donat margrit beauti valley beauti symphoni</p></sec><sec><st>winter classic concert mondavi wineri</st><p>festiv winter classic concert seri creat proce benefit local music organ<weblink ns0:type="simple" ns0:href="http://www.napavalleyoperahouse.org">napa valley opera</weblink>veronica rosa margrit small group dedic napa valley art lover form board director rebuild origin thcenturi opera hous citi napa organ fundrais event includ art auction opera hous aliv opera rais fund restor challeng grant margrit<link ns0:type="simple" ns0:href="../025/685025.xml">robert mondavi</link>renov opera hous open octob</p></sec><sec><st>margrit introduc cook class mondavi wineri</st><p>ten year wineri margrit introduc program cook class develop guest appreci great food pair fine wine introduc great chef franc great chef america respect culinari seri simpli great chef<link ns0:type="simple" ns0:href="../025/685025.xml">robert mondavi wineri</link></p><p>paint music wine food speak heart margrit honor sens memori emot rite tabl express human respect california wine program european chef<weblink ns0:type="simple" ns0:href="http://www.britannica.com/eb/topic-606285/Jean-Troisgros">paul jean</weblink>margrit great sens pride</p></sec><sec><st>margrit award win cookbook anni margrit</st><p><image width="150px" src="Annie_Margrit_Cover.jpg"><caption>anni margrit cookbook</caption></image></p><p>margrit daughter anni robert robert mondavi wineri execut chef releas collect recip stori call anni margrit recip stori robert mondavi kitchen ten speed press rave review earli team<link ns0:type="simple" ns0:href="../384/1774384.xml">cookbook award</link>best distinct best easi recip book categori</p></sec><sec><st>margrit robert mondavi philanthropi</st><p>marri<link ns0:type="simple" ns0:href="../025/685025.xml">robert mondavi</link>margrit travel uphold famili philosophi art contribut enhanc qualiti life coupl work found patron<body wordnetid="107965085" confidence="0.8"><social_group wordnetid="107950920" confidence="0.8"><company wordnetid="108058098" confidence="0.8"><group wordnetid="100031264" confidence="0.8"><administration wordnetid="108164585" confidence="0.8"><institution wordnetid="108053576" confidence="0.8"><link ns0:type="simple" ns0:href="../772/6075772.xml" /></institution></administration></group></company></social_group></body>american center wine food art margrit play key role secur downtown<link ns0:type="simple" ns0:href="../794/107794.xml">napa</link>locat center open novemb spark artist life citi</p><p>margrit robert substanti person gift<link ns0:type="simple" ns0:href="../924/31924.xml">univers california davi</link>establish robert mondavi institut wine food scienc launch<weblink ns0:type="simple" ns0:href="http://www.mondaviarts.org">robert margrit mondavi center perform art</weblink>open octob addit coupl continu support<private_school wordnetid="108411170" confidence="0.8"><school wordnetid="108276720" confidence="0.8"><senior_high_school wordnetid="108409617" confidence="0.8"><educational_institution wordnetid="108276342" confidence="0.8"><institution wordnetid="108053576" confidence="0.8"><link ns0:type="simple" ns0:href="../237/3352237.xml">school</link></institution></educational_institution></senior_high_school></school></private_school>art school napa grant instruct art student junior year high school</p></sec><sec><st>margrit work artist</st><p>work artist margrit choos crayon acryl paint media draw artifact inspir appli talent commerci design creat accessori design exclus robert mondavi wineri collect includ tabl kitchen linen wine sleev bottl robert mondavi wineri oliv oil wine vinegar item wineri</p></sec><sec><st>margrit mondavi accomplish linguist</st><p>accomplish linguist margrit translat husband speech intern audienc margrit enjoy bring famili cook ensur true celebr</p></sec><sec><st /><p><list><entry level="1" type="bullet"><body wordnetid="107965085" confidence="0.8"><social_group wordnetid="107950920" confidence="0.8"><company wordnetid="108058098" confidence="0.8"><group wordnetid="100031264" confidence="0.8"><administration wordnetid="108164585" confidence="0.8"><institution wordnetid="108053576" confidence="0.8"><link ns0:type="simple" ns0:href="../772/6075772.xml" /></institution></administration></group></company></social_group></body></entry><entry level="1" type="bullet"><private_school wordnetid="108411170" confidence="0.8"><school wordnetid="108276720" confidence="0.8"><senior_high_school wordnetid="108409617" confidence="0.8"><educational_institution wordnetid="108276342" confidence="0.8"><institution wordnetid="108053576" confidence="0.8"><link ns0:type="simple" ns0:href="../237/3352237.xml">school</link></institution></educational_institution></senior_high_school></school></private_school></entry><entry level="1" type="bullet"><link ns0:type="simple" ns0:href="../924/31924.xml">univers california davi</link></entry><entry level="1" type="bullet"><weblink ns0:type="simple" ns0:href="http://www.mondaviarts.org">robert margrit mondavi center perform art</weblink></entry></list></p></sec><sec><st>extern link</st><p><list><entry level="1" type="bullet"><weblink ns0:type="simple" ns0:href="http://www.robertmondaviwinery.com/home.asp">margrit mondavi</weblink></entry><entry level="1" type="bullet"><weblink ns0:type="simple" ns0:href="http://www.google.com/search?q=cache:-jjjQobfJlMJ:www.thewineman.com/mondavi_.htm+Frescobaldi+of+Tuscany,+Italy,+and+Se%C3%B1a+and+Caliterra+in+partnership+with+the+Eduardo+Chadwick+family+of+Vina+Errazuriz+in+Chile.+ hl=en gl=us ct=clnk cd=2">robert mondavi wineri</weblink></entry><entry level="1" type="bullet"><weblink ns0:type="simple" ns0:href="http://www.robertmondaviwinery.com/summerfest.asp">summer music festiv robert mondavi wineri</weblink></entry><entry level="1" type="bullet"><weblink ns0:type="simple" ns0:href="http://www.robertmondaviwinery.com/events_taste3.asp">tast confer robert mondavi wineri</weblink></entry><entry level="1" type="bullet"><weblink ns0:type="simple" ns0:href="http://www.artplusradio.org/podcasts/shows/Margrit_Mondavi_06062007.mp3">podcast mondavi talk summer jazz festiv interest art art</weblink></entry></list></p></sec></bdy></article>