<article xmlns:ns0="http://www.w3.org/1999/xlink"><actor confidence="0.9508927676800064" wordnetid="109765278"><header><title>albert mose</title><id /><revision><id /><timestamp /><contributor><username>lightmous</username><id /></contributor></revision><categories><category>sri lankan diaspora</category><category>wikipedia articl need style edit decemb</category><category>articl need style edit</category><category>live peopl</category><category>sri lankan televis actor</category><category>british televis actor</category></categories></header><bdy><template><name>infobox actor</name><parameters><image width="150px" src="Replace_this_image_male.svg"><caption>replac imag malesvg</caption></image><location><image width="22x20px" src="Flag_of_Sri_Lanka.svg"><caption>border</caption></image><country wordnetid="108544813" confidence="0.9508927676800064"><link ns0:type="simple" ns0:href="../750/26750.xml">sri lanka</link></country></location><name>albert mose</name><birthdate>decemb age</birthdate><imagesize /></parameters></template><table class="metadata plainlinks ambox "><row><col>amboxstyl style</col></row><row><col class="mbox-image"><p><image width="40x40px" src="Ambox_style.png" /></p></col><col style="" class="mbox-text">biograph articl written<weblink ns0:type="simple" ns0:href="http://localhost:18088/wiki/index.php?title=Albert_Moses action=edit">help improv</weblink>revis decemb</col></row></table><p>albert mose born decemb<link ns0:type="simple" ns0:href="../927/1048927.xml" />base<country wordnetid="108544813" confidence="0.9508927676800064"><link ns0:type="simple" ns0:href="../750/26750.xml">sri lanka</link></country>actor born<country wordnetid="108544813" confidence="0.9508927676800064"><link ns0:type="simple" ns0:href="../750/26750.xml">sri lanka</link></country>start act year ago india appear film produc direct india move africa documentari albert involv divers project film globe arguabl famou role singh sikh punjab india hit itv seri<link ns0:type="simple" ns0:href="../023/749023.xml">mind languag</link>late rest charact seri led<physical_entity wordnetid="100001930" confidence="0.8"><person wordnetid="100007846" confidence="0.8"><performer wordnetid="110415638" confidence="0.8"><causal_agent wordnetid="100007347" confidence="0.8"><actor wordnetid="109765278" confidence="0.8"><entertainer wordnetid="109616922" confidence="0.8"><link ns0:type="simple" ns0:href="../577/4151577.xml">barri evan</link></entertainer></actor></causal_agent></performer></person></physical_entity>role consid racial ethnic stereotyp includ pakistani muslim play<physical_entity wordnetid="100001930" confidence="0.8"><person wordnetid="100007846" confidence="0.8"><performer wordnetid="110415638" confidence="0.8"><causal_agent wordnetid="100007347" confidence="0.8"><actor wordnetid="109765278" confidence="0.8"><entertainer wordnetid="109616922" confidence="0.8"><link ns0:type="simple" ns0:href="../223/2415223.xml">dino</link></entertainer></actor></causal_agent></performer></person></physical_entity></p><p>albert play minor role film televis theatric product actor includ kirk dougla oliv reed sir john gielgud roger moor michael cain sean conneri charl danc kenneth william benni hill tim smith pamela stevenson diana rigg list accomplish film well media includ</p><p>theatr</p><p>freeway nation theatr britannica nation theatr dame diana rigg long march jerusalem watford theatr</p><p>film man king john houston film sean conneri michael cain christoph plummer spi love jame bond movi stand virgin soldier emi carri emmanuel rank indian doctor drummer girl emi awaken columbia pictur american werewolf london john landi movi great quest oliv reed pink floyd wall alan parker film jame bond movi undercov british agent india jungl book walt disney east east channel film scandal sir john pamela stevenson</p><p>televis queeni hollywood miniseri kirk dougla buse lwt loser lwt lack commun bbc play month british empir bbc seri warship bbc boy domin episod yorkshir televis children sun bbc play month bill brand episod thame televis rogu rock episod southern televis hors hous thame televis robin nest thame televis mind languag lwt sitcom fifti episod broadcast two compani lwt fuzz thame rag trade lwt thame well stori thame compani bbc murder rap bbc play today shoe string bbc garland bbc play month stay granada angel bbc fell thiev anglia chines detect bbc nice work bbc young heart atv bravo bbc jewel crown granada episod larg bbc sir sir bbc tandoori night channel comedi benni hill thame comedi boon central drama bill thame drama episod thame drama lytton diari thame drama twain thame comedi sherlock holm thame drama lucki sunil bbc drama dont wait bbc drama seri blue bird arena graham bbc drama crime monthli lwt docudrama anna lee lwt drama london burn lwt drama knock lwt drama casualti bbc drama bbc drama tiger bay bbc drama holbi citi bbc drama three episod</p><p>book publish tale india children book book poem poem</p><p>produc episod mind languag produc direct gabriella televis film produc locat malta host produc direct song danc talent contest varieti</p><p>written seventh command televis drama script written side side televis comedi script written dont talk stranger thriller televis script written joker televis drama</p><p>current includ volunt work capac chairman asian caribbean orient asian artist equiti governor school alban board director theatr alban member london region committe itv chairmanship lord david chairman alban film societi patron ivi trust children chariti voluntari teacher esol scheme oakland colleg teach english foreign student mind languag ironi committe member abbey field peopl voluntari worker alban hospit voluntari worker townsend school run film workshop children</p><p>mose knight order john</p><sec><st>extern link</st><p><list><entry level="1" type="bullet"><weblink ns0:type="simple" ns0:href="http://www.albertmoses.com/">offici websit</weblink></entry></list></p></sec></bdy></actor></article>