<article xmlns:ns0="http://www.w3.org/1999/xlink"><village confidence="0.9508927676800064" wordnetid="108672738"><city confidence="0.9511911446218017" wordnetid="108524735"><header><title>mirada california</title><id /><revision><id /><timestamp /><contributor><username /><id /></contributor></revision><categories><category>citi angel counti</category></categories></header><bdy><template><name>infobox settlement</name><parameters><blank1_name><link ns0:type="simple" ns0:href="../656/351656.xml">gni</link>featur</blank1_name><established_date3><link /><ref ns0:type="simple" ns0:href="#xpointer(//reflist/entry[@id=%227%22])" /></established_date3><elevation_ft /><area_land_km2 /><longd /><postal_code_type><link ns0:type="simple" ns0:href="../550/51550.xml">zip code</link></postal_code_type><seal_size /><longm /><timezone><link ns0:type="simple" ns0:href="../024/524024.xml">pst</link></timezone><longs /><leader_name1>andrea travi</leader_name1><leader_name>hal malkin<ref ns0:type="simple" ns0:href="#xpointer(//reflist/entry[@id=%226%22])" /></leader_name><utc_offset_DST /><settlement_type><link ns0:type="simple" ns0:href="../391/5391.xml">citi</link></settlement_type><population_density_sq_mi /><area_total_sq_mi /><official_name>citi mirada</official_name><blank_name><link ns0:type="simple" ns0:href="../113/11113.xml">fip code</link></blank_name><image_seal /><lats /><map_caption>locat mirada angel counti california</map_caption><population_as_of /><population_density_km2 /><latd /><population_total /><postal_code><ref ns0:type="simple" ns0:href="#xpointer(//reflist/entry[@id=%229%22])" /></postal_code><motto>dedic servic</motto><elevation_m /><latm /><area_land_sq_mi /><area_code><area_code wordnetid="106354626" confidence="0.8"><written_communication wordnetid="106349220" confidence="0.8"><writing wordnetid="106359877" confidence="0.8"><code wordnetid="106353934" confidence="0.8"><coding_system wordnetid="106353757" confidence="0.8"><link ns0:type="simple" ns0:href="../945/1982945.xml" /></coding_system></code></writing></written_communication></area_code><link ns0:type="simple" ns0:href="../327/1597327.xml" /><ref ns0:type="simple" ns0:href="#xpointer(//reflist/entry[@id=%2210%22])" /></area_code><subdivision_type><link ns0:type="simple" ns0:href="../040/1779040.xml">countri</link></subdivision_type><leader_title1><link ns0:type="simple" ns0:href="../524/159524.xml">citi manag</link></leader_title1><blank1_info /><subdivision_type2><link ns0:type="simple" ns0:href="../884/63884.xml">counti</link></subdivision_type2><subdivision_type1><subdivision wordnetid="108674251" confidence="0.8"><region wordnetid="108630985" confidence="0.8"><location wordnetid="100027167" confidence="0.8"><tract wordnetid="108673395" confidence="0.8"><geographical_area wordnetid="108574314" confidence="0.8"><link ns0:type="simple" ns0:href="../321/445321.xml" /></geographical_area></tract></location></region></subdivision></subdivision_type1><blank_info /><longEW /><timezone_DST>pdt</timezone_DST><subdivision_name><body wordnetid="107965085" confidence="0.8"><social_group wordnetid="107950920" confidence="0.8"><political_orientation wordnetid="106212839" confidence="0.8"><colony wordnetid="108374049" confidence="0.8"><state wordnetid="108168978" confidence="0.8"><political_unit wordnetid="108359949" confidence="0.8"><group wordnetid="100031264" confidence="0.8"><democracy wordnetid="106217103" confidence="0.8"><link ns0:type="simple" ns0:href="../750/3434750.xml">unit</link></democracy></group></political_unit></state></colony></political_orientation></social_group></body></subdivision_name><area_water_percent /><latNS /><population_footnotes><ref ns0:type="simple" ns0:href="#xpointer(//reflist/entry[@id=%228%22])" /></population_footnotes><website><weblink ns0:type="simple" ns0:href="http://www.cityoflamirada.org/" /></website><area_water_sq_mi /><established_title3>incorpor citi</established_title3><area_water_km2 /><mapsize>xpx</mapsize><utc_offset /><leader_title><link ns0:type="simple" ns0:href="../146/101146.xml">mayor</link></leader_title><area_total_km2 /><subdivision_name1><country wordnetid="108544813" confidence="0.9508927676800064"><link ns0:type="simple" ns0:href="../407/5407.xml">california</link></country></subdivision_name1><subdivision_name2><county wordnetid="108546183" confidence="0.9508927676800064"><link ns0:type="simple" ns0:href="../734/79734.xml">angel</link></county></subdivision_name2></parameters></template><p>mirada citi<county wordnetid="108546183" confidence="0.9508927676800064"><link ns0:type="simple" ns0:href="../734/79734.xml">angel counti california</link></county><ref ns0:type="simple" ns0:href="#xpointer(//reflist/entry[@id=%221%22])" /><ref ns0:type="simple" ns0:href="#xpointer(//reflist/entry[@id=%222%22])" /><country wordnetid="108544813" confidence="0.9508927676800064"><link ns0:type="simple" ns0:href="../407/5407.xml">california</link></country><body wordnetid="107965085" confidence="0.8"><social_group wordnetid="107950920" confidence="0.8"><political_orientation wordnetid="106212839" confidence="0.8"><colony wordnetid="108374049" confidence="0.8"><state wordnetid="108168978" confidence="0.8"><political_unit wordnetid="108359949" confidence="0.8"><group wordnetid="100031264" confidence="0.8"><democracy wordnetid="106217103" confidence="0.8"><link ns0:type="simple" ns0:href="../750/3434750.xml">unit</link></democracy></group></political_unit></state></colony></political_orientation></social_group></body>popul censu</p><p>best<university wordnetid="108286163" confidence="0.9508927676800064"><link ns0:type="simple" ns0:href="../358/1136358.xml">univers</link></university><link ns0:type="simple" ns0:href="../358/1136358.xml">bibl institut angel</link><link ns0:type="simple" ns0:href="../370/10370.xml">evangel christian</link>institut higher educ mirada theatr perform art entertain produc music season compani includ<person wordnetid="100007846" confidence="0.9508927676800064"><actress wordnetid="109767700" confidence="0.9173553029164789"><link ns0:type="simple" ns0:href="../977/1577977.xml">cathi</link></actress></person>star stage product peter pan</p><p>splash aquat center grand open celebr novemb center includ meter pool yard pool fun area titl buccan bay three water slide lazi river</p><p>citi mirada name best place live cnn money magazin mirada list mirada theatr perform art splash mirada region aquat center main attribut list featur citi citizen popul<link ns0:type="simple" ns0:href="../626/465626.xml">caucasian</link>california nomin citi make list nomin base data low crime rate educ score popul growth access hous afford school qualiti art leisur opportun racial divers</p><sec><st>histori</st><p>mirada gaze creation men<physical_entity wordnetid="100001930" confidence="0.8"><person wordnetid="100007846" confidence="0.8"><immigrant wordnetid="110199489" confidence="0.8"><migrant wordnetid="110314952" confidence="0.8"><traveler wordnetid="109629752" confidence="0.8"><causal_agent wordnetid="100007347" confidence="0.8"><link ns0:type="simple" ns0:href="../378/17857378.xml">andrew mcnalli</link></causal_agent></traveler></migrant></immigrant></person></physical_entity>printer chicago<company wordnetid="108058098" confidence="0.9508927676800064"><link ns0:type="simple" ns0:href="../452/385452.xml">rand mcnalli</link></company>soninlaw edwin</p><p>mcnalli purchas acr rancho coyot south<village wordnetid="108672738" confidence="0.9508927676800064"><link ns0:type="simple" ns0:href="../706/107706.xml">whittier</link></village>develop acr call<link>ranch</link>surround oliv orang lemon grove mcnalli built plant process oliv oil best qualiti well railroad station stage road oliv oil fruit ship</p><p>mcnalli form mirada land compani publish booklet entitl countri gentleman california advertis parcel land sale includ pictur map descript scenic oliv alfalfa lemon grapefruit grove</p><p>station station descript santa rout southwest describ mirada popul surround orang lemon walnut oliv grove oil well oliv oil factori fruit pack hous</p><p>land sold subdivis dollar largest real estat transact california year citi incorpor mirada grown mere home citi incorpor mirada hill<link ns0:type="simple" ns0:href="../210/20210.xml">march</link><link ns0:type="simple" ns0:href="../664/34664.xml" /><link ns0:type="simple" ns0:href="../759/21759.xml">novemb</link>voter approv chang current mirada offici certifi<link ns0:type="simple" ns0:href="../jki/8145_V$alujki.xml">decemb</link></p><p>husband wife kill plane crash<radio_station wordnetid="104044119" confidence="0.9508927676800064"><link ns0:type="simple" ns0:href="../914/574914.xml">kfi</link></radio_station>radio tower mirada sunday<link ns0:type="simple" ns0:href="../848/8848.xml">decemb</link><link ns0:type="simple" ns0:href="../524/35524.xml" /></p></sec><sec><st>geographi</st><p>mirada locat<weblink ns0:type="simple" ns0:href="http://stable.toolserver.org/geohack/geohack.php?pagename=La_Mirada%2C_California params=33_54_8_N_118_0_35_W_city" /><ref ns0:type="simple" ns0:href="#xpointer(//reflist/entry[@id=%223%22])" /><agency wordnetid="108337324" confidence="0.9508927676800064"><link ns0:type="simple" ns0:href="../070/57070.xml">unit censu bureau</link></agency>citi total area<link ns0:type="simple" ns0:href="../760/72760.xml" /><link ns0:type="simple" ns0:href="../945/88945.xml" />land water citi border orang angel counti citi border<village wordnetid="108672738" confidence="0.9508927676800064"><link ns0:type="simple" ns0:href="../812/107812.xml">fullerton</link></village><village wordnetid="108672738" confidence="0.9508927676800064"><link ns0:type="simple" ns0:href="../815/107815.xml" /></village>east<village wordnetid="108672738" confidence="0.9508927676800064"><link ns0:type="simple" ns0:href="../806/107806.xml">buena park</link></village>south<village wordnetid="108672738" confidence="0.9508927676800064"><link ns0:type="simple" ns0:href="../664/107664.xml">norwalk</link></village><village wordnetid="108672738" confidence="0.9508927676800064"><link ns0:type="simple" ns0:href="../680/107680.xml">santa spring</link></village>west unincorpor area angel counti small portion orang counti north</p></sec><sec><st>demograph</st><p><link ns0:type="simple" ns0:href="../889/6889.xml">censu</link><ref ns0:type="simple" ns0:href="#xpointer(//reflist/entry[@id=%224%22])" />peopl household famili resid citi<link ns0:type="simple" ns0:href="../608/128608.xml">popul densiti</link>hous unit averag densiti racial makeup citi<link ns0:type="simple" ns0:href="../285/273285.xml">white</link><link ns0:type="simple" ns0:href="../285/273285.xml">black</link><link ns0:type="simple" ns0:href="../285/273285.xml">african american</link><link ns0:type="simple" ns0:href="../285/273285.xml">american indian</link><link ns0:type="simple" ns0:href="../285/273285.xml">asian</link><link ns0:type="simple" ns0:href="../285/273285.xml">pacif island</link><link ns0:type="simple" ns0:href="../285/273285.xml">race</link>race popul<link ns0:type="simple" ns0:href="../667/1007667.xml">hispan</link><link ns0:type="simple" ns0:href="../285/273285.xml">latino</link>race</p><p>household children age live<link ns0:type="simple" ns0:href="../728/19728.xml">marri coupl</link>live femal household husband nonfamili household individu live year age older averag household size averag famili size</p><p>citi popul spread age year age older median age year femal male femal age male</p><p>median incom household citi median incom famili male median incom versu femal<link ns0:type="simple" ns0:href="../893/23893.xml">capita incom</link>citi famili popul<link ns0:type="simple" ns0:href="../584/170584.xml">poverti</link>includ age age</p></sec><sec><st>polit</st><p><legislature wordnetid="108163273" confidence="0.9508927676800064"><link ns0:type="simple" ns0:href="../922/425922.xml">legislatur</link></legislature>mirada locat<legislature wordnetid="108163273" confidence="0.9508927676800064"><link ns0:type="simple" ns0:href="../070/476070.xml">senat</link></legislature>district repres<party wordnetid="108256968" confidence="0.9508927676800064"><link ns0:type="simple" ns0:href="../544/5043544.xml">democrat</link></party><physical_entity wordnetid="100001930" confidence="0.8"><politician wordnetid="110451263" confidence="0.8"><person wordnetid="100007846" confidence="0.8"><leader wordnetid="109623038" confidence="0.8"><causal_agent wordnetid="100007347" confidence="0.8"><senator wordnetid="110578471" confidence="0.8"><lawgiver wordnetid="110249270" confidence="0.8"><legislator wordnetid="110253995" confidence="0.8"><link ns0:type="simple" ns0:href="../196/8714196.xml">ronald calderon</link></legislator></lawgiver></senator></causal_agent></leader></person></politician></physical_entity><legislature wordnetid="108163273" confidence="0.9508927676800064"><link ns0:type="simple" ns0:href="../068/476068.xml">assembl</link></legislature>district repres<party wordnetid="108256968" confidence="0.9508927676800064"><link ns0:type="simple" ns0:href="../070/32070.xml">republican</link></party><representative wordnetid="110522035" confidence="0.9508927676800064"><link ns0:type="simple" ns0:href="../794/4458794.xml">bob huff</link></representative>feder mirada locat<district wordnetid="108552138" confidence="0.9508927676800064"><link ns0:type="simple" ns0:href="../216/5614216.xml">california congression district</link></district><region wordnetid="108630985" confidence="0.8"><location wordnetid="100027167" confidence="0.8"><district wordnetid="108552138" confidence="0.8"><link ns0:type="simple" ns0:href="../484/1123484.xml">cook</link></district></location></region><ref ns0:type="simple" ns0:href="#xpointer(//reflist/entry[@id=%225%22])" />repres democrat<link>linda snchez</link></p><p>presidenti elect mirada statist republican area counti resid vote presid<president wordnetid="110468559" confidence="0.9508927676800064"><person wordnetid="100007846" confidence="0.9508927676800064"><businessperson wordnetid="109882716" confidence="0.9173553029164789"><link ns0:type="simple" ns0:href="../021/3414021.xml">georg bush</link></businessperson></person></president><person wordnetid="100007846" confidence="0.9508927676800064"><vice_president wordnetid="110751265" confidence="0.9508927676800064"><link ns0:type="simple" ns0:href="../706/5042706.xml">gore</link></vice_president></person>citi remain conserv area counti central presenc conserv<link ns0:type="simple" ns0:href="../370/10370.xml">evangel</link>colleg univers mayor steve jone</p></sec><sec><st>emerg servic</st><p>fire protect mirada provid<division wordnetid="108220714" confidence="0.8"><administrative_unit wordnetid="108077292" confidence="0.8"><government_department wordnetid="108119821" confidence="0.8"><department wordnetid="108114861" confidence="0.8"><fire_department wordnetid="108121117" confidence="0.8"><local_department wordnetid="108120384" confidence="0.8"><link ns0:type="simple" ns0:href="../063/2202063.xml">angel counti fire depart</link></local_department></fire_department></department></government_department></administrative_unit></division>ambul transport<company wordnetid="108058098" confidence="0.9508927676800064"><link ns0:type="simple" ns0:href="../237/6901237.xml">care ambul servic</link></company><law_enforcement_agency wordnetid="108348815" confidence="0.9508927676800064"><link ns0:type="simple" ns0:href="../083/359083.xml">angel counti sheriff depart</link></law_enforcement_agency>law enforc construct aquat center expans mirada sheriff station complet locat civic center event major disast mirada volunt provid real time commun support law enforc life save agenc amateur ham radio</p></sec><sec><st>notabl resid</st><p><list><entry level="1" type="bullet"><artist wordnetid="109812338" confidence="0.9508927676800064"><link ns0:type="simple" ns0:href="../841/1800841.xml">gari allan</link></artist>countri singer</entry><entry level="1" type="bullet"><link>jacquelin castillo</link>softbal player</entry><entry level="1" type="bullet"><person wordnetid="100007846" confidence="0.9508927676800064"><official wordnetid="110372373" confidence="0.9173553029164789"><teacher wordnetid="110694258" confidence="0.9173553029164789"><link ns0:type="simple" ns0:href="../921/5888921.xml">toni</link></teacher></official></person>nfl refere</entry><entry level="1" type="bullet"><physical_entity wordnetid="100001930" confidence="0.8"><peer wordnetid="109626238" confidence="0.8"><person wordnetid="100007846" confidence="0.8"><player wordnetid="110439851" confidence="0.8"><contestant wordnetid="109613191" confidence="0.8"><participant wordnetid="110401829" confidence="0.8"><winner wordnetid="110782940" confidence="0.8"><causal_agent wordnetid="100007347" confidence="0.8"><medalist wordnetid="110305062" confidence="0.8"><associate wordnetid="109816771" confidence="0.8"><link ns0:type="simple" ns0:href="../143/704143.xml">jenni finch</link></associate></medalist></causal_agent></winner></participant></contestant></player></person></peer></physical_entity>olymp softbal player</entry><entry level="1" type="bullet"><musician wordnetid="110340312" confidence="0.9173553029164789"><artist wordnetid="109812338" confidence="0.9508927676800064"><link ns0:type="simple" ns0:href="../917/17148917.xml">eddi glass</link></artist></musician>rock musician<group wordnetid="100031264" confidence="0.8"><link ns0:type="simple" ns0:href="../456/2415456.xml">nebula</link></group></entry><entry level="1" type="bullet"><actor wordnetid="109765278" confidence="0.9508927676800064"><link ns0:type="simple" ns0:href="../945/1673945.xml">eric winter</link></actor>actor<link ns0:type="simple" ns0:href="../081/100081.xml">day live</link></entry><entry level="1" type="bullet"><pet wordnetid="101318894" confidence="0.8"><natural_object wordnetid="100019128" confidence="0.8"><celestial_body wordnetid="109239740" confidence="0.8"><star wordnetid="109444100" confidence="0.8"><animal wordnetid="100015388" confidence="0.8"><link ns0:type="simple" ns0:href="../363/972363.xml">janin</link></animal></star></celestial_body></natural_object></pet>american<link ns0:type="simple" ns0:href="../201/1007201.xml">exot dancer</link>adult film actress</entry><entry level="1" type="bullet"><cricketer wordnetid="109977326" confidence="0.9508927676800064"><link ns0:type="simple" ns0:href="../095/3597095.xml">johnni martin</link></cricketer>musician<group wordnetid="100031264" confidence="0.8"><link ns0:type="simple" ns0:href="../790/8067790.xml">chelsea smile</link></group></entry></list></p></sec><sec><st>refer</st><p><reflist><entry id="1"><weblink ns0:type="simple" ns0:href="http://www.csac.counties.org/default.asp?id=49">citi counti</weblink>california associ counti</entry><entry id="2"><weblink ns0:type="simple" ns0:href="http://www.cityoflamirada.org/factsht.htm">citi mirada web site fact sheet</weblink></entry><entry id="3"><weblink ns0:type="simple" ns0:href="http://www.census.gov/geo/www/gazetteer/gazette.html">gazett file</weblink><agency wordnetid="108337324" confidence="0.9508927676800064"><link ns0:type="simple" ns0:href="../070/57070.xml">unit censu bureau</link></agency><link />retriev<link /></entry><entry id="4"><weblink ns0:type="simple" ns0:href="http://factfinder.census.gov">american factfind</weblink><agency wordnetid="108337324" confidence="0.9508927676800064"><link ns0:type="simple" ns0:href="../070/57070.xml">unit censu bureau</link></agency>retriev<link /></entry><entry id="5"><weblink ns0:type="simple" ns0:href="http://www.clcblog.org/blog_item-85.html">will district stem wave voter unrest</weblink>campaign legal center blog retriev<link /></entry><entry id="6"><weblink ns0:type="simple" ns0:href="http://www.cityoflamirada.org/citycouncil.htm">citi council</weblink>retriev<link /></entry><entry id="7"><weblink ns0:type="simple" ns0:href="http://www.cacities.org/resource_files/20457.IncorpDateLO.doc">incorpor date california citi</weblink>doc retriev<link /></entry><entry id="8"><weblink ns0:type="simple" ns0:href="http://www.cityoflamirada.org/Jobs_07/RedevelopManager2.pdf">mirada redevelop manag applic</weblink>pdf retriev<link /></entry><entry id="9"><weblink ns0:type="simple" ns0:href="http://zip4.usps.com/zip4/zcl_1_results.jsp?visited=1 pagenumber=0 state=ca city=La%20Mirada">usp zip code lookup find zip code citi</weblink>retriev<link /></entry><entry id="10"><weblink ns0:type="simple" ns0:href="http://www.nanpa.com/nas/public/npa_city_query_step2.do?method=displayData cityToNpaModel.stateAbbr=CA cityToNpaModel.city=La%20Mirada">number administr system npa search</weblink>retriev<link /></entry></reflist></p></sec><sec><st>extern link</st><p><list><entry level="1" type="bullet"><weblink ns0:type="simple" ns0:href="http://www.cityoflamirada.org/">mirada offici websit</weblink></entry><entry level="1" type="bullet"><weblink ns0:type="simple" ns0:href="http://lacdcs.com/station-end-page-4.html">counti disast commun servic norwalk station</weblink></entry><entry level="1" type="bullet"><weblink ns0:type="simple" ns0:href="http://www.lamiradahighschool.com/">mirada high school offici site</weblink></entry><entry level="1" type="bullet"><weblink ns0:type="simple" ns0:href="http://www.ourlamirada.com/">pictur school church shop center</weblink></entry></list></p><p><list><entry level="1" type="bullet">mirada california coordin<weblink ns0:type="simple" ns0:href="http://stable.toolserver.org/geohack/geohack.php?pagename=La_Mirada%2C_California params=33.90213_N_-118.009663_E_type:city_region:US title=La+Mirada%2C+California">xfeff mirada california</weblink><link ns0:type="simple" ns0:href="../361/48361.xml">coordin</link><weblink ns0:type="simple" ns0:href="http://stable.toolserver.org/geohack/geohack.php?pagename=La_Mirada%2C_California params=33.90213_N_-118.009663_E_type:city_region:US title=La+Mirada%2C+California">xfeff mirada california</weblink></entry></list></p><p><table style=";" class="navbox" cellspacing="0"><row><col style="padding:2px;"><table style="width:100%;background:transparent;color:inherit;;" class="nowraplinks collapsible autocollapse " cellspacing="0"><row><header colspan="3" style=";background:#ffc94b;" class="navbox-title">municip commun<county wordnetid="108546183" confidence="0.9508927676800064"><link ns0:type="simple" ns0:href="../734/79734.xml">angel counti</link></county><country wordnetid="108544813" confidence="0.9508927676800064"><link ns0:type="simple" ns0:href="../407/5407.xml">california</link></country></header></row><row style="height:2px;" /><row><col colspan="3" style=";background:#ffc94b;" class="navbox-abovebelow"><link ns0:type="simple" ns0:href="../509/51509.xml">counti seat</link><village wordnetid="108672738" confidence="0.9508927676800064"><link ns0:type="simple" ns0:href="../110/18110.xml">angel</link></village></col></row><row style="height:2px;" /><row><col style=";background:#ffc94b;;" class="navbox-group"><link ns0:type="simple" ns0:href="../608/18614608.xml">citi</link></col><col style="text-align:left;border-left:2px solid #fdfdfd;width:100%;padding:0px;;;" class="navbox-list navbox-odd"><p><village wordnetid="108672738" confidence="0.9508927676800064"><link ns0:type="simple" ns0:href="../594/107594.xml">hill</link></village><village wordnetid="108672738" confidence="0.9508927676800064"><link ns0:type="simple" ns0:href="../595/107595.xml">alhambra</link></village><village wordnetid="108672738" confidence="0.9508927676800064"><link ns0:type="simple" ns0:href="../598/107598.xml">arcadia</link></village><village wordnetid="108672738" confidence="0.9508927676800064"><link ns0:type="simple" ns0:href="../599/107599.xml" /></village><village wordnetid="108672738" confidence="0.9508927676800064"><link ns0:type="simple" ns0:href="../600/107600.xml">avalon</link></village><social_group wordnetid="107950920" confidence="0.8"><gathering wordnetid="107975026" confidence="0.8"><community wordnetid="108223802" confidence="0.8"><group wordnetid="100031264" confidence="0.8"><link ns0:type="simple" ns0:href="../602/107602.xml" /></group></community></gathering></social_group><village wordnetid="108672738" confidence="0.9508927676800064"><link ns0:type="simple" ns0:href="../603/107603.xml">baldwin park</link></village><village wordnetid="108672738" confidence="0.9508927676800064"><link ns0:type="simple" ns0:href="../604/107604.xml">bell</link></village><village wordnetid="108672738" confidence="0.9508927676800064"><link ns0:type="simple" ns0:href="../605/107605.xml">bell garden</link></village><village wordnetid="108672738" confidence="0.9508927676800064"><link ns0:type="simple" ns0:href="../606/107606.xml" /></village><village wordnetid="108672738" confidence="0.9508927676800064"><link ns0:type="simple" ns0:href="../346/75346.xml">beverli hill</link></village><village wordnetid="108672738" confidence="0.9508927676800064"><link ns0:type="simple" ns0:href="../607/107607.xml">bradburi</link></village><village wordnetid="108672738" confidence="0.9508927676800064"><link ns0:type="simple" ns0:href="../608/107608.xml">burbank</link></village><village wordnetid="108672738" confidence="0.9508927676800064"><link ns0:type="simple" ns0:href="../007/79007.xml" /></village><village wordnetid="108672738" confidence="0.9508927676800064"><link ns0:type="simple" ns0:href="../609/107609.xml">carson</link></village><village wordnetid="108672738" confidence="0.9508927676800064"><link ns0:type="simple" ns0:href="../610/107610.xml" /></village><village wordnetid="108672738" confidence="0.9508927676800064"><link ns0:type="simple" ns0:href="../613/107613.xml">claremont</link></village><village wordnetid="108672738" confidence="0.9508927676800064"><link ns0:type="simple" ns0:href="../614/107614.xml">commerc</link></village><village wordnetid="108672738" confidence="0.9508927676800064"><link ns0:type="simple" ns0:href="../615/107615.xml">compton</link></village><village wordnetid="108672738" confidence="0.9508927676800064"><link ns0:type="simple" ns0:href="../616/107616.xml" /></village><village wordnetid="108672738" confidence="0.9508927676800064"><link ns0:type="simple" ns0:href="../617/107617.xml" /></village><village wordnetid="108672738" confidence="0.9508927676800064"><link ns0:type="simple" ns0:href="../618/107618.xml">culver citi</link></village><village wordnetid="108672738" confidence="0.9508927676800064"><link ns0:type="simple" ns0:href="../621/107621.xml">diamond bar</link></village><village wordnetid="108672738" confidence="0.9508927676800064"><link ns0:type="simple" ns0:href="../622/107622.xml">downey</link></village><village wordnetid="108672738" confidence="0.9508927676800064"><link ns0:type="simple" ns0:href="../623/107623.xml">duart</link></village><village wordnetid="108672738" confidence="0.9508927676800064"><link ns0:type="simple" ns0:href="../629/107629.xml">mont</link></village><village wordnetid="108672738" confidence="0.9508927676800064"><link ns0:type="simple" ns0:href="../630/107630.xml" /></village><village wordnetid="108672738" confidence="0.9508927676800064"><link ns0:type="simple" ns0:href="../632/107632.xml" /></village><social_group wordnetid="107950920" confidence="0.8"><gathering wordnetid="107975026" confidence="0.8"><community wordnetid="108223802" confidence="0.8"><group wordnetid="100031264" confidence="0.8"><link ns0:type="simple" ns0:href="../602/81602.xml">glendal</link></group></community></gathering></social_group><village wordnetid="108672738" confidence="0.9508927676800064"><link ns0:type="simple" ns0:href="../633/107633.xml" /></village><village wordnetid="108672738" confidence="0.9508927676800064"><link ns0:type="simple" ns0:href="../634/107634.xml">hawaiian garden</link></village><village wordnetid="108672738" confidence="0.9508927676800064"><link ns0:type="simple" ns0:href="../635/107635.xml">hawthorn</link></village><village wordnetid="108672738" confidence="0.9508927676800064"><link ns0:type="simple" ns0:href="../636/107636.xml">beach</link></village><social_group wordnetid="107950920" confidence="0.8"><gathering wordnetid="107975026" confidence="0.8"><community wordnetid="108223802" confidence="0.8"><group wordnetid="100031264" confidence="0.8"><link ns0:type="simple" ns0:href="../637/107637.xml">hidden hill</link></group></community></gathering></social_group><village wordnetid="108672738" confidence="0.9508927676800064"><link ns0:type="simple" ns0:href="../638/107638.xml">huntington park</link></village><village wordnetid="108672738" confidence="0.9508927676800064"><link ns0:type="simple" ns0:href="../639/107639.xml">industri</link></village><village wordnetid="108672738" confidence="0.9508927676800064"><link ns0:type="simple" ns0:href="../640/107640.xml" /></village><village wordnetid="108672738" confidence="0.9508927676800064"><link ns0:type="simple" ns0:href="../641/107641.xml" /></village><link /><village wordnetid="108672738" confidence="0.9508927676800064"><link ns0:type="simple" ns0:href="../643/107643.xml">height</link></village><village wordnetid="108672738" confidence="0.9508927676800064"><link ns0:type="simple" ns0:href="../644/107644.xml">mirada</link></village><village wordnetid="108672738" confidence="0.9508927676800064"><link ns0:type="simple" ns0:href="../645/107645.xml">puent</link></village><village wordnetid="108672738" confidence="0.9508927676800064"><link ns0:type="simple" ns0:href="../646/107646.xml">vern</link></village><village wordnetid="108672738" confidence="0.9508927676800064"><link ns0:type="simple" ns0:href="../649/107649.xml">lancast</link></village><village wordnetid="108672738" confidence="0.9508927676800064"><link ns0:type="simple" ns0:href="../648/107648.xml" /></village><village wordnetid="108672738" confidence="0.9508927676800064"><link ns0:type="simple" ns0:href="../650/107650.xml" /></village><village wordnetid="108672738" confidence="0.9508927676800064"><link ns0:type="simple" ns0:href="../653/107653.xml" /></village><village wordnetid="108672738" confidence="0.9508927676800064"><link ns0:type="simple" ns0:href="../240/94240.xml">long beach</link></village><village wordnetid="108672738" confidence="0.9508927676800064"><link ns0:type="simple" ns0:href="../110/18110.xml">angel</link></village><village wordnetid="108672738" confidence="0.9508927676800064"><link ns0:type="simple" ns0:href="../654/107654.xml" /></village><village wordnetid="108672738" confidence="0.9508927676800064"><link ns0:type="simple" ns0:href="../655/107655.xml">malibu</link></village><village wordnetid="108672738" confidence="0.9508927676800064"><link ns0:type="simple" ns0:href="../656/107656.xml">manhattan beach</link></village><village wordnetid="108672738" confidence="0.9508927676800064"><link ns0:type="simple" ns0:href="../659/107659.xml">maywood</link></village><village wordnetid="108672738" confidence="0.9508927676800064"><link ns0:type="simple" ns0:href="../660/107660.xml">monrovia</link></village><village wordnetid="108672738" confidence="0.9508927676800064"><link ns0:type="simple" ns0:href="../661/107661.xml">montebello</link></village><village wordnetid="108672738" confidence="0.9508927676800064"><link ns0:type="simple" ns0:href="../662/107662.xml">monterey park</link></village><village wordnetid="108672738" confidence="0.9508927676800064"><link ns0:type="simple" ns0:href="../664/107664.xml">norwalk</link></village><village wordnetid="108672738" confidence="0.9508927676800064"><link ns0:type="simple" ns0:href="../665/107665.xml" /></village><village wordnetid="108672738" confidence="0.9508927676800064"><link ns0:type="simple" ns0:href="../666/107666.xml">palo verd estat</link></village><village wordnetid="108672738" confidence="0.9508927676800064"><link ns0:type="simple" ns0:href="../667/107667.xml">paramount</link></village><village wordnetid="108672738" confidence="0.9508927676800064"><link ns0:type="simple" ns0:href="../408/92408.xml">pasadena</link></village><village wordnetid="108672738" confidence="0.9508927676800064"><link ns0:type="simple" ns0:href="../668/107668.xml">pico rivera</link></village><social_group wordnetid="107950920" confidence="0.8"><gathering wordnetid="107975026" confidence="0.8"><community wordnetid="108223802" confidence="0.8"><group wordnetid="100031264" confidence="0.8"><link ns0:type="simple" ns0:href="../669/107669.xml">pomona</link></group></community></gathering></social_group><village wordnetid="108672738" confidence="0.9508927676800064"><link ns0:type="simple" ns0:href="../671/107671.xml">rancho palo verd</link></village><village wordnetid="108672738" confidence="0.9508927676800064"><link ns0:type="simple" ns0:href="../672/107672.xml">redondo beach</link></village><village wordnetid="108672738" confidence="0.9508927676800064"><link ns0:type="simple" ns0:href="../673/107673.xml">roll hill</link></village><village wordnetid="108672738" confidence="0.9508927676800064"><link ns0:type="simple" ns0:href="../264/117264.xml">roll hill estat</link></village><village wordnetid="108672738" confidence="0.9508927676800064"><link ns0:type="simple" ns0:href="../674/107674.xml" /></village><village wordnetid="108672738" confidence="0.9508927676800064"><link ns0:type="simple" ns0:href="../676/107676.xml">san dima</link></village><social_group wordnetid="107950920" confidence="0.8"><gathering wordnetid="107975026" confidence="0.8"><community wordnetid="108223802" confidence="0.8"><group wordnetid="100031264" confidence="0.8"><link ns0:type="simple" ns0:href="../677/107677.xml">san fernando</link></group></community></gathering></social_group><village wordnetid="108672738" confidence="0.9508927676800064"><link ns0:type="simple" ns0:href="../678/107678.xml">san gabriel</link></village><village wordnetid="108672738" confidence="0.9508927676800064"><link ns0:type="simple" ns0:href="../679/107679.xml">san marino</link></village><village wordnetid="108672738" confidence="0.9508927676800064"><link ns0:type="simple" ns0:href="../874/6024874.xml">santa</link></village><village wordnetid="108672738" confidence="0.9508927676800064"><link ns0:type="simple" ns0:href="../680/107680.xml">santa spring</link></village><village wordnetid="108672738" confidence="0.9508927676800064"><link ns0:type="simple" ns0:href="../208/28208.xml">santa monica</link></village><village wordnetid="108672738" confidence="0.9508927676800064"><link ns0:type="simple" ns0:href="../681/107681.xml">sierra madr</link></village><village wordnetid="108672738" confidence="0.9508927676800064"><link ns0:type="simple" ns0:href="../682/107682.xml">signal hill</link></village><village wordnetid="108672738" confidence="0.9508927676800064"><link ns0:type="simple" ns0:href="../683/107683.xml">south mont</link></village><gossip wordnetid="107223170" confidence="0.8"><social_group wordnetid="107950920" confidence="0.8"><scandal wordnetid="107223811" confidence="0.8"><event wordnetid="100029378" confidence="0.8"><informing wordnetid="107212190" confidence="0.8"><report wordnetid="107217924" confidence="0.8"><gathering wordnetid="107975026" confidence="0.8"><community wordnetid="108223802" confidence="0.8"><group wordnetid="100031264" confidence="0.8"><act wordnetid="100030358" confidence="0.8"><psychological_feature wordnetid="100023100" confidence="0.8"><speech_act wordnetid="107160883" confidence="0.8"><link ns0:type="simple" ns0:href="../684/107684.xml">south gate</link></speech_act></psychological_feature></act></group></community></gathering></report></informing></event></scandal></social_group></gossip><village wordnetid="108672738" confidence="0.9508927676800064"><link ns0:type="simple" ns0:href="../685/107685.xml">south pasadena</link></village><village wordnetid="108672738" confidence="0.9508927676800064"><link ns0:type="simple" ns0:href="../689/107689.xml">templ citi</link></village><village wordnetid="108672738" confidence="0.9508927676800064"><link ns0:type="simple" ns0:href="../690/107690.xml">torranc</link></village><village wordnetid="108672738" confidence="0.9508927676800064"><link ns0:type="simple" ns0:href="../693/107693.xml">vernon</link></village><village wordnetid="108672738" confidence="0.9508927676800064"><link ns0:type="simple" ns0:href="../696/107696.xml">walnut</link></village><village wordnetid="108672738" confidence="0.9508927676800064"><link ns0:type="simple" ns0:href="../701/107701.xml">west</link></village><village wordnetid="108672738" confidence="0.9508927676800064"><link ns0:type="simple" ns0:href="../702/107702.xml">west hollywood</link></village><village wordnetid="108672738" confidence="0.9508927676800064"><link ns0:type="simple" ns0:href="../337/117337.xml">westlak villag</link></village><village wordnetid="108672738" confidence="0.9508927676800064"><link ns0:type="simple" ns0:href="../706/107706.xml">whittier</link></village></p></col><col style="width:0%;padding:0px 0px 0px 2px;" rowspan="5"><image location="center" width="100x100px" src="Map_of_California_highlighting_Los_Angeles_County.svg"><caption>angel counti map</caption></image></col></row><row style="height:2px" /><row><col style=";background:#ffc94b;;" class="navbox-group"><statistic wordnetid="106021499" confidence="0.8"><information wordnetid="105816287" confidence="0.8"><demographic wordnetid="106022076" confidence="0.8"><datum wordnetid="105816622" confidence="0.8"><link ns0:type="simple" ns0:href="../771/269771.xml">cdp</link></datum></demographic></information></statistic></col><col style="text-align:left;border-left:2px solid #fdfdfd;width:100%;padding:0px;;;" class="navbox-list navbox-even"><p><village wordnetid="108672738" confidence="0.9508927676800064"><link ns0:type="simple" ns0:href="../593/107593.xml">acton</link></village><village wordnetid="108672738" confidence="0.9508927676800064"><link ns0:type="simple" ns0:href="../596/107596.xml">park</link></village><village wordnetid="108672738" confidence="0.9508927676800064"><link ns0:type="simple" ns0:href="../597/107597.xml" /></village><village wordnetid="108672738" confidence="0.9508927676800064"><link ns0:type="simple" ns0:href="../601/107601.xml">avocado height</link></village><village wordnetid="108672738" confidence="0.9508927676800064"><link ns0:type="simple" ns0:href="../611/107611.xml">charter oak</link></village><village wordnetid="108672738" confidence="0.9508927676800064"><link ns0:type="simple" ns0:href="../612/107612.xml">citru</link></village><village wordnetid="108672738" confidence="0.9508927676800064"><link ns0:type="simple" ns0:href="../619/107619.xml">del air</link></village><village wordnetid="108672738" confidence="0.9508927676800064"><link ns0:type="simple" ns0:href="../620/107620.xml">desert view highland</link></village><village wordnetid="108672738" confidence="0.9508927676800064"><link ns0:type="simple" ns0:href="../624/107624.xml">east compton</link></village><village wordnetid="108672738" confidence="0.9508927676800064"><link ns0:type="simple" ns0:href="../625/107625.xml">east mirada</link></village><social_group wordnetid="107950920" confidence="0.8"><gathering wordnetid="107975026" confidence="0.8"><community wordnetid="108223802" confidence="0.8"><group wordnetid="100031264" confidence="0.8"><link ns0:type="simple" ns0:href="../626/107626.xml">east angel</link></group></community></gathering></social_group><village wordnetid="108672738" confidence="0.9508927676800064"><link ns0:type="simple" ns0:href="../627/107627.xml">east pasadena</link></village><village wordnetid="108672738" confidence="0.9508927676800064"><link ns0:type="simple" ns0:href="../628/107628.xml">east san gabriel</link></village><village wordnetid="108672738" confidence="0.9508927676800064"><link ns0:type="simple" ns0:href="../631/107631.xml" /></village><village wordnetid="108672738" confidence="0.9508927676800064"><link ns0:type="simple" ns0:href="../150/117150.xml">hacienda height</link></village><village wordnetid="108672738" confidence="0.9508927676800064"><link ns0:type="simple" ns0:href="../162/117162.xml" /></village><social_group wordnetid="107950920" confidence="0.8"><gathering wordnetid="107975026" confidence="0.8"><community wordnetid="108223802" confidence="0.8"><group wordnetid="100031264" confidence="0.8"><link ns0:type="simple" ns0:href="../647/107647.xml">height</link></group></community></gathering></social_group><village wordnetid="108672738" confidence="0.9508927676800064"><link ns0:type="simple" ns0:href="../171/117171.xml">lake angel</link></village><village wordnetid="108672738" confidence="0.9508927676800064"><link ns0:type="simple" ns0:href="../651/107651.xml">lennox</link></village><village wordnetid="108672738" confidence="0.9508927676800064"><link ns0:type="simple" ns0:href="../652/107652.xml" /></village><village wordnetid="108672738" confidence="0.9508927676800064"><link ns0:type="simple" ns0:href="../657/107657.xml">marina del rey</link></village><village wordnetid="108672738" confidence="0.9508927676800064"><link ns0:type="simple" ns0:href="../658/107658.xml">villag</link></village><village wordnetid="108672738" confidence="0.9508927676800064"><link ns0:type="simple" ns0:href="../663/107663.xml">north mont</link></village><village wordnetid="108672738" confidence="0.9508927676800064"><link ns0:type="simple" ns0:href="../670/107670.xml">quartz hill</link></village><social_group wordnetid="107950920" confidence="0.8"><gathering wordnetid="107975026" confidence="0.8"><community wordnetid="108223802" confidence="0.8"><group wordnetid="100031264" confidence="0.8"><link ns0:type="simple" ns0:href="../675/107675.xml">rowland height</link></group></community></gathering></social_group><village wordnetid="108672738" confidence="0.9508927676800064"><link ns0:type="simple" ns0:href="../686/107686.xml">south san gabriel</link></village><village wordnetid="108672738" confidence="0.9508927676800064"><link ns0:type="simple" ns0:href="../687/107687.xml">south san jose hill</link></village><village wordnetid="108672738" confidence="0.9508927676800064"><link ns0:type="simple" ns0:href="../688/107688.xml">south whittier</link></village><village wordnetid="108672738" confidence="0.9508927676800064"><link ns0:type="simple" ns0:href="../691/107691.xml">val verd</link></village><village wordnetid="108672738" confidence="0.9508927676800064"><link ns0:type="simple" ns0:href="../692/107692.xml" /></village><village wordnetid="108672738" confidence="0.9508927676800064"><link ns0:type="simple" ns0:href="../694/107694.xml">view hill</link></village><village wordnetid="108672738" confidence="0.9508927676800064"><link ns0:type="simple" ns0:href="../695/107695.xml">vincent</link></village><village wordnetid="108672738" confidence="0.9508927676800064"><link ns0:type="simple" ns0:href="../697/107697.xml">walnut park</link></village><village wordnetid="108672738" confidence="0.9508927676800064"><link ns0:type="simple" ns0:href="../698/107698.xml">west athen</link></village><village wordnetid="108672738" confidence="0.9508927676800064"><link ns0:type="simple" ns0:href="../699/107699.xml">west carson</link></village><village wordnetid="108672738" confidence="0.9508927676800064"><link ns0:type="simple" ns0:href="../700/107700.xml">west compton</link></village><village wordnetid="108672738" confidence="0.9508927676800064"><link ns0:type="simple" ns0:href="../703/107703.xml">west puent valley</link></village><village wordnetid="108672738" confidence="0.9508927676800064"><link ns0:type="simple" ns0:href="../704/107704.xml">west</link></village><village wordnetid="108672738" confidence="0.9508927676800064"><link ns0:type="simple" ns0:href="../705/107705.xml" /></village><village wordnetid="108672738" confidence="0.9508927676800064"><link ns0:type="simple" ns0:href="../707/107707.xml" /></village></p></col></row><row style="height:2px" /><row><col style=";background:#ffc94b;;" class="navbox-group"><work wordnetid="100575741" confidence="0.8"><examination wordnetid="100635850" confidence="0.8"><event wordnetid="100029378" confidence="0.8"><survey wordnetid="100644503" confidence="0.8"><investigation wordnetid="100633864" confidence="0.8"><act wordnetid="100030358" confidence="0.8"><psychological_feature wordnetid="100023100" confidence="0.8"><activity wordnetid="100407535" confidence="0.8"><link ns0:type="simple" ns0:href="../346/232346.xml">unincorpor commun</link></activity></psychological_feature></act></investigation></survey></event></examination></work></col><col style="text-align:left;border-left:2px solid #fdfdfd;width:100%;padding:0px;;;" class="navbox-list navbox-odd"><p><social_group wordnetid="107950920" confidence="0.8"><gathering wordnetid="107975026" confidence="0.8"><community wordnetid="108223802" confidence="0.8"><group wordnetid="100031264" confidence="0.8"><link ns0:type="simple" ns0:href="../058/4457058.xml" /></group></community></gathering></social_group><social_group wordnetid="107950920" confidence="0.8"><gathering wordnetid="107975026" confidence="0.8"><community wordnetid="108223802" confidence="0.8"><group wordnetid="100031264" confidence="0.8"><link ns0:type="simple" ns0:href="../888/916888.xml">dulc</link></group></community></gathering></social_group><social_group wordnetid="107950920" confidence="0.8"><gathering wordnetid="107975026" confidence="0.8"><community wordnetid="108223802" confidence="0.8"><group wordnetid="100031264" confidence="0.8"><link ns0:type="simple" ns0:href="../798/916798.xml">antelop acr</link></group></community></gathering></social_group><social_group wordnetid="107950920" confidence="0.8"><gathering wordnetid="107975026" confidence="0.8"><community wordnetid="108223802" confidence="0.8"><group wordnetid="100031264" confidence="0.8"><link ns0:type="simple" ns0:href="../912/1596912.xml">athen</link></group></community></gathering></social_group><social_group wordnetid="107950920" confidence="0.8"><gathering wordnetid="107975026" confidence="0.8"><community wordnetid="108223802" confidence="0.8"><group wordnetid="100031264" confidence="0.8"><link ns0:type="simple" ns0:href="../071/2697071.xml">bassett</link></group></community></gathering></social_group><social_group wordnetid="107950920" confidence="0.8"><gathering wordnetid="107975026" confidence="0.8"><community wordnetid="108223802" confidence="0.8"><group wordnetid="100031264" confidence="0.8"><link ns0:type="simple" ns0:href="../803/933803.xml" /></group></community></gathering></social_group><social_group wordnetid="107950920" confidence="0.8"><gathering wordnetid="107975026" confidence="0.8"><community wordnetid="108223802" confidence="0.8"><group wordnetid="100031264" confidence="0.8"><link ns0:type="simple" ns0:href="../846/2811846.xml">citi terrac</link></group></community></gathering></social_group><social_group wordnetid="107950920" confidence="0.8"><gathering wordnetid="107975026" confidence="0.8"><community wordnetid="108223802" confidence="0.8"><group wordnetid="100031264" confidence="0.8"><link ns0:type="simple" ns0:href="../809/916809.xml">del sur</link></group></community></gathering></social_group><social_group wordnetid="107950920" confidence="0.8"><gathering wordnetid="107975026" confidence="0.8"><community wordnetid="108223802" confidence="0.8"><group wordnetid="100031264" confidence="0.8"><link ns0:type="simple" ns0:href="../100/7442100.xml">florenc</link></group></community></gathering></social_group><social_group wordnetid="107950920" confidence="0.8"><gathering wordnetid="107975026" confidence="0.8"><community wordnetid="108223802" confidence="0.8"><group wordnetid="100031264" confidence="0.8"><link ns0:type="simple" ns0:href="../878/933878.xml">gorman</link></group></community></gathering></social_group><social_group wordnetid="107950920" confidence="0.8"><gathering wordnetid="107975026" confidence="0.8"><community wordnetid="108223802" confidence="0.8"><group wordnetid="100031264" confidence="0.8"><link ns0:type="simple" ns0:href="../427/5765427.xml">junip hill</link></group></community></gathering></social_group><social_group wordnetid="107950920" confidence="0.8"><gathering wordnetid="107975026" confidence="0.8"><community wordnetid="108223802" confidence="0.8"><group wordnetid="100031264" confidence="0.8"><link ns0:type="simple" ns0:href="../539/4168539.xml">mesa</link></group></community></gathering></social_group><social_group wordnetid="107950920" confidence="0.8"><gathering wordnetid="107975026" confidence="0.8"><community wordnetid="108223802" confidence="0.8"><group wordnetid="100031264" confidence="0.8"><link ns0:type="simple" ns0:href="../091/2736091.xml">lake hugh</link></group></community></gathering></social_group><social_group wordnetid="107950920" confidence="0.8"><gathering wordnetid="107975026" confidence="0.8"><community wordnetid="108223802" confidence="0.8"><group wordnetid="100031264" confidence="0.8"><link ns0:type="simple" ns0:href="../838/916838.xml">valley</link></group></community></gathering></social_group><social_group wordnetid="107950920" confidence="0.8"><gathering wordnetid="107975026" confidence="0.8"><community wordnetid="108223802" confidence="0.8"><group wordnetid="100031264" confidence="0.8"><link ns0:type="simple" ns0:href="../818/916818.xml" /></group></community></gathering></social_group><social_group wordnetid="107950920" confidence="0.8"><gathering wordnetid="107975026" confidence="0.8"><community wordnetid="108223802" confidence="0.8"><group wordnetid="100031264" confidence="0.8"><link ns0:type="simple" ns0:href="../815/916815.xml" /></group></community></gathering></social_group><social_group wordnetid="107950920" confidence="0.8"><gathering wordnetid="107975026" confidence="0.8"><community wordnetid="108223802" confidence="0.8"><group wordnetid="100031264" confidence="0.8"><link ns0:type="simple" ns0:href="../331/914331.xml" /></group></community></gathering></social_group><social_group wordnetid="107950920" confidence="0.8"><gathering wordnetid="107975026" confidence="0.8"><community wordnetid="108223802" confidence="0.8"><group wordnetid="100031264" confidence="0.8"><link ns0:type="simple" ns0:href="../681/1147681.xml" /></group></community></gathering></social_group><social_group wordnetid="107950920" confidence="0.8"><land wordnetid="109334396" confidence="0.8"><gathering wordnetid="107975026" confidence="0.8"><community wordnetid="108223802" confidence="0.8"><group wordnetid="100031264" confidence="0.8"><island wordnetid="109316454" confidence="0.8"><link ns0:type="simple" ns0:href="../204/2223204.xml">harbor</link></island></group></community></gathering></land></social_group><social_group wordnetid="107950920" confidence="0.8"><gathering wordnetid="107975026" confidence="0.8"><community wordnetid="108223802" confidence="0.8"><group wordnetid="100031264" confidence="0.8"><link ns0:type="simple" ns0:href="../322/435322.xml">univers citi</link></group></community></gathering></social_group><social_group wordnetid="107950920" confidence="0.8"><gathering wordnetid="107975026" confidence="0.8"><community wordnetid="108223802" confidence="0.8"><group wordnetid="100031264" confidence="0.8"><link ns0:type="simple" ns0:href="../855/916855.xml" /></group></community></gathering></social_group></p></col></row></table></col></row></table></p></sec></bdy></city></village></article>