<article xmlns:ns0="http://www.w3.org/1999/xlink"><ethnic_group confidence="0.8" wordnetid="107967382"><entity confidence="0.9511911446218017" wordnetid="100001740"><group confidence="0.8" wordnetid="100031264"><header><title>asian american histori</title><id /><revision><id /><timestamp /><contributor><username /><id /></contributor></revision><categories><category>immigr contin</category><category>asian american</category><category>ethnic group unit</category></categories></header><bdy><p>asian american histori histori ethnic racial group<body wordnetid="107965085" confidence="0.8"><social_group wordnetid="107950920" confidence="0.8"><political_orientation wordnetid="106212839" confidence="0.8"><colony wordnetid="108374049" confidence="0.8"><state wordnetid="108168978" confidence="0.8"><political_unit wordnetid="108359949" confidence="0.8"><group wordnetid="100031264" confidence="0.8"><democracy wordnetid="106217103" confidence="0.8"><link ns0:type="simple" ns0:href="../750/3434750.xml">unit</link></democracy></group></political_unit></state></colony></political_orientation></social_group></body>immigr descend person contin asia</p><sec><st>asian american</st><p><indent level="1">main articl<ethnic_group wordnetid="107967382" confidence="0.9508927676800064"><link ns0:type="simple" ns0:href="../898/148898.xml">asian american</link></ethnic_group></indent>asian american histori histori individu ethnic group common histori group law cultur racial group late activist academ refer asian american movement civil right movement refer effort asian group promot common welfar</p><p>centuri spur immigr asian group immigr larger number arriv colleg student skill worker degre imag success portray headlin model minor</p></sec><sec><st>chronolog</st><p><list><entry level="1" type="bullet"><link ns0:type="simple" ns0:href="../929/176929.xml">filipino</link>establish small settlement<link ns0:type="simple" ns0:href="../794/196794.xml">saint</link>bayou louisiana flee mistreat aboard spanish ship filipino women<link ns0:type="simple" ns0:href="../009/2318009.xml" />marri cajun nativ american women</entry></list></p><p><list><entry level="1" type="bullet">chines sailor<symbol wordnetid="106806469" confidence="0.9508927676800064"><link ns0:type="simple" ns0:href="../270/13270.xml">hawaii</link></symbol>year captain jame cook island settl marri hawaiian women</entry></list></p><p><list><entry level="1" type="bullet">chines merchant sailor student immigr advent maritim trade</entry></list></p><p><list><entry level="1" type="bullet"><link ns0:type="simple" ns0:href="../801/15801.xml">june</link>captain whitfield command<region wordnetid="108630039" confidence="0.8"><location wordnetid="100027167" confidence="0.8"><link ns0:type="simple" ns0:href="../177/447177.xml">england</link></location></region>sail vessel rescu shipwreck japanes sailor<link ns0:type="simple" ns0:href="../887/13887.xml">honolulu</link><link ns0:type="simple" ns0:href="../353/316353.xml" />stay board return whitfield<link ns0:type="simple" ns0:href="../634/661634.xml" /><country wordnetid="108544813" confidence="0.9508927676800064"><link ns0:type="simple" ns0:href="../518/1645518.xml">massachusett</link></country>attend school england adopt john interpret commodor<link ns0:type="simple" ns0:href="../728/204728.xml">matthew perri</link></entry></list></p><p><list><entry level="1" type="bullet">seventeen survivor japanes shipwreck save american auckland group<country wordnetid="108544813" confidence="0.9508927676800064"><link ns0:type="simple" ns0:href="../068/19068.xml">macau</link></country>join commodor<person wordnetid="100007846" confidence="0.9508927676800064"><link ns0:type="simple" ns0:href="../728/204728.xml">matthew perri</link></person>gestur help open diplomat relat japan<physical_entity wordnetid="100001930" confidence="0.8"><citizen wordnetid="109923673" confidence="0.8"><communicator wordnetid="109610660" confidence="0.8"><person wordnetid="100007846" confidence="0.8"><national wordnetid="109625401" confidence="0.8"><causal_agent wordnetid="100007347" confidence="0.8"><writer wordnetid="110794014" confidence="0.8"><link ns0:type="simple" ns0:href="../809/1699809.xml">joseph</link></writer></causal_agent></national></person></communicator></citizen></physical_entity>natur citizen</entry></list></p><p><list><entry level="1" type="bullet">california suprem court case rule testimoni chines man wit murder white man inadmiss<ref ns0:type="simple" ns0:href="#xpointer(//reflist/entry[@id=%221%22])" /></entry></list></p><p><list><entry level="1" type="bullet">utopian minist thoma lake harri<link>brotherhood life</link>visit<country wordnetid="108544813" confidence="0.9508927676800064"><link ns0:type="simple" ns0:href="../316/9316.xml">england</link></country>meet<link />convert return harri<link /><link ns0:type="simple" ns0:href="../455/473455.xml">santa rosa</link><country wordnetid="108544813" confidence="0.9508927676800064"><link ns0:type="simple" ns0:href="../407/5407.xml">california</link></country>harri leav californian<message wordnetid="106598915" confidence="0.8"><information wordnetid="106634376" confidence="0.8"><electronic_database wordnetid="106588511" confidence="0.8"><social_group wordnetid="107950920" confidence="0.8"><lexical_database wordnetid="106638868" confidence="0.8"><gathering wordnetid="107975026" confidence="0.8"><community wordnetid="108223802" confidence="0.8"><wordnet wordnetid="106639428" confidence="0.8"><group wordnetid="100031264" confidence="0.8"><database wordnetid="106637824" confidence="0.8"><link ns0:type="simple" ns0:href="../521/999521.xml">commun</link></database></group></wordnet></community></gathering></lexical_database></social_group></electronic_database></information></message>leader remain death</entry></list></p><p><list><entry level="1" type="bullet">california pass polic tax month chines</entry></list></p><p><list><entry level="1" type="bullet">central pacif railroad recruit chines worker transcontinent railroad find suffici number irish worker die harsh condit blast difficult mountain terrain</entry></list></p><p><list><entry level="1" type="bullet">group japanes peopl arriv gold hill california build<link>wakamatsu tea silk coloni</link>record japanes woman die buri</entry></list></p><p><list><entry level="1" type="bullet">chines rule inelig natur citizenship</entry></list></p><p><list><entry level="1" type="bullet">chines exclus pass ban immigr china</entry></list></p><p><list><entry level="1" type="bullet">brutal day massacr chines miner snake river oregon discov</entry></list></p><p><list><entry level="1" type="bullet">wave japanes immigr provid labor sugarcan pineappl plantat california fruit produc farm</entry></list></p><p><list><entry level="1" type="bullet"><link ns0:type="simple" ns0:href="../728/49728.xml">san francisco</link>educ board attempt introduc segreg withdraw protest japanes govern</entry></list></p><p><list><entry level="1" type="bullet"><poet wordnetid="110444194" confidence="0.9173553029164789"><literary_critic wordnetid="110266016" confidence="0.9173553029164789"><writer wordnetid="110794014" confidence="0.9508927676800064"><essayist wordnetid="110064405" confidence="0.9173553029164789"><link ns0:type="simple" ns0:href="../330/3416330.xml">noguchi</link></essayist></writer></literary_critic></poet>publish american diari japanes girl</entry></list></p><p><list><entry level="1" type="bullet"><link ns0:type="simple" ns0:href="../858/1310858.xml">ahn chang</link>pen found friendship societi mutual assist societi</entry></list></p><p><list><entry level="1" type="bullet"><link ns0:type="simple" ns0:href="../543/98543.xml">rhee</link>unit earn bachelor georg washington univers phd princeton univers return korea polit activist japanes occup korea presid south korea</entry></list></p><p><list><entry level="1" type="bullet"><statement wordnetid="106722453" confidence="0.8"><message wordnetid="106598915" confidence="0.8"><document wordnetid="106470073" confidence="0.8"><legal_document wordnetid="106479665" confidence="0.8"><treaty wordnetid="106773434" confidence="0.8"><agreement wordnetid="106770275" confidence="0.8"><written_communication wordnetid="106349220" confidence="0.8"><writing wordnetid="106362953" confidence="0.8"><written_agreement wordnetid="106771653" confidence="0.8"><link ns0:type="simple" ns0:href="../723/251723.xml">gentlemen agreement</link></written_agreement></writing></written_communication></agreement></treaty></legal_document></document></message></statement>unit japan japan issu passport labor</entry></list></p><p><list><entry level="1" type="bullet">angel island open major immigr station chines japanes immigr</entry></list></p><p><list><entry level="1" type="bullet"><link ns0:type="simple" ns0:href="../793/2177793.xml">california alien land law</link>ban japanes purchas land white threaten japanes success independ farm ventur</entry></list></p><p><list><entry level="1" type="bullet"><physical_entity wordnetid="100001930" confidence="0.8"><citizen wordnetid="109923673" confidence="0.8"><communicator wordnetid="109610660" confidence="0.8"><person wordnetid="100007846" confidence="0.8"><national wordnetid="109625401" confidence="0.8"><causal_agent wordnetid="100007347" confidence="0.8"><writer wordnetid="110794014" confidence="0.8"><link ns0:type="simple" ns0:href="../741/2177741.xml">bhagat singh</link></writer></causal_agent></national></person></communicator></citizen></physical_entity>asian recruit armi</entry></list></p><p><list><entry level="1" type="bullet">unit<link ns0:type="simple" ns0:href="../359/827359.xml">immigr</link>orient exclus ban immigr asia</entry></list></p><p><list><entry level="1" type="bullet">riot occur california</entry></list></p><p><list><entry level="1" type="bullet">filipino rule inelig citizenship bar immigr</entry></list></p><p><list><entry level="1" type="bullet"><link ns0:type="simple" ns0:href="../811/55811.xml" />commonwealth statu philippin allow immigr filipino</entry></list></p><p><list><entry level="1" type="bullet"><conflict wordnetid="100958896" confidence="0.9508927676800064"><link ns0:type="simple" ns0:href="../098/60098.xml">japan air forc attack honolulu</link></conflict>feder govern arrest japanes commun leader</entry></list></p><p><list><entry level="1" type="bullet">presid<link ns0:type="simple" ns0:href="../979/10979.xml">franklin roosevelt</link>sign<order wordnetid="107168623" confidence="0.8"><event wordnetid="100029378" confidence="0.8"><command wordnetid="107168131" confidence="0.8"><act wordnetid="100030358" confidence="0.8"><psychological_feature wordnetid="100023100" confidence="0.8"><speech_act wordnetid="107160883" confidence="0.8"><link ns0:type="simple" ns0:href="../778/9778.xml">execut order</link></speech_act></psychological_feature></act></command></event></order>februari uproot asian american japanes descent west coast<link ns0:type="simple" ns0:href="../537/191537.xml">intern camp</link></entry></list></p><p><list><entry level="1" type="bullet">japanes soldier join armi<link ns0:type="simple" ns0:href="../991/1974991.xml">battalion</link>arriv<link ns0:type="simple" ns0:href="../239/9239.xml">europ</link></entry></list></p><p><list><entry level="1" type="bullet">armi battalion merg asian american japanes descent<link ns0:type="simple" ns0:href="../110/1446110.xml">regiment combat team</link></entry></list></p><p><list><entry level="1" type="bullet">regiment combat team award decor includ purpl heart decor highest decor militari unit unit histori</entry></list></p><p><list><entry level="1" type="bullet"><congressman wordnetid="109955781" confidence="0.9508927676800064"><link ns0:type="simple" ns0:href="../305/2579305.xml">singh</link></congressman>asian elect congress</entry></list></p><p><list><entry level="1" type="bullet">daniel elect senat</entry></list></p><p><list><entry level="1" type="bullet"><link ns0:type="simple" ns0:href="../550/712550.xml">patsi mink</link>woman color congress</entry></list></p><p><list><entry level="1" type="bullet"><link ns0:type="simple" ns0:href="../810/152810.xml">norman</link>elect mayor<village wordnetid="108672738" confidence="0.9508927676800064"><link ns0:type="simple" ns0:href="../446/53446.xml">san jose california</link></village>asian american mayor major citi<skilled_worker wordnetid="110605985" confidence="0.8"><expert wordnetid="109617867" confidence="0.8"><physical_entity wordnetid="100001930" confidence="0.8"><adjudicator wordnetid="109769636" confidence="0.8"><jurist wordnetid="110227985" confidence="0.8"><person wordnetid="100007846" confidence="0.8"><intellectual wordnetid="109621545" confidence="0.8"><adult wordnetid="109605289" confidence="0.8"><professional wordnetid="110480253" confidence="0.8"><judge wordnetid="110225219" confidence="0.8"><worker wordnetid="109632518" confidence="0.8"><alumnus wordnetid="109786338" confidence="0.8"><official wordnetid="110372373" confidence="0.8"><causal_agent wordnetid="100007347" confidence="0.8"><lawyer wordnetid="110249950" confidence="0.8"><scholar wordnetid="110557854" confidence="0.8"><link ns0:type="simple" ns0:href="../297/1561297.xml">herbert choy</link></scholar></lawyer></causal_agent></official></alumnus></worker></judge></professional></adult></intellectual></person></jurist></adjudicator></physical_entity></expert></skilled_worker>nomin suprem court justic</entry></list></p><p><list><entry level="1" type="bullet"><link ns0:type="simple" ns0:href="../272/425272.xml">georg</link>elect governor</entry></list></p><p><list><entry level="1" type="bullet"><link ns0:type="simple" ns0:href="../844/416844.xml">samuel hayakawa</link>california<senator wordnetid="110578471" confidence="0.9508927676800064"><link ns0:type="simple" ns0:href="../406/542406.xml">spark</link></senator>elect senat</entry></list></p><p><list><entry level="1" type="bullet"><link ns0:type="simple" ns0:href="../328/178328.xml">ellison</link>asian american astronaut</entry></list></p><p><list><entry level="1" type="bullet">congress creat commiss wartim reloc intern civilian investig<military_action wordnetid="100952963" confidence="0.8"><group_action wordnetid="101080366" confidence="0.8"><event wordnetid="100029378" confidence="0.8"><conflict wordnetid="100958896" confidence="0.8"><act wordnetid="100030358" confidence="0.8"><psychological_feature wordnetid="100023100" confidence="0.8"><war wordnetid="100973077" confidence="0.8"><link ns0:type="simple" ns0:href="../927/32927.xml">war</link></war></psychological_feature></act></conflict></event></group_action></military_action>unjust polici japanes american</entry></list></p><p><list><entry level="1" type="bullet"><person wordnetid="100007846" confidence="0.9508927676800064"><draftsman wordnetid="110029269" confidence="0.9173553029164789"><link ns0:type="simple" ns0:href="../059/271059.xml">vincent chin</link></draftsman></person>accus japanes blame loss manufactur job unit subsequ beaten death</entry></list></p><p><list><entry level="1" type="bullet">commiss report japanes american intern nation secur necess</entry></list></p><p><list><entry level="1" type="bullet">presid<president wordnetid="110468559" confidence="0.9508927676800064"><person wordnetid="100007846" confidence="0.9508927676800064"><actor wordnetid="109765278" confidence="0.9173553029164789"><link ns0:type="simple" ns0:href="../433/25433.xml">ronald reagan</link></actor></person></president>sign civil liberti apolog japanes american intern provid repar victim</entry></list></p><p><list><entry level="1" type="bullet"><citizen wordnetid="109923673" confidence="0.8"><physical_entity wordnetid="100001930" confidence="0.8"><priest wordnetid="110470779" confidence="0.8"><person wordnetid="100007846" confidence="0.8"><bishop wordnetid="109857200" confidence="0.8"><immigrant wordnetid="110199489" confidence="0.8"><national wordnetid="109625401" confidence="0.8"><migrant wordnetid="110314952" confidence="0.8"><traveler wordnetid="109629752" confidence="0.8"><convert wordnetid="109962414" confidence="0.8"><linguist wordnetid="110264219" confidence="0.8"><communicator wordnetid="109610660" confidence="0.8"><clergyman wordnetid="109927451" confidence="0.8"><translator wordnetid="110725280" confidence="0.8"><poet wordnetid="110444194" confidence="0.8"><leader wordnetid="109623038" confidence="0.8"><spiritual_leader wordnetid="109505153" confidence="0.8"><causal_agent wordnetid="100007347" confidence="0.8"><writer wordnetid="110794014" confidence="0.8"><link ns0:type="simple" ns0:href="../280/4526280.xml">jong kim</link></writer></causal_agent></spiritual_leader></leader></poet></translator></clergyman></communicator></linguist></convert></traveler></migrant></national></immigrant></bishop></person></priest></physical_entity></citizen>elect bishop<denomination wordnetid="108146782" confidence="0.9508927676800064"><link ns0:type="simple" ns0:href="../304/32304.xml">unit methodist church</link></denomination><physical_entity wordnetid="100001930" confidence="0.8"><politician wordnetid="110451263" confidence="0.8"><person wordnetid="100007846" confidence="0.8"><leader wordnetid="109623038" confidence="0.8"><intellectual wordnetid="109621545" confidence="0.8"><alumnus wordnetid="109786338" confidence="0.8"><causal_agent wordnetid="100007347" confidence="0.8"><senator wordnetid="110578471" confidence="0.8"><lawgiver wordnetid="110249270" confidence="0.8"><adoptee wordnetid="109772330" confidence="0.8"><scholar wordnetid="110557854" confidence="0.8"><legislator wordnetid="110253995" confidence="0.8"><link ns0:type="simple" ns0:href="../118/3331118.xml">paull shin</link></legislator></scholar></adoptee></lawgiver></senator></causal_agent></alumnus></intellectual></leader></person></politician></physical_entity>elect washington senat<link ns0:type="simple" ns0:href="../191/1553191.xml">riot</link>april</entry></list></p><p><list><entry level="1" type="bullet"><link ns0:type="simple" ns0:href="../545/715545.xml" />elect lieuten governor</entry></list></p><p><list><entry level="1" type="bullet">gen<link ns0:type="simple" ns0:href="../451/274451.xml">eric</link>asian american militari chief staff</entry></list></p><p><list><entry level="1" type="bullet"><link ns0:type="simple" ns0:href="../810/152810.xml">norman</link>asian american appoint cabinet work commerc secretari transport secretari</entry></list></p></sec><sec><st>assess</st><p>way asian american ident emerg conscious will time dialogu help ethnic classif govern sanction public form systemat separ asianamerican ethnic origin chines japanes korean vietnames southeast asian wonder public respons form equal includ german irish english french european descent sudanes african descent request support asianamerican movement legitim asianamerican subcategori minor africanamerican</p><p>easi pinpoint asianamerican ethnic descent insist identifi nativ countri come gener asian immigr unknowingli prevent cultur solidar gener import stori ethnic controversi harshli perpetu ethnic hatr inher antagonist project build asianamerican cultur ident realiz gener prefer asianamerican identifi nativ countri reason polit psycholog sociolog asianamerican stori conflict resolut complet set stori told nativ countri gener immigr asian descent recogn realiti gener contribut societi free american citizen barrier asianamerican conscious linguist natur barrier will time gener englishspeak commun</p><p>develop asianamerican conscious inevit process share experi exclud yellow peopl north america<link ns0:type="simple" ns0:href="../668/55668.xml">chines exclus</link>riot<link ns0:type="simple" ns0:href="../005/1225005.xml">japanes american intern</link><person wordnetid="100007846" confidence="0.9508927676800064"><draftsman wordnetid="110029269" confidence="0.9173553029164789"><link ns0:type="simple" ns0:href="../059/271059.xml">vincent chin</link></draftsman></person>incid<link ns0:type="simple" ns0:href="../191/1553191.xml">riot</link>well<link ns0:type="simple" ns0:href="../045/10719045.xml">virginia tech massacr</link>tragedi asianamerican ethnic origin share continu struggl equal freedom pursuit happi grow asian american presenc media music literatur movi polit theolog sociolog way<politics wordnetid="113840719" confidence="0.8"><social_relation wordnetid="100032823" confidence="0.8"><link ns0:type="simple" ns0:href="../576/19599576.xml">black power</link></social_relation></politics>movement occur<link ns0:type="simple" ns0:href="../758/361758.xml">civil right movement</link></p></sec><sec><st /><p><list><entry level="1" type="bullet"><link ns0:type="simple" ns0:href="../781/2649781.xml">asian american immigr histori</link></entry><entry level="1" type="bullet"><link ns0:type="simple" ns0:href="../898/148898.xml">asian american</link></entry><entry level="1" type="bullet"><link ns0:type="simple" ns0:href="../999/48999.xml">chines american</link></entry><entry level="1" type="bullet"><link ns0:type="simple" ns0:href="../504/19477504.xml">japanes american</link></entry><entry level="1" type="bullet"><link ns0:type="simple" ns0:href="../579/234579.xml">korean american</link></entry></list></p><p><table style=";" class="navbox" cellspacing="0"><row><col style="padding:2px;"><table style="width:100%;background:transparent;color:inherit;;" class="nowraplinks collapsible autocollapse " cellspacing="0"><row><header colspan="3" style=";" class="navbox-title"><ethnic_group wordnetid="107967382" confidence="0.9508927676800064"><link ns0:type="simple" ns0:href="../898/148898.xml">asian american</link></ethnic_group></header></row><row style="height:2px;" /><row><col style=";;" class="navbox-group"><region wordnetid="108630039" confidence="0.8"><location wordnetid="100027167" confidence="0.8"><link ns0:type="simple" ns0:href="../700/19605700.xml">east asia</link></location></region></col><col style="text-align:left;border-left:2px solid #fdfdfd;width:100%;padding:0px;;;" class="navbox-list navbox-odd"><ethnic_group wordnetid="107967382" confidence="0.9508927676800064"><link ns0:type="simple" ns0:href="../999/48999.xml">chines</link></ethnic_group><ethnic_group wordnetid="107967382" confidence="0.9508927676800064"><link ns0:type="simple" ns0:href="../504/19477504.xml">japanes</link></ethnic_group><ethnic_group wordnetid="107967382" confidence="0.9508927676800064"><link ns0:type="simple" ns0:href="../579/234579.xml">korean</link></ethnic_group><link ns0:type="simple" ns0:href="../715/5386715.xml">mongolian</link><ethnic_group wordnetid="107967382" confidence="0.9508927676800064"><link ns0:type="simple" ns0:href="../521/265521.xml">taiwanes</link></ethnic_group></col><col style="width:0%;padding:0px 0px 0px 2px;" rowspan="9"><image width="95px" src="Flag_of_the_United_States.svg"><caption>flag unit</caption></image></col></row><row style="height:2px" /><row><col style=";;" class="navbox-group"><region wordnetid="108630039" confidence="0.8"><location wordnetid="100027167" confidence="0.8"><link ns0:type="simple" ns0:href="../827/26827.xml">south asia</link></location></region></col><col style="text-align:left;border-left:2px solid #fdfdfd;width:100%;padding:0px;;;" class="navbox-list navbox-even"><ethnic_group wordnetid="107967382" confidence="0.9508927676800064"><link ns0:type="simple" ns0:href="../948/2988948.xml">bangladeshi</link></ethnic_group><ethnic_group wordnetid="107967382" confidence="0.9508927676800064"><link ns0:type="simple" ns0:href="../843/18963843.xml">indian</link></ethnic_group><ethnic_group wordnetid="107967382" confidence="0.8"><group wordnetid="100031264" confidence="0.8"><link ns0:type="simple" ns0:href="../393/2590393.xml" /></group></ethnic_group><ethnic_group wordnetid="107967382" confidence="0.9508927676800064"><link ns0:type="simple" ns0:href="../626/1892626.xml">pakistani</link></ethnic_group><ethnic_group wordnetid="107967382" confidence="0.8"><group wordnetid="100031264" confidence="0.8"><link ns0:type="simple" ns0:href="../941/5223941.xml">sri lankan</link></group></ethnic_group><ethnic_group wordnetid="107967382" confidence="0.9508927676800064"><link ns0:type="simple" ns0:href="../892/3345892.xml">tibetan</link></ethnic_group></col></row><row style="height:2px" /><row><col style=";;" class="navbox-group"><region wordnetid="108630039" confidence="0.8"><location wordnetid="100027167" confidence="0.8"><link ns0:type="simple" ns0:href="../741/28741.xml">southeast asia</link></location></region></col><col style="text-align:left;border-left:2px solid #fdfdfd;width:100%;padding:0px;;;" class="navbox-list navbox-odd"><ethnic_group wordnetid="107967382" confidence="0.9508927676800064"><link ns0:type="simple" ns0:href="../180/2470180.xml">burmes</link></ethnic_group><ethnic_group wordnetid="107967382" confidence="0.9508927676800064"><link ns0:type="simple" ns0:href="../336/1364336.xml">cambodian</link></ethnic_group><ethnic_group wordnetid="107967382" confidence="0.9508927676800064"><link ns0:type="simple" ns0:href="../654/679654.xml">filipino</link></ethnic_group><ethnic_group wordnetid="107967382" confidence="0.9508927676800064"><link ns0:type="simple" ns0:href="../386/2316386.xml" /></ethnic_group><ethnic_group wordnetid="107967382" confidence="0.9508927676800064"><link ns0:type="simple" ns0:href="../908/5223908.xml">indonesian</link></ethnic_group><ethnic_group wordnetid="107967382" confidence="0.9508927676800064"><link ns0:type="simple" ns0:href="../246/365246.xml" /></ethnic_group><ethnic_group wordnetid="107967382" confidence="0.9508927676800064"><link ns0:type="simple" ns0:href="../204/5224204.xml">malaysian</link></ethnic_group><ethnic_group wordnetid="107967382" confidence="0.8"><group wordnetid="100031264" confidence="0.8"><link ns0:type="simple" ns0:href="../868/1947868.xml" /></group></ethnic_group><ethnic_group wordnetid="107967382" confidence="0.9508927676800064"><link ns0:type="simple" ns0:href="../748/884748.xml">thai</link></ethnic_group><ethnic_group wordnetid="107967382" confidence="0.9508927676800064"><link ns0:type="simple" ns0:href="../736/316736.xml">vietnames</link></ethnic_group></col></row><row style="height:2px" /><row><col style=";;" class="navbox-group" /><col style="text-align:left;border-left:2px solid #fdfdfd;width:100%;padding:0px;;;" class="navbox-list navbox-even"><ethnic_group wordnetid="107967382" confidence="0.9508927676800064"><link ns0:type="simple" ns0:href="../941/1185941.xml" /></ethnic_group><ethnic_group wordnetid="107967382" confidence="0.8"><group wordnetid="100031264" confidence="0.8"><link ns0:type="simple" ns0:href="../345/259345.xml" /></group></ethnic_group><link ns0:type="simple" ns0:href="../634/18472634.xml">asian hispan latino american</link></col></row><row style="height:2px" /><row><col colspan="2" style="width:100%;padding:0px;;;" class="navbox-list navbox-odd">censu bureau consid<country wordnetid="108544813" confidence="0.9508927676800064"><link ns0:type="simple" ns0:href="../737/737.xml">afghanistan</link></country>south asian countri classifi<link ns0:type="simple" ns0:href="../781/12289781.xml">afghan american</link>asian consid<region wordnetid="108630985" confidence="0.8"><region wordnetid="108630039" confidence="0.8"><location wordnetid="100027167" confidence="0.8"><hot_spot wordnetid="108586330" confidence="0.8"><geographical_area wordnetid="108574314" confidence="0.8"><link ns0:type="simple" ns0:href="../742/6742.xml">central asia</link></geographical_area></hot_spot></location></region></region></col></row></table></col></row></table></p></sec><sec><st>refer</st><p><reflist><entry id="1"><weblink ns0:type="simple" ns0:href="http://www.tenement.org/banana/history.html">banana chines american experi</weblink>retriev<link /></entry></reflist></p></sec></bdy></group></entity></ethnic_group></article>