<article xmlns:ns0="http://www.w3.org/1999/xlink"><physical_entity confidence="0.8" wordnetid="100001930"><person confidence="0.8" wordnetid="100007846"><merchant confidence="0.8" wordnetid="110309896"><businessperson confidence="0.8" wordnetid="109882716"><entity confidence="0.9511911446218017" wordnetid="100001740"><capitalist confidence="0.8" wordnetid="109609232"><distributor confidence="0.8" wordnetid="110018861"><causal_agent confidence="0.8" wordnetid="100007347"><retailer confidence="0.8" wordnetid="110525436"><supplier confidence="0.8" wordnetid="110677271"><header><title>black phoenix alchemi lab</title><id /><revision><id /><timestamp /><contributor><username /><id /></contributor></revision><categories><category>perfum hous</category><category>onlin retail</category></categories></header><bdy>black phoenix alchemi lab bpal<link ns0:type="simple" ns0:href="../379/1118379.xml">onlin compani</link>sell<link ns0:type="simple" ns0:href="../581/98581.xml">perfum oil</link>bpal own elizabeth moriarti brian constantin base angel california unit<sec><st>ethic</st><p>black phoenix alchemi lab anim test test product human perfum oil sold bpal blend hand natur ingredi<link ns0:type="simple" ns0:href="../028/281028.xml">essenti oil</link><link ns0:type="simple" ns0:href="../483/896483.xml">absolut</link>except honey beeswax oil<ref ns0:type="simple" ns0:href="#xpointer(//reflist/entry[@id=%221%22])" /></p></sec><sec><st>influenc</st><p>black phoenix alchemi lab gothic aesthet websit frame product descript snippet poetri categori art monochrom draw etch<physical_entity wordnetid="100001930" confidence="0.8"><person wordnetid="100007846" confidence="0.8"><illustrator wordnetid="109812068" confidence="0.8"><convert wordnetid="109962414" confidence="0.8"><causal_agent wordnetid="100007347" confidence="0.8"><artist wordnetid="109812338" confidence="0.8"><creator wordnetid="109614315" confidence="0.8"><link ns0:type="simple" ns0:href="../166/220166.xml">aubrey</link></creator></artist></causal_agent></convert></illustrator></person></physical_entity></p><p>initi impress cater<link ns0:type="simple" ns0:href="../340/23340.xml">pagan</link><ref ns0:type="simple" ns0:href="#xpointer(//reflist/entry[@id=%222%22])" /><link ns0:type="simple" ns0:href="../905/12905.xml">gothic</link><ref ns0:type="simple" ns0:href="#xpointer(//reflist/entry[@id=%223%22])" /><ref ns0:type="simple" ns0:href="#xpointer(//reflist/entry[@id=%224%22])" />commun blend inspir work<link ns0:type="simple" ns0:href="../752/752.xml">art</link><link ns0:type="simple" ns0:href="../685/19685.xml">mytholog</link><link ns0:type="simple" ns0:href="../712/18581712.xml">folk superstit</link><link ns0:type="simple" ns0:href="../572/1354572.xml">voodoo</link><ref ns0:type="simple" ns0:href="#xpointer(//reflist/entry[@id=%225%22])" />classic literatur histor figur<link ns0:type="simple" ns0:href="../715/50715.xml">pirat</link><ref ns0:type="simple" ns0:href="#xpointer(//reflist/entry[@id=%226%22])" /><link ns0:type="simple" ns0:href="../184/8057184.xml">carniv</link><ref ns0:type="simple" ns0:href="#xpointer(//reflist/entry[@id=%227%22])" />theme includ aromatherapi locat real fiction garden plant deiti concept varieti pantheon</p><ss1><st>neil gaiman terri pratchett perfum benefit chariti</st><p>black phoenix announc releas seri<link ns0:type="simple" ns0:href="../581/98581.xml">perfum</link>base work<comedian wordnetid="109940146" confidence="0.9173553029164789"><person wordnetid="100007846" confidence="0.9508927676800064"><screenwriter wordnetid="110564400" confidence="0.9173553029164789"><writer wordnetid="110794014" confidence="0.9508927676800064"><novelist wordnetid="110363573" confidence="0.9173553029164789"><link ns0:type="simple" ns0:href="../055/22055.xml">neil gaiman</link></novelist></writer></screenwriter></person></comedian>seri current includ scent inspir novel<literary_composition wordnetid="106364329" confidence="0.8"><written_communication wordnetid="106349220" confidence="0.8"><writing wordnetid="106362953" confidence="0.8"><fiction wordnetid="106367107" confidence="0.8"><novel wordnetid="106367879" confidence="0.8"><link ns0:type="simple" ns0:href="../128/182128.xml">american god</link></novel></fiction></writing></written_communication></literary_composition><literary_composition wordnetid="106364329" confidence="0.8"><written_communication wordnetid="106349220" confidence="0.8"><writing wordnetid="106362953" confidence="0.8"><fiction wordnetid="106367107" confidence="0.8"><novel wordnetid="106367879" confidence="0.8"><link ns0:type="simple" ns0:href="../867/1641867.xml">boy</link></novel></fiction></writing></written_communication></literary_composition>profit neil scent<link ns0:type="simple" ns0:href="../104/908104.xml">comic book legal defens fund</link><ref ns0:type="simple" ns0:href="#xpointer(//reflist/entry[@id=%228%22])" />three week rais<ref ns0:type="simple" ns0:href="#xpointer(//reflist/entry[@id=%229%22])" />separ categori<literary_composition wordnetid="106364329" confidence="0.8"><written_communication wordnetid="106349220" confidence="0.8"><writing wordnetid="106362953" confidence="0.8"><fiction wordnetid="106367107" confidence="0.8"><novel wordnetid="106367879" confidence="0.8"><link ns0:type="simple" ns0:href="../433/182433.xml">stardust</link></novel></fiction></writing></written_communication></literary_composition>benefit releas june</p><p>june black phoenix releas collect<link ns0:type="simple" ns0:href="../581/98581.xml">perfum</link>base<group_action wordnetid="101080366" confidence="0.8"><collaboration wordnetid="101205156" confidence="0.8"><event wordnetid="100029378" confidence="0.8"><literary_composition wordnetid="106364329" confidence="0.8"><written_communication wordnetid="106349220" confidence="0.8"><writing wordnetid="106362953" confidence="0.8"><fiction wordnetid="106367107" confidence="0.8"><cooperation wordnetid="101202904" confidence="0.8"><act wordnetid="100030358" confidence="0.8"><psychological_feature wordnetid="100023100" confidence="0.8"><novel wordnetid="106367879" confidence="0.8"><link ns0:type="simple" ns0:href="../797/78797.xml">good omen</link></novel></psychological_feature></act></cooperation></fiction></writing></written_communication></literary_composition></event></collaboration></group_action>coauthor<comedian wordnetid="109940146" confidence="0.9173553029164789"><person wordnetid="100007846" confidence="0.9508927676800064"><screenwriter wordnetid="110564400" confidence="0.9173553029164789"><writer wordnetid="110794014" confidence="0.9508927676800064"><novelist wordnetid="110363573" confidence="0.9173553029164789"><link ns0:type="simple" ns0:href="../055/22055.xml">neil gaiman</link></novelist></writer></screenwriter></person></comedian><person wordnetid="100007846" confidence="0.9508927676800064"><writer wordnetid="110794014" confidence="0.9508927676800064"><link ns0:type="simple" ns0:href="../029/30029.xml">terri pratchett</link></writer></person>sale categori product benefit<weblink ns0:type="simple" ns0:href="http://www.orangutan.org.uk/">orangutan foundat</weblink><ref ns0:type="simple" ns0:href="#xpointer(//reflist/entry[@id=%229%22])" />week juli neil gaiman announc blog rais orangutan foundat fundrais rais<ref ns0:type="simple" ns0:href="#xpointer(//reflist/entry[@id=%2210%22])" /></p></ss1></sec><sec><st>product</st><p>black phoenix alchemi lab current produc sell perfum oil size sampl offici call imp simpli imp<link />cobalt amber glass bottl discontinu product sale oil<link />cobalt bottl major scent catalogu bpal sister compani black phoenix trade post sell offici licens garment jewelri statu soap bath beauti product well occasion offer limit edit special releas oil</p><p>bpal featur monthli releas coincid full moon releas month theme establish mytholog<link ns0:type="simple" ns0:href="../369/18369.xml">lunar calendar</link>time bpal open night custom purchas oil interact staff owner</p><p>black phoenix sister site product oil spiritu purpos call twilight alchemi lab</p></sec><sec><st>popular</st><p>black phoenix alchemi lab fairli sizabl internet<ref ns0:type="simple" ns0:href="#xpointer(//reflist/entry[@id=%2211%22])" />includ<link ns0:type="simple" ns0:href="../813/294813.xml">internet forum</link><ref ns0:type="simple" ns0:href="#xpointer(//reflist/entry[@id=%2212%22])" />member<web_site wordnetid="106359193" confidence="0.9508927676800064"><link ns0:type="simple" ns0:href="../407/92407.xml">livejourn</link></web_site>commun<ref ns0:type="simple" ns0:href="#xpointer(//reflist/entry[@id=%2213%22])" /><ref ns0:type="simple" ns0:href="#xpointer(//reflist/entry[@id=%2214%22])" />member custom cite appeal seduct product descript wide varieti scent tendenc oil vari scent base wearer uniqu bodi chemistri<ref ns0:type="simple" ns0:href="#xpointer(//reflist/entry[@id=%2215%22])" /><ref ns0:type="simple" ns0:href="#xpointer(//reflist/entry[@id=%2216%22])" /></p><p>larg number scent produc upward blend releas compani incept lent product collect aspect onlin commun sprung buy sell swap bpal product covet product unavail limit edit discontinu product unreleas prototyp sell high amount<link ns0:type="simple" ns0:href="../495/130495.xml">ebay</link>bottl sold<ref ns0:type="simple" ns0:href="#xpointer(//reflist/entry[@id=%2217%22])" />earli</p><p>lab name<newspaper wordnetid="106267145" confidence="0.9508927676800064"><link ns0:type="simple" ns0:href="../247/184247.xml">villag voic</link></newspaper>best york best scent indulg inner goth<ref ns0:type="simple" ns0:href="#xpointer(//reflist/entry[@id=%2218%22])" /></p><p>april<work wordnetid="104599396" confidence="0.8"><product wordnetid="104007894" confidence="0.8"><magazine wordnetid="106595351" confidence="0.8"><print_media wordnetid="106263609" confidence="0.8"><creation wordnetid="103129123" confidence="0.8"><press wordnetid="106263369" confidence="0.8"><artifact wordnetid="100021939" confidence="0.8"><instrumentality wordnetid="103575240" confidence="0.8"><medium wordnetid="106254669" confidence="0.8"><publication wordnetid="106589574" confidence="0.8"><link ns0:type="simple" ns0:href="../827/208827.xml">weird tale</link></publication></medium></instrumentality></artifact></press></creation></print_media></magazine></product></work>publish piec origin fiction entitl scent<link>lisa</link>drew inspir bpal fragranc<ref ns0:type="simple" ns0:href="#xpointer(//reflist/entry[@id=%2219%22])" /></p></sec><sec><st>citat</st><p><reflist><entry id="1"><cite id="CITEREFSammy2007" style="font-style:normal">sammi marissa<weblink ns0:type="simple" ns0:href="http://www.sequentialtart.com/article.php?id=429">empress scent stori imp custom obsess</weblink>sequenti tart</cite></entry><entry id="2"><weblink ns0:type="simple" ns0:href="http://www.witchvox.com/wren/wn_detail.html?id=17287">wren nest note discuss</weblink></entry><entry id="3"><cite id="CITEREFImmediato2007" style="font-style:normal">linda<weblink ns0:type="simple" ns0:href="http://www.laweekly.com/la-vida/the-shop/dark-shadows/15656/">dark shadow black phoenix alchemi lab uncommon scent</weblink>weekli</cite></entry><entry id="4"><cite id="CITEREFMoscara2006" style="font-style:normal">black phoenix alchemi lab gothic beauti</cite></entry><entry id="5"><cite id="CITEREFYoung2007" style="font-style:normal">young bob<weblink ns0:type="simple" ns0:href="http://www.azcentral.com/arizonarepublic/sports/articles/0410p2main0410.html">hocu pocu focu</weblink>arizona republ</cite></entry><entry id="6"><weblink ns0:type="simple" ns0:href="http://www.bilgemunky.com/reviews/other/blackphoenix.php">bilg monkey black phoenix alchemi review</weblink></entry><entry id="7"><cite id="CITEREFCho2006" style="font-style:normal">cho margaret<weblink ns0:type="simple" ns0:href="http://margaretcho.com/blog/thenoseknows.htm">nose</weblink></cite></entry><entry id="8">comic book legal defens fund<weblink ns0:type="simple" ns0:href="http://www.cbldf.org/articles/archives/000311.shtml">smell neil gaiman collect</weblink><link ns0:type="simple" ns0:href="../097/304097.xml">press releas</link></entry><entry id="9"><cite id="CITEREFGaiman2007" style="font-style:normal">gaiman neil<weblink ns0:type="simple" ns0:href="http://www.neilgaiman.com/journal/2007/02/smelling-for-good.html">smell good</weblink></cite></entry><entry id="10"><cite id="CITEREFGaiman2007" style="font-style:normal">gaiman neil<weblink ns0:type="simple" ns0:href="http://www.neilgaiman.com/journal/2007/07/blueberry-girls.html">blueberri girl</weblink></cite></entry><entry id="11">mari<weblink ns0:type="simple" ns0:href="http://indieshopping.com/blog/?p=171">darken heart</weblink></entry><entry id="12"><weblink ns0:type="simple" ns0:href="http://www.bpal.org">bpal mad unoffici fan forum</weblink></entry><entry id="13"><weblink ns0:type="simple" ns0:href="http://www.livejournal.com/interests.bml?int=black+phoenix+alchemy+lab">livejourn commun list black phoenix alchemi lab interest</weblink></entry><entry id="14"><weblink ns0:type="simple" ns0:href="http://www.livejournal.com/interests.bml?int=bpal">livejourn commun list bpal interest</weblink></entry><entry id="15"><cite id="CITEREFDobush2006" style="font-style:normal">grace<weblink ns0:type="simple" ns0:href="http://www.pittsburghlive.com/x/pittsburghtrib/news/today/s_480119.html">underground perfum fan common scent</weblink>pittsburgh</cite></entry><entry id="17"><weblink ns0:type="simple" ns0:href="http://cgi.ebay.com/ws/eBayISAPI.dll?ViewItem ih=019 sspagename=STRK%3AMEWA%3AIT viewitem= item=290089049066 rd=1 rd=1">ebay black phoenix alchemi lab</weblink></entry><entry id="16"><cite id="CITEREFWeatherstone2009" style="font-style:normal"><weblink ns0:type="simple" ns0:href="http://www.lunaea.com/words/bpalreview.html">black phoenix alchemi lab</weblink>sage woman magazin</cite></entry><entry id="19"><cite id="CITEREFMantchev2009" style="font-style:normal">lisa<weblink ns0:type="simple" ns0:href="http://www.darkfantasy.org/weirdtales/2007/04/six-scents.html">scent</weblink>weird tale magazin</cite></entry><entry id="18"><cite id="CITEREFGandin2009" style="font-style:normal">jennif<weblink ns0:type="simple" ns0:href="http://www.villagevoice.com/specials/bestof/2005/?page=05_result categ=shopping id=4833">best york best scent indulg inner goth</weblink>villag voic</cite></entry></reflist></p></sec><sec><st>extern link</st><p><list><entry level="1" type="bullet"><weblink ns0:type="simple" ns0:href="http://www.blackphoenixalchemylab.com/">black phoenix alchemi lab</weblink></entry><entry level="1" type="bullet"><weblink ns0:type="simple" ns0:href="http://www.bpal.org/">bpal mad forum</weblink></entry><entry level="1" type="bullet"><weblink ns0:type="simple" ns0:href="http://www.livejournal.com/community/bpal_excathedra/">bpal announc livejourn commun</weblink></entry><entry level="1" type="bullet"><weblink ns0:type="simple" ns0:href="http://www.blackphoenixtradingpost.com/">black phoenix trade post</weblink></entry><entry level="1" type="bullet"><weblink ns0:type="simple" ns0:href="http://www.twilightalchemylab.com/">twilight alchemi lab</weblink></entry></list></p></sec></bdy></supplier></retailer></causal_agent></distributor></capitalist></entity></businessperson></merchant></person></physical_entity></article>