<article xmlns:ns0="http://www.w3.org/1999/xlink"><entity confidence="0.9511911446218017" wordnetid="100001740"><disease confidence="0.9508927676800064" wordnetid="114070360"><header><title>buerger diseas</title><id /><revision><id /><timestamp /><contributor><username /><id /></contributor></revision><categories><category /><category>cardiovascular diseas</category></categories></header><bdy><template><name /><parameters><MeshName /><OMIM /><Name>buerger diseas</Name><eMedicineTopic /><DiseasesDB /><ICD10><link ns0:type="simple" ns0:href="../347/3530347.xml" /><weblink ns0:type="simple" ns0:href="http://www.who.int/classifications/apps/icd/icd10online/?gi70.htm+i731" /></ICD10><MeshNumber /><eMedicineSubj>med</eMedicineSubj><ICD9><weblink ns0:type="simple" ns0:href="http://www.icd9data.com/getICD9Code.ashx?icd9443.1" /></ICD9></parameters></template><indent level="1">confus<link ns0:type="simple" ns0:href="../947/724947.xml">berger diseas</link>nephropathi</indent>buerger diseas acut<link ns0:type="simple" ns0:href="../425/70425.xml">inflamm</link><link ns0:type="simple" ns0:href="../048/183048.xml">thrombosi</link>clot<link ns0:type="simple" ns0:href="../790/36790.xml">arteri</link><link ns0:type="simple" ns0:href="../227/53227.xml">vein</link>hand feet associ<link ns0:type="simple" ns0:href="../942/30942.xml">tobacco</link>product<ref ns0:type="simple" ns0:href="#xpointer(//reflist/entry[@id=%221%22])" /><link ns0:type="simple" ns0:href="../298/73298.xml">smoke</link>tobacco<sec><st>featur</st><p>recurr acut chronic<link ns0:type="simple" ns0:href="../425/70425.xml">inflamm</link><link ns0:type="simple" ns0:href="../048/183048.xml">thrombosi</link><link ns0:type="simple" ns0:href="../790/36790.xml">arteri</link><link ns0:type="simple" ns0:href="../227/53227.xml">vein</link>hand feet main symptom<link ns0:type="simple" ns0:href="../373/24373.xml">pain</link>area<link ns0:type="simple" ns0:href="../502/14862502.xml">ulcer</link><link ns0:type="simple" ns0:href="../977/237977.xml">gangren</link>extrem common<link ns0:type="simple" ns0:href="../393/1479393.xml">complic</link><link ns0:type="simple" ns0:href="../ury/30th_century.xml">amput</link>involv extrem</p></sec><sec><st>diagnosi</st><p>concret diagnosi difficult reli heavili exclus condit commonli diagnost criteria criteria tend differ author author olin propos criteria<ref ns0:type="simple" ns0:href="#xpointer(//reflist/entry[@id=%222%22])" /><list><entry level="1" type="number">age younger year</entry><entry level="1" type="number">current histori tobacco</entry><entry level="1" type="number">presenc distal extrem ischemia indic pain rest ischem ulcer gangren document noninvas vascular test ultrasound</entry><entry level="1" type="number">exclus autoimmun diseas diabet mellitu laboratori test</entry><entry level="1" type="number">exclus proxim sourc</entry><entry level="1" type="number">consist find clinic involv limb</entry></list></p></sec><sec><st>pathophysiolog</st><p>characterist<link ns0:type="simple" ns0:href="../791/48791.xml">patholog</link>find acut<link ns0:type="simple" ns0:href="../425/70425.xml">inflamm</link><link ns0:type="simple" ns0:href="../048/183048.xml">thrombosi</link>clot<link ns0:type="simple" ns0:href="../790/36790.xml">arteri</link><link ns0:type="simple" ns0:href="../227/53227.xml">vein</link>hand feet lower limb common mechan underli buerger diseas unknown suspect<link ns0:type="simple" ns0:href="../959/14959.xml">immunolog</link>reaction play role</p></sec><sec><st>treatment</st><p>symptom treat treatment diseas cessat tobacco slow progress diseas<asset wordnetid="105154517" confidence="0.8"><forte wordnetid="105159225" confidence="0.8"><link ns0:type="simple" ns0:href="../708/585708.xml">vascular surgeri</link></forte></asset>help treat limb poor perfus secondari diseas vascular growth factor stem cell inject show promis clinic studi</p><p><link ns0:type="simple" ns0:href="../920/917920.xml" />propos adjuv therapi case<ref ns0:type="simple" ns0:href="#xpointer(//reflist/entry[@id=%223%22])" /></p></sec><sec><st>prognosi</st><p>buerger fatal amput common major amput limb finger toe common patient continu smoke death rate consist higher patient ceas smoke health concern quit highli recommend femal patient tend higher longev rate men</p></sec><sec><st>prevent</st><p>diseas unknown thought autoimmun natur heavili link tobacco link person digest disord</p></sec><sec><st>epidemiolog</st><p>buerger common men women common<country wordnetid="108544813" confidence="0.9508927676800064"><link ns0:type="simple" ns0:href="../173/9282173.xml">israel</link></country><link ns0:type="simple" ns0:href="../573/15573.xml">japan</link><country wordnetid="108544813" confidence="0.9508927676800064"><link ns0:type="simple" ns0:href="../533/14533.xml">india</link></country>silk rout<body wordnetid="107965085" confidence="0.8"><social_group wordnetid="107950920" confidence="0.8"><political_orientation wordnetid="106212839" confidence="0.8"><colony wordnetid="108374049" confidence="0.8"><state wordnetid="108168978" confidence="0.8"><political_unit wordnetid="108359949" confidence="0.8"><group wordnetid="100031264" confidence="0.8"><democracy wordnetid="106217103" confidence="0.8"><link ns0:type="simple" ns0:href="../750/3434750.xml">unit</link></democracy></group></political_unit></state></colony></political_orientation></social_group></body><link ns0:type="simple" ns0:href="../239/9239.xml">europ</link>diseas common south asian</p></sec><sec><st>histori</st><p>buerger diseas report<physical_entity wordnetid="100001930" confidence="0.8"><person wordnetid="100007846" confidence="0.8"><medical_practitioner wordnetid="110305802" confidence="0.8"><causal_agent wordnetid="100007347" confidence="0.8"><health_professional wordnetid="110165109" confidence="0.8"><adult wordnetid="109605289" confidence="0.8"><professional wordnetid="110480253" confidence="0.8"><doctor wordnetid="110020890" confidence="0.8"><link ns0:type="simple" ns0:href="../749/15055749.xml">felix von</link></doctor></professional></adult></health_professional></causal_agent></medical_practitioner></person></physical_entity><link ns0:type="simple" ns0:href="../968/34968.xml" /><country wordnetid="108544813" confidence="0.9508927676800064"><link ns0:type="simple" ns0:href="../576/576.xml">austria</link></country><ref ns0:type="simple" ns0:href="#xpointer(//reflist/entry[@id=%224%22])" /></p><p>wasnt diseas accur patholog descript<physical_entity wordnetid="100001930" confidence="0.8"><person wordnetid="100007846" confidence="0.8"><diagnostician wordnetid="110011074" confidence="0.8"><medical_practitioner wordnetid="110305802" confidence="0.8"><specialist wordnetid="110632576" confidence="0.8"><causal_agent wordnetid="100007347" confidence="0.8"><health_professional wordnetid="110165109" confidence="0.8"><adult wordnetid="109605289" confidence="0.8"><professional wordnetid="110480253" confidence="0.8"><doctor wordnetid="110020890" confidence="0.8"><link ns0:type="simple" ns0:href="../570/13887570.xml">leo buerger</link></doctor></professional></adult></health_professional></causal_agent></specialist></medical_practitioner></diagnostician></person></physical_entity><hospital wordnetid="103540595" confidence="0.9508927676800064"><link ns0:type="simple" ns0:href="../281/1241281.xml">mount sinai hospit</link></hospital><village wordnetid="108672738" confidence="0.9508927676800064"><link ns0:type="simple" ns0:href="../042/645042.xml">york citi</link></village><ref ns0:type="simple" ns0:href="#xpointer(//reflist/entry[@id=%225%22])" />buerger call spontan gangren studi amput patient</p></sec><sec><st>refer</st><p><reflist><entry id="1"><cite style="font-style:normal">joyc buerger diseas rheum clin north pmid</cite></entry><entry id="2">olin buerger diseas engl med pmid</entry><entry id="3"><cite style="font-style:normal">hussein intraarteri adjuv therapi complic buerger diseas earli trial intern surgeri pmid</cite></entry><entry id="4">von ein form von und mit fuss arch</entry><entry id="5">buerger studi vascular lesion lead spontan gangren med sci</entry></reflist></p></sec><sec><st>extern link</st><p><list><entry level="1" type="bullet"><weblink ns0:type="simple" ns0:href="http://chorus.rad.mcw.edu/doc/00394.html" /><link ns0:type="simple" ns0:href="../975/3874975.xml">choru</link></entry><entry level="1" type="bullet"><weblink ns0:type="simple" ns0:href="http://www.whonamedit.com/synd.cfm/2724.html" /><computer wordnetid="103082979" confidence="0.8"><artifact wordnetid="100021939" confidence="0.8"><instrumentality wordnetid="103575240" confidence="0.8"><device wordnetid="103183080" confidence="0.8"><machine wordnetid="103699975" confidence="0.8"><web_site wordnetid="106359193" confidence="0.8"><link ns0:type="simple" ns0:href="../140/3677140.xml">name</link></web_site></machine></device></instrumentality></artifact></computer></entry><entry level="1" type="bullet"><weblink ns0:type="simple" ns0:href="http://www.brandoncarmichael.com/">brandon carmichael</weblink></entry></list></p><p><table style=";" class="navbox" cellspacing="0"><row><col style="padding:2px;"><table style="width:100%;background:transparent;color:inherit;;" class="nowraplinks collapsible autocollapse " cellspacing="0"><row><header colspan="2" style=";background:Silver" class="navbox-title"><link ns0:type="simple" ns0:href="../662/512662.xml">cardiovascular diseas</link><link ns0:type="simple" ns0:href="../872/5200872.xml">vascular diseas</link><link ns0:type="simple" ns0:href="../330/57330.xml">circulatori system</link><link ns0:type="simple" ns0:href="../791/48791.xml">patholog</link></header></row><row style="height:2px" /><row><col style=";background:MistyRose;;" class="navbox-group"><link ns0:type="simple" ns0:href="../790/36790.xml">arteri</link><link ns0:type="simple" ns0:href="../444/479444.xml" /><link ns0:type="simple" ns0:href="../512/56512.xml">capillari</link></col><col style="text-align:left;border-left:2px solid #fdfdfd;width:100%;padding:0px;;;" class="navbox-list navbox-odd"><table style="width:100%;;;;" class="nowraplinks  navbox-subgroup" cellspacing="0"><row><col style=";padding-left:0em;padding-right:0em;background-color: MistyRose;" class="navbox-group"><link ns0:type="simple" ns0:href="../173/489173.xml">arteri occlus diseas</link><link ns0:type="simple" ns0:href="../173/489173.xml">peripher vascular diseas</link></col><col style="text-align:left;border-left:2px solid #fdfdfd;width:100%;padding:0px;;;" class="navbox-list navbox-odd"><link ns0:type="simple" ns0:href="../288/188288.xml">arteriosclerosi</link><link ns0:type="simple" ns0:href="../385/85385.xml">atherosclerosi</link><link ns0:type="simple" ns0:href="../492/1298492.xml">intermitt</link><link ns0:type="simple" ns0:href="../449/838449.xml" /><disease wordnetid="114070360" confidence="0.9508927676800064"><link ns0:type="simple" ns0:href="../745/11548745.xml">arteriosclerosi</link></disease><p><link ns0:type="simple" ns0:href="../498/682498.xml">stenosi</link><disease wordnetid="114070360" confidence="0.9508927676800064"><link ns0:type="simple" ns0:href="../037/1263037.xml">renal arteri stenosi</link></disease><disease wordnetid="114070360" confidence="0.9508927676800064"><link ns0:type="simple" ns0:href="../255/2785255.xml">carotid arteri stenosi</link></disease><link ns0:type="simple" ns0:href="../672/4350672.xml" /><disease wordnetid="114070360" confidence="0.9508927676800064"><link ns0:type="simple" ns0:href="../395/4112395.xml">diseas</link></disease><disease wordnetid="114070360" confidence="0.9508927676800064"><link ns0:type="simple" ns0:href="../595/1212595.xml">occlus diseas</link></disease></p><p><link ns0:type="simple" ns0:href="../203/599203.xml">phenomenon</link><link ns0:type="simple" ns0:href="../224/725224.xml">diseas</link><link ns0:type="simple" ns0:href="../501/853501.xml" /></p></col></row><row style="height:2px" /><row><col style=";padding-left:0em;padding-right:0em;background-color: MistyRose;" class="navbox-group"><link ns0:type="simple" ns0:href="../553/322553.xml">aneurysm</link></col><col style="text-align:left;border-left:2px solid #fdfdfd;width:100%;padding:0px;;;" class="navbox-list navbox-odd"><link ns0:type="simple" ns0:href="../059/779059.xml">aortic aneurysm</link><link ns0:type="simple" ns0:href="../096/841096.xml">abdomin aortic aneurysm</link><link ns0:type="simple" ns0:href="../906/219906.xml">cerebr aneurysm</link><disease wordnetid="114070360" confidence="0.9508927676800064"><link ns0:type="simple" ns0:href="../779/17606779.xml">coronari arteri aneurysm</link></disease><disease wordnetid="114070360" confidence="0.9508927676800064"><link ns0:type="simple" ns0:href="../165/11226165.xml">berri aneurysm</link></disease><disease wordnetid="114070360" confidence="0.9508927676800064"><link ns0:type="simple" ns0:href="../266/5789266.xml">dissect</link></disease><happening wordnetid="107283608" confidence="0.8"><event wordnetid="100029378" confidence="0.8"><emergency wordnetid="107417405" confidence="0.8"><crisis wordnetid="107417644" confidence="0.8"><psychological_feature wordnetid="100023100" confidence="0.8"><juncture wordnetid="107416714" confidence="0.8"><link ns0:type="simple" ns0:href="../193/274193.xml">aortic</link></juncture></psychological_feature></crisis></emergency></event></happening><disease wordnetid="114070360" confidence="0.9508927676800064"><link ns0:type="simple" ns0:href="../102/5413102.xml">carotid</link></disease><link ns0:type="simple" ns0:href="../270/5789270.xml">vertebr</link><disease wordnetid="114070360" confidence="0.9508927676800064"><link ns0:type="simple" ns0:href="../015/857015.xml" /></disease></col></row><row style="height:2px" /><row><col style=";padding-left:0em;padding-right:0em;background-color: MistyRose;" class="navbox-group" /><col style="text-align:left;border-left:2px solid #fdfdfd;width:100%;padding:0px;;;" class="navbox-list navbox-even"><link ns0:type="simple" ns0:href="../219/1287219.xml" /><link ns0:type="simple" ns0:href="../174/12413174.xml" /><disease wordnetid="114070360" confidence="0.9508927676800064"><link ns0:type="simple" ns0:href="../829/1081829.xml">buerger diseas</link></disease><p><disease wordnetid="114070360" confidence="0.9508927676800064"><link ns0:type="simple" ns0:href="../134/2344134.xml">fistula</link></disease><disease wordnetid="114070360" confidence="0.9508927676800064"><link ns0:type="simple" ns0:href="../467/728467.xml">hereditari hemorrhag</link></disease></p><p><link ns0:type="simple" ns0:href="../744/934744.xml" /><link ns0:type="simple" ns0:href="../973/3238973.xml">spider</link><link ns0:type="simple" ns0:href="../468/18711468.xml">halo</link><disease wordnetid="114070360" confidence="0.9508927676800064"><link ns0:type="simple" ns0:href="../286/1213286.xml">cherri</link></disease></p></col></row></table></col></row><row style="height:2px" /><row><col style=";background:MistyRose;;" class="navbox-group"><link ns0:type="simple" ns0:href="../227/53227.xml">vein</link></col><col style="text-align:left;border-left:2px solid #fdfdfd;width:100%;padding:0px;;;" class="navbox-list navbox-even"><table style="width:100%;;;;" class="nowraplinks  navbox-subgroup" cellspacing="0"><row><col style=";padding-left:0em;padding-right:0em;background-color: MistyRose;" class="navbox-group"><link ns0:type="simple" ns0:href="../191/211191.xml">venou thrombosi</link><link ns0:type="simple" ns0:href="../814/939814.xml" /><link ns0:type="simple" ns0:href="../105/1482105.xml" /></col><col style="text-align:left;border-left:2px solid #fdfdfd;width:100%;padding:0px;;;" class="navbox-list navbox-odd">lower limb<disease wordnetid="114070360" confidence="0.9508927676800064"><link ns0:type="simple" ns0:href="../153/570153.xml">deep vein thrombosi</link></disease><p>abdomen<disease wordnetid="114070360" confidence="0.9508927676800064"><link ns0:type="simple" ns0:href="../112/4007112.xml">syndrom</link></disease><disease wordnetid="114070360" confidence="0.9508927676800064"><link ns0:type="simple" ns0:href="../807/3197807.xml">portal vein thrombosi</link></disease><disease wordnetid="114070360" confidence="0.9508927676800064"><link ns0:type="simple" ns0:href="../854/584854.xml">syndrom</link></disease><disease wordnetid="114070360" confidence="0.9508927676800064"><link ns0:type="simple" ns0:href="../980/3219980.xml">renal vein thrombosi</link></disease></p><p>upper<disease wordnetid="114070360" confidence="0.9508927676800064"><link ns0:type="simple" ns0:href="../562/2991562.xml">diseas</link></disease><link ns0:type="simple" ns0:href="../237/725237.xml">diseas</link></p><p>head<disease wordnetid="114070360" confidence="0.9508927676800064"><link ns0:type="simple" ns0:href="../793/13757793.xml">cerebr venou sinu thrombosi</link></disease></p><p><disease wordnetid="114070360" confidence="0.9508927676800064"><link ns0:type="simple" ns0:href="../509/6827509.xml">syndrom</link></disease></p></col></row><row style="height:2px" /><row><col style=";padding-left:0em;padding-right:0em;background-color: MistyRose;" class="navbox-group"><link ns0:type="simple" ns0:href="../834/32834.xml">vein</link></col><col style="text-align:left;border-left:2px solid #fdfdfd;width:100%;padding:0px;;;" class="navbox-list navbox-even"><link ns0:type="simple" ns0:href="../099/1433099.xml" /><link ns0:type="simple" ns0:href="../288/1033288.xml">gastric</link><link ns0:type="simple" ns0:href="../546/8333546.xml" /><link ns0:type="simple" ns0:href="../652/173652.xml">hemorrhoid</link><disease wordnetid="114070360" confidence="0.9508927676800064"><link ns0:type="simple" ns0:href="../254/702254.xml">esophag</link></disease><disease wordnetid="114070360" confidence="0.9508927676800064"><link ns0:type="simple" ns0:href="../135/1141135.xml">medusa</link></disease></col></row><row style="height:2px" /><row><col style=";padding-left:0em;padding-right:0em;background-color: MistyRose;" class="navbox-group" /><col style="text-align:left;border-left:2px solid #fdfdfd;width:100%;padding:0px;;;" class="navbox-list navbox-odd"><link ns0:type="simple" ns0:href="../513/1336513.xml">superior vena cava syndrom</link><sign wordnetid="106646243" confidence="0.8"><indication wordnetid="106797169" confidence="0.8"><evidence wordnetid="106643408" confidence="0.8"><clue wordnetid="106643763" confidence="0.8"><link ns0:type="simple" ns0:href="../383/2571383.xml">inferior vena cava syndrom</link></clue></evidence></indication></sign><disease wordnetid="114070360" confidence="0.9508927676800064"><link ns0:type="simple" ns0:href="../928/3117928.xml">venou ulcer</link></disease></col></row></table></col></row><row style="height:2px" /><row><col style=";background:MistyRose;;" class="navbox-group">arteri vein</col><col style="text-align:left;border-left:2px solid #fdfdfd;width:100%;padding:0px;;;" class="navbox-list navbox-odd"><link ns0:type="simple" ns0:href="../428/667428.xml" /><link ns0:type="simple" ns0:href="../048/183048.xml">thrombosi</link><link ns0:type="simple" ns0:href="../801/168801.xml">embol</link><link ns0:type="simple" ns0:href="../165/207165.xml">pulmonari embol</link><disease wordnetid="114070360" confidence="0.9508927676800064"><link ns0:type="simple" ns0:href="../924/17620924.xml">cholesterol embol</link></disease><link ns0:type="simple" ns0:href="../510/56510.xml" /><link ns0:type="simple" ns0:href="../016/3047016.xml" /><link ns0:type="simple" ns0:href="../964/249964.xml" /></col></row><row style="height:2px" /><row><col style=";background:MistyRose;;" class="navbox-group"><disease wordnetid="114070360" confidence="0.9508927676800064"><link ns0:type="simple" ns0:href="../701/18587701.xml">lymphat diseas</link></disease></col><col style="text-align:left;border-left:2px solid #fdfdfd;width:100%;padding:0px;;;" class="navbox-list navbox-even"><link ns0:type="simple" ns0:href="../729/1010729.xml" /><link ns0:type="simple" ns0:href="../722/18722.xml" /><link ns0:type="simple" ns0:href="../887/3197887.xml" /></col></row><row style="height:2px" /><row><col style=";background:MistyRose;;" class="navbox-group"><link ns0:type="simple" ns0:href="../558/56558.xml">blood pressur</link></col><col style="text-align:left;border-left:2px solid #fdfdfd;width:100%;padding:0px;;;" class="navbox-list navbox-odd"><table style="width:100%;;;;" class="nowraplinks  navbox-subgroup" cellspacing="0"><row><col style=";padding-left:0em;padding-right:0em;background-color: MistyRose;" class="navbox-group"><link ns0:type="simple" ns0:href="../432/77432.xml">hypertens</link></col><col style="text-align:left;border-left:2px solid #fdfdfd;width:100%;padding:0px;;;" class="navbox-list navbox-odd"><link ns0:type="simple" ns0:href="../459/3186459.xml">hypertens heart diseas</link><link ns0:type="simple" ns0:href="../259/1626259.xml">hypertens nephropathi</link><link ns0:type="simple" ns0:href="../830/2994830.xml">secondari hypertens</link><disease wordnetid="114070360" confidence="0.9508927676800064"><link ns0:type="simple" ns0:href="../310/3186310.xml">hypertens</link></disease><disease wordnetid="114070360" confidence="0.9508927676800064"><link ns0:type="simple" ns0:href="../529/674529.xml">pulmonari hypertens</link></disease></col></row><row style="height:2px" /><row><col style=";padding-left:0em;padding-right:0em;background-color: MistyRose;" class="navbox-group"><link ns0:type="simple" ns0:href="../475/500475.xml">hypotens</link></col><col style="text-align:left;border-left:2px solid #fdfdfd;width:100%;padding:0px;;;" class="navbox-list navbox-even"><link ns0:type="simple" ns0:href="../956/101956.xml">hypotens</link></col></row></table></col></row><row style="height:2px" /><row><col colspan="2" style="width:100%;padding:0px;;;" class="navbox-list navbox-even" /></row></table></col></row></table></p></sec></bdy></disease></entity></article>