<article xmlns:ns0="http://www.w3.org/1999/xlink"><header><title>list naruto episod season</title><id /><revision><id /><timestamp /><contributor><username>ohconfuciu</username><id /></contributor></revision><categories><category>list anim televis seri episod</category><category>naruto episod</category></categories></header><bdy>list episod<link ns0:type="simple" ns0:href="../800/800.xml">anim</link>seri<creation wordnetid="103129123" confidence="0.8"><beginning wordnetid="100235435" confidence="0.8"><change wordnetid="100191142" confidence="0.8"><end_product wordnetid="103287178" confidence="0.8"><product wordnetid="104007894" confidence="0.8"><change_of_state wordnetid="100199130" confidence="0.8"><artifact wordnetid="100021939" confidence="0.8"><event wordnetid="100029378" confidence="0.8"><oeuvre wordnetid="103841417" confidence="0.8"><action wordnetid="100037396" confidence="0.8"><act wordnetid="100030358" confidence="0.8"><psychological_feature wordnetid="100023100" confidence="0.8"><introduction wordnetid="100238022" confidence="0.8"><link ns0:type="simple" ns0:href="../190/232190.xml">naruto</link></introduction></psychological_feature></act></action></oeuvre></event></artifact></change_of_state></product></end_product></change></beginning></creation>cover sixth season seri episod direct produc<company wordnetid="108058098" confidence="0.8"><institution wordnetid="108053576" confidence="0.8"><link ns0:type="simple" ns0:href="../342/1505342.xml">studio</link></institution></company><broadcast wordnetid="106254007" confidence="0.9508927676800064"><link ns0:type="simple" ns0:href="../108/498108.xml">tokyo</link></broadcast><ref ns0:type="simple" ns0:href="#xpointer(//reflist/entry[@id=%221%22])" />episod releas<system wordnetid="108435388" confidence="0.8"><economy wordnetid="108366753" confidence="0.8"><group wordnetid="100031264" confidence="0.8"><link ns0:type="simple" ns0:href="../139/21139.xml">north america</link></group></economy></system><company wordnetid="108058098" confidence="0.9508927676800064"><link ns0:type="simple" ns0:href="../405/1756405.xml">media</link></company>base naruto<link ns0:type="simple" ns0:href="../985/18985.xml">manga</link>seri<person wordnetid="100007846" confidence="0.9508927676800064"><link ns0:type="simple" ns0:href="../848/1044848.xml">masashi</link></person>adapt<link ns0:type="simple" ns0:href="../617/13673617.xml#xpointer(//*[./st=%22Volume+list%22])">twentieth</link>volum sourc materi twentythre episod episod season twentyon episod season<link ns0:type="simple" ns0:href="../606/5044606.xml">filler</link>storylin origin manga<p>season air octob march sixth season april octob<ref ns0:type="simple" ns0:href="#xpointer(//reflist/entry[@id=%222%22])" />season<broadcast wordnetid="106254007" confidence="0.9508927676800064"><link ns0:type="simple" ns0:href="../108/498108.xml">tokyo</link></broadcast><ref ns0:type="simple" ns0:href="#xpointer(//reflist/entry[@id=%221%22])" />english adapt season air septemb end januari<ref ns0:type="simple" ns0:href="#xpointer(//reflist/entry[@id=%223%22])" />english adapt sixth season air januari</p><p>piec<link ns0:type="simple" ns0:href="../026/463026.xml">theme music</link>episod open theme theme open theme<artist wordnetid="109812338" confidence="0.9508927676800064"><link ns0:type="simple" ns0:href="../476/4332476.xml#xpointer(//*[./st=%22Singles%22])" /></artist><artist wordnetid="109812338" confidence="0.9508927676800064"><link ns0:type="simple" ns0:href="../476/4332476.xml#xpointer(//*[./st=%22Singles%22])" /></artist>lit youth rhapsodi<artist wordnetid="109812338" confidence="0.9508927676800064"><link ns0:type="simple" ns0:href="../476/4332476.xml" /></artist>twenti<artist wordnetid="109812338" confidence="0.9508927676800064"><link ns0:type="simple" ns0:href="../667/4704667.xml">stanc punk</link></artist><artist wordnetid="109812338" confidence="0.9508927676800064"><link ns0:type="simple" ns0:href="../667/4704667.xml#xpointer(//*[./st=%22Singles%22])" /></artist><artist wordnetid="109812338" confidence="0.9508927676800064"><link ns0:type="simple" ns0:href="../667/4704667.xml#xpointer(//*[./st=%22Singles%22])" /></artist>lit boy cri rest theme lit mountain<link>captain</link>twelv episod<link />kimi kimi lit time spoke thirteen episod<artist wordnetid="109812338" confidence="0.9508927676800064"><link ns0:type="simple" ns0:href="../585/9977585.xml">regret life</link></artist><artist wordnetid="109812338" confidence="0.9508927676800064"><link ns0:type="simple" ns0:href="../585/9977585.xml#xpointer(//*[./st=%22Singles%22])" /></artist><artist wordnetid="109812338" confidence="0.9508927676800064"><link ns0:type="simple" ns0:href="../585/9977585.xml#xpointer(//*[./st=%22Singles%22])" /></artist>lit lost util thirteen episod speed<link />remain episod english episod open theme episod boy cri episod ongo instrument version rise<link ns0:type="simple" ns0:href="../605/4023605.xml">jeremi sweet</link>ian close theme</p><sec><st>season</st><p><table width="99%" class="wikitable"><row style="border-bottom:3px solid #CCCCFF"><header width="3%" /><header>titl</header><header width="15%">origin airdat</header><header width="15%">english airdat</header></row><row style="text-align: center; background:#F2F2F2"><col id="ep105" /><col style="text-align: left;">fierc battl roll thunder</col><col>octob</col><col>septemb</col></row><row><col colspan="4" style="border-bottom:3px solid #CCCCFF">continu celebr women food warn celebr prematur<fictional_character wordnetid="109587565" confidence="0.9508927676800064"><link ns0:type="simple" ns0:href="../896/585896.xml">naruto</link></fictional_character>carri idat ascend long flight stair shrine idat grab orb head feet confront wait sword naruto rasengan sasuk repel sword crack</col></row><row style="text-align: center; background:#F2F2F2"><col id="ep106" /><col style="text-align: left;">leg final desper idat</col><header /><col>octob</col><col>octob</col></row><row><col colspan="4" style="border-bottom:3px solid #CCCCFF"><fictional_character wordnetid="109587565" confidence="0.9508927676800064"><link ns0:type="simple" ns0:href="../100/740100.xml">sakura</link></fictional_character><fictional_character wordnetid="109587565" confidence="0.9508927676800064"><link ns0:type="simple" ns0:href="../107/740107.xml">sasuk uchiha</link></fictional_character>defeat naruto defeat idat continu race fail attack naruto final defeat idat continu race finish determin encourag naruto idat manag catch win race save wasabi clan</col></row><row style="text-align: center; background:#F2F2F2"><col id="ep107" /><col style="text-align: left;">battl naruto sasuk oma tsui sasuk tai naruto</col><col>novemb</col><col>octob</col></row><row><col colspan="4" style="border-bottom:3px solid #CCCCFF">injuri receiv land tea sasuk stuck hospit recov angri naruto continu stronger strong defeat itachi challeng naruto fight sakura visit naruto accept head roof exchang attack naruto creat<link ns0:type="simple" ns0:href="../021/380021.xml#xpointer(//*[./st=%22Rasengan%22])">rasengan</link><link ns0:type="simple" ns0:href="../166/1558166.xml">sasuk</link>prepar<link ns0:type="simple" ns0:href="../021/380021.xml#xpointer(//*[./st=%22Chidori%22])" />rush sakura scream episod shikamaru nara promot lee tell tsunad accept oper</col></row><row style="text-align: center; background:#F2F2F2"><col id="ep108" /><col style="text-align: left;">bitter rival broken bond</col><col>novemb</col><col>octob</col></row><row><col colspan="4" style="border-bottom:3px solid #CCCCFF">naruto sasuk clash<fictional_character wordnetid="109587565" confidence="0.9508927676800064"><link ns0:type="simple" ns0:href="../948/6340948.xml">kakashi</link></fictional_character>appear deflect differ water tower admir damag attack water tower sasuk believ stronger naruto closer inspect find naruto tower consider wors sasuk tower naruto tower dent front blew giant hole naruto strength kakashi take sasuk lectur attack friend sasuk threaten kill kakashi tell late dead sasuk debat stay villag reveng itachi<link ns0:type="simple" ns0:href="../453/3512453.xml#xpointer(//*[./st=%22Sound+Four%22])">sound</link>arriv introduc sasuk battl turn match</col></row><row style="text-align: center; background:#F2F2F2"><col id="ep109" /><col style="text-align: left;">invit sound</col><col>novemb</col><col>octob</col></row><row><col colspan="4" style="border-bottom:3px solid #CCCCFF">sasuk continu battl sound eventu injur includ weaken curs mark sound stori sasuk stronger lend orochimaru sasuk tire play ninja game final sakura fail sasuk vanish persuad faint</col></row><row style="text-align: center; background:#F2F2F2"><col id="ep110" /><col style="text-align: left;">format sasuk retriev squad</col><col>novemb</col><col>octob</col></row><row><col colspan="4" style="border-bottom:3px solid #CCCCFF">sakura awaken inform<fictional_character wordnetid="109587565" confidence="0.9508927676800064"><link ns0:type="simple" ns0:href="../696/3326696.xml">tsunad</link></fictional_character>sasuk defect unabl send higher rank ninja sasuk tsunad order<fictional_character wordnetid="109587565" confidence="0.9508927676800064"><link ns0:type="simple" ns0:href="../259/1145259.xml">shikamaru nara</link></fictional_character>assembl team lead sasuk select<fictional_character wordnetid="109587565" confidence="0.9508927676800064"><link ns0:type="simple" ns0:href="../896/585896.xml">naruto</link></fictional_character><fictional_character wordnetid="109587565" confidence="0.8"><imaginary_being wordnetid="109483738" confidence="0.8"><link ns0:type="simple" ns0:href="../449/2161449.xml">neji</link></imaginary_being></fictional_character><link ns0:type="simple" ns0:href="../801/372801.xml#xpointer(//*[./st=%22Choji+Akimichi%22])">choji</link><link ns0:type="simple" ns0:href="../801/372801.xml#xpointer(//*[./st=%22Kiba+Inuzuka%22])">kiba</link>devis optim format group leav sakura plead naruto bring sasuk naruto promis group set</col></row><row style="text-align: center; background:#F2F2F2"><col id="ep111" /><col style="text-align: left;">sound leaf</col><col>novemb</col><col>octob</col></row><row><col colspan="4" style="border-bottom:3px solid #CCCCFF">step gain power sasuk curs seal advanc second happen sound seal sasuk barrel carri konoha seal advanc confront nearbi konoha ninja eventu defeat curs seal carri sasuk way sound take break caught retriev team chanc sneak attack presenc detect sound attack move</col></row><row style="text-align: center; background:#F2F2F2"><col id="ep112" /><col style="text-align: left;">squad mutini fall apart shikamaru</col><col>decemb</col><col>novemb</col></row><row><col colspan="4" style="border-bottom:3px solid #CCCCFF">sound four attack forc retriev team defens shikamaru intend caught opportun captur sound shadow manag escap<link ns0:type="simple" ns0:href="../453/3512453.xml#xpointer(//*[./st=%22Jirobo%22])">jirobo</link>captur retriev team dome rock sound member ahead jirobo absorb konoha ninja chakra chakra complet absorb choji manag break dome free team</col></row><row style="text-align: center; background:#F2F2F2"><col id="ep113" /><col style="text-align: left;">full throttl power choji paw</col><col>decemb</col><col>novemb</col></row><row><col colspan="4" style="border-bottom:3px solid #CCCCFF">freed choji volunt stay deal jirobo rest team chanc catch sound member team choji eat three color pill increas strength prove overpow jirobo forc advanc curs seal level jirobo upper hand choji take second pill</col></row><row style="text-align: center; background:#F2F2F2"><col id="ep114" /><col style="text-align: left;">goodby friend ill ore</col><col>decemb</col><col>novemb</col></row><row><col colspan="4" style="border-bottom:3px solid #CCCCFF">second pill system choji<link ns0:type="simple" ns0:href="../021/380021.xml#xpointer(//*[./st=%22Multi-Size+Technique%22])">techniqu</link>dramat increas size fall jirobo escap crush effect choji increas bulk jirobo advanc level curs seal enabl lift choji toss choji consid pill pill harm third guarante death user face death choji take pill allow easili overpow kill jirobo battl won choji follow friend path fall unconsci make</col></row><row style="text-align: center; background:#F2F2F2"><col id="ep115" /><col style="text-align: left;">oppon oma ait ore</col><col>decemb</col><col>novemb</col></row><row><col colspan="4" style="border-bottom:3px solid #CCCCFF">retriev team catch sound caught<link ns0:type="simple" ns0:href="../453/3512453.xml#xpointer(//*[./st=%22Kidomaru%22])">kidomaru</link>web kidomaru finish naruto neji free web save rest team<link ns0:type="simple" ns0:href="../021/380021.xml#xpointer(//*[./st=%22Gentle+Fist%22])">gentl fist</link>style break kidomaru web neji decid deal instruct fight kidomaru kidomaru believ advantag neji readi<link ns0:type="simple" ns0:href="../021/380021.xml#xpointer(//*[./st=%22Gentle+Fist%22])">trigram palm</link>prove wrong</col></row><row style="text-align: center; background:#F2F2F2"><col id="ep116" /><col style="text-align: left;">degre vision byakugan blind spot byakugan</col><col>januari</col><col>novemb</col></row><row><col colspan="4" style="border-bottom:3px solid #CCCCFF">kidomaru manag shield attack flee safeti neighbor tree decid attack neji distanc kidomaru advanc seal level send multipl spider attack neji neji repel kidomaru notic delay reaction neji block theoriz neji defens blind spot attack blind spot theori proven correct neji unabl block attack believ neji weak kidomaru prepar finish battl</col></row><row style="text-align: center; background:#F2F2F2"><col id="ep117" /><col style="text-align: left;">lose option</col><col>januari</col><col>novemb</col></row><row><col colspan="4" style="border-bottom:3px solid #CCCCFF">advanc curs seal second creat bow arrow web kidomaru shot neji blind spot neji block attack hit vital area left heavili damag kidomaru attack readi finish battl kidomaru prepar deadli arrow fire neji neji take arrow full forc know blind spot move second arrow pierc heart kidomaru arrow connect web neji send chakra web paralyz kidomaru kidomaru lie helpless neji approach deal finish blow injuri sever neji collaps leav retriev sasuk</col></row><row style="text-align: center; background:#F2F2F2"><col id="ep118" /><col style="text-align: left;">vessel arriv late</col><col>januari</col><col>decemb</col></row><row><col colspan="4" style="border-bottom:3px solid #CCCCFF">orochimaru bodi left useless fail invas konoha wait sasuk switch sasuk bodi put long hope sound will arriv time bodi bring pain forc switch bodi prison retriev team catch sound engag battl</col></row><row style="text-align: center; background:#F2F2F2"><col id="ep119" /><col style="text-align: left;">enemi appear</col><col>januari</col><col>decemb</col></row><row><col colspan="4" style="border-bottom:3px solid #CCCCFF">battl kiba dog<link ns0:type="simple" ns0:href="../801/372801.xml#xpointer(//*[./st=%22Akamaru%22])">akamaru</link>fall cliff<link ns0:type="simple" ns0:href="../453/3512453.xml#xpointer(//*[./st=%22Sakon+and+Ukon%22])">sakon</link>shikamaru engag<link ns0:type="simple" ns0:href="../453/3512453.xml#xpointer(//*[./st=%22Tayuya%22])">tayuya</link>naruto<link>kimimaro</link>carri sasuk coffin desper sasuk naruto tap<link ns0:type="simple" ns0:href="../801/372801.xml#xpointer(//*[./st=%22Nine-tailed+demon+fox%22])">demon fox</link>chakra engag kimimaro battl shikamaru tayuya tayuya summon three creatur help combat kiba sakon battl underway sakon brother ukon reveal help sakon fight</col></row><row style="text-align: center; background:#F2F2F2"><col id="ep120" /><col style="text-align: left;">roar howl ultim tag team</col><col>februari</col><col>decemb</col></row><row><col colspan="4" style="border-bottom:3px solid #CCCCFF">tayuya guid three beast shikamaru activ level curs seal control easier naruto battl creat great deal<link ns0:type="simple" ns0:href="../021/380021.xml#xpointer(//*[./st=%22Shadow+Clone+Technique%22])">shadow clone</link>attack kimimaro kimimaro defeat clone dozen fight kiba akamaru sakon ukon rage ukon push curs seal second level recogn huge increas strength allow brother kiba akamaru combin giant wolf combin beast charg sakon ukon brother block attack wolf transform dispers akamaru attack left heavili injur ukon merg kiba bodi need rid ukon save akamaru kiba stab stomach caus ukon start cough blood</col></row><row style="text-align: center; background:#F2F2F2"><col id="ep121" /><col style="text-align: left;">battl</col><col>februari</col><col>decemb</col></row><row><col colspan="4" style="border-bottom:3px solid #CCCCFF">ukon separ kiba rejoin sakon recov kiba find akamaru flee river hope escap brother naruto unabl dent kimimaro shadow clone rapidli defeat land blow shikamaru believ pick movement tayuya creatur switch action shikamaru</col></row><row style="text-align: center; background:#F2F2F2"><col id="ep122" /><col style="text-align: left;">shikamaru comeback shikamaru</col><col>februari</col><col>decemb</col></row><row><col colspan="4" style="border-bottom:3px solid #CCCCFF">despit tayuya effort shikamaru devis plan defeat creatur flash bang lengthen shadow area shikamaru captur creatur prepar turn tayuya prevent tayuya call creatur make dispers despit tayuya captur shikamaru shadow forc advanc seal second escap tayuya strong overpow shadow shikamaru decid shadow attack attempt shadow strangl</col></row><row style="text-align: center; background:#F2F2F2"><col id="ep123" /><col style="text-align: left;">leaf handsom devil konoha</col><col>februari</col><col>decemb</col></row><row><col colspan="4" style="border-bottom:3px solid #CCCCFF">naruto start frustrat lack progress sasuk curs seal final reach second level allow exit coffin ahead kimimaro prevent naruto arriv newli recov<fictional_character wordnetid="109587565" confidence="0.9508927676800064"><link ns0:type="simple" ns0:href="../261/1145261.xml">rock lee</link></fictional_character>forc naruto lee kimimaro exchang blow kimimaro uniqu control bone thing difficult lee fight lee ask timeout medicin kimimaro agre lee drink content medicin bottl lee grab sake elixir english dub medicin set help retriev team lee intox attack kimimaro drunken loopi frenzi</col></row><row style="text-align: center; background:#F2F2F2"><col id="ep124" /><col style="text-align: left;">beast</col><col>march</col><col>decemb</col></row><row><col colspan="4" style="border-bottom:3px solid #CCCCFF">drunken form lee movement unpredict kimimaro left unabl dodg attack lee gain advantag fight kimimaro forc power abil lee sober revert previou easili kimimaro kimimaro prepar finish lee tayuya start fight shikamaru shadow sakon ukon find kiba akamaru sound member attack konoha ninja<fictional_character wordnetid="109587565" confidence="0.9508927676800064"><link ns0:type="simple" ns0:href="../173/1145173.xml">gaara</link></fictional_character><link ns0:type="simple" ns0:href="../801/372801.xml#xpointer(//*[./st=%22Temari%22])" /><link ns0:type="simple" ns0:href="../801/372801.xml#xpointer(//*[./st=%22Kankuro%22])" />arriv battl site care sound member</col></row><row style="text-align: center; background:#F2F2F2"><col id="ep125" /><col style="text-align: left;">sand alli leaf konoha</col><col>march</col><col>decemb</col></row><row><col colspan="4" style="border-bottom:3px solid #CCCCFF">arriv sand ninja surpris konoha retriev team sound konoha ninja flee refus ask help tsunad ukon underestim puppet trap ukon sakon second puppet kill arriv tayuya escap surround tree cover fan cut forest elimin tayuya eas</col></row><row style="text-align: center; background:#F2F2F2"><col id="ep126" /><col style="text-align: left;">showdown gaara kimimaro gaara tai kimimaro</col><header /><col>march</col><col>decemb</col></row><row><col colspan="4" style="border-bottom:3px solid #CCCCFF">lee want assist gaara fight attack kimimaro bodi weak gaara tell gaara unveil techniqu kimimaro continu lee gaara dismay</col></row><row style="text-align: center; background:#F2F2F2"><col id="ep127" /><col style="text-align: left;">strike bracken danc mai</col><col>march</col><col>decemb</col></row><row><col colspan="4" style="border-bottom:3px solid #CCCCFF">recogn potenc gaara attack strength defens kimimaro harden bone arm shape drill strongest weapon kimimaro charg gaara gaara final defens prove shatter call sand ground gaara pull kimimaro deep underground confin eventu death kimimaro sink creat forest bone burst ground gaara help lee avoid second sit complet exhaust reliev won kimimaro appear bone bone drill final attack diseas best second die finish gaara lee naruto caught sasuk</col></row><row style="text-align: center; background:#F2F2F2"><col id="ep128" /><col style="text-align: left;">cri deaf ear</col><col>march</col><col>januari</col></row><row><col colspan="4" style="border-bottom:3px solid #CCCCFF">naruto ask sasuk turn friend konoha simpl matter stronger sasuk start walk enrag naruto determin bring sasuk sens konoha naruto grab hold start punch sasuk spit blood punch sasuk ralli easili repel naruto creat shadow clone naruto forc sasuk scorch copi burst fire</col></row><row style="text-align: center; background:#F2F2F2"><col id="ep129" /><col style="text-align: left;">brother distanc uchiha itachi sasuk</col><col>april</col><col>januari</col></row><row><col colspan="4" style="border-bottom:3px solid #CCCCFF">naruto rise flame unharm sasuk rememb childhood battl enemi itachi cheer uchiha good brother uchiha best captain uchiha favor itachi best sasuk best itachi success</col></row><row style="text-align: center; background:#F2F2F2"><col id="ep130" /><col style="text-align: left;">father son broken crest</col><col>april</col><col>januari</col></row><row><col colspan="4" style="border-bottom:3px solid #CCCCFF">sasuk naruto fight progress slowli sasuk continu rememb childhood memori sasuk learn fire ball feel confirm mind head school decid will lose itachi time tell naruto will kill naruto best friend naruto doesnt understand agre hell bring sasuk break bone bodi fight</col></row></table></p></sec><sec><st>season</st><p><table width="99%" class="wikitable"><row style="border-bottom:3px solid #CCCCFF"><header width="3%" /><header>titl</header><header width="15%">origin airdat</header><header width="15%">english airdat</header></row><row style="text-align: center; background:#F2F2F2"><col id="ep131" /><col style="text-align: left;">secret sharingan sharingan</col><col>april</col><col>januari</col></row><row><col colspan="4" style="border-bottom:3px solid #CCCCFF">sasuk remembr childhood draw close sasuk return academi day find member uchiha clan murder find parent bodi sasuk discov itachi respons massacr<link ns0:type="simple" ns0:href="../021/380021.xml#xpointer(//*[./st=%22Mangekyo+Sharingan%22])">sharingan</link>itachi sasuk parent death caus sasuk fright itachi stop tell wasnt worth kill itachi left inform sasuk want reveng clan stronger help sasuk gain strongest abil uchiha itachi tell sasuk requir sharingan kill closest friend itachi left leav sasuk build hate brother resolv stronger sasuk decid kill itachi return day sasuk naruto fight</col></row><row style="text-align: center; background:#F2F2F2"><col id="ep132" /><col style="text-align: left;">friend</col><col>april</col><col>januari</col></row><row><col colspan="4" style="border-bottom:3px solid #CCCCFF">kakashi learn sasuk defect believ naruto closest friend sasuk prepar kill find loss naruto accept price sharingan naruto rasengan sasuk clash capabl overpow activ curs seal order gain upper hand sasuk pierc naruto miss heart sasuk think battl won demon fox chakra envelop naruto wound sasuk inflict start heal infus demon fox strength break sasuk bodi order bring naruto attack</col></row><row style="text-align: center; background:#F2F2F2"><col id="ep133" /><col style="text-align: left;">plea friend oma ore</col><col /><col>januari</col></row><row><col colspan="4" style="border-bottom:3px solid #CCCCFF">naruto newfound power overwhelm sasuk attempt fight naruto prove ineffect sharingan fulli develop fend naruto well multitud clone land devast blow need strength fight naruto call demon fox chakra surround appear fox shroud act shield sasuk attack dispers reach naruto tangibl chakra act potent weapon negat sharingan predict abil allow naruto attack afar extend chakra attack demon continu onslaught sasuk defens forc advanc curs seal final level compens</col></row><row style="text-align: center; background:#F2F2F2"><col id="ep134" /><col style="text-align: left;">tear ame</col><col /><col>januari</col></row><row><col colspan="4" style="border-bottom:3px solid #CCCCFF">naruto sasuk peak power prepar final attack naruto creat demon rasengan sasuk readi curs attack readi fli attack clash creat dome explos energi dome deal final blow sasuk move hand moment attack naruto neck deal nonfat blow naruto scratch sasuk forehead protector prove wrong sasuk earlier claim naruto scratch forehead dome dispers sasuk stand defeat naruto refus follow path brother rememb naruto sasuk decid gain power head orochimaru kakashi carri naruto mysteri member appear ground</col></row><row style="text-align: center; background:#F2F2F2"><col id="ep135" /><col style="text-align: left;">promis</col><col /><col>januari</col></row><row><col colspan="4" style="border-bottom:3px solid #CCCCFF">retriev team brought konoha despit sever injuri fulli recov naruto apolog sakura live promis bring sasuk hell someday day theyll<physical_entity wordnetid="100001930" confidence="0.8"><unfortunate wordnetid="109630641" confidence="0.8"><communicator wordnetid="109610660" confidence="0.8"><person wordnetid="100007846" confidence="0.8"><amputee wordnetid="109789566" confidence="0.8"><anchorite wordnetid="110519126" confidence="0.8"><eremite wordnetid="110518945" confidence="0.8"><causal_agent wordnetid="100007347" confidence="0.8"><religious_person wordnetid="109628382" confidence="0.8"><writer wordnetid="110794014" confidence="0.8"><religious wordnetid="110518602" confidence="0.8"><link ns0:type="simple" ns0:href="../130/2350130.xml">jiraiya</link></religious></writer></religious_person></causal_agent></eremite></anchorite></amputee></person></communicator></unfortunate></physical_entity>offer naruto chanc leav three year train naruto accept jiraiya tell theyll leav readi sasuk arriv orochimaru lair prove worthi orochimaru guidanc<link ns0:type="simple" ns0:href="../453/3512453.xml#xpointer(//*[./st=%22Akatsuki%22])" />assembl readi start mission three year</col></row><row style="text-align: center; background:#F2F2F2"><col id="ep136" /><col style="text-align: left;">deep cover super mission ssa tsui</col><col /><col>februari</col></row><row><col colspan="4" style="border-bottom:3px solid #CCCCFF">jiraiya worri naruto sakura wellb request tsunad send mission find naruto tell sakura sasuk tell mission head land rice field find hidden sound villag hope sasuk well</col></row><row style="text-align: center; background:#F2F2F2"><col id="ep137" /><col style="text-align: left;">town outlaw shadow clan</col><col>june</col><col>februari</col></row><row><col colspan="4" style="border-bottom:3px solid #CCCCFF">naruto sakura jiraiya town wors chase jiraiya head leav naruto sakura food find femal ninja attack ninja injur naruto sakura fight sound ninja save learn sasam cousin arashi member clan join orochimaru reviv clan</col></row><row style="text-align: center; background:#F2F2F2"><col id="ep138" /><col style="text-align: left;">pure betray fleet plea</col><col>june</col><col>februari</col></row><row><col colspan="4" style="border-bottom:3px solid #CCCCFF">sasam drug naruto sakura jiraiya prepar orochimaru order led arashi discov plan kill beg naruto reveal fake sleep attack attack naruto jiraiya power techniqu shorten life escap discov orochimaru attack kill</col></row><row style="text-align: center; background:#F2F2F2"><col id="ep139" /><col style="text-align: left;">pure terror hous orochimaru orochimaru</col><col>june</col><col>februari</col></row><row><col colspan="4" style="border-bottom:3px solid #CCCCFF">sasam lead naruto jiraiya sakura orochimaru send sasam villag danger level jiraiya summon investig three tunnel jiraiya naruto sakura middl left sakura enter larg vacant room battl kabuto orochimaru upper hand</col></row><row style="text-align: center; background:#F2F2F2"><col id="ep140" /><col style="text-align: left;">heartbeat kabuto trap kabuto</col><col>june</col><col>februari</col></row><row><col colspan="4" style="border-bottom:3px solid #CCCCFF">naruto arriv nick time save sakura kabuto tell sasuk dead naruto tell battl ensu naruto defeat rasengan kabuto trap chakra thread connect heart kabuto stop will naruto kabuto attempt kill naruto life sakura free sasam arriv save naruto find kabuto fought die suggest sasam arashi final find arashi disguis orochimaru reveal chang</col></row><row style="text-align: center; background:#F2F2F2"><col id="ep141" /><col style="text-align: left;">sakura determin sakura</col><col>june</col><col>februari</col></row><row><col colspan="4" style="border-bottom:3px solid #CCCCFF">naruto take arashi trap easili sakura think dead naruto end blow sneak attack cover protect naruto attack injuri problem naruto trap attack will crush doesnt sasam attack arashi manag set free second doesnt long kill sasam sakura jump will life protect friend naruto tell cant die arashi finish naruto sasam distract naruto break free attack caus naruto free arashi arashi protect sasam place collaps jiraiya arriv arashi throw tell cant leav puppet tell naruto sasuk aliv leav leav arashi clan promis rebuild town head konoha consid sakura ask tsunad pupil learn medic ninja</col></row><row style="text-align: center; background:#F2F2F2"><col id="ep142" /><col style="text-align: left;">three villain maximum secur prison san</col><col>juli</col><col>februari</col></row><row><col colspan="4" style="border-bottom:3px solid #CCCCFF">event rice field countri prepar train threat aris mizuki plan break konoha correct facil help legendari stupid brother chang legendari idiot brother dub time orochimaru pull string interrog mizuki troubl naruto find injur defeat</col></row><row style="text-align: center; background:#F2F2F2"><col id="ep143" /><col style="text-align: left;">count oma hana</col><col>juli</col><col>februari</col></row><row><col colspan="4" style="border-bottom:3px solid #CCCCFF">team encount mizuki defeat warn tsunad naruto take initi find help kakashi arriv find situat mission summon will guid iruka naruto iruka eventu catch naruto send villag lead find chase mizuki fall trap iruka reveal mizuki mizuki attack iruka naruto deal naruto find attack ineffect</col></row><row style="text-align: center; background:#F2F2F2"><col id="ep144" /><col style="text-align: left;">squad peopl dog</col><col>juli</col><col>march</col></row><row><col colspan="4" style="border-bottom:3px solid #CCCCFF">naruto troubl brother iruka share difficulti mizuki iruka struggl mizuki mizuki explain reason nice iruka want favorit want iruka miser kind iruka iruka mizuki prepar fight shadow clone attack naruto final chanc rasengan brother accident destroy lunch naruto attack hit prepar kill shikamaru choji rescu</col></row><row style="text-align: center; background:#F2F2F2"><col id="ep145" /><col style="text-align: left;">format</col><col>juli</col><col>march</col></row><row><col colspan="4" style="border-bottom:3px solid #CCCCFF">team tell naruto will care brother combin skill immobil naruto leav catch iruka fight mizuki build test academi instructor reveal iruka mizuki childhood friend mizuki hope close mizuki reveal stronger learn techniqu prison destroy build</col></row><row style="text-align: center; background:#F2F2F2"><col id="ep146" /><col style="text-align: left;">orochimaru shadow orochimaru</col><col>august</col><col>march</col></row><row><col colspan="4" style="border-bottom:3px solid #CCCCFF">naruto iruka meet mizuki fianc offer help three feel respons stop earlier shikamaru choji troubl hold brother cant defeat stall time tsunad discov startl secret mizuki orochimaru leav interven naruto iruka final reach mizuki late complet formula make turn monstrou form naruto recogn mizuki transform ident orochimaru curs seal</col></row><row style="text-align: center; background:#F2F2F2"><col id="ep147" /><col style="text-align: left;">clash fate cant bring oma ore</col><col>august</col><col>march</col></row><row><col colspan="4" style="border-bottom:3px solid #CCCCFF">mizuki determin naruto iruka suffer appear upper edg improv strength speed choji shikamaru limit free tsunad defeat easili surrend agre return peac institut mizuki hand convert speed power prepar finish naruto iruka think plan trap mizuki naruto chanc rasengan mizuki revert origin form badli damag tsunad explain potion mizuki mizuki will longer fight iruka offer treat ramen bar think naruto save life save naruto</col></row><row style="text-align: center; background:#F2F2F2"><col id="ep148" /><col style="text-align: left;">search rare bikochu beetl akamaru</col><col>august</col><col>march</col></row><row><col colspan="4" style="border-bottom:3px solid #CCCCFF">naruto frustrat mizuki inabl lead sasuk orochimaru tsunad allow hinata sympath naruto suggest find help realiz bikochu rare insect track sasuk smell scent<link ns0:type="simple" ns0:href="../801/372801.xml#xpointer(//*[./st=%22Kurenai+Yuhi%22])" />hospit injuri suffer prison break task lead team find bikochu naruto join fourth member reveal hinata practic defens techniqu master</col></row><row style="text-align: center; background:#F2F2F2"><col id="ep149" /><col style="text-align: left;">differ dont insect alik</col><col>august</col><col>march</col></row><row><col colspan="4" style="border-bottom:3px solid #CCCCFF">origin member team realiz hostil decid engag naruto enemi presenc fear endang bikochu hinata worri hinder group eventu manag locat bikochu byakugan allow naruto captur team leav forest hinata attack abduct bug user demand bikochu return safeti</col></row><row style="text-align: center; background:#F2F2F2"><col id="ep150" /><col style="text-align: left;">battl bug deceiv deceiv dai</col><col>august</col><col>march</col></row><row><col colspan="4" style="border-bottom:3px solid #CCCCFF">reveal bug user kidnap hinata clan rival clan seek recov scroll bikochu order restor glori hinata companion hide bikochu attempt rescu lure trap hinata attempt escap swept river stuck cocoon</col></row><row style="text-align: center; background:#F2F2F2"><col id="ep151" /><col style="text-align: left;">blaze byakugan ninja moe byakugan</col><col>septemb</col><col>march</col></row><row><col colspan="4" style="border-bottom:3px solid #CCCCFF">hinata companion captur enemi attempt search bikochu hinata escap destroy rival bug user insect techniqu forc save companion naruto accident bikochu caus follow scent sasuk mission fail find locat sasuk hinata appear confid father respect</col></row><row style="text-align: center; background:#F2F2F2"><col id="ep152" /><col style="text-align: left;">funer march live sei mono</col><col>septemb</col><col>march</col></row><row><col colspan="4" style="border-bottom:3px solid #CCCCFF">naruto save three guy drag mission partak guy reveal leader famili raiga connect mist naruto decid chang mind group lee conclud itachi partner find itachi bring closer sasuk neji lee alli group mission</col></row><row style="text-align: center; background:#F2F2F2"><col id="ep153" /><col style="text-align: left;">lesson learn iron fist love</col><col>septemb</col><col>march</col></row><row><col colspan="4" style="border-bottom:3px solid #CCCCFF">save naruto ambush member famili save man hear funer bell save rock lee meet friend group lee convinc karashi return life time cut short raiga watch sidelin naruto team pursu raiga thick fog find raiga conceal byakugan</col></row><row style="text-align: center; background:#F2F2F2"><col id="ep154" /><col style="text-align: left;">enemi byakugan byakugan</col><col>octob</col><col>april</col></row><row><col colspan="4" style="border-bottom:3px solid #CCCCFF">neji unabl mist group lose advantag eyesight trick think random object real peopl mysteri rock lee manag hold raiga fight unconsci mysteri case knock raiga raiga weaker eventu defeat naruto gang open case discov young boy name ranmaru ride raiga entir time ranmaru reveal raiga care help raiga fight serv eye</col></row><row style="text-align: center; background:#F2F2F2"><col id="ep155" /><col style="text-align: left;">dark creep cloud</col><col>octob</col><col>april</col></row><row><col colspan="4" style="border-bottom:3px solid #CCCCFF">raiga seemingli dead gang head find karashi wait turn trap famili ambush luckili naruto fool clone enemi defeat villag focu anger karashi rock lee intercept karashi young weak partial fault karashi join famili lee beg return mother promis punish karashi fall grace villag agre group head pick ranmaru head curri life shop meal naruto retriev ranmaru ranmaru karashi canyon raiga fell chakra reviv</col></row><row style="text-align: center; background:#F2F2F2"><col id="ep156" /><col style="text-align: left;">raiga counterattack raiga</col><col>octob</col><col>april</col></row><row><col colspan="4" style="border-bottom:3px solid #CCCCFF">raiga awak find ranmaru unconsci easili defeat attack demand karashi turn lee neji naruto threaten kill mother karashi trick group raiga attempt escap mother return ranmaru insist live choic raiga victim curri life naruto lee neji fare badli raiga thunderstorm increas power head provid curri</col></row></table></p></sec><sec><st /><p><table style="background:#f9f9f9; font-size:85%; line-height:110%; "><row><col><image width="32x28px" src="Wikipe-tan_face.png" /></col><col style="padding:0 0.2em;">anim manga portal</col></row></table></p><p><list><entry level="1" type="bullet"><link ns0:type="simple" ns0:href="../845/2137845.xml">list naruto episod</link></entry><entry level="1" type="bullet" /></list></p></sec><sec><st>refer</st><p><list><entry level="1" type="definition">gener</entry><entry level="1" type="bullet"><weblink ns0:type="simple" ns0:href="http://cal.syoboi.jp/tid/210/subtitle">naruto</weblink>retriev<link />list naruto episod titl japanes</entry><entry level="1" type="bullet"><weblink ns0:type="simple" ns0:href="http://naruto.viz.com/site.php?sz=1024">naruto offici site</weblink><company wordnetid="108058098" confidence="0.9508927676800064"><link ns0:type="simple" ns0:href="../405/1756405.xml">media</link></company>retriev<link />offici media naruto anim site english</entry></list></p><p><list><entry level="1" type="definition">specif</entry></list></p><p><reflist><entry id="1"><weblink ns0:type="simple" ns0:href="http://www.animenewsnetwork.com/encyclopedia/anime.php?id=1825">naruto anim news network</weblink><web_site wordnetid="106359193" confidence="0.9508927676800064"><link ns0:type="simple" ns0:href="../260/3971260.xml">anim news network</link></web_site>retriev<link /></entry><entry id="2"><weblink ns0:type="simple" ns0:href="http://www.animenewsnetwork.com/encyclopedia/anime.php?id=1825 page=25">naruto anim news network</weblink><web_site wordnetid="106359193" confidence="0.9508927676800064"><link ns0:type="simple" ns0:href="../260/3971260.xml">anim news network</link></web_site>retriev<link /></entry><entry id="3"><weblink ns0:type="simple" ns0:href="http://tv.ign.com/objects/860/860993.html">ign naruto season</weblink><forum wordnetid="108309754" confidence="0.8"><social_group wordnetid="107950920" confidence="0.8"><possession wordnetid="100032613" confidence="0.8"><meeting wordnetid="108307589" confidence="0.8"><gathering wordnetid="107975026" confidence="0.8"><property wordnetid="113244109" confidence="0.8"><group wordnetid="100031264" confidence="0.8"><link ns0:type="simple" ns0:href="../297/5519297.xml">ign</link></group></property></gathering></meeting></possession></social_group></forum>retriev<link /></entry></reflist></p><p><table style=";" class="navbox" cellspacing="0"><row><col style="padding:2px;"><table style="width:100%;background:transparent;color:inherit;;" class="nowraplinks collapsible autocollapse " cellspacing="0"><row><header colspan="2" style=";" class="navbox-title"><creation wordnetid="103129123" confidence="0.8"><beginning wordnetid="100235435" confidence="0.8"><change wordnetid="100191142" confidence="0.8"><end_product wordnetid="103287178" confidence="0.8"><product wordnetid="104007894" confidence="0.8"><change_of_state wordnetid="100199130" confidence="0.8"><artifact wordnetid="100021939" confidence="0.8"><event wordnetid="100029378" confidence="0.8"><oeuvre wordnetid="103841417" confidence="0.8"><action wordnetid="100037396" confidence="0.8"><act wordnetid="100030358" confidence="0.8"><psychological_feature wordnetid="100023100" confidence="0.8"><introduction wordnetid="100238022" confidence="0.8"><link ns0:type="simple" ns0:href="../190/232190.xml">naruto</link></introduction></psychological_feature></act></action></oeuvre></event></artifact></change_of_state></product></end_product></change></beginning></creation><person wordnetid="100007846" confidence="0.9508927676800064"><link ns0:type="simple" ns0:href="../848/1044848.xml">masashi</link></person></header></row><row style="height:2px;" /><row><col style=";;" class="navbox-group">franchis</col><col style="text-align:left;border-left:2px solid #fdfdfd;width:100%;padding:0px;;;" class="navbox-list navbox-odd"><link ns0:type="simple" ns0:href="../318/13500318.xml">volum</link><link ns0:type="simple" ns0:href="../617/13673617.xml" /><link ns0:type="simple" ns0:href="../618/13673618.xml" />bull<link ns0:type="simple" ns0:href="../845/2137845.xml">naruto episod</link><link ns0:type="simple" ns0:href="../554/10823554.xml">season</link><link ns0:type="simple" ns0:href="../437/10827437.xml" /><link ns0:type="simple" ns0:href="../753/10827753.xml" /><link ns0:type="simple" ns0:href="../761/10827761.xml" />bull bull<game wordnetid="100456199" confidence="0.9508927676800064"><link ns0:type="simple" ns0:href="../824/4604824.xml" /></game></col></row><row style="height:2px" /><row><col style=";;" class="navbox-group"><link ns0:type="simple" ns0:href="../801/372801.xml">charact</link></col><col style="text-align:left;border-left:2px solid #fdfdfd;width:100%;padding:0px;;;" class="navbox-list navbox-even"><fictional_character wordnetid="109587565" confidence="0.9508927676800064"><link ns0:type="simple" ns0:href="../896/585896.xml">naruto</link></fictional_character>bull<fictional_character wordnetid="109587565" confidence="0.9508927676800064"><link ns0:type="simple" ns0:href="../107/740107.xml">sasuk uchiha</link></fictional_character>bull<fictional_character wordnetid="109587565" confidence="0.9508927676800064"><link ns0:type="simple" ns0:href="../100/740100.xml">sakura</link></fictional_character>bull<fictional_character wordnetid="109587565" confidence="0.9508927676800064"><link ns0:type="simple" ns0:href="../948/6340948.xml">kakashi</link></fictional_character>bull<physical_entity wordnetid="100001930" confidence="0.8"><unfortunate wordnetid="109630641" confidence="0.8"><communicator wordnetid="109610660" confidence="0.8"><person wordnetid="100007846" confidence="0.8"><amputee wordnetid="109789566" confidence="0.8"><anchorite wordnetid="110519126" confidence="0.8"><eremite wordnetid="110518945" confidence="0.8"><causal_agent wordnetid="100007347" confidence="0.8"><religious_person wordnetid="109628382" confidence="0.8"><writer wordnetid="110794014" confidence="0.8"><religious wordnetid="110518602" confidence="0.8"><link ns0:type="simple" ns0:href="../130/2350130.xml">jiraiya</link></religious></writer></religious_person></causal_agent></eremite></anchorite></amputee></person></communicator></unfortunate></physical_entity>bull<physical_entity wordnetid="100001930" confidence="0.8"><person wordnetid="100007846" confidence="0.8"><sorcerer wordnetid="110625860" confidence="0.8"><scientist wordnetid="110560637" confidence="0.8"><child wordnetid="109917593" confidence="0.8"><orphan wordnetid="110384392" confidence="0.8"><occultist wordnetid="110370381" confidence="0.8"><principal wordnetid="110474950" confidence="0.8"><wrongdoer wordnetid="109633969" confidence="0.8"><criminal wordnetid="109977660" confidence="0.8"><terrorist wordnetid="110702781" confidence="0.8"><causal_agent wordnetid="100007347" confidence="0.8"><murderer wordnetid="110338707" confidence="0.8"><juvenile wordnetid="109622049" confidence="0.8"><killer wordnetid="110231087" confidence="0.8"><radical wordnetid="110503452" confidence="0.8"><bad_person wordnetid="109831962" confidence="0.8"><link ns0:type="simple" ns0:href="../008/3253008.xml">orochimaru</link></bad_person></radical></killer></juvenile></murderer></causal_agent></terrorist></criminal></wrongdoer></principal></occultist></orphan></child></scientist></sorcerer></person></physical_entity>bull<fictional_character wordnetid="109587565" confidence="0.9508927676800064"><link ns0:type="simple" ns0:href="../259/1145259.xml">shikamaru nara</link></fictional_character>bull<fictional_character wordnetid="109587565" confidence="0.9508927676800064"><link ns0:type="simple" ns0:href="../261/1145261.xml">rock lee</link></fictional_character>bull<fictional_character wordnetid="109587565" confidence="0.9508927676800064"><link ns0:type="simple" ns0:href="../173/1145173.xml">gaara</link></fictional_character>bull<link ns0:type="simple" ns0:href="../453/3512453.xml">antagonist</link></col></row><row style="height:2px" /><row><col style=";;" class="navbox-group">movi</col><col style="text-align:left;border-left:2px solid #fdfdfd;width:100%;padding:0px;;;" class="navbox-list navbox-odd">bull bull bull bull</col></row><row style="height:2px" /><row><col style=";;" class="navbox-group"><link ns0:type="simple" ns0:href="../735/2047735.xml">video game</link></col><col style="text-align:left;border-left:2px solid #fdfdfd;width:100%;padding:0px;;;" class="navbox-list navbox-even">bull bull bull bull</col></row><row style="height:2px" /><row><col style=";;" class="navbox-group" /><col style="text-align:left;border-left:2px solid #fdfdfd;width:100%;padding:0px;;;" class="navbox-list navbox-odd"><link ns0:type="simple" ns0:href="../021/380021.xml" />bull<link ns0:type="simple" ns0:href="../065/14305065.xml">naruto</link></col></row></table></col></row></table></p></sec></bdy></article>