<article xmlns:ns0="http://www.w3.org/1999/xlink"><header><title>lennoacea</title><id /><revision><id /><timestamp /><contributor><username /><id /></contributor></revision><categories><category>plant famili</category><category>flora colombia</category><category>flora north america</category><category>parasit plant</category></categories></header><bdy><table style="text-align:center; padding:2.5px; width:200px;" class="infobox biota"><row style="text-align:center;"><header style="background:#90EE90;">lennoacea</header></row><row style="text-align:center;" /><row style="background:#90EE90;" /><row style="text-align:center;"><header style="background:#90EE90;"><link ns0:type="simple" ns0:href="../581/53581.xml">scientif classif</link></header></row><row style="text-align:center;"><col><table style="margin:0 auto; text-align:left; background:transparent;" cellpadding="2"><row valign="top" /><row valign="top" /><row valign="top" /><row valign="top" /><row valign="top" /><row valign="top"><col>kingdom</col><col><link ns0:type="simple" ns0:href="../208/23208.xml">plant</link></col></row><row valign="top" /><row valign="top" /><row valign="top" /><row valign="top" /><row valign="top"><col>divis</col><col><link ns0:type="simple" ns0:href="../967/18967.xml">magnoliophyta</link></col></row><row valign="top" /><row valign="top" /><row valign="top" /><row valign="top" /><row valign="top" /><row valign="top" /><row valign="top" /><row valign="top" /><row valign="top" /><row valign="top"><col>class</col><col><link ns0:type="simple" ns0:href="../111/67111.xml">magnoliopsida</link></col></row><row valign="top" /><row valign="top" /><row valign="top" /><row valign="top" /><row valign="top" /><row valign="top"><col>order</col><col>unassign</col></row><row valign="top" /><row valign="top" /><row valign="top" /><row valign="top" /><row valign="top" /><row valign="top" /><row valign="top" /><row valign="top" /><row valign="top"><col>famili</col><col>lennoacea<country wordnetid="108544813" confidence="0.9508927676800064"><link ns0:type="simple" ns0:href="../641/1885641.xml" /></country></col></row><row valign="top" /><row valign="top" /><row valign="top" /><row valign="top" /><row valign="top" /><row valign="top" /><row valign="top" /><row valign="top" /><row valign="top" /><row valign="top" /><row valign="top" /><row valign="top" /><row valign="top" /><row valign="top" /><row valign="top" /><row valign="top" /><row valign="top" /></table></col></row><row style="background:#90EE90;" /><row style="background:#90EE90;" /><row style="background:#90EE90;" /><row style="background:#90EE90;" /><row style="background:#90EE90;" /><row style="text-align:center;" /><row style="text-align:center;" /><row style="text-align:center;" /><row style="text-align:center;" /><row style="text-align:center;" /><row style="text-align:center;" /><row style="text-align:center;" /><row style="text-align:center;" /><row style="text-align:center;" /><row style="text-align:center;" /><row style="background:#90EE90;"><header>genera</header></row><row><col style="padding:0 .5em; text-align:left;"><link /><link /><link ns0:type="simple" ns0:href="../201/276201.xml" /></col></row></table><p>lennoacea<link ns0:type="simple" ns0:href="../276/56276.xml">famili</link><link ns0:type="simple" ns0:href="../056/5806056.xml">parasit</link><link ns0:type="simple" ns0:href="../967/18967.xml">flower plant</link>southwestern<system wordnetid="108435388" confidence="0.8"><economy wordnetid="108366753" confidence="0.8"><group wordnetid="100031264" confidence="0.8"><link ns0:type="simple" ns0:href="../139/21139.xml">north america</link></group></economy></system>northwestern<system wordnetid="108435388" confidence="0.8"><economy wordnetid="108366753" confidence="0.8"><group wordnetid="100031264" confidence="0.8"><link ns0:type="simple" ns0:href="../769/26769.xml">south america</link></group></economy></system></p><p>relationship famili plant remain uncertain famili<link ns0:type="simple" ns0:href="../763/61763.xml">order</link>author includ<link ns0:type="simple" ns0:href="../651/17651.xml">lamial</link><link ns0:type="simple" ns0:href="../523/242523.xml">cronquist system</link><link ns0:type="simple" ns0:href="../913/26913.xml" /><link ns0:type="simple" ns0:href="../850/4059850.xml">dahlgren system</link><link ns0:type="simple" ns0:href="../544/149544.xml">molecular phylogenet</link>public group lennoacea<link ns0:type="simple" ns0:href="../682/6682.xml">clade</link>subsum famili<link ns0:type="simple" ns0:href="../897/78897.xml" /><link ns0:type="simple" ns0:href="../401/4067401.xml">apg system</link><ref ns0:type="simple" ns0:href="#xpointer(//reflist/entry[@id=%221%22])" /></p><p>famili disjunct distribut occur<country wordnetid="108544813" confidence="0.9508927676800064"><link ns0:type="simple" ns0:href="../222/5222.xml">colombia</link></country>well separ area southwestern<system wordnetid="108435388" confidence="0.8"><economy wordnetid="108366753" confidence="0.8"><group wordnetid="100031264" confidence="0.8"><link ns0:type="simple" ns0:href="../139/21139.xml">north america</link></group></economy></system>cover part<country wordnetid="108544813" confidence="0.9508927676800064"><link ns0:type="simple" ns0:href="../407/5407.xml">california</link></country><symbol wordnetid="106806469" confidence="0.9508927676800064"><link ns0:type="simple" ns0:href="../961/1961.xml">arizona</link></symbol><body wordnetid="107965085" confidence="0.8"><social_group wordnetid="107950920" confidence="0.8"><political_orientation wordnetid="106212839" confidence="0.8"><colony wordnetid="108374049" confidence="0.8"><state wordnetid="108168978" confidence="0.8"><political_unit wordnetid="108359949" confidence="0.8"><group wordnetid="100031264" confidence="0.8"><democracy wordnetid="106217103" confidence="0.8"><link ns0:type="simple" ns0:href="../054/3966054.xml">mexico</link></democracy></group></political_unit></state></colony></political_orientation></social_group></body><ref ns0:type="simple" ns0:href="#xpointer(//reflist/entry[@id=%222%22])" /></p><p>famili compris three genera<link /><link /><link ns0:type="simple" ns0:href="../201/276201.xml" />hold speci includ desert christma tree<link /><link ns0:type="simple" ns0:href="../953/2334953.xml" /><link ns0:type="simple" ns0:href="../953/2334953.xml" /><ref ns0:type="simple" ns0:href="#xpointer(//reflist/entry[@id=%223%22])" /></p><p>member famili<link ns0:type="simple" ns0:href="../765/18952765.xml" /><link ns0:type="simple" ns0:href="../296/13296.xml">herb</link>aceou plant<link ns0:type="simple" ns0:href="../985/6985.xml">chlorophyl</link><ref ns0:type="simple" ns0:href="#xpointer(//reflist/entry[@id=%224%22])" />leav reduc short scale plant<link ns0:type="simple" ns0:href="../056/5806056.xml">entir parasit</link>root host typic<link ns0:type="simple" ns0:href="../029/82029.xml" /><link ns0:type="simple" ns0:href="../880/61880.xml" />woodi<link ns0:type="simple" ns0:href="../956/956.xml" /><ref ns0:type="simple" ns0:href="#xpointer(//reflist/entry[@id=%224%22])" /></p><sec><st>refer</st><p><reflist><entry id="1">friedrich<weblink ns0:type="simple" ns0:href="http://www.f-lohmueller.de/botany/fam/l/Lennoaceae.htm">lennoacea</weblink>botan system plant</entry><entry id="2">dan<link /><weblink ns0:type="simple" ns0:href="http://www.parasiticplants.siu.edu/Lennoaceae/index.html">lennoacea</weblink>parasit plant connect<link ns0:type="simple" ns0:href="../592/476592.xml">southern illinoi univers carbondal</link></entry><entry id="3"><weblink ns0:type="simple" ns0:href="http://plants.usda.gov/index.html" />plant databas<agency wordnetid="108337324" confidence="0.9508927676800064"><link ns0:type="simple" ns0:href="../896/70896.xml">unit depart agricultur</link></agency>retriev<link /></entry><entry id="4">watson dallwitz<link /><weblink ns0:type="simple" ns0:href="http://delta-intkey.com/angio/www/lennoace.htm">lennoacea</weblink>famili flower plant descript illustr identif retriev</entry></reflist></p></sec></bdy></article>