<article xmlns:ns0="http://www.w3.org/1999/xlink"><work confidence="0.8" wordnetid="100575741"><event confidence="0.8" wordnetid="100029378"><company confidence="0.8" wordnetid="108058098"><service confidence="0.8" wordnetid="100577525"><act confidence="0.8" wordnetid="100030358"><psychological_feature confidence="0.8" wordnetid="100023100"><activity confidence="0.8" wordnetid="100407535"><institution confidence="0.8" wordnetid="108053576"><header><title /><id /><revision><id /><timestamp /><contributor><username>lightbot</username><id /></contributor></revision><categories><category>web map servic</category><category>directori</category><category>global internet commun</category><category>compani base london</category><category>internet compani unit kingdom</category></categories></header><bdy><p><link ns0:type="simple" ns0:href="../023/4059023.xml">search engin</link>find peopl busi place found hold record compris current histor<link ns0:type="simple" ns0:href="../039/1516039.xml">elector roll</link><link ns0:type="simple" ns0:href="../468/18790468.xml">telephon number</link>busi list<link ns0:type="simple" ns0:href="../822/4822.xml">compani director</link><link>birth marriag death</link>regist launch map tool includ complet<administrative_unit wordnetid="108077292" confidence="0.8"><agency wordnetid="108337324" confidence="0.8"><executive_agency wordnetid="108123696" confidence="0.8"><link ns0:type="simple" ns0:href="../100/19344100.xml">ordnanc survey</link></executive_agency></agency></administrative_unit>street coverag resolut aerial photographi</p><ss1><st>histori</st><p><list><entry level="1" type="bullet">icd publish found alastair crawford fund intent develop altern<company wordnetid="108058098" confidence="0.9508927676800064"><link ns0:type="simple" ns0:href="../642/4642.xml">group</link></company>phone book</entry></list></p><p><list><entry level="1" type="bullet"><recording wordnetid="104063868" confidence="0.8"><artifact wordnetid="100021939" confidence="0.8"><instrumentality wordnetid="103575240" confidence="0.8"><sound_recording wordnetid="104262678" confidence="0.8"><memory_device wordnetid="103744840" confidence="0.8"><device wordnetid="103183080" confidence="0.8"><phonograph_record wordnetid="103924069" confidence="0.8"><medium wordnetid="106254669" confidence="0.8"><link ns0:type="simple" ns0:href="../902/18959902.xml">cdrom</link></medium></phonograph_record></device></memory_device></sound_recording></instrumentality></artifact></recording>launch<link ns0:type="simple" ns0:href="../039/1516039.xml">elector roll</link>record telephon number time elector roll publish rom proprietari compress algorithm develop pack cdrom</entry></list></p><p><list><entry level="1" type="bullet">credit agenc react restrict access futur copi elector roll databas icd publish provid data paper format formal request requir<link ns0:type="simple" ns0:href="../812/2200812.xml">represent peopl</link>typist week doubl key name address kpmg accuraci rate</entry></list></p><p><list><entry level="1" type="bullet">icd publish challeng establish incumb compani licens issu creat barrier entri public data afford</entry></list></p><p /><p><list><entry level="1" type="bullet">icd publish disk rom top chart</entry></list></p><p><list><entry level="1" type="bullet"><company wordnetid="108058098" confidence="0.9508927676800064"><link ns0:type="simple" ns0:href="../642/4642.xml">group</link></company>take aggress stanc directori threaten legal action real competit</entry></list></p><p><list><entry level="1" type="bullet">icd publish lobbi<link ns0:type="simple" ns0:href="../296/411296.xml">ofcom</link>forc licens directori databas duli</entry></list></p><p><list><entry level="1" type="bullet"><link ns0:type="simple" ns0:href="../238/604238.xml">data protect</link>expand creat right data store respons store collect person data</entry></list></p><p /><p><list><entry level="1" type="bullet">icd publish license group directori enquiri databas osi year deregul voic servic</entry></list></p><p /><p><list><entry level="1" type="bullet">alastair crawford name<link ns0:type="simple" ns0:href="../063/299063.xml">sunday time rich list</link>base assum refus sell rais money</entry></list></p><p><list><entry level="1" type="bullet">launch offer free access directori enquiri data elector roll<company wordnetid="108058098" confidence="0.9508927676800064"><link ns0:type="simple" ns0:href="../316/1284316.xml">dun bradstreet</link></company>busi data</entry></list></p><p><list><entry level="1" type="bullet">icd publish success transit rom internet</entry></list></p><p /><p><list><entry level="1" type="bullet"><web_site wordnetid="106359193" confidence="0.9508927676800064"><link ns0:type="simple" ns0:href="../553/38553.xml">aboutcom</link></web_site>name top search site worldwid</entry></list></p><p><list><entry level="1" type="bullet">net magazin name websit chang internet forev<weblink ns0:type="simple" ns0:href="http://www.192.com/general/news.cfm" /></entry></list></p><p /><p><list><entry level="1" type="bullet">busi servic launch<network wordnetid="108434259" confidence="0.9508927676800064"><link ns0:type="simple" ns0:href="../654/19344654.xml">bbc</link></network>client</entry></list></p><p><list><entry level="1" type="bullet">icd publish face biggest challeng royal mail issu high court lawsuit claim royal mail postcod directori list ambiti test case claim hundr million pound</entry></list></p><p /><p><list><entry level="1" type="bullet">com regist userbas grow statement</entry></list></p><p><list><entry level="1" type="bullet">deregul<link ns0:type="simple" ns0:href="../894/449894.xml">directori enquiri</link>see massiv call migrat web com web traffic increas month statement</entry></list></p><p><list><entry level="1" type="bullet">court clarifi rule access full elector regist order icd publish abid rule offer user access full elector regist<weblink ns0:type="simple" ns0:href="http://www.out-law.com/page-3865" /></entry></list></p><p /><p><list><entry level="1" type="bullet">spend legal cost icd publish win year battl royal mail win cost<weblink ns0:type="simple" ns0:href="http://www.out-law.com/page-4294" />review address databas manag licens order result hear manag royal mail address manag centr overhaul</entry></list></p><p><list><entry level="1" type="bullet">vote best onlin directori site<weblink ns0:type="simple" ns0:href="http://www.118tracker.com/library-article-123.shtml">tracker award</weblink>beat<link ns0:type="simple" ns0:href="../823/9139823.xml">yell</link><company wordnetid="108058098" confidence="0.9508927676800064"><link ns0:type="simple" ns0:href="../642/4642.xml">group</link></company><link ns0:type="simple" ns0:href="../157/1104157.xml">thomson</link></entry></list></p><p><list><entry level="1" type="bullet">com regist user base reach statement</entry></list></p><p /><p><list><entry level="1" type="bullet">launch censu data famili record hold peopl busi record statement</entry></list></p><p><list><entry level="1" type="bullet">busi servic reach corpor custom statement</entry></list></p><p /><p><list><entry level="1" type="bullet">launch<link ns0:type="simple" ns0:href="../200/8561200.xml">onlin map</link>servic street coverag aerial photographi</entry></list></p><p><list><entry level="1" type="bullet">launch web data sourc combin offlin directori data web record extract internet</entry></list></p><p><list><entry level="1" type="bullet">launch ban campaign call phone book deliveri opt servic reduc paper wast</entry></list></p><p /><p><list><entry level="1" type="bullet">mark year anniversari reposit local search engin</entry></list></p><p><list><entry level="1" type="bullet">launch map provid resolut</entry></list></p><p><list><entry level="1" type="bullet">guardian publish free data articl detail histori com year campaign<weblink ns0:type="simple" ns0:href="http://www.guardian.co.uk/technology/2007/nov/08/freeourdata.news" /></entry></list></p><p /><p><list><entry level="1" type="bullet">site publish elector roll</entry></list></p><p><list><entry level="1" type="bullet">add age guid data site provid indic person age year band peopl list</entry></list></p><p><list><entry level="1" type="bullet">super zoom function map resolut aerial photographi squar mile london three time detail map websit equival london tenth stori build<weblink ns0:type="simple" ns0:href="http://www.192.com/general/news/london-superzoom-aerial-photos.cfm" /></entry></list></p><p>provid<link ns0:type="simple" ns0:href="../098/70098.xml">log file</link>search person<weblink ns0:type="simple" ns0:href="http://www.prnewswire.co.uk/cgi/news/release?id=55253" />request law enforc agenc person detail remov site fax form fax number write compani</p></ss1><ss1><st>extern link</st><p><list><entry level="1" type="bullet"><weblink ns0:type="simple" ns0:href="http://www.192.com/" /></entry><entry level="1" type="bullet"><weblink ns0:type="simple" ns0:href="http://www.192business.com/">busi servic</weblink></entry></list></p></ss1></bdy></institution></activity></psychological_feature></act></service></company></event></work></article>