<article xmlns:ns0="http://www.w3.org/1999/xlink"><church confidence="0.9511911446218017" wordnetid="103028079"><header><title>list church oxford</title><id /><revision><id /><timestamp /><contributor><username>john campbel</username><id /></contributor></revision><categories><category>church oxford</category><category>oxford</category></categories></header><bdy><p>list church oxford record<link ns0:type="simple" ns0:href="../325/6325.xml">church</link>citi<village wordnetid="108672738" confidence="0.9508927676800064"><link ns0:type="simple" ns0:href="../308/22308.xml">oxford</link></village><country wordnetid="108544813" confidence="0.9508927676800064"><link ns0:type="simple" ns0:href="../316/9316.xml">england</link></country>oxford famou dream spire refer mediev church colleg domin modern town<link ns0:type="simple" ns0:href="../044/54044.xml">gothic</link><ref ns0:type="simple" ns0:href="#xpointer(//reflist/entry[@id=%221%22])" /></p><sec><st>anglican</st><p><image location="left" width="150px" src="St._Cross_church,_Oxford.jpg" type="thumb"><caption>cross</caption></image></p><p><list><entry level="1" type="bullet"><structure wordnetid="104341686" confidence="0.8"><building wordnetid="102913152" confidence="0.8"><artifact wordnetid="100021939" confidence="0.8"><church wordnetid="103028079" confidence="0.8"><place_of_worship wordnetid="103953416" confidence="0.8"><chapel wordnetid="103007130" confidence="0.8"><link ns0:type="simple" ns0:href="../119/4662119.xml">bartholomew chapel</link></chapel></place_of_worship></church></artifact></building></structure><link ns0:type="simple" ns0:href="../523/1285523.xml">cowley road</link></entry><entry level="1" type="bullet">luke church canning crescent</entry><entry level="1" type="bullet"><structure wordnetid="104341686" confidence="0.8"><religious_residence wordnetid="104073948" confidence="0.8"><building wordnetid="102913152" confidence="0.8"><artifact wordnetid="100021939" confidence="0.8"><residence wordnetid="104079244" confidence="0.8"><dwelling wordnetid="103259505" confidence="0.8"><housing wordnetid="103546340" confidence="0.8"><monastery wordnetid="103781244" confidence="0.8"><house wordnetid="103544360" confidence="0.8"><link ns0:type="simple" ns0:href="../325/128325.xml">christ church</link></house></monastery></housing></dwelling></residence></artifact></building></religious_residence></structure><link ns0:type="simple" ns0:href="../883/45883.xml">cathedr</link><link ns0:type="simple" ns0:href="../281/5165281.xml" /></entry><entry level="1" type="bullet">cowley parish church jame beauchamp lane</entry><entry level="1" type="bullet">church</entry><entry level="1" type="bullet">clement<artifact wordnetid="100021939" confidence="0.8"><street wordnetid="104334599" confidence="0.8"><way wordnetid="104564698" confidence="0.8"><thoroughfare wordnetid="104426618" confidence="0.8"><road wordnetid="104096066" confidence="0.8"><link ns0:type="simple" ns0:href="../502/5180502.xml">marston road</link></road></thoroughfare></way></street></artifact></entry><entry level="1" type="bullet"><link /><artifact wordnetid="100021939" confidence="0.8"><street wordnetid="104334599" confidence="0.8"><way wordnetid="104564698" confidence="0.8"><thoroughfare wordnetid="104426618" confidence="0.8"><road wordnetid="104096066" confidence="0.8"><link ns0:type="simple" ns0:href="../647/5328647.xml">road</link></road></thoroughfare></way></street></artifact></entry><entry level="1" type="bullet"><link ns0:type="simple" ns0:href="../413/4803413.xml">gile</link><artifact wordnetid="100021939" confidence="0.8"><street wordnetid="104334599" confidence="0.8"><way wordnetid="104564698" confidence="0.8"><thoroughfare wordnetid="104426618" confidence="0.8"><road wordnetid="104096066" confidence="0.8"><link ns0:type="simple" ns0:href="../944/4802944.xml">woodstock road</link></road></thoroughfare></way></street></artifact></entry><entry level="1" type="bullet">margaret<artifact wordnetid="100021939" confidence="0.8"><street wordnetid="104334599" confidence="0.8"><way wordnetid="104564698" confidence="0.8"><thoroughfare wordnetid="104426618" confidence="0.8"><road wordnetid="104096066" confidence="0.8"><link ns0:type="simple" ns0:href="../936/5732936.xml">margaret road</link></road></thoroughfare></way></street></artifact></entry><entry level="1" type="bullet"><structure wordnetid="104341686" confidence="0.8"><building wordnetid="102913152" confidence="0.8"><artifact wordnetid="100021939" confidence="0.8"><church wordnetid="103028079" confidence="0.8"><place_of_worship wordnetid="103953416" confidence="0.8"><link ns0:type="simple" ns0:href="../668/18080668.xml">martin church</link></place_of_worship></church></artifact></building></structure><tower wordnetid="104460130" confidence="0.8"><structure wordnetid="104341686" confidence="0.8"><building wordnetid="102913152" confidence="0.8"><artifact wordnetid="100021939" confidence="0.8"><church wordnetid="103028079" confidence="0.8"><place_of_worship wordnetid="103953416" confidence="0.8"><link ns0:type="simple" ns0:href="../871/206871.xml">oxford</link></place_of_worship></church></artifact></building></structure></tower>demolish<link ns0:type="simple" ns0:href="../871/206871.xml">tower</link>surviv</entry><entry level="1" type="bullet"><structure wordnetid="104341686" confidence="0.8"><building wordnetid="102913152" confidence="0.8"><artifact wordnetid="100021939" confidence="0.8"><church wordnetid="103028079" confidence="0.8"><place_of_worship wordnetid="103953416" confidence="0.8"><link ns0:type="simple" ns0:href="../165/6601165.xml">mari magdalen</link></place_of_worship></church></artifact></building></structure><artifact wordnetid="100021939" confidence="0.8"><street wordnetid="104334599" confidence="0.8"><way wordnetid="104564698" confidence="0.8"><thoroughfare wordnetid="104426618" confidence="0.8"><road wordnetid="104096066" confidence="0.8"><link ns0:type="simple" ns0:href="../802/5224802.xml">magdalen street</link></road></thoroughfare></way></street></artifact></entry><entry level="1" type="bullet"><tower wordnetid="104460130" confidence="0.8"><structure wordnetid="104341686" confidence="0.8"><building wordnetid="102913152" confidence="0.8"><artifact wordnetid="100021939" confidence="0.8"><church wordnetid="103028079" confidence="0.8"><place_of_worship wordnetid="103953416" confidence="0.8"><link ns0:type="simple" ns0:href="../467/5352467.xml">michael northgat</link></place_of_worship></church></artifact></building></structure></tower><artifact wordnetid="100021939" confidence="0.8"><street wordnetid="104334599" confidence="0.8"><way wordnetid="104564698" confidence="0.8"><thoroughfare wordnetid="104426618" confidence="0.8"><road wordnetid="104096066" confidence="0.8"><link ns0:type="simple" ns0:href="../872/206872.xml">street</link></road></thoroughfare></way></street></artifact></entry><entry level="1" type="bullet"><link>paul</link><link ns0:type="simple" ns0:href="../401/5275401.xml">walton street</link>freud bar</entry><entry level="1" type="bullet"><link ns0:type="simple" ns0:href="../286/10755286.xml">thoma martyr</link>becket street</entry><entry level="1" type="bullet">andrew<artifact wordnetid="100021939" confidence="0.8"><street wordnetid="104334599" confidence="0.8"><way wordnetid="104564698" confidence="0.8"><thoroughfare wordnetid="104426618" confidence="0.8"><road wordnetid="104096066" confidence="0.8"><link ns0:type="simple" ns0:href="../148/5317148.xml">linton road</link></road></thoroughfare></way></street></artifact></entry><entry level="1" type="bullet">cardigan street</entry><entry level="1" type="bullet">matthew marlborough road</entry><entry level="1" type="bullet">parish church mari john<link ns0:type="simple" ns0:href="../523/1285523.xml">cowley road</link></entry><entry level="1" type="bullet"><link ns0:type="simple" ns0:href="../370/128370.xml">hous</link>gile<link ns0:type="simple" ns0:href="../413/4803413.xml">gile street</link></entry><entry level="1" type="bullet">alban martyr charl street</entry><entry level="1" type="bullet"><link ns0:type="simple" ns0:href="../734/2574734.xml" />place<link ns0:type="simple" ns0:href="../308/8101308.xml" /></entry><entry level="1" type="bullet">cross<artifact wordnetid="100021939" confidence="0.8"><street wordnetid="104334599" confidence="0.8"><way wordnetid="104564698" confidence="0.8"><thoroughfare wordnetid="104426618" confidence="0.8"><road wordnetid="104096066" confidence="0.8"><link ns0:type="simple" ns0:href="../834/5165834.xml">cross road</link></road></thoroughfare></way></street></artifact>junction manor road</entry><entry level="1" type="bullet">john evangelist church road</entry><entry level="1" type="bullet"><structure wordnetid="104341686" confidence="0.8"><building wordnetid="102913152" confidence="0.8"><artifact wordnetid="100021939" confidence="0.8"><church wordnetid="103028079" confidence="0.8"><place_of_worship wordnetid="103953416" confidence="0.8"><link ns0:type="simple" ns0:href="../071/5258071.xml">univers church mari virgin</link></place_of_worship></church></artifact></building></structure><structure wordnetid="104341686" confidence="0.8"><building wordnetid="102913152" confidence="0.8"><artifact wordnetid="100021939" confidence="0.8"><street wordnetid="104334599" confidence="0.8"><way wordnetid="104564698" confidence="0.8"><thoroughfare wordnetid="104426618" confidence="0.8"><road wordnetid="104096066" confidence="0.8"><link ns0:type="simple" ns0:href="../544/3688544.xml">high street</link></road></thoroughfare></way></street></artifact></building></structure></entry></list></p><p>church convert colleg chapel<list><entry level="1" type="bullet"><artifact wordnetid="100021939" confidence="0.8"><street wordnetid="104334599" confidence="0.8"><way wordnetid="104564698" confidence="0.8"><thoroughfare wordnetid="104426618" confidence="0.8"><road wordnetid="104096066" confidence="0.8"><link ns0:type="simple" ns0:href="../705/6555705.xml">inn hall street</link></road></thoroughfare></way></street></artifact>chapel<body wordnetid="107965085" confidence="0.8"><social_group wordnetid="107950920" confidence="0.8"><college wordnetid="108278169" confidence="0.8"><educational_institution wordnetid="108276342" confidence="0.8"><group wordnetid="100031264" confidence="0.8"><institution wordnetid="108053576" confidence="0.8"><link ns0:type="simple" ns0:href="../383/128383.xml">peter colleg oxford</link></institution></group></educational_institution></college></social_group></body></entry></list></p><p>church convert colleg librari<list><entry level="1" type="bullet"><link>saint</link><structure wordnetid="104341686" confidence="0.8"><building wordnetid="102913152" confidence="0.8"><artifact wordnetid="100021939" confidence="0.8"><street wordnetid="104334599" confidence="0.8"><way wordnetid="104564698" confidence="0.8"><thoroughfare wordnetid="104426618" confidence="0.8"><road wordnetid="104096066" confidence="0.8"><link ns0:type="simple" ns0:href="../544/3688544.xml">high street</link></road></thoroughfare></way></street></artifact></building></structure><link ns0:type="simple" ns0:href="../636/38636.xml" /><link ns0:type="simple" ns0:href="../634/38634.xml" />librari<structure wordnetid="104341686" confidence="0.8"><building wordnetid="102913152" confidence="0.8"><artifact wordnetid="100021939" confidence="0.8"><link ns0:type="simple" ns0:href="../353/128353.xml">lincoln colleg</link></artifact></building></structure></entry><entry level="1" type="bullet"><link /><artifact wordnetid="100021939" confidence="0.8"><street wordnetid="104334599" confidence="0.8"><way wordnetid="104564698" confidence="0.8"><thoroughfare wordnetid="104426618" confidence="0.8"><road wordnetid="104096066" confidence="0.8"><link ns0:type="simple" ns0:href="../912/5728912.xml">queen lane</link></road></thoroughfare></way></street></artifact>librari<structure wordnetid="104341686" confidence="0.8"><building wordnetid="102913152" confidence="0.8"><artifact wordnetid="100021939" confidence="0.8"><link ns0:type="simple" ns0:href="../377/128377.xml">edmund hall</link></artifact></building></structure></entry></list></p></sec><sec><st>roman cathol</st><p><list><entry level="1" type="bullet"><order wordnetid="107168623" confidence="0.8"><event wordnetid="100029378" confidence="0.8"><command wordnetid="107168131" confidence="0.8"><act wordnetid="100030358" confidence="0.8"><psychological_feature wordnetid="100023100" confidence="0.8"><speech_act wordnetid="107160883" confidence="0.8"><link ns0:type="simple" ns0:href="../973/8973.xml">blackfriar</link></speech_act></psychological_feature></act></command></event></order><link ns0:type="simple" ns0:href="../504/25504.xml">roman cathol</link><order wordnetid="107168623" confidence="0.8"><event wordnetid="100029378" confidence="0.8"><command wordnetid="107168131" confidence="0.8"><act wordnetid="100030358" confidence="0.8"><psychological_feature wordnetid="100023100" confidence="0.8"><speech_act wordnetid="107160883" confidence="0.8"><link ns0:type="simple" ns0:href="../973/8973.xml">dominican</link></speech_act></psychological_feature></act></command></event></order>priori gile</entry><entry level="1" type="bullet">gonzaga<structure wordnetid="104341686" confidence="0.8"><building wordnetid="102913152" confidence="0.8"><artifact wordnetid="100021939" confidence="0.8"><church wordnetid="103028079" confidence="0.8"><place_of_worship wordnetid="103953416" confidence="0.8"><link ns0:type="simple" ns0:href="../911/4820911.xml">oxford oratori</link></place_of_worship></church></artifact></building></structure><artifact wordnetid="100021939" confidence="0.8"><street wordnetid="104334599" confidence="0.8"><way wordnetid="104564698" confidence="0.8"><thoroughfare wordnetid="104426618" confidence="0.8"><road wordnetid="104096066" confidence="0.8"><link ns0:type="simple" ns0:href="../944/4802944.xml">woodstock road</link></road></thoroughfare></way></street></artifact></entry><entry level="1" type="bullet">anthoni padua<link>headley</link></entry><entry level="1" type="bullet">church parish<artifact wordnetid="100021939" confidence="0.8"><street wordnetid="104334599" confidence="0.8"><way wordnetid="104564698" confidence="0.8"><thoroughfare wordnetid="104426618" confidence="0.8"><road wordnetid="104096066" confidence="0.8"><link ns0:type="simple" ns0:href="../950/5271950.xml">abingdon road</link></road></thoroughfare></way></street></artifact></entry><entry level="1" type="bullet">edmund abingdon<passageway wordnetid="103895585" confidence="0.8"><artifact wordnetid="100021939" confidence="0.8"><passage wordnetid="103895293" confidence="0.8"><corridor wordnetid="103112099" confidence="0.8"><way wordnetid="104564698" confidence="0.8"><hallway wordnetid="103479952" confidence="0.8"><link ns0:type="simple" ns0:href="../342/128342.xml" /></hallway></way></corridor></passage></artifact></passageway><structure wordnetid="104341686" confidence="0.8"><building wordnetid="102913152" confidence="0.8"><artifact wordnetid="100021939" confidence="0.8"><street wordnetid="104334599" confidence="0.8"><way wordnetid="104564698" confidence="0.8"><thoroughfare wordnetid="104426618" confidence="0.8"><road wordnetid="104096066" confidence="0.8"><link ns0:type="simple" ns0:href="../324/5180324.xml">road</link></road></thoroughfare></way></street></artifact></building></structure>oxford</entry><entry level="1" type="bullet">cathol<link ns0:type="simple" ns0:href="../232/183232.xml" />rose place<link ns0:type="simple" ns0:href="../281/5165281.xml" /></entry></list></p></sec><sec><st>baptist</st><p><list><entry level="1" type="bullet">road<family wordnetid="108078020" confidence="0.8"><link ns0:type="simple" ns0:href="../979/3979.xml">baptist</link></family>church<region wordnetid="108630985" confidence="0.8"><isogon wordnetid="113866515" confidence="0.8"><park wordnetid="108615149" confidence="0.8"><location wordnetid="100027167" confidence="0.8"><shape wordnetid="100027807" confidence="0.8"><plane_figure wordnetid="113863186" confidence="0.8"><polygon wordnetid="113866144" confidence="0.8"><rectangle wordnetid="113883346" confidence="0.8"><regular_polygon wordnetid="113867133" confidence="0.8"><figure wordnetid="113862780" confidence="0.8"><tract wordnetid="108673395" confidence="0.8"><parallelogram wordnetid="113881175" confidence="0.8"><geographical_area wordnetid="108574314" confidence="0.8"><square wordnetid="113878634" confidence="0.8"><quadrilateral wordnetid="113879126" confidence="0.8"><link ns0:type="simple" ns0:href="../542/5165542.xml">bonn squar</link></quadrilateral></square></geographical_area></parallelogram></tract></figure></regular_polygon></rectangle></polygon></plane_figure></shape></location></park></isogon></region></entry><entry level="1" type="bullet"><region wordnetid="108630985" confidence="0.8"><village wordnetid="108672738" confidence="0.8"><location wordnetid="100027167" confidence="0.8"><settlement wordnetid="108672562" confidence="0.8"><geographical_area wordnetid="108574314" confidence="0.8"><district wordnetid="108552138" confidence="0.8"><link ns0:type="simple" ns0:href="../920/2271920.xml">headington</link></district></geographical_area></settlement></location></village></region>baptist church</entry><entry level="1" type="bullet">baptist westminst</entry><entry level="1" type="bullet"><preacher wordnetid="110464178" confidence="0.9173553029164789"><writer wordnetid="110794014" confidence="0.9508927676800064"><link ns0:type="simple" ns0:href="../661/39661.xml">john</link></writer></preacher>baptist church crowel road</entry><entry level="1" type="bullet"><artifact wordnetid="100021939" confidence="0.8"><street wordnetid="104334599" confidence="0.8"><way wordnetid="104564698" confidence="0.8"><thoroughfare wordnetid="104426618" confidence="0.8"><road wordnetid="104096066" confidence="0.8"><link ns0:type="simple" ns0:href="../944/4802944.xml">woodstock road</link></road></thoroughfare></way></street></artifact>baptist</entry><entry level="1" type="bullet">albert street baptist</entry></list></p></sec><sec><st>methodist</st><p><list><entry level="1" type="bullet">wesley memori<physical_entity wordnetid="100001930" confidence="0.8"><causal_agent wordnetid="100007347" confidence="0.8"><link ns0:type="simple" ns0:href="../119/20119.xml">methodist</link></causal_agent></physical_entity>church<artifact wordnetid="100021939" confidence="0.8"><street wordnetid="104334599" confidence="0.8"><way wordnetid="104564698" confidence="0.8"><thoroughfare wordnetid="104426618" confidence="0.8"><road wordnetid="104096066" confidence="0.8"><link ns0:type="simple" ns0:href="../705/6555705.xml">inn hall street</link></road></thoroughfare></way></street></artifact></entry><entry level="1" type="bullet">methodist church lime walk</entry><entry level="1" type="bullet"><link ns0:type="simple" ns0:href="../092/1312092.xml">rose hill</link>methodist church</entry><entry level="1" type="bullet">cowley road methodist church</entry></list></p></sec><sec><st>unit reform</st><p><list><entry level="1" type="bullet"><person wordnetid="100007846" confidence="0.9508927676800064"><saint wordnetid="110546850" confidence="0.9508927676800064"><link ns0:type="simple" ns0:href="../561/6561.xml" /></saint></person><nongovernmental_organization wordnetid="108009834" confidence="0.8"><denomination wordnetid="108146782" confidence="0.8"><link ns0:type="simple" ns0:href="../055/211055.xml">unit reform church</link></denomination></nongovernmental_organization><artifact wordnetid="100021939" confidence="0.8"><street wordnetid="104334599" confidence="0.8"><way wordnetid="104564698" confidence="0.8"><thoroughfare wordnetid="104426618" confidence="0.8"><road wordnetid="104096066" confidence="0.8"><link ns0:type="simple" ns0:href="../665/5335665.xml">alfr street</link></road></thoroughfare></way></street></artifact></entry><entry level="1" type="bullet"><region wordnetid="108630985" confidence="0.8"><location wordnetid="100027167" confidence="0.8"><district wordnetid="108552138" confidence="0.8"><link ns0:type="simple" ns0:href="../938/4802938.xml" /></district></location></region><nongovernmental_organization wordnetid="108009834" confidence="0.8"><denomination wordnetid="108146782" confidence="0.8"><link ns0:type="simple" ns0:href="../055/211055.xml">unit reform church</link></denomination></nongovernmental_organization></entry><entry level="1" type="bullet"><link ns0:type="simple" ns0:href="../841/1229841.xml">templ cowley</link><nongovernmental_organization wordnetid="108009834" confidence="0.8"><denomination wordnetid="108146782" confidence="0.8"><link ns0:type="simple" ns0:href="../055/211055.xml">unit reform church</link></denomination></nongovernmental_organization></entry><entry level="1" type="bullet">road<nongovernmental_organization wordnetid="108009834" confidence="0.8"><denomination wordnetid="108146782" confidence="0.8"><link ns0:type="simple" ns0:href="../055/211055.xml">unit reform church</link></denomination></nongovernmental_organization><region wordnetid="108630985" confidence="0.8"><village wordnetid="108672738" confidence="0.8"><location wordnetid="100027167" confidence="0.8"><settlement wordnetid="108672562" confidence="0.8"><geographical_area wordnetid="108574314" confidence="0.8"><district wordnetid="108552138" confidence="0.8"><link ns0:type="simple" ns0:href="../920/2271920.xml">headington</link></district></geographical_area></settlement></location></village></region></entry><entry level="1" type="bullet">marston<nongovernmental_organization wordnetid="108009834" confidence="0.8"><denomination wordnetid="108146782" confidence="0.8"><link ns0:type="simple" ns0:href="../055/211055.xml">unit reform church</link></denomination></nongovernmental_organization><artifact wordnetid="100021939" confidence="0.8"><street wordnetid="104334599" confidence="0.8"><way wordnetid="104564698" confidence="0.8"><thoroughfare wordnetid="104426618" confidence="0.8"><road wordnetid="104096066" confidence="0.8"><link ns0:type="simple" ns0:href="../502/5180502.xml">marston road</link></road></thoroughfare></way></street></artifact></entry></list></p></sec><sec><st>ecumen</st><p><list><entry level="1" type="bullet">holi famili church reform</entry></list></p></sec><sec><st>denomin</st><p><list><entry level="1" type="bullet">assembl god oxford road</entry><entry level="1" type="bullet"><link ns0:type="simple" ns0:href="../261/385261.xml">calvari chapel</link>meet primari school</entry><entry level="1" type="bullet">chines christian church lea</entry><entry level="1" type="bullet">elim pentecost<artifact wordnetid="100021939" confidence="0.8"><street wordnetid="104334599" confidence="0.8"><way wordnetid="104564698" confidence="0.8"><thoroughfare wordnetid="104426618" confidence="0.8"><road wordnetid="104096066" confidence="0.8"><link ns0:type="simple" ns0:href="../647/5328647.xml">road</link></road></thoroughfare></way></street></artifact></entry><entry level="1" type="bullet">church christ scientist oxford gile</entry><entry level="1" type="bullet"><language wordnetid="106282651" confidence="0.9508927676800064"><link ns0:type="simple" ns0:href="../884/11884.xml">german</link></language><link ns0:type="simple" ns0:href="../503/18503.xml">lutheran</link>servic mari virgin high street</entry><entry level="1" type="bullet">grace spring church</entry><entry level="1" type="bullet"><social_group wordnetid="107950920" confidence="0.8"><gathering wordnetid="107975026" confidence="0.8"><community wordnetid="108223802" confidence="0.8"><group wordnetid="100031264" confidence="0.8"><link ns0:type="simple" ns0:href="../193/764193.xml">jesu armi</link></group></community></gathering></social_group><ref ns0:type="simple" ns0:href="#xpointer(//reflist/entry[@id=%222%22])" /></entry><entry level="1" type="bullet">live faith intern</entry><entry level="1" type="bullet">magdalen road church<ref ns0:type="simple" ns0:href="#xpointer(//reflist/entry[@id=%223%22])" />magdalen road</entry><entry level="1" type="bullet">oxford<link ns0:type="simple" ns0:href="../476/218476.xml">unitarian</link><body wordnetid="107965085" confidence="0.8"><social_group wordnetid="107950920" confidence="0.8"><college wordnetid="108278169" confidence="0.8"><educational_institution wordnetid="108276342" confidence="0.8"><group wordnetid="100031264" confidence="0.8"><institution wordnetid="108053576" confidence="0.8"><link ns0:type="simple" ns0:href="../947/157947.xml">harri manchest colleg</link></institution></group></educational_institution></college></social_group></body>chapel<link ns0:type="simple" ns0:href="../206/9429206.xml">mansfield road</link></entry><entry level="1" type="bullet">orthodox church holi triniti<artifact wordnetid="100021939" confidence="0.8"><street wordnetid="104334599" confidence="0.8"><way wordnetid="104564698" confidence="0.8"><thoroughfare wordnetid="104426618" confidence="0.8"><road wordnetid="104096066" confidence="0.8"><link ns0:type="simple" ns0:href="../282/5322282.xml">canterburi road</link></road></thoroughfare></way></street></artifact><structure wordnetid="104341686" confidence="0.8"><building wordnetid="102913152" confidence="0.8"><artifact wordnetid="100021939" confidence="0.8"><street wordnetid="104334599" confidence="0.8"><way wordnetid="104564698" confidence="0.8"><thoroughfare wordnetid="104426618" confidence="0.8"><road wordnetid="104096066" confidence="0.8"><link ns0:type="simple" ns0:href="../832/4802832.xml">banburi road</link></road></thoroughfare></way></street></artifact></building></structure></entry><entry level="1" type="bullet">oxford bibl church</entry><entry level="1" type="bullet">oxford<link ns0:type="simple" ns0:href="../586/7586.xml" />church tyndal road<ref ns0:type="simple" ns0:href="#xpointer(//reflist/entry[@id=%224%22])" /></entry><entry level="1" type="bullet">oxford commun church occ<ref ns0:type="simple" ns0:href="#xpointer(//reflist/entry[@id=%225%22])" /><link ns0:type="simple" ns0:href="../005/4493005.xml">mead</link></entry><entry level="1" type="bullet">oxford vineyard</entry><entry level="1" type="bullet">redeem christian church god barton neighbourhood centr headington oxford<ref ns0:type="simple" ns0:href="#xpointer(//reflist/entry[@id=%226%22])" /></entry><entry level="1" type="bullet"><nongovernmental_organization wordnetid="108009834" confidence="0.8"><denomination wordnetid="108146782" confidence="0.8"><link ns0:type="simple" ns0:href="../151/4812151.xml">religi societi friend</link></denomination></nongovernmental_organization><link ns0:type="simple" ns0:href="../151/4812151.xml">quaker</link>gile</entry><entry level="1" type="bullet"><link ns0:type="simple" ns0:href="../382/15007382.xml">river life church</link><ref ns0:type="simple" ns0:href="#xpointer(//reflist/entry[@id=%227%22])" /><artifact wordnetid="100021939" confidence="0.8"><street wordnetid="104334599" confidence="0.8"><way wordnetid="104564698" confidence="0.8"><thoroughfare wordnetid="104426618" confidence="0.8"><road wordnetid="104096066" confidence="0.8"><link ns0:type="simple" ns0:href="../502/5180502.xml">marston road</link></road></thoroughfare></way></street></artifact></entry><entry level="1" type="bullet"><link ns0:type="simple" ns0:href="../801/88801.xml">salvat armi</link>oxford citadel place</entry><entry level="1" type="bullet"><link ns0:type="simple" ns0:href="../803/1496803.xml">sant mandal</link><artifact wordnetid="100021939" confidence="0.8"><street wordnetid="104334599" confidence="0.8"><way wordnetid="104564698" confidence="0.8"><thoroughfare wordnetid="104426618" confidence="0.8"><road wordnetid="104096066" confidence="0.8"><link ns0:type="simple" ns0:href="../502/5180502.xml">marston road</link></road></thoroughfare></way></street></artifact></entry></list></p></sec><sec><st>church</st><p><list><entry level="1" type="bullet"><link ns0:type="simple" ns0:href="../881/5144881.xml">philip jame church</link><body wordnetid="107965085" confidence="0.8"><social_group wordnetid="107950920" confidence="0.8"><group wordnetid="100031264" confidence="0.8"><administration wordnetid="108164585" confidence="0.8"><link ns0:type="simple" ns0:href="../875/5144875.xml">oxford centr mission studi</link></administration></group></social_group></body><artifact wordnetid="100021939" confidence="0.8"><street wordnetid="104334599" confidence="0.8"><way wordnetid="104564698" confidence="0.8"><thoroughfare wordnetid="104426618" confidence="0.8"><road wordnetid="104096066" confidence="0.8"><link ns0:type="simple" ns0:href="../944/4802944.xml">woodstock road</link></road></thoroughfare></way></street></artifact><region wordnetid="108630985" confidence="0.8"><location wordnetid="100027167" confidence="0.8"><district wordnetid="108552138" confidence="0.8"><link ns0:type="simple" ns0:href="../018/3277018.xml">north oxford</link></district></location></region></entry></list></p></sec><sec><st>refer</st><ss1><st>note</st><p><reflist><entry id="1"><weblink ns0:type="simple" ns0:href="http://wikitravel.org/en/Oxford" /></entry><entry id="2"><weblink ns0:type="simple" ns0:href="http://www.jesus.org.uk/oxford">jesu armi jesu fellowship oxford</weblink>offici websit retriev june</entry><entry id="3"><weblink ns0:type="simple" ns0:href="http://www.magdalenroadchurch.org">magdalen road church</weblink>offici websit retriev decemb</entry><entry id="4"><weblink ns0:type="simple" ns0:href="http://www.oxfordchristadelphians.org.uk">oxford church</weblink>offici websit retriev decemb</entry><entry id="5"><weblink ns0:type="simple" ns0:href="http://www.occ.org.uk/oxford">oxford commun church</weblink>offici websit retriev decemb</entry><entry id="6"><weblink ns0:type="simple" ns0:href="http://www.oxrccg.org.uk" />offici websit retriev octob</entry><entry id="7"><weblink ns0:type="simple" ns0:href="http://www.riversoflife.co.uk/">river life church</weblink>offici websit retriev decemb</entry></reflist></p></ss1><ss1><st>bibliograph refer</st><p><list><entry level="1" type="bullet"><weblink ns0:type="simple" ns0:href="http://anglicansonline.org/uk-europe/england/dioceses/oxford.html">dioces oxford</weblink>anglican onlin offici websit retriev decemb</entry><entry level="1" type="bullet"><weblink ns0:type="simple" ns0:href="http://www.oxford.anglican.org">oxford diocesan websit</weblink>retriev decemb</entry><entry level="1" type="bullet"><weblink ns0:type="simple" ns0:href="http://www.riversoflife.co.uk/">river life church</weblink></entry></list></p></ss1></sec></bdy></church></article>