<article xmlns:ns0="http://www.w3.org/1999/xlink"><header><title>bien logic</title><id /><revision><id /><timestamp /><contributor><username /><id /></contributor></revision><categories><category>technolog manag</category></categories></header><bdy>bien logic interact market agenc base<link ns0:type="simple" ns0:href="../504/28504.xml">san diego</link><country wordnetid="108544813" confidence="0.9508927676800064"><link ns0:type="simple" ns0:href="../407/5407.xml">california</link></country>mid largest compani pioneer innov web develop internet softwar industri year profession work bien logic san diego orang counti angel design programm account sale execut manag start compani continu exist thrive today sitelab netric<sec><st>earli year</st><p>bien logic found februari<link ns0:type="simple" ns0:href="../598/34598.xml" />freder bien collabor michel delori georg geller dina peter angel investor compani initi plan creat<link ns0:type="simple" ns0:href="../786/290786.xml">educ softwar</link>handheld<link ns0:type="simple" ns0:href="../814/192814.xml">digit book</link><link ns0:type="simple" ns0:href="../304/23304.xml">person digit assist</link>bien logic deliv prototyp product<company wordnetid="108058098" confidence="0.8"><subsidiary_company wordnetid="108003935" confidence="0.8"><institution wordnetid="108053576" confidence="0.8"><link ns0:type="simple" ns0:href="../882/1001882.xml">simon schuster</link></institution></subsidiary_company></company><company wordnetid="108058098" confidence="0.8"><institution wordnetid="108053576" confidence="0.8"><link ns0:type="simple" ns0:href="../103/1115103.xml">franklin electron publish</link></institution></company>ebook<weblink ns0:type="simple" ns0:href="http://www.franklin.com" /><physical_entity wordnetid="100001930" confidence="0.8"><person wordnetid="100007846" confidence="0.8"><assistant wordnetid="109815790" confidence="0.8"><worker wordnetid="109632518" confidence="0.8"><causal_agent wordnetid="100007347" confidence="0.8"><link ns0:type="simple" ns0:href="../887/887.xml">appl newton</link></causal_agent></worker></assistant></person></physical_entity><weblink ns0:type="simple" ns0:href="http://www.apple.com" />face low consum adopt earli<link ns0:type="simple" ns0:href="../814/192814.xml">digit book</link>bien logic chang direct<link ns0:type="simple" ns0:href="../337/18948337.xml" />start develop<link ns0:type="simple" ns0:href="../898/33898.xml">websit</link>interact market program client</p></sec><sec><st>web develop</st><p>commerci success launch<link ns0:type="simple" ns0:href="../898/33898.xml">websit</link>univers town center call<weblink ns0:type="simple" ns0:href="http://westfield.com/utc/">site</weblink>websit inaugur<link ns0:type="simple" ns0:href="../658/34658.xml" /><link ns0:type="simple" ns0:href="../504/28504.xml">san diego</link><mayor wordnetid="110303814" confidence="0.9508927676800064"><link ns0:type="simple" ns0:href="../237/3277237.xml">susan gold</link></mayor>call largest expans histori major shop center stage<physical_entity wordnetid="100001930" confidence="0.8"><disputant wordnetid="109615465" confidence="0.8"><person wordnetid="100007846" confidence="0.8"><environmentalist wordnetid="110060621" confidence="0.8"><reformer wordnetid="110515194" confidence="0.8"><biologist wordnetid="109855630" confidence="0.8"><causal_agent wordnetid="100007347" confidence="0.8"><scientist wordnetid="110560637" confidence="0.8"><zoologist wordnetid="110806222" confidence="0.8"><link>joan</link></zoologist></scientist></causal_agent></biologist></reformer></environmentalist></person></disputant></physical_entity><weblink ns0:type="simple" ns0:href="http://www.joanembery.com" />host popular anim hold parrot hand press enter key comput keyboard pull utc time web project won award best market campaign shop center squar feet intern council shop center staci armstrong receiv award utc</p><p>number noteworthi websit<musical_organization wordnetid="108246613" confidence="0.8"><group wordnetid="100031264" confidence="0.8"><link ns0:type="simple" ns0:href="../852/5068852.xml">pearl jam</link></group></musical_organization>rock band<law_firm wordnetid="108064039" confidence="0.9508927676800064"><link ns0:type="simple" ns0:href="../019/1019019.xml">baker mckenzi</link></law_firm>law firm virtual hold secur onlin payment system bien logic initi key staff<link>ucsd</link>student friend nguyen marc mike zeman talent teresa shaw unstopp bob adam join execut kevin mcdermott mgt charl gillespi propos jack abbott sale bien logic establish welldefin step process design produc launch websit interact market campaign process core commerci success</p><p>firm continu grow develop larger project<firm wordnetid="108059870" confidence="0.8"><enterprise wordnetid="108056231" confidence="0.8"><business wordnetid="108061042" confidence="0.8"><link>compani</link></business></enterprise></firm>shop center<menagerie wordnetid="103745146" confidence="0.9508927676800064"><link ns0:type="simple" ns0:href="../392/317392.xml">san diego zoo</link></menagerie><company wordnetid="108058098" confidence="0.9508927676800064"><link ns0:type="simple" ns0:href="../442/4047442.xml">energi</link></company>call<company wordnetid="108058098" confidence="0.9508927676800064"><link ns0:type="simple" ns0:href="../157/18157.xml">lucent technolog</link></company><company wordnetid="108058098" confidence="0.9508927676800064"><link>saturn car</link></company><link /><weblink ns0:type="simple" ns0:href="http://www.procopio.com" />law firm<weblink ns0:type="simple" ns0:href="http://www.avocado.org">california avocado commiss</weblink><weblink ns0:type="simple" ns0:href="http://www.apparelnews.com">apparel news</weblink>publish</p><p>addit peopl join compani includ marlen matheson sale dana todd joe account exec lane sharman cto victor creativ director<weblink ns0:type="simple" ns0:href="http://internetideals.com/" />victoria becki editori marc adrian stewart mgt troy project mgr peopl</p></sec><sec><st>traffic analysi softwar</st><p>bien logic develop market<weblink ns0:type="simple" ns0:href="http://www.accessmylibrary.com/comsite5/bin/pdinventory.pl?pdlanding=1 referid=2930 purchase_type=ITM item_id=0286-9382504" />softwar applic<link>web traffic analyz</link><list><entry level="1" type="bullet">surfreport<weblink ns0:type="simple" ns0:href="http://findarticles.com/p/articles/mi_m0EIN/is_1997_March_12/ai_19198294" />devt led rick michel delori base graphic routin</entry><entry level="1" type="bullet"><weblink ns0:type="simple" ns0:href="http://www.careerknowhow.com/surfing.htm" />devt michel delori</entry></list></p><p>gener<link>web traffic</link>report surfreport<link ns0:type="simple" ns0:href="../636/34636.xml" />provid innov strateg market list keyword search web user<link ns0:type="simple" ns0:href="../023/4059023.xml">search engin</link>led user visit websit surfreport instal time major search engin<company wordnetid="108058098" confidence="0.9508927676800064"><link ns0:type="simple" ns0:href="../979/21979.xml">netscap</link></company><link ns0:type="simple" ns0:href="../213/188213.xml">yahoo</link><link ns0:type="simple" ns0:href="../024/366024.xml">altavista</link><link ns0:type="simple" ns0:href="../513/1101513.xml">infoseek</link><web_site wordnetid="106359193" confidence="0.9508927676800064"><link ns0:type="simple" ns0:href="../846/536846.xml">excit</link></web_site>offer buy keyword<link ns0:type="simple" ns0:href="../601/34601.xml" />surfreport web traffic analyz analyz data hour<company wordnetid="108058098" confidence="0.9508927676800064"><link ns0:type="simple" ns0:href="../979/21979.xml">netscap</link></company><weblink ns0:type="simple" ns0:href="http://www.netscape.com" />analyz log file largest time freder bien michel delori rick contribut articl<link ns0:type="simple" ns0:href="../065/27065.xml">standard</link><link ns0:type="simple" ns0:href="../455/33455.xml">web server</link><link>log file</link>analysi content<weblink ns0:type="simple" ns0:href="http://www.drdobbs.com/dept/architect/184410090" />correct articl<link>oracl</link>market surfreport network comput architectur<weblink ns0:type="simple" ns0:href="http://findarticles.com/p/articles/mi_m0EIN/is_1997_March_12/ai_19198294" />john logan softwar sale manag</p></sec><sec><st>web publish</st><p>addit bien logic develop publish origin websit continu today<list><entry level="1" type="bullet">onlin date site<weblink ns0:type="simple" ns0:href="http://www.flirt.com" />launch februari<link ns0:type="simple" ns0:href="../658/34658.xml" />expand simpl<link ns0:type="simple" ns0:href="../063/34063.xml">webpag</link>name flirt onlin dec</entry><entry level="1" type="bullet">web directori<weblink ns0:type="simple" ns0:href="http://www.planetearth.net">planet earth</weblink>origin start richard<link>san diego navi</link><link ns0:type="simple" ns0:href="../337/18948337.xml" />visit websit internet wire magazin rank</entry></list></p></sec><sec><st>team member</st><p>addit angel investor compani lenni julia baum strau<weblink ns0:type="simple" ns0:href="http://www.firedoll.org/firedoll_about.html" />jacob<weblink ns0:type="simple" ns0:href="http://procopio.com/profiles/attorney_detail.cfm?id=190" />gener counsel prolif writer subject intellectu properti protect internet ken king cfo control eric tax handl bien logic financ</p></sec><sec><st>compani sale sitelab netric</st><p>bien logic sold form<weblink ns0:type="simple" ns0:href="http://www.sitelab.com/Interactive_Web_Agency/index_seo_web_developer.html">sitelab llc</weblink><weblink ns0:type="simple" ns0:href="http://www.netrics.com/">netric</weblink>sitelab top interact agenc<weblink ns0:type="simple" ns0:href="http://www.sitelab.com/Interactive_Web_Agency/Online_Marketing_Releases/pr_sitelab_top50_agencies.asp" />led bien logic employe marlen matheson<weblink ns0:type="simple" ns0:href="http://sitelab.com/Interactive_Web_Agency/sli_team_web_development.html" />dana todd presid board<link ns0:type="simple" ns0:href="../347/4739347.xml" /><weblink ns0:type="simple" ns0:href="http://www.searchenginestrategies.com/sew/chicago06/dtodd.html" />mike zeman netric innov compani<weblink ns0:type="simple" ns0:href="http://www.netrics.com/news_article.psp?newsID=6" />provid highend intellig search solut enterpris databas peter chairman netric<weblink ns0:type="simple" ns0:href="http://www.netrics.com/index.php/Management/Management.html" /></p></sec></bdy></article>