<article xmlns:ns0="http://www.w3.org/1999/xlink"><computer confidence="0.8" wordnetid="103082979"><artifact confidence="0.8" wordnetid="100021939"><instrumentality confidence="0.8" wordnetid="103575240"><device confidence="0.8" wordnetid="103183080"><machine confidence="0.8" wordnetid="103699975"><web_site confidence="0.8" wordnetid="106359193"><header><title /><id /><revision><id /><timestamp /><contributor><username>closedmouth</username><id /></contributor></revision><categories><category>entertain websit</category></categories></header><bdy><image location="right" width="300px" src="Sploofuslogo.jpg" type="thumb"><caption>logo web site</caption></image><p>web site featur<link ns0:type="simple" ns0:href="../736/1690736.xml">trivia</link>quizz<link ns0:type="simple" ns0:href="../944/1050944.xml">onlin game</link></p><p>trivia quizz submit site member check site editor live game<link ns0:type="simple" ns0:href="../462/14462.xml">hangman</link>trivia question day select randomli user larg databas question submit editor creat editori staff design test vocabulari knowledg dexter creat independ third parti webmast</p><p>contest challeng member directli rank showdown allow challeng win lose point person challeng will breakeven lose showdown win point challeng victori showdown</p><p>addit wager allow contest bet number point predetermin maximum base player total point success wager win number loser forfeit number</p><p>site creat justin morton grown membership member</p><sec><st>refer</st><p><list><entry level="1" type="bullet"><weblink ns0:type="simple" ns0:href="http://www.toledoblade.com/apps/pbcs.dll/article?AID=/20060507/NEWS19/605070310/-1/NEWS|">site attract global fan base</weblink>georg<link ns0:type="simple" ns0:href="../719/1458719.xml">toledo blade</link></entry><entry level="1" type="bullet"><weblink ns0:type="simple" ns0:href="http://news.google.com/news/url?sa=t ct=us/0-0 fp=4646822e8320b690 ei=gYJGRvmRJo-soAKC3di-Bw url=http%3A//www.courierpress.com/news/2007/apr/24/sploofuscom-its-the-answer-for-trivia-fans/ cid=0|">answer trivia fan</weblink>rebecca<newspaper wordnetid="106267145" confidence="0.9508927676800064"><link ns0:type="simple" ns0:href="../923/3452923.xml">evansvil courier press</link></newspaper>april</entry><entry level="1" type="bullet"><weblink ns0:type="simple" ns0:href="http://www.southbendtribune.com/apps/pbcs.dll/article?AID=/20060214/News01/602140503/-1/NEWS01/CAT=News01|">trivia knowledg power</weblink>dave<newspaper wordnetid="106267145" confidence="0.9508927676800064"><link ns0:type="simple" ns0:href="../222/4791222.xml">south bend tribun</link></newspaper>februari</entry></list></p></sec><sec><st>extern link</st><p><list><entry level="1" type="bullet"><weblink ns0:type="simple" ns0:href="http://www.sploofus.com">trivia system web site</weblink></entry></list></p></sec></bdy></web_site></machine></device></instrumentality></artifact></computer></article>