<article xmlns:ns0="http://www.w3.org/1999/xlink"><know-how confidence="0.8" wordnetid="105616786"><entity confidence="0.9511911446218017" wordnetid="100001740"><method confidence="0.8" wordnetid="105660268"><header><title>search conform space dock</title><id /><revision><id /><timestamp /><contributor><username>avalon</username><id /></contributor></revision><categories><category>protein structur</category><category>molecular model</category><category>wikipedia articl need context</category><category>wikipedia introduct cleanup</category><category>bioinformat</category><category>biochemistri method</category></categories></header><bdy><table class="metadata plainlinks ambox "><row><col>amboxstyl style</col></row><row><col class="mbox-image"><p><image width="40x40px" src="Ambox_style.png" /></p></col><col style="" class="mbox-text">introduct articl insuffici context unfamiliar subject help<weblink ns0:type="simple" ns0:href="http://localhost:18088/wiki/index.php?title=Searching_the_conformational_space_for_docking action=edit">improv articl</weblink>april</col></row></table><p><link ns0:type="simple" ns0:href="../707/389707.xml">search space</link>consist orient conform<link ns0:type="simple" ns0:href="../634/23634.xml">protein</link>pair<link ns0:type="simple" ns0:href="../589/18589.xml">ligand</link>comput resourc imposs exhaust explor search space involv enumer distort<link ns0:type="simple" ns0:href="../555/19555.xml">molecul</link>molecul dynam exist ensembl conform rotat translat orient ligand rel protein level granular dock program account flexibl ligand attempt model flexibl protein receptor snapshot pair refer pose strategi sampl search space interest includ tend molecular dynam simul method genet algorithm</p><sec><st>molecular dynam simul</st><p>approach protein typic held rigid ligand allow freeli explor conform space gener conform dock success protein simul consist simul anneal protocol perform supplement short energi minim step energi determin run rank score method involv hundr run advantag approach special function develop typic find good pose reason compar experiment structur work focus dock target adapt distanc constrain essenti dynam gener multipl structur dock call approach avoid costli molecular dynam calcul captur essenti motion involv flexibl receptor repres form coarsegrain dynam</p></sec><sec><st>method</st><p>common techniqu dock program shape complementar method focu match receptor ligand effect find optim pose program good exampl approach dock fred glide slide shape complementar method describ molecul interest term finit number descriptor includ structur complementar bind complementar structur complementar geometr descript molecul interest includ solvent access surfac area shape geometr constraint atom protein ligand bind complementar take account featur interact hydrophob contact van der waal interact describ well ligand will bind protein kind descriptor conveni repres form structur templat match potenti compound<link ns0:type="simple" ns0:href="../377/8377.xml">databas</link>usergiven input will bind well activ site protein</p><p>compar molecular dynam approach method effici find optim bind pose protein ligand dock current version improv allow perform virtual screen identifi potenti match target refin slide handl flexibl well flexibl help coarsegrain model support placement ligand conform ensembl structur program provid number enhanc anchor area interest ligand activ site protein allow rest ligand freeli move optim bind pose achiev</p></sec><sec><st>genet algorithm</st><p>dock program belong class gold current version includ<link ns0:type="simple" ns0:href="../244/172244.xml">simul anneal</link>protocol recommend algorithm dock lamarckian genet algorithm genet<link ns0:type="simple" ns0:href="../775/775.xml">algorithm</link>allow explor larg conform space basic span protein ligand jointli case repres spatial arrang protein ligand gene energi entir genom repres complet energi landscap explor simul evolut genom carri crossov techniqu biolog evolut random pair individu conform mate possibl random mutat offspr method proven sampl vast statespac maintain close actual process involv</p><p>genet algorithm success sampl larg conform space dock program allow protein remain fix allow ligand flex adjust activ site protein genet algorithm requir multipl run order reliabl answer ligand bind protein time take typic genet algorithm order allow proper pose longer method effici shape complementar base approach screen larg databas compound improv gridbas evalu energi limit explor conform chang local area activ site interest improv tabl method enhanc perform genet algorithm suitabl virtual screen applic</p></sec></bdy></method></entity></know-how></article>