<article xmlns:ns0="http://www.w3.org/1999/xlink"><bus confidence="0.9508927676800064" wordnetid="102924116"><bus_route confidence="0.9511911446218017" wordnetid="108517554"><header><title>london buse rout</title><id /><revision><id /><timestamp /><contributor><username>mapsman</username><id /></contributor></revision><categories><category>transport barnet</category><category>transport brent</category><category>rout london</category></categories></header><bdy><template><name>infobox london</name><parameters><image width="150px" src="" /><pvr /><via>oak</via><garage><mathematical_relation wordnetid="113783581" confidence="0.8"><company wordnetid="108058098" confidence="0.8"><operator wordnetid="113786413" confidence="0.8"><institution wordnetid="108053576" confidence="0.8"><function wordnetid="113783816" confidence="0.8"><link ns0:type="simple" ns0:href="../318/2193318.xml#xpointer(//*[./st=%22Willesden%22])">willesden</link></function></institution></operator></company></mathematical_relation></garage><vehicle><link ns0:type="simple" ns0:href="../341/1632341.xml">denni dart</link><link ns0:type="simple" ns0:href="../234/19319234.xml">plaxton pointer</link><conveyance wordnetid="103100490" confidence="0.8"><artifact wordnetid="100021939" confidence="0.8"><instrumentality wordnetid="103575240" confidence="0.8"><bus wordnetid="102924116" confidence="0.8"><public_transport wordnetid="104019101" confidence="0.8"><link ns0:type="simple" ns0:href="../751/1709751.xml">volvo btl</link></public_transport></bus></instrumentality></artifact></conveyance><conveyance wordnetid="103100490" confidence="0.8"><artifact wordnetid="100021939" confidence="0.8"><instrumentality wordnetid="103575240" confidence="0.8"><bus wordnetid="102924116" confidence="0.8"><public_transport wordnetid="104019101" confidence="0.8"><link ns0:type="simple" ns0:href="../466/2251466.xml">plaxton presid</link></public_transport></bus></instrumentality></artifact></conveyance></vehicle><number /><frequency>minut</frequency><operator><mathematical_relation wordnetid="113783581" confidence="0.8"><company wordnetid="108058098" confidence="0.8"><operator wordnetid="113786413" confidence="0.8"><institution wordnetid="108053576" confidence="0.8"><function wordnetid="113783816" confidence="0.8"><link ns0:type="simple" ns0:href="../318/2193318.xml">metrolin</link></function></institution></operator></company></mathematical_relation></operator><time>minut</time><level>daili</level><ibus /><start><link ns0:type="simple" ns0:href="../132/94132.xml">kensal rise</link></start><length>mile</length><night>night servic</night><day /><end><station wordnetid="104306080" confidence="0.9508927676800064"><link ns0:type="simple" ns0:href="../628/1709628.xml">mill hill broadway</link></station></end></parameters></template><p>london buse rout<company wordnetid="108058098" confidence="0.9508927676800064"><link ns0:type="simple" ns0:href="../145/31145.xml">transport london</link></company>contract rout<village wordnetid="108672738" confidence="0.9508927676800064"><link ns0:type="simple" ns0:href="../867/17867.xml">london</link></village><autocracy wordnetid="108361001" confidence="0.8"><system wordnetid="108435388" confidence="0.8"><social_group wordnetid="107950920" confidence="0.8"><political_orientation wordnetid="106212839" confidence="0.8"><monarchy wordnetid="108363812" confidence="0.8"><state wordnetid="108168978" confidence="0.8"><political_unit wordnetid="108359949" confidence="0.8"><political_system wordnetid="108367880" confidence="0.8"><economy wordnetid="108366753" confidence="0.8"><group wordnetid="100031264" confidence="0.8"><democracy wordnetid="106217103" confidence="0.8"><link ns0:type="simple" ns0:href="../717/31717.xml">unit kingdom</link></democracy></group></economy></political_system></political_unit></state></monarchy></political_orientation></social_group></system></autocracy>servic current contract<mathematical_relation wordnetid="113783581" confidence="0.8"><company wordnetid="108058098" confidence="0.8"><operator wordnetid="113786413" confidence="0.8"><institution wordnetid="108053576" confidence="0.8"><function wordnetid="113783816" confidence="0.8"><link ns0:type="simple" ns0:href="../318/2193318.xml">metrolin</link></function></institution></operator></company></mathematical_relation></p><sec><st>histori</st><p>rout introduc<link ns0:type="simple" ns0:href="../347/19347.xml">march</link><link ns0:type="simple" ns0:href="../756/34756.xml" />doubledeck rout<conveyance wordnetid="103100490" confidence="0.8"><artifact wordnetid="100021939" confidence="0.8"><instrumentality wordnetid="103575240" confidence="0.8"><bus wordnetid="102924116" confidence="0.8"><public_transport wordnetid="104019101" confidence="0.8"><link ns0:type="simple" ns0:href="../344/1124344.xml">metrobus</link></public_transport></bus></instrumentality></artifact></conveyance>willesden garag replac withdrawn<bus wordnetid="102924116" confidence="0.9508927676800064"><link ns0:type="simple" ns0:href="../053/12253053.xml">rout</link></bus>run mill hill broadway ladbrok grove extend year<link ns0:type="simple" ns0:href="../762/21762.xml">novemb</link>not hill gate</p><p>convert period april februari brand<manufacturer wordnetid="108060446" confidence="0.8"><enterprise wordnetid="108056231" confidence="0.8"><business wordnetid="108061042" confidence="0.8"><link ns0:type="simple" ns0:href="../004/2389004.xml">northern counti</link></business></enterprise></manufacturer>bodi<conveyance wordnetid="103100490" confidence="0.8"><artifact wordnetid="100021939" confidence="0.8"><instrumentality wordnetid="103575240" confidence="0.8"><vehicle wordnetid="104524313" confidence="0.8"><link ns0:type="simple" ns0:href="../821/8607821.xml">denni lanc</link></vehicle></instrumentality></artifact></conveyance>prove unpopular replac metrobus</p><p><link ns0:type="simple" ns0:href="../801/15801.xml">june</link><link ns0:type="simple" ns0:href="../647/34647.xml" />rout withdrawn not hill gate kensal rise convert oper time lowfloor<link ns0:type="simple" ns0:href="../341/1632341.xml">denni dart</link><link ns0:type="simple" ns0:href="../234/19319234.xml">plaxton pointer</link>apart schoolday peak journey london travel metrobus metrolin doubledeck schoolday journey<conveyance wordnetid="103100490" confidence="0.8"><artifact wordnetid="100021939" confidence="0.8"><instrumentality wordnetid="103575240" confidence="0.8"><bus wordnetid="102924116" confidence="0.8"><public_transport wordnetid="104019101" confidence="0.8"><link ns0:type="simple" ns0:href="../751/1709751.xml">volvo btl</link></public_transport></bus></instrumentality></artifact></conveyance><conveyance wordnetid="103100490" confidence="0.8"><artifact wordnetid="100021939" confidence="0.8"><instrumentality wordnetid="103575240" confidence="0.8"><bus wordnetid="102924116" confidence="0.8"><public_transport wordnetid="104019101" confidence="0.8"><link ns0:type="simple" ns0:href="../466/2251466.xml">plaxton presid</link></public_transport></bus></instrumentality></artifact></conveyance>rout quiet day heavi peak load justifi rout convert doubledeck time</p></sec><sec><st>current rout</st><p><table style="background:transparent; width:100%;" cellpadding="0" class=" multicol" cellspacing="0"><row><col align="left" width="50%" valign="top"><ss1><st>rout depart kensal rise station</st><p><list><entry level="1" type="bullet"><station wordnetid="104306080" confidence="0.9508927676800064"><link ns0:type="simple" ns0:href="../431/1709431.xml">kensal rise station</link></station>forecourt</entry><entry level="1" type="bullet">chamberlayn road</entry><entry level="1" type="bullet">sidmouth road</entry><entry level="1" type="bullet">road</entry><entry level="1" type="bullet">brondesburi park</entry><entry level="1" type="bullet"><link ns0:type="simple" ns0:href="../389/94389.xml">willesden green</link>librari</entry><entry level="1" type="bullet"><site wordnetid="108651247" confidence="0.9508927676800064"><link ns0:type="simple" ns0:href="../389/94389.xml">willesden high road</link></site></entry><entry level="1" type="bullet"><mathematical_relation wordnetid="113783581" confidence="0.8"><company wordnetid="108058098" confidence="0.8"><operator wordnetid="113786413" confidence="0.8"><institution wordnetid="108053576" confidence="0.8"><function wordnetid="113783816" confidence="0.8"><link ns0:type="simple" ns0:href="../318/2193318.xml#xpointer(//*[./st=%22Willesden%22])">willesden garag</link></function></institution></operator></company></mathematical_relation></entry><entry level="1" type="bullet">hill lane</entry><entry level="1" type="bullet">neasden</entry><entry level="1" type="bullet">close</entry><entry level="1" type="bullet">neasden lane north</entry><entry level="1" type="bullet">blackbird hill</entry><entry level="1" type="bullet">tudor garden</entry><entry level="1" type="bullet">church lane</entry><entry level="1" type="bullet">kingsburi road</entry><entry level="1" type="bullet">kingsburi green</entry><entry level="1" type="bullet">roe green</entry><entry level="1" type="bullet">stag lane</entry><entry level="1" type="bullet">watl avenu</entry><entry level="1" type="bullet"><artifact wordnetid="100021939" confidence="0.8"><facility wordnetid="103315023" confidence="0.8"><station wordnetid="104306080" confidence="0.8"><link ns0:type="simple" ns0:href="../333/827333.xml">burnt oak station</link></station></facility></artifact></entry><entry level="1" type="bullet">orang hill road</entry><entry level="1" type="bullet">road</entry><entry level="1" type="bullet">avenu</entry><entry level="1" type="bullet">lane</entry><entry level="1" type="bullet">mill hill broadway</entry><entry level="1" type="bullet"><station wordnetid="104306080" confidence="0.9508927676800064"><link ns0:type="simple" ns0:href="../628/1709628.xml">mill hill broadway station</link></station>forecourt</entry></list></p></ss1></col><col align="left" width="" valign="top"><ss1><st>rout depart mill hill broadway</st><p><list><entry level="1" type="bullet"><station wordnetid="104306080" confidence="0.9508927676800064"><link ns0:type="simple" ns0:href="../628/1709628.xml">mill hill broadway station</link></station>forecourt</entry><entry level="1" type="bullet">mill hill broadway</entry><entry level="1" type="bullet">lane</entry><entry level="1" type="bullet">avenu</entry><entry level="1" type="bullet">road</entry><entry level="1" type="bullet">orang hill road</entry><entry level="1" type="bullet"><artifact wordnetid="100021939" confidence="0.8"><facility wordnetid="103315023" confidence="0.8"><station wordnetid="104306080" confidence="0.8"><link ns0:type="simple" ns0:href="../333/827333.xml">burnt oak station</link></station></facility></artifact></entry><entry level="1" type="bullet">watl avenu</entry><entry level="1" type="bullet">stag lane</entry><entry level="1" type="bullet">roe green</entry><entry level="1" type="bullet">kingsburi green</entry><entry level="1" type="bullet">kingsburi road</entry><entry level="1" type="bullet">church lane</entry><entry level="1" type="bullet">tudor garden</entry><entry level="1" type="bullet">blackbird hill</entry><entry level="1" type="bullet">neasden lane north</entry><entry level="1" type="bullet">close</entry><entry level="1" type="bullet">neasden lane</entry><entry level="1" type="bullet">neasden shop centr</entry><entry level="1" type="bullet" /><entry level="1" type="bullet">hill lane</entry><entry level="1" type="bullet"><mathematical_relation wordnetid="113783581" confidence="0.8"><company wordnetid="108058098" confidence="0.8"><operator wordnetid="113786413" confidence="0.8"><institution wordnetid="108053576" confidence="0.8"><function wordnetid="113783816" confidence="0.8"><link ns0:type="simple" ns0:href="../318/2193318.xml#xpointer(//*[./st=%22Willesden%22])">willesden garag</link></function></institution></operator></company></mathematical_relation></entry><entry level="1" type="bullet"><site wordnetid="108651247" confidence="0.9508927676800064"><link ns0:type="simple" ns0:href="../389/94389.xml">willesden high road</link></site></entry><entry level="1" type="bullet"><link ns0:type="simple" ns0:href="../389/94389.xml">willesden green</link>librari</entry><entry level="1" type="bullet">brondesburi park</entry><entry level="1" type="bullet">road</entry><entry level="1" type="bullet">sidmouth road</entry><entry level="1" type="bullet">chamberlayn road</entry><entry level="1" type="bullet"><station wordnetid="104306080" confidence="0.9508927676800064"><link ns0:type="simple" ns0:href="../431/1709431.xml">kensal rise station</link></station>forecourt</entry></list></p></ss1></col></row></table></p></sec><sec><st /><p><list><entry level="1" type="bullet"><link ns0:type="simple" ns0:href="../207/5179207.xml">list rout london</link></entry><entry level="1" type="bullet"><mathematical_relation wordnetid="113783581" confidence="0.8"><company wordnetid="108058098" confidence="0.8"><operator wordnetid="113786413" confidence="0.8"><institution wordnetid="108053576" confidence="0.8"><function wordnetid="113783816" confidence="0.8"><link ns0:type="simple" ns0:href="../318/2193318.xml">metrolin</link></function></institution></operator></company></mathematical_relation></entry></list></p></sec><sec><st>extern link</st><p><list><entry level="1" type="bullet"><weblink ns0:type="simple" ns0:href="http://www.tfl.gov.uk">transport london</weblink></entry><entry level="1" type="bullet"><weblink ns0:type="simple" ns0:href="http://www.busesatwork.co.uk">london rout</weblink></entry><entry level="1" type="bullet"><weblink ns0:type="simple" ns0:href="http://www.busmap.org/tt4/302.pdf">full timet pdf</weblink></entry></list></p><p><table style="margin: 0 auto; border-collapse: collapse;" cellpadding="3" class="toccolours" border="1" cellspacing="0"><row><header align="center" bgcolor="#efefef"><link ns0:type="simple" ns0:href="../207/5179207.xml">list rout london</link></header></row><row><col style="font-size: 90%;" align="center"><link ns0:type="simple" ns0:href="../207/5179207.xml#xpointer(//*[./st=%221-99%22])" /><link ns0:type="simple" ns0:href="../207/5179207.xml#xpointer(//*[./st=%22100-199%22])" /><link ns0:type="simple" ns0:href="../207/5179207.xml#xpointer(//*[./st=%22200-299%22])" /><link ns0:type="simple" ns0:href="../207/5179207.xml#xpointer(//*[./st=%22300-399%22])" /><link ns0:type="simple" ns0:href="../207/5179207.xml#xpointer(//*[./st=%22400-499%22])" /><link ns0:type="simple" ns0:href="../207/5179207.xml#xpointer(//*[./st=%22500-599%22])" /><link ns0:type="simple" ns0:href="../207/5179207.xml#xpointer(//*[./st=%22600-699%22])" /><link ns0:type="simple" ns0:href="../207/5179207.xml#xpointer(//*[./st=%22Letter+prefixed%22])">letter prefix</link><link ns0:type="simple" ns0:href="../207/5179207.xml#xpointer(//*[./st=%22Routes+which+only+run+at+night+(N+prefixed)%22])">night</link></col></row></table></p></sec></bdy></bus_route></bus></article>