<article xmlns:ns0="http://www.w3.org/1999/xlink"><company confidence="0.9508927676800064" wordnetid="108058098"><header><title>dunde wealth manag</title><id /><revision><id /><timestamp /><contributor><username>botijo</username><id /></contributor></revision><categories><category>compani list toronto stock exchang</category></categories></header><bdy><template><name /><parameters><location>toronto ontario canada</location><company_name>dunde wealth manag</company_name><company_type>public compani<exchange wordnetid="111409538" confidence="0.9508927676800064"><link ns0:type="simple" ns0:href="../584/205584.xml">tsx</link></exchange><weblink ns0:type="simple" ns0:href="http://cxa.marketwatch.com/TSX/en/Market/quote.aspx?symbDW" />parent dunde corpor<exchange wordnetid="111409538" confidence="0.9508927676800064"><link ns0:type="simple" ns0:href="../584/205584.xml">tsx</link></exchange><weblink ns0:type="simple" ns0:href="http://cxa.marketwatch.com/TSX/en/Market/quote.aspx?symbDC" /></company_type><foundation>parent dunde corp found</foundation><industry>financi servic</industry><homepage /><num_employees>advisor</num_employees><revenue>cdn fiscal asset cdn billion april</revenue><key_people>ned goodman founder</key_people></parameters></template>dunde wealth manag toronto canada base financi servic firm parent compani dunde wealth manag dunde corpor<p>dunde wealth manag oper number whollyown subsidiari section dunde place storey build adelaid street east downtown toronto financi district dunde wealth manag head offic</p><sec><st>origin compani</st><p>dunde wealth manag parent dunde corpor acknowledg compani literatur name town dunde scotland<link ns0:type="simple" ns0:href="../397/28397.xml">scottish gaelic</link>fort river tay scottish gaelic tay longest river scotland compani literatur explain origin compani unclear compani name citi dunde</p></sec><sec><st>parent compani</st><p>dunde wealth manag own subsidiari dunde corpor oper three major busi</p><p><list><entry level="1" type="bullet">dunde resourc</entry><entry level="1" type="bullet">dunde wealth manag</entry><entry level="1" type="bullet">dunde realti</entry></list></p></sec><sec><st>dunde wealth manag busi</st><p><image location="right" width="600px" src="Dundee_org.JPG" /></p><p>dunde wealth manag oper subsidiari group major type busi</p><p><list><entry level="1" type="bullet">brokerag</entry><entry level="2" type="bullet">dunde secur</entry><entry level="2" type="bullet">dunde privat investor</entry><entry level="2" type="bullet">dunde insur agenc</entry><entry level="2" type="bullet">dunde mortgag servic</entry></list></p><p><list><entry level="1" type="bullet">invest manag</entry><entry level="2" type="bullet">goodman compani invest counsel</entry><entry level="2" type="bullet">dynam fund</entry><entry level="2" type="bullet">goodman privat wealth</entry></list></p><p><list><entry level="1" type="bullet">bank</entry><entry level="2" type="bullet">dunde bank canada</entry></list></p></sec><sec><st>brokerag</st><p>dunde brokerag busi dunde secur dunde privat investor dunde insur agenc dunde mortgag</p><p>oper includ full servic invest dealer engag wealth manag financi advisori servic retail brokerag institut sale trade equiti invest bank financi plan mutual fund dealership full servic manag gener agenc insur mortgag servic</p><p>dunde secur financi advisor deal public</p><p>dunde secur oper sale trade floor tsx group member particip organ tsx group market maker april</p></sec><sec><st>invest manag</st><p>dunde invest manag busi goodman compani invest counsel dynam fund divis commonli busi dunde invest manag busi</p><p>dynam fund mutual fund compani compet like fidel aim aic fund<link ns0:type="simple" ns0:href="../156/9262156.xml">mutual fund compani canada</link></p></sec><sec><st>dunde bank canada</st><p>dunde bank canada schedul canadian charter bank septemb scotiabank canada lead financi institut purchas dunde bank purchas interest parent compani consid move scotiabank carri full fledg taker time</p><p>canada big bank royal bank canada scotiabank cibc canada trust bank montreal major canadian charter bank classifi schedul</p></sec><sec><st>sourc</st><p /><p /><p /><p /><p /></sec></bdy></company></article>