<article xmlns:ns0="http://www.w3.org/1999/xlink"><actor confidence="0.9508927676800064" wordnetid="109765278"><header><title>todd carti</title><id /><revision><id /><timestamp /><contributor><username>jeremi</username><id /></contributor></revision><categories><category>birth</category><category>irish stage actor</category><category>irish film actor</category><category>live peopl</category><category>peopl kilburn</category><category>irish televis actor</category><category>irish soap opera actor</category></categories></header><bdy><template><name>infobox actor</name><parameters><image width="150px" src="Replace_this_image_male.svg"><caption>replac imag malesvg</caption></image><location><link ns0:type="simple" ns0:href="../885/56885.xml">limerick citi</link><site wordnetid="108651247" confidence="0.9508927676800064"><link ns0:type="simple" ns0:href="../864/56864.xml">munster</link></site><country wordnetid="108544813" confidence="0.9508927676800064"><link ns0:type="simple" ns0:href="../560/14560.xml">ireland</link></country></location><name>todd carti</name><birthdate>august age</birthdate><imagesize /><notable_role>tucker jenkin<series wordnetid="108457976" confidence="0.9508927676800064"><link ns0:type="simple" ns0:href="../502/236502.xml">grang hill</link></series><series wordnetid="108457976" confidence="0.9508927676800064"><link ns0:type="simple" ns0:href="../922/2730922.xml">tucker luck</link></series><fictional_character wordnetid="109587565" confidence="0.8"><imaginary_being wordnetid="109483738" confidence="0.8"><link ns0:type="simple" ns0:href="../654/1963654.xml">mark fowler</link></imaginary_being></fictional_character><series wordnetid="108457976" confidence="0.9508927676800064"><link ns0:type="simple" ns0:href="../995/9995.xml">eastend</link></series><policeman wordnetid="110448983" confidence="0.9173553029164789"><link ns0:type="simple" ns0:href="../417/1247417.xml">gabriel kent</link></policeman><series wordnetid="108457976" confidence="0.9508927676800064"><link ns0:type="simple" ns0:href="../016/12319016.xml">bill</link></series></notable_role></parameters></template>todd carti born<link ns0:type="simple" ns0:href="../711/1711.xml">august</link><link ns0:type="simple" ns0:href="../648/34648.xml" /><link ns0:type="simple" ns0:href="../885/56885.xml">limerick citi</link><site wordnetid="108651247" confidence="0.9508927676800064"><link ns0:type="simple" ns0:href="../864/56864.xml">munster</link></site><country wordnetid="108544813" confidence="0.9508927676800064"><link ns0:type="simple" ns0:href="../560/14560.xml">ireland</link></country><ref ns0:type="simple" ns0:href="#xpointer(//reflist/entry[@id=%221%22])" /><link ns0:type="simple" ns0:href="../927/1048927.xml">british</link>base actor director grown televis screen varieti role stage work vari pantomim seriou drama well radio play voic over commerci narrat<p>best role peter<link ns0:type="simple" ns0:href="../668/1505668.xml">tucker</link>jenkin<series wordnetid="108457976" confidence="0.9508927676800064"><link ns0:type="simple" ns0:href="../502/236502.xml">grang hill</link></series>market trader<fictional_character wordnetid="109587565" confidence="0.8"><imaginary_being wordnetid="109483738" confidence="0.8"><link ns0:type="simple" ns0:href="../654/1963654.xml">mark fowler</link></imaginary_being></fictional_character><series wordnetid="108457976" confidence="0.9508927676800064"><link ns0:type="simple" ns0:href="../995/9995.xml">eastend</link></series>villain policeman<policeman wordnetid="110448983" confidence="0.9173553029164789"><link ns0:type="simple" ns0:href="../417/1247417.xml">gabriel kent</link></policeman><series wordnetid="108457976" confidence="0.9508927676800064"><link ns0:type="simple" ns0:href="../016/12319016.xml">bill</link></series></p><sec><st>person life</st><p>born<link ns0:type="simple" ns0:href="../885/56885.xml">limerick citi</link><site wordnetid="108651247" confidence="0.9508927676800064"><link ns0:type="simple" ns0:href="../864/56864.xml">munster</link></site><country wordnetid="108544813" confidence="0.9508927676800064"><link ns0:type="simple" ns0:href="../560/14560.xml">ireland</link></country>famili emigr<country wordnetid="108544813" confidence="0.9508927676800064"><link ns0:type="simple" ns0:href="../316/9316.xml">england</link></country>carti spent earli year<site wordnetid="108651247" confidence="0.9508927676800064"><link ns0:type="simple" ns0:href="../149/94149.xml">kilburn</link></site><region wordnetid="108630985" confidence="0.8"><location wordnetid="100027167" confidence="0.8"><district wordnetid="108552138" confidence="0.8"><link ns0:type="simple" ns0:href="../308/380308.xml">north london</link></district></location></region>move<site wordnetid="108651247" confidence="0.9508927676800064"><link ns0:type="simple" ns0:href="../233/452233.xml">harrow</link></site>london year<ref ns0:type="simple" ns0:href="#xpointer(//reflist/entry[@id=%222%22])" />carti live<site wordnetid="108651247" confidence="0.9508927676800064"><link ns0:type="simple" ns0:href="../184/94184.xml">muswel hill</link></site>north london<ref ns0:type="simple" ns0:href="#xpointer(//reflist/entry[@id=%223%22])" />relationship<link ns0:type="simple" ns0:href="../669/34669.xml" />childhood sweetheart busi partner film produc dina clarkin daughter irish actor<actor wordnetid="109765278" confidence="0.9508927676800064"><link ns0:type="simple" ns0:href="../868/13953868.xml">toni clarkin</link></actor>coupl son jame thoma interview<newspaper wordnetid="106267145" confidence="0.9508927676800064"><link ns0:type="simple" ns0:href="../688/235688.xml">daili mirror</link></newspaper>carti explain met clarkin yearold child actress yearold parent carti describ dina soul mate<ref ns0:type="simple" ns0:href="#xpointer(//reflist/entry[@id=%224%22])" /></p><p><link ns0:type="simple" ns0:href="../417/46417.xml">west ham unit</link>support west ham team appear guest<link ns0:type="simple" ns0:href="../377/426377.xml">life</link>tribut todd carti year todd fortun<team wordnetid="108208560" confidence="0.9508927676800064"><link ns0:type="simple" ns0:href="../510/578510.xml">republ ireland</link></team><team wordnetid="108208560" confidence="0.9508927676800064"><link ns0:type="simple" ns0:href="../500/955500.xml">ireland rugbi team</link></team><association wordnetid="108049401" confidence="0.8"><club wordnetid="108227214" confidence="0.8"><team wordnetid="108208560" confidence="0.8"><link ns0:type="simple" ns0:href="../954/985954.xml">munster rugbi</link></team></club></association>team</p><p>report<channel wordnetid="106259898" confidence="0.9508927676800064"><link ns0:type="simple" ns0:href="../613/37613.xml">bbc news</link></channel><link ns0:type="simple" ns0:href="../362/11362.xml">februari</link><link ns0:type="simple" ns0:href="../825/35825.xml" />todd carti collaps stage perform busi murder gordon craig theatr stevenag<ref ns0:type="simple" ns0:href="#xpointer(//reflist/entry[@id=%225%22])" />newspap claim carti suffer heart attack agent deni<statement wordnetid="106722453" confidence="0.8"><message wordnetid="106598915" confidence="0.8"><announcement wordnetid="106746580" confidence="0.8"><program wordnetid="106748466" confidence="0.8"><link ns0:type="simple" ns0:href="../893/1139893.xml">bbc news</link></program></announcement></message></statement>claim collaps caus middl ear infect actor medic<ref ns0:type="simple" ns0:href="#xpointer(//reflist/entry[@id=%226%22])" />carti confirm interview itv<series wordnetid="108457976" confidence="0.9508927676800064"><link ns0:type="simple" ns0:href="../593/1943593.xml">loos women</link></series>shortli event</p></sec><sec><st>career</st><ss1><st>earli career</st><p>televis appear advertis<link ns0:type="simple" ns0:href="../637/1063637.xml">woolworth</link>age advertis role includ<series wordnetid="108457976" confidence="0.9508927676800064"><link ns0:type="simple" ns0:href="../209/8209.xml">doctor</link></series>actor<person wordnetid="100007846" confidence="0.9508927676800064"><actor wordnetid="109765278" confidence="0.9508927676800064"><link ns0:type="simple" ns0:href="../601/51601.xml">jon pertwe</link></actor></person><product wordnetid="104007894" confidence="0.8"><creation wordnetid="103129123" confidence="0.8"><artifact wordnetid="100021939" confidence="0.8"><event wordnetid="100029378" confidence="0.8"><written_communication wordnetid="106349220" confidence="0.8"><social_event wordnetid="107288639" confidence="0.8"><movie wordnetid="106613686" confidence="0.8"><show wordnetid="106619065" confidence="0.8"><code wordnetid="106667317" confidence="0.8"><psychological_feature wordnetid="100023100" confidence="0.8"><link ns0:type="simple" ns0:href="../780/1701780.xml">green cross code</link></psychological_feature></code></show></movie></social_event></written_communication></event></artifact></creation></product></p><p>stage appear london theatr druri lane young lionel<composer wordnetid="109947232" confidence="0.9173553029164789"><person wordnetid="100007846" confidence="0.9508927676800064"><actor wordnetid="109765278" confidence="0.9508927676800064"><link ns0:type="simple" ns0:href="../463/163463.xml">lionel bart</link></actor></person></composer>autobiograph music<link ns0:type="simple" ns0:href="../811/283811.xml">lionel</link>televis career youth defin role tucker jenkin<skilled_worker wordnetid="110605985" confidence="0.8"><physical_entity wordnetid="100001930" confidence="0.8"><person wordnetid="100007846" confidence="0.8"><maker wordnetid="110284064" confidence="0.8"><serviceman wordnetid="110582746" confidence="0.8"><adult wordnetid="109605289" confidence="0.8"><professional wordnetid="110480253" confidence="0.8"><commanding_officer wordnetid="109941964" confidence="0.8"><educator wordnetid="110045713" confidence="0.8"><creator wordnetid="109614315" confidence="0.8"><military_officer wordnetid="110317007" confidence="0.8"><communicator wordnetid="109610660" confidence="0.8"><manufacturer wordnetid="110292316" confidence="0.8"><worker wordnetid="109632518" confidence="0.8"><academician wordnetid="109759069" confidence="0.8"><causal_agent wordnetid="100007347" confidence="0.8"><writer wordnetid="110794014" confidence="0.8"><link ns0:type="simple" ns0:href="../698/2782698.xml">phil redmond</link></writer></causal_agent></academician></worker></manufacturer></communicator></military_officer></creator></educator></commanding_officer></professional></adult></serviceman></maker></person></physical_entity></skilled_worker>popular<network wordnetid="108434259" confidence="0.9508927676800064"><link ns0:type="simple" ns0:href="../654/19344654.xml">bbc</link></network>drama<link ns0:type="simple" ns0:href="../502/236502.xml">grang hill</link>subsequ spin seri<series wordnetid="108457976" confidence="0.9508927676800064"><link ns0:type="simple" ns0:href="../922/2730922.xml">tucker luck</link></series></p><p>carti appear<link ns0:type="simple" ns0:href="../087/865087.xml">car</link><literary_composition wordnetid="106364329" confidence="0.8"><written_communication wordnetid="106349220" confidence="0.8"><writing wordnetid="106362953" confidence="0.8"><fiction wordnetid="106367107" confidence="0.8"><novel wordnetid="106367879" confidence="0.8"><link ns0:type="simple" ns0:href="../282/664282.xml">mutual friend</link></novel></fiction></writing></written_communication></literary_composition>drummer headmast bbc german focu britain idl bunch film work time includ professor popper problem<situation_comedy wordnetid="107017733" confidence="0.8"><comedy wordnetid="107015510" confidence="0.8"><writing_style wordnetid="107092158" confidence="0.8"><drama wordnetid="106376154" confidence="0.8"><expressive_style wordnetid="107066659" confidence="0.8"><link ns0:type="simple" ns0:href="../247/4250247.xml">sir</link></expressive_style></drama></writing_style></comedy></situation_comedy>land role fantasi film<movie wordnetid="106613686" confidence="0.9508927676800064"><link ns0:type="simple" ns0:href="../896/4622896.xml" /></movie>opposit ken marshal anthoni liam neeson armstrong</p></ss1><ss1><st>eastend</st><p>carti role origin charact<fictional_character wordnetid="109587565" confidence="0.8"><imaginary_being wordnetid="109483738" confidence="0.8"><link ns0:type="simple" ns0:href="../654/1963654.xml">mark fowler</link></imaginary_being></fictional_character>bbc<series wordnetid="108457976" confidence="0.9508927676800064"><link ns0:type="simple" ns0:href="../995/9995.xml">eastend</link></series>death origin actor<physical_entity wordnetid="100001930" confidence="0.8"><person wordnetid="100007846" confidence="0.8"><performer wordnetid="110415638" confidence="0.8"><causal_agent wordnetid="100007347" confidence="0.8"><actor wordnetid="109765278" confidence="0.8"><entertainer wordnetid="109616922" confidence="0.8"><link ns0:type="simple" ns0:href="../000/2636000.xml">david</link></entertainer></actor></causal_agent></performer></person></physical_entity>carti charact notabl mainstream soap protagonist diagnos hivposit carti play role year longestrun male juli bbc announc mark fowler written serial mutual decis produc carti execut produc<physical_entity wordnetid="100001930" confidence="0.8"><person wordnetid="100007846" confidence="0.8"><manufacturer wordnetid="110292316" confidence="0.8"><maker wordnetid="110284064" confidence="0.8"><causal_agent wordnetid="100007347" confidence="0.8"><creator wordnetid="109614315" confidence="0.8"><link ns0:type="simple" ns0:href="../383/2500383.xml">louis</link></creator></causal_agent></maker></manufacturer></person></physical_entity>carti fantast contribut soap mark pivot figur charact final cours todd discuss length agre time mark hang leather jacket time will todd actor success futur<ref ns0:type="simple" ns0:href="#xpointer(//reflist/entry[@id=%227%22])" />carti final appear mark februari charact subsequ kill offscreen die ill carti reveal broke eastend contract year earlier plan role mark offscreen death<ref ns0:type="simple" ns0:href="#xpointer(//reflist/entry[@id=%228%22])" /></p></ss1><ss1><st>televis film appear</st><p>whilst eastend carti appear friend eastend costar<actor wordnetid="109765278" confidence="0.9508927676800064"><link ns0:type="simple" ns0:href="../330/1465330.xml">nick berri</link></actor><link ns0:type="simple" ns0:href="../798/32798.xml">victorian</link>period adventur film black velvet band<link ns0:type="simple" ns0:href="../177/29177.xml">spaghetti western</link>style drama carti subject<diversion wordnetid="100426928" confidence="0.8"><event wordnetid="100029378" confidence="0.8"><show wordnetid="100520257" confidence="0.8"><act wordnetid="100030358" confidence="0.8"><psychological_feature wordnetid="100023100" confidence="0.8"><entertainment wordnetid="100429048" confidence="0.8"><activity wordnetid="100407535" confidence="0.8"><link ns0:type="simple" ns0:href="../377/426377.xml">life</link></activity></entertainment></psychological_feature></act></show></event></diversion>tribut guest includ<person wordnetid="100007846" confidence="0.9508927676800064"><actor wordnetid="109765278" confidence="0.9508927676800064"><link ns0:type="simple" ns0:href="../890/613890.xml">wendi richard</link></actor></person><comedian wordnetid="109940146" confidence="0.9173553029164789"><person wordnetid="100007846" confidence="0.9508927676800064"><singer wordnetid="110599806" confidence="0.9173553029164789"><actor wordnetid="109765278" confidence="0.9173553029164789"><link ns0:type="simple" ns0:href="../532/151532.xml">norman wisdom</link></actor></singer></person></comedian><actor wordnetid="109765278" confidence="0.9508927676800064"><link ns0:type="simple" ns0:href="../330/1465330.xml">nick berri</link></actor>partner dina clarkin son jame thoma fatherinlaw actor<actor wordnetid="109765278" confidence="0.9508927676800064"><link ns0:type="simple" ns0:href="../868/13953868.xml">toni clarkin</link></actor></p><p>leav eastend carti play bent copper<link ns0:type="simple" ns0:href="../928/153928.xml" /><policeman wordnetid="110448983" confidence="0.9173553029164789"><link ns0:type="simple" ns0:href="../417/1247417.xml">gabriel kent</link></policeman><channel wordnetid="106259898" confidence="0.9508927676800064"><link ns0:type="simple" ns0:href="../089/58089.xml">itv</link></channel><series wordnetid="108457976" confidence="0.9508927676800064"><link ns0:type="simple" ns0:href="../016/12319016.xml">bill</link></series>leav bill return big screen aristocrat harvey van movi treasur carti act school roar eccentr haig second unit director</p><p>gueststar ray hallam christma special seri<series wordnetid="108457976" confidence="0.9508927676800064"><link ns0:type="simple" ns0:href="../125/868125.xml">heartbeat</link></series>bbc<series wordnetid="108457976" confidence="0.9508927676800064"><link ns0:type="simple" ns0:href="../298/1460298.xml">holbi citi</link></series>villain cameron cook gueststar bbc<link ns0:type="simple" ns0:href="../307/146307.xml">doctor</link>play blake</p><p>carti repris role tucker jenkin grang hill uncl pupil patrick johnson<ref ns0:type="simple" ns0:href="#xpointer(//reflist/entry[@id=%229%22])" />appear episod brought film grang hill seri broadcast oneoff special episod celebr birthday longrun bbc movi grang hill will star todd carti announc earli stage develop<ref ns0:type="simple" ns0:href="#xpointer(//reflist/entry[@id=%2210%22])" /></p><p>carti guest bbc<series wordnetid="108457976" confidence="0.9508927676800064"><link ns0:type="simple" ns0:href="../756/14830756.xml" /></series><link ns0:type="simple" ns0:href="../183/263183.xml">cameron mackintosh</link>help choos select boy play<literary_composition wordnetid="106364329" confidence="0.8"><written_communication wordnetid="106349220" confidence="0.8"><writing wordnetid="106362953" confidence="0.8"><fiction wordnetid="106367107" confidence="0.8"><novel wordnetid="106367879" confidence="0.8"><link ns0:type="simple" ns0:href="../301/161301.xml">oliv twist</link></novel></fiction></writing></written_communication></literary_composition>west product<musical wordnetid="107019172" confidence="0.9508927676800064"><link ns0:type="simple" ns0:href="../017/99017.xml">oliv</link></musical></p></ss1><ss1><st>radio present stage</st><p>carti radio work includ drama<link>misrabl</link>three love ida bliss happi wavelength london particular chocol frigat narrat work includ<link ns0:type="simple" ns0:href="../095/2323095.xml">paddington green</link>stori york subway guardian york fame game drive mum crazi kidd jungl creatur</p><p>carti play ali baba bbc christma pantomim<fictional_character wordnetid="109587565" confidence="0.8"><imaginary_being wordnetid="109483738" confidence="0.8"><link ns0:type="simple" ns0:href="../604/166604.xml">aladdin</link></imaginary_being></fictional_character>star<person wordnetid="100007846" confidence="0.9508927676800064"><actor wordnetid="109765278" confidence="0.9508927676800064"><link ns0:type="simple" ns0:href="../991/158991.xml">barbara windsor</link></actor></person>captain mate<link>dick whittington</link>orchard theatr dartford appear king rat<event wordnetid="100029378" confidence="0.8"><broadcast wordnetid="106619428" confidence="0.8"><social_event wordnetid="107288639" confidence="0.8"><television_program wordnetid="106620579" confidence="0.8"><show wordnetid="106619065" confidence="0.8"><psychological_feature wordnetid="100023100" confidence="0.8"><link ns0:type="simple" ns0:href="../386/323386.xml">basil brush</link></psychological_feature></show></television_program></social_event></broadcast></event>pantomim<link>dick whittington</link>wycomb swan theatr<ref ns0:type="simple" ns0:href="#xpointer(//reflist/entry[@id=%2211%22])" />repris role king rat version dick whittington capit theatr<site wordnetid="108651247" confidence="0.9508927676800064"><link ns0:type="simple" ns0:href="../050/7386050.xml">horsham</link></site><link ns0:type="simple" ns0:href="../852/8852.xml">decemb</link><link ns0:type="simple" ns0:href="../165/36165.xml" /><link ns0:type="simple" ns0:href="../986/15986.xml">januari</link><link ns0:type="simple" ns0:href="../825/35825.xml" /></p><p>carti repris role tucker music stage version seri grang hill grang hill tucker return queen theatr hornchurch tour<person wordnetid="100007846" confidence="0.9508927676800064"><actor wordnetid="109765278" confidence="0.9508927676800064"><link ns0:type="simple" ns0:href="../483/138483.xml">richard harri</link></actor></person>stage play busi murder polic detect</p><p>todd carti<person wordnetid="100007846" confidence="0.9508927676800064"><actor wordnetid="109765278" confidence="0.9508927676800064"><link ns0:type="simple" ns0:href="../890/613890.xml">wendi richard</link></actor></person>famous play screen mother<twin wordnetid="110734394" confidence="0.8"><physical_entity wordnetid="100001930" confidence="0.8"><person wordnetid="100007846" confidence="0.8"><sibling wordnetid="110595164" confidence="0.8"><fictional_character wordnetid="109587565" confidence="0.8"><imaginary_being wordnetid="109483738" confidence="0.8"><causal_agent wordnetid="100007347" confidence="0.8"><relative wordnetid="110235549" confidence="0.8"><link ns0:type="simple" ns0:href="../680/1963680.xml">paulin</link></relative></causal_agent></imaginary_being></fictional_character></sibling></person></physical_entity></twin>eastend present greatest famili<channel wordnetid="106259898" confidence="0.9508927676800064"><link ns0:type="simple" ns0:href="../026/392026.xml">sky</link></channel>march</p><p>todd carti interview<statement wordnetid="106722453" confidence="0.8"><message wordnetid="106598915" confidence="0.8"><announcement wordnetid="106746580" confidence="0.8"><program wordnetid="106748466" confidence="0.8"><link ns0:type="simple" ns0:href="../893/1139893.xml">bbc news</link></program></announcement></message></statement>radio well newspap talk gueststar appear legendari<link ns0:type="simple" ns0:href="../668/1505668.xml">tucker</link>televis episod<series wordnetid="108457976" confidence="0.9508927676800064"><link ns0:type="simple" ns0:href="../502/236502.xml">grang hill</link></series>screen monday septemb<link ns0:type="simple" ns0:href="../157/212157.xml">bbc</link></p><p>todd will eldest son yearold jame carti factual televis seri<link ns0:type="simple" ns0:href="../890/175890.xml">channel</link>danger adventur boy base book written<writer wordnetid="110794014" confidence="0.9173553029164789"><link ns0:type="simple" ns0:href="../710/1528710.xml">conn</link></writer>hal<book wordnetid="106410904" confidence="0.9508927676800064"><link ns0:type="simple" ns0:href="../297/8706297.xml">danger book boy</link></book></p></ss1><ss1><st>direct produc</st><p>carti partner film produc dina clarkin set film product compani swordfish product<ref ns0:type="simple" ns0:href="#xpointer(//reflist/entry[@id=%2212%22])" />juli carti directori debut director episod bbc daytim soap opera<link ns0:type="simple" ns0:href="../307/146307.xml">doctor</link></p></ss1></sec><sec><st>refer</st><p><reflist><entry id="1"><weblink ns0:type="simple" ns0:href="http://www.highbeam.com/doc/1G1-97359622.html">celeb todd carti</weblink></entry><entry id="2"><weblink ns0:type="simple" ns0:href="http://www.irishabroad.com/news/irishpost/news/IrishIdentityImportant211107.ASP">irish ident todd</weblink></entry><entry id="3"><weblink ns0:type="simple" ns0:href="http://www.thisislondon.co.uk/home/article-911247-details/Mackenzie+takes+the+Highbury+road/article.do">mackenzi take highburi road</weblink></entry><entry id="4"><weblink ns0:type="simple" ns0:href="http://www.mirror.co.uk/news/tm_objectid=16233726 method=full siteid=94762 headline=todd-carty--day-2--dina-was-five-when-we-met--we-re-soul-mates--name_page.html">todd carti day dina soul mate</weblink></entry><entry id="5"><weblink ns0:type="simple" ns0:href="http://news.bbc.co.uk/1/hi/entertainment/7249040.stm">actor carti collaps play</weblink></entry><entry id="6"><weblink ns0:type="simple" ns0:href="http://news.bbc.co.uk/1/hi/entertainment/7250585.stm">actor carti rest collaps</weblink></entry><entry id="7"><weblink ns0:type="simple" ns0:href="http://news.bbc.co.uk/1/hi/entertainment/tv_and_radio/2091882.stm">eastend mark axe squar</weblink></entry><entry id="8"><weblink ns0:type="simple" ns0:href="http://www.mirror.co.uk/news/tm_objectid=16233726 method=full siteid=94762 headline=todd-carty--day-2--dina-was-five-when-we-met--we-re-soul-mates--name_page.html">dina soul mate</weblink></entry><entry id="9"><weblink ns0:type="simple" ns0:href="http://news.bbc.co.uk/1/hi/entertainment/tv_and_radio/2144505.stm">tucker grang hill</weblink></entry><entry id="10"><weblink ns0:type="simple" ns0:href="http://www.timeout.com/film/news/883/">grang hill movi</weblink></entry><entry id="11"><weblink ns0:type="simple" ns0:href="http://www.bbc.co.uk/threecounties/content/articles/2005/11/16/todd_carty_interview_feature.shtml">king rat</weblink></entry><entry id="12"><weblink ns0:type="simple" ns0:href="http://www.mirror.co.uk/showbiz/2007/12/03/todd-s-back-as-tucker-89520-20194758/">grang hill todd carti return kid tucker jenkin</weblink></entry></reflist></p></sec><sec><st>extern link</st><p><list><entry level="1" type="bullet"><weblink ns0:type="simple" ns0:href="http://www.imdb.com/name/nm0142227/">todd carti</weblink><web_site wordnetid="106359193" confidence="0.9508927676800064"><link ns0:type="simple" ns0:href="../554/2855554.xml">internet movi databas</link></web_site></entry></list></p></sec></bdy></actor></article>