<article xmlns:ns0="http://www.w3.org/1999/xlink"><header><title>busi ecosystem</title><id /><revision><id /><timestamp /><contributor><username>smackbot</username><id /></contributor></revision><categories><category /><category>busi term</category><category>system ecolog</category><category>articl invalid paramet templat</category><category>need wikifi</category><category>wikifi august</category><category>network</category><category>busi econom</category></categories></header><bdy><table class="metadata plainlinks ambox "><row><col>amboxstyl style</col></row><row><col class="mbox-image"><p><image width="50px" src="Wikitext.svg" /></p></col><col style="" class="mbox-text">articl help<weblink ns0:type="simple" ns0:href="http://localhost:18088/wiki/index.php?title=Business_ecosystem action=edit">improv articl</weblink>august</col></row></table><p>busi ecosystem strateg plan concept origin<physical_entity wordnetid="100001930" confidence="0.8"><peer wordnetid="109626238" confidence="0.8"><person wordnetid="100007846" confidence="0.8"><colleague wordnetid="109935990" confidence="0.8"><causal_agent wordnetid="100007347" confidence="0.8"><associate wordnetid="109816771" confidence="0.8"><link ns0:type="simple" ns0:href="../864/1886864.xml">jame moor</link></associate></causal_agent></colleague></person></peer></physical_entity>high tech commun start earli basic definit moor book death competit leadership strategi age busi ecosystem</p><sec><st>busi ecosystem</st><p>concept introduc moor<magazine wordnetid="106595351" confidence="0.9508927676800064"><link ns0:type="simple" ns0:href="../696/1822696.xml">harvard busi review</link></magazine>mayjun won<link>mckinsey award</link>articl year moor wrote econom commun support foundat interact organ organ busi econom commun produc good servic custom member ecosystem member organ includ supplier lead produc competitor stakehold time coevolv capabl role tend align direct set central compani compani hold leadership role chang time function ecosystem leader valu commun enabl member move share vision align invest find mutual support role</p><p>ecosystem concept cisco system compani leverag partner busi function develop core patent product busi strategi partner sale market manufactur technic support instal cisco live motto best leav rest technolog bubbl crash compani grew largest valu admir compani scalabl busi model allow rapidli adapt expand oper partner base custom demand slow risk base invest local global busi model respect busi model commun industri competitor crash vertic model lucent nortel cisco step market custom</p><p>roy founder innov emea servic ecosystem creat except manag team thinktank approach attract largest tradit compet technolog servic compani emea deliv seamless best practic high qualiti servic cisco custom model develop selfregul respect partner rate custom perform cisco interfer rate dynam automat publish web logic algorithm base databas tabl visibl partner custom hundr project system life leagu arrang countri skill complex solut countri emea simpli servic provid deliv servic custom rate standard rate web master databas updat night project complet day leagu live morn custom satisfact realiti custom web leagu cisco find servic order product web power hand buyer market cours compani bottom leagu eventu busi top flourish</p><p>model regul roy trust senior manag team partner servic compani madeup virtual manag board advisori board met regularli help improv modifi live ecosystem central team cisco set govern skill level roadmap market forecast approv partner accept system left build fall sword central team support bend rule system</p><p>roy name busi model darwinian leagu full support emea presid bill fair ecommerc system run entir merit inhabit vendor intervent meant system emul live ecosystem natur select highli success busi model attract intern servic provid trade estim billion dollar servic billion pound cisco product virtual organis regist certifi engin deliv rapid technic servic countri roy award top global leader contributor presid john chamber contribut servic busi manag largest critic programm cisco histori billion dollar programm roy live occasion work europ senior advisor central govern strategi busi review larg busi chang project portfolio</p><p>concept associ method standard practic strategi make compani includ<link ns0:type="simple" ns0:href="../973/13973.xml">hewlettpackard</link><company wordnetid="108058098" confidence="0.9508927676800064"><link ns0:type="simple" ns0:href="../259/18622259.xml">ibm</link></company><link ns0:type="simple" ns0:href="../617/14617.xml">intel</link><company wordnetid="108058098" confidence="0.9508927676800064"><link ns0:type="simple" ns0:href="../001/19001.xml">microsoft</link></company><company wordnetid="108058098" confidence="0.9508927676800064"><link ns0:type="simple" ns0:href="../773/276773.xml">sap</link></company><link ns0:type="simple" ns0:href="../229/370229.xml" /></p><p>concept appli broadli varieti problem networkcentr strategi make includ foreign polici nation region econom develop anteced concept networkcentr warfar<weblink ns0:type="simple" ns0:href="http://www.usni.org/Proceedings/Articles98/PROcebrowski.htm" />militari strategi</p><p>comprehens current treatment concept<university wordnetid="108286163" confidence="0.9508927676800064"><link ns0:type="simple" ns0:href="../741/18998741.xml">harvard busi school</link></university>faculti member<link>marco</link><physical_entity wordnetid="100001930" confidence="0.8"><person wordnetid="100007846" confidence="0.8"><intellectual wordnetid="109621545" confidence="0.8"><alumnus wordnetid="109786338" confidence="0.8"><causal_agent wordnetid="100007347" confidence="0.8"><inventor wordnetid="110214637" confidence="0.8"><scholar wordnetid="110557854" confidence="0.8"><creator wordnetid="109614315" confidence="0.8"><link ns0:type="simple" ns0:href="../686/5647686.xml">roy levien</link></creator></scholar></inventor></causal_agent></alumnus></intellectual></person></physical_entity>book keyston advantag dynam busi ecosystem strategi innov sustain harvard busi school press<weblink ns0:type="simple" ns0:href="http://www.keystone-advantage.com/" />work articl harvard busi review<weblink ns0:type="simple" ns0:href="http://harvardbusinessonline.hbsp.harvard.edu/b02/en/common/item_detail.jhtml?id=R0403E" />harvard busi school press onlin<weblink ns0:type="simple" ns0:href="http://hbswk.hbs.edu/item.jhtml?id=3967 t=strategy" /></p></sec><sec><st>refer</st><p><list><entry level="1" type="bullet"><weblink ns0:type="simple" ns0:href="http://www.amazon.com/exec/obidos/tg/detail/-/B00005RZ44">harvard busi review mayjun</weblink></entry><entry level="1" type="bullet">death competit isbn</entry></list></p></sec><sec><st /><p><list><entry level="1" type="bullet"><link ns0:type="simple" ns0:href="../387/9734387.xml">econom network</link></entry><entry level="1" type="bullet"><link ns0:type="simple" ns0:href="../336/10336.xml">enterpris</link></entry><entry level="1" type="bullet"><link ns0:type="simple" ns0:href="../125/41125.xml">exchang</link></entry><entry level="1" type="bullet"><link ns0:type="simple" ns0:href="../307/693307.xml">interdepend</link></entry><entry level="1" type="bullet"><link ns0:type="simple" ns0:href="../391/243391.xml">knowledg</link></entry><entry level="1" type="bullet"><link ns0:type="simple" ns0:href="../185/4095185.xml">econom</link></entry><entry level="1" type="bullet"><link ns0:type="simple" ns0:href="../528/375528.xml">chain</link></entry><entry level="1" type="bullet"><link ns0:type="simple" ns0:href="../157/5303157.xml">convers</link></entry><entry level="1" type="bullet"><system wordnetid="108435388" confidence="0.8"><group wordnetid="100031264" confidence="0.8"><network wordnetid="108434259" confidence="0.8"><link ns0:type="simple" ns0:href="../337/1614337.xml">network</link></network></group></system></entry><entry level="1" type="bullet"><link ns0:type="simple" ns0:href="../055/5303055.xml">network analysi</link></entry></list></p></sec><sec><st>extern link</st><p><list><entry level="1" type="bullet"><weblink ns0:type="simple" ns0:href="http://www.openvna.com">open content site network</weblink></entry></list></p></sec></bdy></article>