<article xmlns:ns0="http://www.w3.org/1999/xlink"><header><title>inplac matrix transposit</title><id /><revision><id /><timestamp /><contributor><username /><id /></contributor></revision><categories><category>numer linear algebra</category><category>permut</category></categories></header><bdy>inplac matrix transposit call insitu matrix transposit problem<link ns0:type="simple" ns0:href="../844/173844.xml">transpos</link><math>time</math><link ns0:type="simple" ns0:href="../728/19008728.xml">matrix</link><link ns0:type="simple" ns0:href="../861/219861.xml">inplac</link><link ns0:type="simple" ns0:href="../847/25847.xml">comput memori</link>ideal<math />bound addit storag addit storag<math />typic matrix assum store<link ns0:type="simple" ns0:href="../786/1620786.xml">rowmajor order</link><link ns0:type="simple" ns0:href="../786/1620786.xml">order</link>contigu row column arrang consecut<p>perform inplac transpos insitu transpos difficult<math>neq</math>nonsquar rectangular matrix involv complic<link ns0:type="simple" ns0:href="../027/44027.xml">permut</link>data element<link ns0:type="simple" ns0:href="../394/2539394.xml">cycl</link>length greater contrast squar matrix<math />cycl length transpos achiev simpl loop swap upper triangl matrix lower triangl complic wish maxim<link>memori local</link>improv<link ns0:type="simple" ns0:href="../181/849181.xml">cach</link>util oper<link ns0:type="simple" ns0:href="../722/1881722.xml">outofcor</link>matrix fit main memori transpos inher involv memori access</p><p>problem nonsquar inplac transposit studi late<link ns0:type="simple" ns0:href="../573/34573.xml" />algorithm includ attempt optim local cach outofcor context</p><sec><st>background</st><p><link ns0:type="simple" ns0:href="../457/7878457.xml">comput</link>avoid explicitli transpos matrix<link ns0:type="simple" ns0:href="../847/25847.xml">memori</link>simpli access data order exampl<link ns0:type="simple" ns0:href="../421/106421.xml">softwar librari</link><link ns0:type="simple" ns0:href="../422/18422.xml">linear algebra</link><link ns0:type="simple" ns0:href="../721/1060721.xml">bla</link>typic provid option matric interpret transpos order avoid necess data movement</p><p>remain number circumst desir physic reorder matrix memori transpos order exampl matrix store<link ns0:type="simple" ns0:href="../786/1620786.xml">rowmajor order</link>row matrix contigu memori column repeat oper perform column exampl<link ns0:type="simple" ns0:href="../512/11512.xml">fast fourier transform</link>algorithm frigo johnson transpos matrix memori column contigu improv perform increas<link>memori local</link>situat coincid case larg matric exceed cach size perform transposit inplac minim addit storag desir</p><p>pure mathemat problem inplac transposit involv number interest<link ns0:type="simple" ns0:href="../527/21527.xml">number theori</link>puzzl work cours decad</p></sec><sec><st>exampl</st><p>exampl consid<math>time</math>matrix</p><p><indent level="1"><math>beginbmatrix endbmatrix</math></indent>rowmajor format store comput memori sequenc row store consecut transpos<math>time</math>matrix</p><p><indent level="1"><math>beginbmatrix endbmatrix</math></indent>store comput memori sequenc</p><p>number storag locat left permut consist cycl</p><p><indent level="1" />posit posit cycl length data motion posit posit posit posit posit posit posit</p></sec><sec><st>properti permut</st><p>assum<math>time</math>matrix store rowmajor order zerobas indic<math />element<math>ldotsn</math><math />store address<math />offset memori ignor transpos<math>time</math>matrix correspond<math />element store address<math />rowmajor order defin transposit permut function<math /><indent level="1"><math /><math /></indent>defin permut number<math /></p><p>turn defin simpl formula invers cate twigg</p><p><indent level="1"><math>left beginmatrix mboxif mod mboxotherwis endmatrix</math></indent>mod<link ns0:type="simple" ns0:href="../428/1352428.xml">modulo oper</link>proof<math>leq</math><math>mod mod</math>note<math>mod mod</math><math>leq</math>note<math /><math />element left invari transposit second invers permut</p><p><indent level="1"><math>left beginmatrix mboxif mod mboxotherwis endmatrix</math></indent>consequ fact invers<math>time</math>transpos<math>time</math>transpos easi explicitli<math />compos<math />ident</p><p>prove cate twigg number<link ns0:type="simple" ns0:href="../738/449738.xml">fix point</link>cycl length permut precis minu gcd<link ns0:type="simple" ns0:href="../354/12354.xml">greatest common divisor</link>exampl number fix point simpli diagon matrix minu minu<link ns0:type="simple" ns0:href="../556/6556.xml">coprim</link>hand fix point corner matrix</p><p>number cycl length cate twigg</p><p><indent level="1"><math>frack</math></indent><link>mbiu function</link>sum<link ns0:type="simple" ns0:href="../492/49492.xml">divisor</link></p><p>cycl second element row matrix cycl maximum length length cycl divisor cate twigg</p><p>cycl element<math />greatest common divisor<math>gcdx</math>proof brenner smallest element cycl<math>gcd</math>definit permut element cycl repeatedli multipli modulo minu element divis minu coprim divis factor minu larger<math>gcdx</math>theorem search cycl permut effici search multipl divisor minu brenner</p><p>point cycl pair exploit algorithm permut pair cycl time smallest element cycl length minu element cycl length cycl proof definit length cycl smallest<math>mod</math>clearli smallest<math>mod</math>multipli side minu<math>mod</math></p></sec><sec><st>algorithm</st><p>summar publish algorithm perform inplac matrix transposit<link ns0:type="simple" ns0:href="../661/27661.xml">sourc code</link>implement algorithm refer</p><ss1><st>squar matric</st><p>squar<math>time</math>matrix<math />inplac transposit easi cycl length diagon<math />length upper triangl swap lower triangl<message wordnetid="106598915" confidence="0.8"><subject wordnetid="106599788" confidence="0.8"><link ns0:type="simple" ns0:href="../185/24185.xml">pseudocod</link></subject></message>accomplish assum zerobas<link ns0:type="simple" ns0:href="../052/2052.xml">array</link>indic</p><p>swap amn</p><p>type implement simpl exhibit poor perform poor cachelin util<link ns0:type="simple" ns0:href="../948/376948.xml">power</link>cachelin conflict<link ns0:type="simple" ns0:href="../181/849181.xml">cpu cach</link>limit associ reason increment inner loop memori address correspond amn jump memori depend array rowmajor format algorithm exploit possibl<link>spatial local</link></p><p>solut improv cach util block algorithm oper number block cachelin size algorithm depend size cach modern comput multipl level cach requir multipl level machinedepend block suggest frigo better perform<link ns0:type="simple" ns0:href="../407/25407.xml">recurs</link>algorithm divid matrix submatric roughli equal size transpos submatric diagon recurs transpos swap submatric diagon small simpl algorithm base case naiv recurs excess overhead<link ns0:type="simple" ns0:href="../377/1773377.xml">cacheoblivi</link>algorithm sens exploit cach cachelin size explicit paramet</p></ss1><ss1><st>cycl</st><p>nonsquar matric algorithm complic algorithm prior describ algorithm loop cycl move data locat cycl pseudocod form</p><p>length cycl permut pick start address data predecessor cycl move data successor predecessor move data successor</p><p>differ algorithm lie locat cycl find start address cycl ensur cycl move exactli typic discuss cycl move pair minu cycl length cycl small scratch array typic length brenner cate twigg track subset locat array visit acceler algorithm</p><p>order determin cycl move simplest scheme omn auxiliari storag<link ns0:type="simple" ns0:href="../364/3364.xml">bit</link>element indic element move omn olog auxiliari storag complic algorithm requir algorithm worstcas<link ns0:type="simple" ns0:href="../768/239768.xml" />comput cost omn log best prove<person wordnetid="100007846" confidence="0.9508927676800064"><scientist wordnetid="110560637" confidence="0.9508927676800064"><link ns0:type="simple" ns0:href="../095/8095.xml">knuth</link></scientist></person></p><p>algorithm design move data element exactli involv consider amount arithmet comput cycl requir heavili memori access adjac element cycl differ multipl factor discuss</p></ss1><ss1><st>improv memori local cost greater total data movement</st><p>algorithm design achiev greater memori local cost greater data movement well greater storag requir move data element involv consecut memori access greater spatial local improv perform modern cpu reli cach well<link ns0:type="simple" ns0:href="../359/55359.xml">simd</link>architectur optim process consecut data block oldest context spatial local transposit studi outofcor oper matrix larg fit main memori core</p><p>exampl small perform transposit small amount addit storag three pass array dow pass involv sequenc separ small transposit perform effici place small buffer involv inplac squar transposit<math />block effici block move larg consecut cycl length case minu small dow describ algorithm requir minu addit storag involv minn time minn squar transpos preced small outofplac transpos frigo johnson describ adapt algorithm cacheoblivi techniqu generalpurpos cpu reli cach line exploit spatial local</p><p>work outofcor matrix transposit matrix fit main memori store<link ns0:type="simple" ns0:href="../777/13777.xml">hard disk</link>focus case except review outofcor algorithm appli<link ns0:type="simple" ns0:href="../162/145162.xml">parallel comput</link>suh</p></ss1></sec><sec><st>refer</st><p><list><entry level="1" type="bullet">transpos matric digit comput comput journal</entry><entry level="1" type="bullet">pall problem abelian group applic transposit matrix electron comput math comp</entry><entry level="1" type="bullet"><weblink ns0:type="simple" ns0:href="http://portal.acm.org/citation.cfm?id=363304 dl=GUIDE coll=GUIDE CFID=436989 CFTOKEN=18491885">algorithm transpos vector store array</weblink>acm transact mathemat softwar</entry><entry level="1" type="bullet">susan<weblink ns0:type="simple" ns0:href="http://portal.acm.org/citation.cfm?id=362368 dl=GUIDE coll=GUIDE CFID=436989 CFTOKEN=18491885">algorithm insitu transposit rectangular matrix</weblink>acm transact mathemat softwar<weblink ns0:type="simple" ns0:href="http://www.netlib.org/toms/380">sourc code</weblink></entry><entry level="1" type="bullet">norman brenner<weblink ns0:type="simple" ns0:href="http://portal.acm.org/citation.cfm?id=362542 dl=GUIDE coll=GUIDE CFID=436989 CFTOKEN=18491885">algorithm matrix transposit place</weblink>acm transact mathemat softwar<weblink ns0:type="simple" ns0:href="http://www.netlib.org/toms/467">sourc code</weblink></entry><entry level="1" type="bullet">comput algorithm transpos nonsquar matric ieee tran comput</entry><entry level="1" type="bullet">cate david twigg<weblink ns0:type="simple" ns0:href="http://portal.acm.org/citation.cfm?id=355719.355729 coll=GUIDE dl=GUIDE CFID=436989 CFTOKEN=18491885">algorithm analysi insitu transposit</weblink>acm transact mathemat softwar<weblink ns0:type="simple" ns0:href="http://www.netlib.org/toms/513">sourc code</weblink></entry><entry level="1" type="bullet">murray dow transpos matrix vector comput parallel comput</entry><entry level="1" type="bullet">donald knuth<work wordnetid="104599396" confidence="0.8"><product wordnetid="104007894" confidence="0.8"><creation wordnetid="103129123" confidence="0.8"><artifact wordnetid="100021939" confidence="0.8"><book wordnetid="106410904" confidence="0.8"><publication wordnetid="106589574" confidence="0.8"><link ns0:type="simple" ns0:href="../358/31358.xml">art comput program</link></publication></book></artifact></creation></product></work>volum fundament algorithm third edit exercis addisonwesley york</entry><entry level="1" type="bullet">frigo leiserson prokop ramachandran<weblink ns0:type="simple" ns0:href="http://supertech.lcs.mit.edu/cilk/papers/abstracts/abstract4.html">cacheoblivi algorithm</weblink>proceed ieee symposium foundat comput scienc foc<weblink ns0:type="simple" ns0:href="http://ieeexplore.ieee.org/iel5/6604/17631/00814600.pdf?arnumber=814600">extend abstract ieee</weblink><weblink ns0:type="simple" ns0:href="http://citeseer.ist.psu.edu/307799.html">cites</weblink></entry><entry level="1" type="bullet">suh<weblink ns0:type="simple" ns0:href="http://www.east.isi.edu/~jsuh/publ/tc_113280.pdf">effici algorithm outofcor matrix transposit</weblink>ieee tran comput</entry><entry level="1" type="bullet">lam<weblink ns0:type="simple" ns0:href="http://csc.lsu.edu/~gb/TCE//Publications/ParTranspose2.pdf">effici parallel outofcor matrix transposit</weblink>intern journal high perform comput network</entry><entry level="1" type="bullet">frigo johnson<weblink ns0:type="simple" ns0:href="http://fftw.org/fftw-paper-ieee.pdf">design implement fftw</weblink>proceed ieee<weblink ns0:type="simple" ns0:href="http://www.fftw.org">sourc code</weblink><software wordnetid="106566077" confidence="0.9508927676800064"><link ns0:type="simple" ns0:href="../334/2969334.xml">fftw</link></software>librari includ optim serial<link ns0:type="simple" ns0:href="../162/145162.xml">parallel</link>squar nonsquar transpos addit<link ns0:type="simple" ns0:href="../512/11512.xml">fft</link></entry><entry level="1" type="bullet">faith ian munro permut place siam journal comput</entry><entry level="1" type="bullet">fred tadeusz inplac transposit rectangular matric lectur note comput scienc proceed workshop stateoftheart sic scientif parallel comput para ume sweden june</entry><entry level="1" type="bullet"><weblink ns0:type="simple" ns0:href="http://www.research.att.com/~njas/sequences/A093055">sequenc</weblink>number cycl insitu transposit<link ns0:type="simple" ns0:href="../004/500004.xml">onlin encyclopedia integ sequenc</link></entry><entry level="1" type="bullet"><weblink ns0:type="simple" ns0:href="http://www.research.att.com/~njas/sequences/A093056">sequenc</weblink>length longest cycl insitu transposit<link ns0:type="simple" ns0:href="../004/500004.xml">onlin encyclopedia integ sequenc</link></entry><entry level="1" type="bullet"><weblink ns0:type="simple" ns0:href="http://www.research.att.com/~njas/sequences/A093057">sequenc</weblink>number fix point minu insitu transposit<link ns0:type="simple" ns0:href="../004/500004.xml">onlin encyclopedia integ sequenc</link></entry></list></p></sec><sec><st>extern link</st><ss1><st>sourc code</st><p><list><entry level="1" type="bullet"><weblink ns0:type="simple" ns0:href="http://romo661.free.fr/offt.html" />recurs block inplac transpos squar matric fortran</entry><entry level="1" type="bullet"><weblink ns0:type="simple" ns0:href="http://groups.google.com/group/sci.math.num-analysis/msg/680211b3fbac30c4?hl=en">jason papadopoulo</weblink>block inplac transpos squar matric<programming_language wordnetid="106898352" confidence="0.9508927676800064"><link ns0:type="simple" ns0:href="../021/6021.xml" /></programming_language>newsgroup april</entry><entry level="1" type="bullet">sourc code link refer addit code perform inplac transpos squar nonsquar matric</entry></list></p></ss1></sec></bdy></article>