<article xmlns:ns0="http://www.w3.org/1999/xlink"><physical_entity confidence="0.8" wordnetid="100001930"><person confidence="0.8" wordnetid="100007846"><intellectual confidence="0.8" wordnetid="109621545"><alumnus confidence="0.8" wordnetid="109786338"><causal_agent confidence="0.8" wordnetid="100007347"><scholar confidence="0.8" wordnetid="110557854"><header><title>selim akl</title><id /><revision><id /><timestamp /><contributor><username>johnpacklambert</username><id /></contributor></revision><categories><category>mcgill univers alumni</category><category>queen univers faculti</category></categories></header><bdy>selim akl phd<university wordnetid="108286163" confidence="0.9508927676800064"><link ns0:type="simple" ns0:href="../643/7954643.xml">mcgill univers</link></university><link ns0:type="simple" ns0:href="../771/19360771.xml">professor</link><university wordnetid="108286163" confidence="0.9508927676800064"><link ns0:type="simple" ns0:href="../551/7955551.xml">queen univers</link></university><division wordnetid="108220714" confidence="0.8"><administrative_unit wordnetid="108077292" confidence="0.8"><department wordnetid="108114861" confidence="0.8"><link ns0:type="simple" ns0:href="../711/2336711.xml">queen school comput</link></department></administrative_unit></division>lead<weblink ns0:type="simple" ns0:href="http://www.cs.queensu.ca/Parallel/index.html">parallel comput group</weblink>interest area<link ns0:type="simple" ns0:href="../775/775.xml">algorithm</link>design analysi problem<link ns0:type="simple" ns0:href="../162/145162.xml">parallel comput</link><sec><st>activ</st><p>akl<link ns0:type="simple" ns0:href="../429/577429.xml">editor chief</link><weblink ns0:type="simple" ns0:href="http://www.worldscinet.com/ppl/ppl.shtml">parallel process letter</weblink>scientif publish editor major<link ns0:type="simple" ns0:href="../213/5213.xml">comput</link>journal includ<list><entry level="1" type="bullet"><weblink ns0:type="simple" ns0:href="http://www.elsevier.com/wps/find/journaldescription.cws_home/505629/description">comput geometri</weblink>elsevi</entry><entry level="1" type="bullet"><weblink ns0:type="simple" ns0:href="http://www.tandf.co.uk/journals/titles/17445760.asp">intern journal parallel emerg distribut system</weblink>taylor franci</entry><entry level="1" type="bullet"><weblink ns0:type="simple" ns0:href="http://www.ripublication.com/cag.htm">commun appli geometri</weblink>india public</entry></list></p><p>akl found editori board member<weblink ns0:type="simple" ns0:href="http://www.inderscience.com/browse/index.php?journalID=61">intern journal high perform comput network</weblink>publish editor journal cryptolog springerverlag process letter northholland parallel algorithm applic taylor franci</p><ss1><st>current</st><p>akl claim notion univers comput fals<weblink ns0:type="simple" ns0:href="http://www.cs.queensu.ca/home/akl/techreports/even.pdf" />akl assert machin claim univers will larger set problem machin solv</p><p>detail descript akl univers comput result<weblink ns0:type="simple" ns0:href="http://www.cs.queensu.ca/Parallel/projects.html">nonunivers comput myth univers comput</weblink></p></ss1><ss1><st>confer</st><p>current akl chair<weblink ns0:type="simple" ns0:href="http://www.cs.queensu.ca/uc07/index.htm">intern confer unconvent comput</weblink>place<village wordnetid="108672738" confidence="0.9508927676800064"><link ns0:type="simple" ns0:href="../562/114562.xml">kingston ontario</link></village><region wordnetid="108630039" confidence="0.9508927676800064"><link ns0:type="simple" ns0:href="../916/5042916.xml">canada</link></region></p></ss1></sec><sec><st>public</st><p>akl author textbook area<link ns0:type="simple" ns0:href="../162/145162.xml">parallel comput</link><link ns0:type="simple" ns0:href="../927/176927.xml">comput geometri</link><list><entry level="1" type="bullet"><weblink ns0:type="simple" ns0:href="http://portal.acm.org/citation.cfm?id=533017 dl=GUIDE,">parallel sort algorithm</weblink>academ press</entry><entry level="1" type="bullet"><weblink ns0:type="simple" ns0:href="http://portal.acm.org/citation.cfm?id=63471">design analysi parallel algorithm</weblink>prentic hall</entry><entry level="1" type="bullet"><weblink ns0:type="simple" ns0:href="http://fano.ics.uci.edu/cites/Document/Parallel-Computation-Models-+-Methods.html">parallel comput model method</weblink>prentic hall</entry></list>coauthor<weblink ns0:type="simple" ns0:href="http://portal.acm.org/citation.cfm?id=162256 dl=ACM coll=GUIDE">parallel comput geometri</weblink>prentic hall</p></sec><sec><st>extern link</st><p><list><entry level="1" type="bullet"><weblink ns0:type="simple" ns0:href="http://www.cs.queensu.ca/home/akl/">selim akl offici</weblink></entry><entry level="1" type="bullet"><weblink ns0:type="simple" ns0:href="http://www.cs.queensu.ca/Parallel/publications.html#Publications">select journal confer paper</weblink></entry><entry level="1" type="bullet"><weblink ns0:type="simple" ns0:href="http://www.cs.queensu.ca/Parallel/technical.html#Technical">select technic report</weblink></entry><entry level="1" type="bullet"><weblink ns0:type="simple" ns0:href="http://www.cs.queensu.ca/">queen univers school comput</weblink></entry><entry level="1" type="bullet"><weblink ns0:type="simple" ns0:href="http://www.cs.queensu.ca/Parallel/index.html">queen univers school comput parallel comput group</weblink></entry><entry level="1" type="bullet"><weblink ns0:type="simple" ns0:href="http://www.cs.queensu.ca/uc07/">intern confer unconvent comput</weblink></entry></list></p></sec></bdy></scholar></causal_agent></alumnus></intellectual></person></physical_entity></article>